timestamp,altmsl,ias,vspd,pitch,roll,hdg
1970-01-01 19:26:40,,121.31918,592.8916,2.9538507,-24.909737,1.5994543
1970-01-01 19:26:41,39.11501,117.73504,858.6929,0.5264208,6.08686,359.98526
1970-01-01 19:26:42,88.78871,114.95443,719.72473,8.851081,8.822245,359.58466
1970-01-01 19:26:43,-5.6797504,123.71426,828.4213,0.027813703,11.17846,0.06553214
1970-01-01 19:26:44,-7.080048,117.82699,579.3633,0.08547645,-7.000087,0.20298392
1970-01-01 19:26:45,125.243805,126.3736,920.0113,1.4095899,8.835951,359.28128
1970-01-01 19:26:46,-37.275852,124.830154,526.12775,6.6239314,-1.5328681,359.11102
1970-01-01 19:26:47,107.70491,120.20161,1019.37415,3.8712773,-22.163498,359.60388
1970-01-01 19:26:48,218.18626,,597.65234,2.865379,1.2861886,0.8134053
1970-01-01 19:26:49,70.975876,125.936806,701.2504,1.7265543,4.028595,359.8507
1970-01-01 19:26:50,305.8972,126.207794,901.51135,1.8660636,5.030997,359.91922
1970-01-01 19:26:51,337.58643,123.35771,728.78455,3.7646074,-1.4316354,0.7897318
1970-01-01 19:26:52,366.39316,112.065796,784.24384,6.0144577,-8.141683,359.9576
1970-01-01 19:26:53,277.6519,124.026596,835.13837,3.692698,-18.220247,359.489
1970-01-01 19:26:54,126.503716,119.87741,1152.2198,0.3685226,9.677337,0.38801295
1970-01-01 19:26:55,289.61847,116.06308,972.7747,3.239556,11.633985,0.1779722
1970-01-01 19:26:56,430.07294,119.806206,724.94653,0.85206544,15.432435,0.23241991
1970-01-01 19:26:57,410.0886,126.34593,882.63885,1.7385235,-5.5111656,359.40173
1970-01-01 19:26:58,322.4433,121.92424,825.9518,5.0813346,9.361812,359.01178
1970-01-01 19:26:59,481.27026,121.13837,891.33075,7.4382877,-8.848568,359.28888
1970-01-01 19:27:00,394.8687,126.94549,722.74176,-1.3626715,9.799512,358.52902
1970-01-01 19:27:01,402.12506,119.36263,1089.5704,0.25572094,7.7795753,357.39117
1970-01-01 19:27:02,496.65424,109.96244,851.60767,3.4350815,-19.733587,356.99887
1970-01-01 19:27:03,424.98965,125.162605,1071.7206,5.488002,-10.135216,356.59113
1970-01-01 19:27:04,485.062,117.3641,506.25937,0.3732285,11.282459,356.36075
1970-01-01 19:27:05,478.36655,128.10597,535.11,2.1839502,2.5267591,353.92978
1970-01-01 19:27:06,679.1995,124.974495,813.6485,0.9819792,-7.635168,356.20026
1970-01-01 19:27:07,482.6393,122.72825,840.05414,0.36873293,-6.924077,355.67648
1970-01-01 19:27:08,694.47815,117.27212,715.5229,4.537367,-0.3721471,355.56097
1970-01-01 19:27:09,674.8371,123.43501,509.6218,3.4525654,8.353288,355.74057
1970-01-01 19:27:10,632.5393,115.480736,397.28314,1.8322971,4.990848,355.63586
1970-01-01 19:27:11,599.8491,119.604965,929.9528,7.1952558,-13.902179,354.58813
1970-01-01 19:27:12,647.15326,118.88906,785.6413,-0.14949515,10.629751,354.09012
1970-01-01 19:27:13,723.4259,118.7008,503.54083,3.3715074,-10.882676,354.34125
1970-01-01 19:27:14,639.2531,120.23249,787.3165,3.1749692,-13.061248,353.90646
1970-01-01 19:27:15,713.75696,126.387,1050.2416,1.4281797,11.250958,353.55798
1970-01-01 19:27:16,732.0407,118.14221,1071.0099,0.16866922,10.438124,352.95737
1970-01-01 19:27:17,801.33966,118.72827,873.1043,2.5552506,-5.523866,352.899
1970-01-01 19:27:18,761.3154,112.781265,717.4682,4.2189293,-10.172898,353.19696
1970-01-01 19:27:19,852.1635,119.80657,1049.8054,2.0069697,9.025417,353.59732
1970-01-01 19:27:20,884.80206,120.271225,1068.8864,6.3686385,4.686144,352.12946
1970-01-01 19:27:21,879.4029,124.5151,841.49396,1.7125598,-4.4853444,353.40906
1970-01-01 19:27:22,1066.0626,118.94831,665.4393,0.6962373,13.678784,353.51935
1970-01-01 19:27:23,1032.2242,120.541435,960.1183,2.9901612,17.37948,352.7358
1970-01-01 19:27:24,937.6643,111.42757,797.59216,6.8728366,2.3160655,351.24747
1970-01-01 19:27:25,1121.6477,128.86092,637.70764,-2.8204,-1.8195255,351.02145
1970-01-01 19:27:26,864.73645,118.222466,630.12964,1.0646104,-8.012017,351.79282
1970-01-01 19:27:27,1156.8049,111.777985,844.73724,1.8427573,14.554353,352.3775
1970-01-01 19:27:28,1114.047,119.43307,969.42847,-2.0775442,-10.846659,351.7311
1970-01-01 19:27:29,1130.3815,121.29505,950.5231,7.162084,-2.0177565,351.47858
1970-01-01 19:27:30,936.4556,125.97247,838.99725,-1.9400843,-20.236893,352.05896
1970-01-01 19:27:31,1106.9902,117.99888,975.6172,-3.0057745,7.958368,351.27222
1970-01-01 19:27:32,1155.6703,124.00486,637.1514,0.15232377,1.6212721,351.79556
1970-01-01 19:27:33,1306.9426,125.04854,1144.4952,-1.9854825,3.0555775,351.13486
1970-01-01 19:27:34,1230.7631,122.78283,894.94666,2.2386668,4.7682786,351.90198
1970-01-01 19:27:35,1215.0507,123.657104,997.3027,-0.9195477,-1.2009684,351.961
1970-01-01 19:27:36,1281.6665,123.60989,479.79333,5.4118805,-9.216609,350.43723
1970-01-01 19:27:37,1308.51,128.92923,702.0257,7.367141,11.364572,350.21994
1970-01-01 19:27:38,1326.0818,123.56485,883.3958,0.24610455,-11.148514,351.24902
1970-01-01 19:27:39,1384.7863,118.826385,956.4842,3.6898766,9.116125,352.23718
1970-01-01 19:27:40,1324.354,123.59927,1025.9825,3.816168,-8.589444,351.04703
1970-01-01 19:27:41,1346.2346,118.59621,715.90857,-0.24981314,-12.458137,352.33295
1970-01-01 19:27:42,1323.1063,112.74637,739.1603,-3.2861836,-2.578711,352.77505
1970-01-01 19:27:43,1485.2861,117.40024,1061.0508,5.2326603,8.230756,353.68445
1970-01-01 19:27:44,1429.4572,117.85693,751.1599,3.4560058,5.0186973,354.51453
1970-01-01 19:27:45,1519.024,116.94896,643.3463,1.1162028,-8.325981,355.79843
1970-01-01 19:27:46,1367.1138,124.39607,685.5631,1.0183903,-13.509565,357.51572
1970-01-01 19:27:47,1561.603,119.82701,706.0853,5.4189286,0.9370845,356.54376
1970-01-01 19:27:48,1549.2996,114.28603,728.5095,3.6068227,11.382835,358.00674
1970-01-01 19:27:49,1668.9368,119.15708,923.586,1.5656494,-7.60602,356.74786
1970-01-01 19:27:50,1685.9163,124.233604,863.9148,-0.69878894,7.21571,354.9802
1970-01-01 19:27:51,1672.5397,119.74944,580.93665,-1.9535667,6.8844,355.2932
1970-01-01 19:27:52,1618.1935,122.46565,797.12836,-3.0278478,-16.107574,355.09445
1970-01-01 19:27:53,1754.8376,125.10063,687.13794,5.460161,14.026836,354.01324
1970-01-01 19:27:54,1735.1611,112.96218,320.2885,1.8559566,-4.886283,353.58087
1970-01-01 19:27:55,1688.7153,119.536476,785.7187,2.1710966,-5.060997,353.23523
1970-01-01 19:27:56,1813.1376,119.24882,877.7498,-1.788711,6.6559124,353.49307
1970-01-01 19:27:57,1669.9481,120.81226,882.3639,1.3831022,-1.2922688,351.84125
1970-01-01 19:27:58,1748.4955,122.30227,608.6179,2.0231664,9.335308,353.0942
1970-01-01 19:27:59,1830.5696,119.213585,1024.7203,-0.16442709,-17.319876,354.17578
1970-01-01 19:28:00,1773.3315,122.58991,390.3259,5.839746,20.777065,353.13757
1970-01-01 19:28:01,1869.8042,121.65527,710.2843,0.69079936,-9.972014,353.08423
1970-01-01 19:28:02,1953.8474,114.273254,839.4627,5.31969,-3.7117684,353.98123
1970-01-01 19:28:03,1850.3115,115.90158,679.7182,2.775476,18.746422,355.90518
1970-01-01 19:28:04,1741.8414,124.164116,619.09515,4.1730704,10.998601,357.89377
1970-01-01 19:28:05,1862.1895,120.42375,796.872,0.4406155,7.5378084,357.65857
1970-01-01 19:28:06,1963.9839,121.7322,1004.8742,3.9996054,-25.056824,358.08395
1970-01-01 19:28:07,2098.536,121.42485,827.74304,3.8794725,-7.428667,356.9756
1970-01-01 19:28:08,1928.3387,120.81018,1052.1901,2.4483821,14.0603485,355.61523
1970-01-01 19:28:09,2022.722,114.130104,476.251,-0.51292735,-1.4424127,356.1776
1970-01-01 19:28:10,2039.992,122.37829,927.61835,-3.13662,-11.459736,355.40402
1970-01-01 19:28:11,2076.7598,118.664085,716.5071,1.9230484,-15.127167,354.04376
1970-01-01 19:28:12,2115.274,121.802086,816.0099,0.54462117,0.5839393,352.5048
1970-01-01 19:28:13,2077.3152,116.90479,1145.7983,3.6458826,-7.317999,353.34122
1970-01-01 19:28:14,2080.931,121.40222,1047.0636,-2.6566029,1.9342422,354.19742
1970-01-01 19:28:15,2155.9424,119.12992,856.31586,2.8306935,-1.6900531,354.7751
1970-01-01 19:28:16,2101.45,126.37624,756.6181,2.9831352,-0.78202873,356.37003
1970-01-01 19:28:17,2197.8035,123.79379,826.67865,2.3615127,3.4329507,355.89044
1970-01-01 19:28:18,2304.1333,122.34912,922.357,6.0668497,1.8659441,356.55615
1970-01-01 19:28:19,2293.355,119.96571,662.5698,2.852335,14.037925,356.64413
1970-01-01 19:28:20,2238.816,120.348015,830.8891,1.2553983,-12.18506,354.0255
1970-01-01 19:28:21,2315.304,117.055984,1016.9147,7.3515596,6.9828444,354.58176
1970-01-01 19:28:22,2201.3162,115.33734,740.5495,2.3180888,-6.9414387,356.0126
1970-01-01 19:28:23,2272.7144,119.65784,706.44293,3.3160658,-8.610124,355.96655
1970-01-01 19:28:24,2351.2603,121.03814,329.93668,4.794353,16.497347,356.93765
1970-01-01 19:28:25,2468.7979,125.335236,1040.3088,1.2618678,-9.484464,357.1924
1970-01-01 19:28:26,2255.4639,120.92581,889.35016,1.1240848,-9.330455,356.1442
1970-01-01 19:28:27,2388.8364,117.53095,989.5752,8.911533,12.703525,356.59406
1970-01-01 19:28:28,2412.0496,128.47722,546.60504,5.1865892,8.549488,358.37155
1970-01-01 19:28:29,2437.6335,121.56423,760.3792,5.8636737,-13.114807,358.97382
1970-01-01 19:28:30,2351.18,120.375175,548.0143,7.626953,7.4991794,358.86078
1970-01-01 19:28:31,2562.7747,121.907715,936.2322,-3.7896574,-21.062794,359.6746
1970-01-01 19:28:32,2581.2341,121.91335,475.49316,2.7189527,-8.282105,359.12814
1970-01-01 19:28:33,2599.1355,121.984474,607.1209,-1.4351934,0.38266024,1.846075
1970-01-01 19:28:34,2617.2668,122.82912,771.6286,2.5810301,3.1032143,2.1592388
1970-01-01 19:28:35,2599.5156,119.17885,638.0025,-0.6276975,-9.19699,3.1531665
1970-01-01 19:28:36,2604.3594,122.74694,884.13605,0.9872462,1.1762209,2.7139807
1970-01-01 19:28:37,2629.8152,117.86111,1141.5461,5.1654525,-7.8629975,1.9841902
1970-01-01 19:28:38,2587.1921,117.60115,1094.3444,4.3077717,12.207654,1.5514768
1970-01-01 19:28:39,2775.3215,125.74619,545.56177,0.80922,-1.6484808,1.8566039
1970-01-01 19:28:40,2876.4465,124.044136,852.449,1.125468,11.07481,2.5833166
1970-01-01 19:28:41,2674.718,124.36266,867.84753,-0.46370602,17.629446,3.4506447
1970-01-01 19:28:42,2878.1277,120.51911,867.6019,-0.62747395,-5.800119,4.88852
1970-01-01 19:28:43,2802.664,122.34466,911.4061,6.089783,-15.584442,4.472347
1970-01-01 19:28:44,2742.1765,112.83944,889.5682,-5.232535,-14.458407,2.2252686
1970-01-01 19:28:45,2875.5083,120.163895,1102.496,-2.1460977,-5.157336,2.0776691
1970-01-01 19:28:46,2847.7866,116.07001,755.1036,1.007898,6.3328233,3.2242725
1970-01-01 19:28:47,2931.0496,126.68786,766.7966,8.076113,15.118045,3.1422117
1970-01-01 19:28:48,2962.6877,124.4448,1135.6295,-0.31618294,-1.224021,2.7421882
1970-01-01 19:28:49,2892.489,127.40136,623.9865,0.515965,-2.7230315,1.4606017
1970-01-01 19:28:50,3050.7551,120.30679,1063.8151,-1.0380801,-10.306191,2.9592328
1970-01-01 19:28:51,2920.806,119.371315,749.0405,6.1330824,4.049462,1.8103833
1970-01-01 19:28:52,3127.6797,122.77995,560.103,5.4529457,22.701025,1.1420344
1970-01-01 19:28:53,3014.3018,121.5072,610.71515,-0.8093464,-1.7744908,0.45664778
1970-01-01 19:28:54,3008.0637,115.76131,1367.1094,2.333692,13.1134615,0.27521586
1970-01-01 19:28:55,3000.6743,111.16816,744.1563,-2.2640944,8.433257,0.58130854
1970-01-01 19:28:56,3178.868,117.71843,746.79913,3.480102,-6.7184644,358.994
1970-01-01 19:28:57,3050.348,126.96172,982.54315,0.9463773,6.7677026,359.23926
1970-01-01 19:28:58,3048.391,112.53243,634.4346,1.017698,3.0818348,358.88025
1970-01-01 19:28:59,3084.524,116.61776,709.42017,-0.45820475,-11.0702095,359.68283
1970-01-01 19:29:00,3145.2986,122.947655,1308.4646,-0.054214466,6.4046593,359.40506
1970-01-01 19:29:01,3228.3857,123.861725,961.6937,-1.0928063,4.3135943,357.73474
1970-01-01 19:29:02,3326.6873,128.52592,912.56976,0.23457691,-6.837247,355.84048
1970-01-01 19:29:03,3198.7852,119.22552,924.8309,0.28380457,1.319289,355.0279
1970-01-01 19:29:04,3230.0254,127.83075,759.32007,5.975501,-26.637266,356.63876
1970-01-01 19:29:05,3242.8323,122.03044,957.71204,1.9011393,1.8890959,356.1111
1970-01-01 19:29:06,3346.6985,120.6054,888.31085,-0.60421324,-8.700866,354.96213
1970-01-01 19:29:07,3319.6147,124.52229,1076.2281,1.8386972,3.5030692,355.10092
1970-01-01 19:29:08,3287.7515,126.461174,889.87634,5.9014506,12.240175,355.91357
1970-01-01 19:29:09,3310.825,116.77163,765.5057,1.3052928,21.875067,354.18503
1970-01-01 19:29:10,3293.3108,123.89033,870.2517,-0.17850775,-1.035562,353.77817
1970-01-01 19:29:11,3413.8333,121.054054,676.43396,3.5843484,-6.621426,353.27167
1970-01-01 19:29:12,3423.3926,126.65117,663.3345,1.188739,-0.3718126,353.69403
1970-01-01 19:29:13,3321.193,128.3553,734.79877,1.0865155,2.6703424,354.37405
1970-01-01 19:29:14,3423.953,119.36975,712.4802,2.6943927,-10.804953,353.93625
1970-01-01 19:29:15,3484.8477,124.73874,909.3636,8.199054,14.454048,355.54572
1970-01-01 19:29:16,3402.047,121.25105,953.5369,1.3415262,8.945634,355.7413
1970-01-01 19:29:17,3478.1123,117.48907,976.9235,6.6810346,-2.8741732,354.58014
1970-01-01 19:29:18,3576.0364,124.34892,748.0667,1.4555446,-16.146223,354.48358
1970-01-01 19:29:19,3753.7405,119.992,714.4699,-0.8037704,-7.240041,353.73676
1970-01-01 19:29:20,3811.8113,118.06459,1027.914,5.1624,-7.9401064,356.2143
1970-01-01 19:29:21,3654.6262,121.26092,958.9078,-1.4545442,7.549552,355.05804
1970-01-01 19:29:22,3763.4497,121.55155,775.11523,5.2363896,6.498799,353.58368
1970-01-01 19:29:23,3645.3274,121.6362,1119.074,3.4802482,-25.953447,353.16583
1970-01-01 19:29:24,3711.3923,132.42494,944.5669,4.058651,-14.214158,352.75992
1970-01-01 19:29:25,3779.442,121.379974,872.51746,-4.8321176,-12.231918,351.52103
1970-01-01 19:29:26,3730.3567,120.70838,252.04411,-0.38866514,16.618135,350.41962
1970-01-01 19:29:27,3789.2832,120.09895,1070.7395,0.17160222,-8.719237,351.33795
1970-01-01 19:29:28,3766.9768,130.20587,684.3698,7.5524726,-2.9070892,352.44238
1970-01-01 19:29:29,3821.7952,124.70531,903.83405,3.971755,-14.429527,352.2744
1970-01-01 19:29:30,3883.3147,121.079384,990.1487,1.1972841,-4.053639,352.62634
1970-01-01 19:29:31,3705.922,122.22627,,3.308168,-9.238079,352.43073
1970-01-01 19:29:32,3902.0225,113.282295,829.6815,-1.54802,14.179592,351.81262
1970-01-01 19:29:33,3954.668,127.88399,921.9996,-1.6244272,16.41451,353.3197
1970-01-01 19:29:34,3995.821,120.86752,873.2447,7.769361,0.4479833,355.47556
1970-01-01 19:29:35,3904.7998,124.684364,804.20795,-0.46039665,1.7436932,355.1258
1970-01-01 19:29:36,3910.936,118.2975,759.6763,3.3194597,2.227764,354.72168
1970-01-01 19:29:37,4133.6953,119.49549,1058.0275,1.7928097,11.228608,356.0019
1970-01-01 19:29:38,3982.8574,116.08238,854.14307,-1.2002591,-0.24256243,356.55804
1970-01-01 19:29:39,4007.039,121.86928,1076.9271,0.76932937,9.789146,358.13538
1970-01-01 19:29:40,4163.5444,121.371216,877.9415,-1.4605988,16.037455,357.70746
1970-01-01 19:29:41,4033.3833,117.7776,596.33026,3.4651525,3.247242,359.3344
1970-01-01 19:29:42,4130.542,117.05045,964.37683,-2.9904819,-7.721883,0.7213103
1970-01-01 19:29:43,4079.1655,119.41691,750.6973,1.5198898,-9.330164,0.70253325
1970-01-01 19:29:44,4281.6797,117.42448,558.9978,3.2978427,0.12127183,0.35185546
1970-01-01 19:29:45,4278.675,119.190056,1122.7836,1.3044648,7.1826305,358.17145
1970-01-01 19:29:46,4187.1167,123.0768,1115.4436,-0.074935526,-11.018943,358.7326
1970-01-01 19:29:47,4229.0415,129.19817,1082.8619,2.3067946,-1.019765,356.83597
1970-01-01 19:29:48,4214.7856,127.69391,1106.7189,-2.2382555,4.5561056,355.39124
1970-01-01 19:29:49,4322.0913,121.54375,822.2,5.109862,14.2140465,354.96878
1970-01-01 19:29:50,4226.4014,123.68356,628.53613,-0.89468676,12.73533,354.9561
1970-01-01 19:29:51,4426.9346,126.10791,751.5915,3.0155993,-3.6029632,355.15033
1970-01-01 19:29:52,4371.937,125.16664,1165.9459,-0.75780946,-0.3640387,355.93884
1970-01-01 19:29:53,4410.3726,119.7101,935.9076,6.344388,-10.833013,357.05447
1970-01-01 19:29:54,4393.6724,121.46665,920.9741,-3.0034192,2.6242123,356.25864
1970-01-01 19:29:55,4334.0273,127.78524,962.5505,7.980893,13.986265,357.50656
1970-01-01 19:29:56,4363.5566,118.785034,573.27234,6.658167,-1.004686,357.40692
1970-01-01 19:29:57,4575.5386,122.023926,973.6228,-2.3003595,-6.0459933,356.77307
1970-01-01 19:29:58,4510.3345,117.35449,708.19275,-1.7913913,0.9581897,355.64865
1970-01-01 19:29:59,4533.567,125.40595,706.92004,0.5761514,-0.9406875,356.4458
1970-01-01 19:30:00,4562.19,117.1311,979.98615,4.693097,-3.7063723,355.6923
1970-01-01 19:30:01,4547.4336,122.24037,968.6193,1.197867,-7.216714,355.42706
1970-01-01 19:30:02,4764.2925,121.438126,1079.8698,5.7331257,-4.264998,356.1314
1970-01-01 19:30:03,4624.98,120.06249,1117.707,-1.8617185,-1.0064815,353.83948
1970-01-01 19:30:04,4675.77,128.24239,928.89026,4.279711,2.0950265,354.0514
1970-01-01 19:30:05,4628.331,123.15446,472.43765,2.8082843,-15.807948,351.4191
1970-01-01 19:30:06,4715.832,123.75364,984.7656,4.325607,13.384746,351.31232
1970-01-01 19:30:07,4673.164,125.13525,855.1171,1.5395434,7.005423,351.7787
1970-01-01 19:30:08,4751.143,126.49023,555.64667,4.0592732,-11.212133,352.92957
1970-01-01 19:30:09,4697.711,120.80385,571.72253,-1.0016732,-7.6377,351.61298
1970-01-01 19:30:10,4689.7256,123.45373,692.0454,4.1919827,3.2564285,350.66687
1970-01-01 19:30:11,4717.0273,122.01042,825.2403,-0.5424939,0.085662924,351.40665
1970-01-01 19:30:12,4780.7515,124.88649,810.3195,11.049068,-21.409819,351.68527
1970-01-01 19:30:13,4869.2456,121.215096,675.48645,-0.6406557,-11.392554,350.2933
1970-01-01 19:30:14,4656.4185,120.83633,652.54175,-1.2468642,6.697836,350.77597
1970-01-01 19:30:15,4799.1636,122.46915,702.3393,-2.563625,-19.87931,352.1126
1970-01-01 19:30:16,4909.101,120.88274,930.7298,4.0413795,-1.1580665,351.52026
1970-01-01 19:30:17,4827.056,117.79557,625.52185,2.2352443,6.3133335,351.5726
1970-01-01 19:30:18,5002.6196,124.21457,1329.8981,0.42529333,9.145912,351.36334
1970-01-01 19:30:19,4963.752,128.21188,918.0857,4.2384186,-15.616126,352.5925
1970-01-01 19:30:20,5060.999,113.86484,788.62244,6.1751447,3.0267248,352.555
1970-01-01 19:30:21,5018.866,124.17579,934.3269,4.168685,3.5149357,354.11148
1970-01-01 19:30:22,5062.488,113.83884,322.93973,-0.5710339,-10.427779,353.655
1970-01-01 19:30:23,5231.4224,121.20849,1054.9099,4.0061836,-3.6664984,354.7498
1970-01-01 19:30:24,5047.5645,123.142876,860.93024,2.9695444,-8.408216,355.34555
1970-01-01 19:30:25,4977.631,118.496574,1152.934,-2.330921,-5.8644853,354.48328
1970-01-01 19:30:26,5077.001,119.9036,866.9668,1.0176415,4.274829,355.30353
1970-01-01 19:30:27,5225.5913,119.27953,689.7085,1.9835008,-6.3228564,354.74237
1970-01-01 19:30:28,5222.4136,125.62781,506.8335,2.7553537,-10.736092,354.96432
1970-01-01 19:30:29,5103.4565,127.61909,612.44476,-3.2538667,-3.0807095,354.29117
1970-01-01 19:30:30,5235.7085,111.62977,1162.2117,1.0744225,6.881799,356.35788
1970-01-01 19:30:31,5278.224,120.64441,1021.6248,-0.92116696,-11.133575,357.14954
1970-01-01 19:30:32,5335.5303,130.1826,1023.8582,-0.24474497,9.7936125,358.91547
1970-01-01 19:30:33,5228.1655,,596.1244,5.3859205,3.7996128,358.89218
1970-01-01 19:30:34,5189.782,118.98253,773.2673,-1.2325016,14.206311,358.39304
1970-01-01 19:30:35,5338.366,118.05496,621.9912,1.1615382,4.989518,359.2031
1970-01-01 19:30:36,5317.1113,120.93132,913.7056,7.930649,2.3970556,357.9406
1970-01-01 19:30:37,5323.177,119.16097,789.16284,6.5973234,1.1934965,358.73483
1970-01-01 19:30:38,5444.267,123.52687,803.7942,8.932483,-5.4899206,357.61548
1970-01-01 19:30:39,5407.7983,126.8593,653.1811,0.8523141,-6.647476,358.58136
1970-01-01 19:30:40,5269.575,124.18,860.31055,-2.801445,3.9778142,358.39737
1970-01-01 19:30:41,5460.7446,127.13738,643.166,1.2754451,9.94402,358.94296
1970-01-01 19:30:42,5403.6133,124.329636,757.2811,-0.89166653,-12.218541,359.85034
1970-01-01 19:30:43,5439.9644,121.779175,795.78625,2.510254,0.062244896,358.73184
1970-01-01 19:30:44,5516.3037,127.49863,952.8181,0.505888,3.8385005,357.9953
1970-01-01 19:30:45,5451.5586,127.088066,693.50336,2.177498,14.736729,357.00308
1970-01-01 19:30:46,5566.8506,127.118256,765.66016,3.9631393,-3.269103,357.68134
1970-01-01 19:30:47,5616.643,124.42707,494.04507,1.0863109,-0.36133403,357.98135
1970-01-01 19:30:48,5448.8345,118.24394,849.88367,1.5852451,-15.921027,357.88016
1970-01-01 19:30:49,5674.144,116.39227,507.26407,-1.90143,14.504992,356.94278
1970-01-01 19:30:50,5624.464,118.66389,1096.6754,0.54031265,10.777643,357.3706
1970-01-01 19:30:51,5648.1553,125.32407,873.7561,4.678997,-7.957678,358.8639
1970-01-01 19:30:52,5779.7007,121.752945,,0.7719798,12.210571,359.5222
1970-01-01 19:30:53,5665.0723,124.492195,783.43646,8.024856,13.620449,1.6719345
1970-01-01 19:30:54,5873.129,124.471924,722.67535,1.9338058,-19.135595,1.674989
1970-01-01 19:30:55,5856.5073,120.59604,458.1438,-3.1179135,,2.9673502
1970-01-01 19:30:56,5829.3105,122.4859,646.05817,6.5655246,4.2494497,3.0675402
1970-01-01 19:30:57,5757.718,115.56948,1147.513,2.798043,13.119194,3.618616
1970-01-01 19:30:58,5899.046,118.943,819.84937,0.086711176,17.696547,1.9151042
1970-01-01 19:30:59,5831.19,119.78372,927.38306,6.116032,,0.2504032
1970-01-01 19:31:00,5896.4287,124.168846,602.33875,-0.46648526,-5.7241836,359.88632
1970-01-01 19:31:01,5838.4966,126.45255,758.5172,2.2492883,-21.236673,0.15317264
1970-01-01 19:31:02,5972.8325,122.199196,654.87006,3.5335011,2.5037563,359.4056
1970-01-01 19:31:03,6037.8174,127.826836,882.86835,-2.4283369,12.251788,359.79114
1970-01-01 19:31:04,5980.489,121.24169,950.08276,8.411702,4.222147,0.1950466
1970-01-01 19:31:05,6009.557,125.790596,1061.409,5.619103,11.520228,0.8637819
1970-01-01 19:31:06,5935.3364,121.86374,875.77094,4.4114847,-1.5419031,1.0937899
1970-01-01 19:31:07,6101.121,122.45061,461.71155,2.106573,16.362574,0.80899733
1970-01-01 19:31:08,6053.238,120.50313,702.8606,-3.068337,-12.652098,0.3183175
1970-01-01 19:31:09,6052.0005,123.401924,1365.6508,3.458149,-0.15832242,359.59613
1970-01-01 19:31:10,5983.0938,120.83052,895.3453,6.464642,1.7747096,0.11576852
1970-01-01 19:31:11,6137.289,126.79205,929.8537,4.132449,7.739893,1.5773801
1970-01-01 19:31:12,6075.4214,119.06947,780.98975,0.72802794,18.477762,0.49574468
1970-01-01 19:31:13,6208.003,122.918144,960.8243,-2.4242468,16.116915,359.98706
1970-01-01 19:31:14,6234.0127,122.68709,585.11346,-2.9947371,-11.849488,359.8232
1970-01-01 19:31:15,6287.5166,121.916565,745.55884,0.1752893,3.234145,0.46306098
1970-01-01 19:31:16,6204.9077,119.37555,902.8761,0.19901994,-2.8129044,0.21452554
1970-01-01 19:31:17,6201.9883,123.72453,857.6172,3.976108,-4.8050137,0.28221852
1970-01-01 19:31:18,6289.425,118.59127,1084.5469,4.237035,-9.03788,0.8359643
1970-01-01 19:31:19,6294.9033,125.12253,671.6849,4.6671467,-17.38785,1.6701409
1970-01-01 19:31:20,6344.974,124.05756,847.2261,3.410004,-3.4047875,3.6597157
1970-01-01 19:31:21,6443.3296,117.50297,,5.946322,-1.5758815,4.0195107
1970-01-01 19:31:22,6368.247,124.32245,575.4779,0.08960163,0.67515296,2.8210852
1970-01-01 19:31:23,6430.897,123.22525,669.0501,7.392412,-12.182458,2.8571374
1970-01-01 19:31:24,6375.893,119.55047,579.57324,7.271299,10.4921665,4.2228265
1970-01-01 19:31:25,6404.8,119.67647,310.97803,1.8705455,3.808324,5.499374
1970-01-01 19:31:26,6412.8823,124.427315,707.7972,4.7775993,2.07518,4.6234
1970-01-01 19:31:27,6451.253,119.93277,1330.769,4.948178,2.0718107,3.382473
1970-01-01 19:31:28,6441.572,117.335,919.40784,-3.6052825,-7.434349,3.3461227
1970-01-01 19:31:29,6671.5786,127.009964,789.7164,2.103706,-2.9524906,3.4247544
1970-01-01 19:31:30,6601.948,122.82073,1128.614,2.94447,8.803164,4.1758595
1970-01-01 19:31:31,6504.0234,122.30313,940.18536,2.7870173,-4.661065,3.3292663
1970-01-01 19:31:32,6788.458,123.0275,800.56085,0.15444559,-0.8210335,2.682246
1970-01-01 19:31:33,6679.5884,121.02235,401.87784,4.3569818,1.7996582,2.5072546
1970-01-01 19:31:34,6546.2666,131.85182,887.8529,5.4816365,8.821547,4.0619564
1970-01-01 19:31:35,6638.583,121.96225,972.52985,0.4209572,-7.6850314,4.5765634
1970-01-01 19:31:36,6785.7227,119.20346,1221.8085,3.1746655,-17.291607,4.8325973
1970-01-01 19:31:37,6664.547,128.15657,556.8449,-1.5595843,-7.246223,4.991174
1970-01-01 19:31:38,6672.286,119.216415,1031.7577,3.9196787,11.512853,5.032868
1970-01-01 19:31:39,6689.204,117.01786,707.39307,3.9510205,7.922143,3.494652
1970-01-01 19:31:40,6864.4233,122.553696,934.3114,0.31397977,-0.59873325,4.460336
1970-01-01 19:31:41,6712.9243,122.14006,920.32166,1.8768886,-17.683578,5.2491302
1970-01-01 19:31:42,6853.8784,118.83855,628.60205,7.55896,-6.596986,7.464195
1970-01-01 19:31:43,6719.1416,127.678444,842.3116,1.9961632,12.941948,7.5712743
1970-01-01 19:31:44,6868.5054,117.85176,859.9426,-0.6355691,-21.4329,8.44077
1970-01-01 19:31:45,6983.3105,123.029045,665.8855,6.5214863,17.68508,8.03906
1970-01-01 19:31:46,6842.1177,123.28908,742.15656,-1.2461796,4.008916,8.245112
1970-01-01 19:31:47,6932.6094,126.42208,657.2159,-0.041624244,-8.857821,8.654771
1970-01-01 19:31:48,6880.16,129.24577,1229.0028,-1.3258891,2.242011,8.745823
1970-01-01 19:31:49,6965.3936,126.526115,875.658,0.60864955,3.3599005,8.678705
1970-01-01 19:31:50,6944.2637,126.776566,872.3723,-0.084586896,10.807072,8.433828
1970-01-01 19:31:51,7064.647,124.63251,1138.1863,4.916222,12.770439,8.466941
1970-01-01 19:31:52,7072.5557,121.718605,723.6072,-2.7939203,11.129419,8.31845
1970-01-01 19:31:53,7188.7153,125.81891,715.3238,-5.497823,1.1262608,8.641024
1970-01-01 19:31:54,7035.114,117.47912,873.84436,5.149089,-1.7358632,10.981699
1970-01-01 19:31:55,7122.1597,119.6071,641.65814,1.710894,-11.604547,11.782321
1970-01-01 19:31:56,7099.069,114.80216,841.0615,0.64813143,-4.83296,12.351796
1970-01-01 19:31:57,7389.5703,123.4588,657.3534,-1.6195931,18.390024,11.491441
1970-01-01 19:31:58,7127.572,118.51472,481.06082,-1.6148765,-5.9169927,
1970-01-01 19:31:59,7311.333,127.137955,694.9231,1.8281242,-12.786664,10.093066
1970-01-01 19:32:00,7305.7275,123.30246,682.6293,-2.9048884,17.930004,12.588465
1970-01-01 19:32:01,7269.2373,119.590416,722.62256,0.12280504,-0.43214193,13.41842
1970-01-01 19:32:02,7178.662,117.21713,560.20807,6.374788,12.89964,14.628325
1970-01-01 19:32:03,7372.1743,117.97948,422.5363,0.91490257,21.591202,14.992231
1970-01-01 19:32:04,7411.617,123.64396,950.47406,3.004918,7.3890676,14.70242
1970-01-01 19:32:05,7334.7593,124.95613,801.7821,-2.4727054,-1.9815338,14.402928
1970-01-01 19:32:06,7372.9087,119.88319,894.219,0.13857554,-2.4129097,16.318495
1970-01-01 19:32:07,7471.7964,120.346924,892.7248,4.5697193,-2.8011513,
1970-01-01 19:32:08,7463.534,121.61366,578.50354,8.25488,4.0497274,15.82264
1970-01-01 19:32:09,7433.4863,119.3292,725.3167,0.6578613,14.331295,14.088361
1970-01-01 19:32:10,7407.347,122.043434,826.8472,1.1004215,1.2717175,12.433101
1970-01-01 19:32:11,7482.1597,118.64138,824.08826,-1.783179,-7.990618,11.485227
1970-01-01 19:32:12,7431.896,126.21096,560.9152,9.534785,-2.1221492,10.4832735
1970-01-01 19:32:13,7530.75,117.36985,917.2468,-0.11223434,-0.48867232,11.324572
1970-01-01 19:32:14,7629.037,124.023895,808.5235,-5.3003216,-2.4719913,11.999049
1970-01-01 19:32:15,7585.8306,130.29193,594.686,-1.2788827,-12.725691,11.698498
1970-01-01 19:32:16,7577.038,123.393875,320.2944,0.37445775,12.462234,10.632296
1970-01-01 19:32:17,7681.226,118.917145,871.84503,-1.0076414,16.99981,11.704274
1970-01-01 19:32:18,7625.017,125.920204,955.5358,-3.1792908,-10.965814,11.302379
1970-01-01 19:32:19,7665.152,119.21865,819.69476,1.5724978,-16.548246,11.601881
1970-01-01 19:32:20,7730.182,116.63525,566.22736,0.6230709,0.70691276,11.17615
1970-01-01 19:32:21,7691.9463,124.46935,637.6057,-2.0015461,-11.051026,10.742184
1970-01-01 19:32:22,7831.934,118.89694,732.5859,3.0556464,-15.0368805,10.789969
1970-01-01 19:32:23,7842.916,123.04295,1057.7587,3.1374288,-6.9343824,9.775861
1970-01-01 19:32:24,7720.0347,122.91374,842.9161,0.25304082,8.603964,9.857272
1970-01-01 19:32:25,7807.0303,124.56297,712.5328,4.970304,-19.243092,9.143876
1970-01-01 19:32:26,7834.135,121.66566,817.40454,3.82283,-1.3288476,9.065115
1970-01-01 19:32:27,7936.145,121.15895,1122.1472,-4.967922,9.058519,8.921493
1970-01-01 19:32:28,7993.179,122.9081,587.925,2.730059,-20.637291,7.173886
1970-01-01 19:32:29,7834.546,124.47342,510.43127,-2.2640815,6.119371,5.4037504
1970-01-01 19:32:30,7893.2056,124.87087,672.5344,1.3338903,9.193218,4.742259
1970-01-01 19:32:31,7914.579,120.37599,426.17328,-1.0193579,-4.308179,2.6503332
1970-01-01 19:32:32,8040.795,125.538925,1190.451,3.572023,-0.66432136,3.0386724
1970-01-01 19:32:33,7888.659,128.30417,572.19244,1.480068,-9.2612915,4.1787295
1970-01-01 19:32:34,8043.7275,119.23517,879.4751,1.0549116,-4.127018,3.2980576
1970-01-01 19:32:35,7940.2144,122.70215,918.6718,1.2636292,8.34475,4.233465
1970-01-01 19:32:36,8046.1704,124.419395,984.42444,-1.5468304,-14.131437,3.554841
1970-01-01 19:32:37,8089.625,127.9426,629.06635,3.6512887,-3.745483,3.6480858
1970-01-01 19:32:38,8066.7793,122.24357,715.5983,-1.8196319,-19.295048,4.967813
1970-01-01 19:32:39,8148.965,131.76797,433.56433,1.4503846,-1.7824314,5.2356024
1970-01-01 19:32:40,8140.601,123.35308,696.36365,-3.3775096,-2.8324199,5.2698083
1970-01-01 19:32:41,8020.6064,120.571625,586.938,1.2138304,15.968267,5.290594
1970-01-01 19:32:42,8202.3,120.02817,290.47473,2.6909678,-9.358502,5.9145517
1970-01-01 19:32:43,8171.49,125.465645,715.8714,-0.63884896,12.178885,4.5754805
1970-01-01 19:32:44,8249.015,120.8589,785.21533,2.7016475,-1.0801448,4.7115426
1970-01-01 19:32:45,8314.035,121.373,745.98987,-0.43964022,-12.425935,3.9723983
1970-01-01 19:32:46,8542.101,121.18229,831.1709,1.1588409,-11.717386,4.2828116
1970-01-01 19:32:47,8408.869,129.53351,575.06384,1.6616908,10.475233,5.0560493
1970-01-01 19:32:48,8477.282,117.618164,623.86334,-1.3192568,14.813424,3.3764348
1970-01-01 19:32:49,8368.869,113.86361,576.8615,2.3541677,3.5228233,4.2158747
1970-01-01 19:32:50,8499.31,121.05477,892.62573,3.1130252,-9.694399,3.914195
1970-01-01 19:32:51,8350.153,126.80324,778.94507,-2.0475218,-11.438666,4.1974535
1970-01-01 19:32:52,8431.383,123.59091,706.08276,-2.5004451,14.741916,5.3970895
1970-01-01 19:32:53,8312.96,127.25605,945.7659,2.140841,18.347826,4.18617
1970-01-01 19:32:54,8524.922,123.49813,747.8697,3.8561087,-3.3500602,
1970-01-01 19:32:55,8494.738,119.79622,730.74414,2.8764942,-1.7224977,5.3908553
1970-01-01 19:32:56,8550.13,125.44751,808.69104,8.699686,-13.185712,5.706579
1970-01-01 19:32:57,8635.929,126.109856,897.8846,4.08536,4.678714,6.489953
1970-01-01 19:32:58,8358.865,122.73533,700.793,3.1400623,-20.309847,6.7640247
1970-01-01 19:32:59,8648.631,124.57453,1196.4276,5.1315937,0.5836333,7.7116127
1970-01-01 19:33:00,8526.477,121.74418,363.99036,2.0927808,6.4486804,7.514279
1970-01-01 19:33:01,8701.1,128.31346,789.91364,,1.4470005,8.179513
1970-01-01 19:33:02,8649.368,123.355255,782.5071,2.6171994,8.500368,9.02393
1970-01-01 19:33:03,8610.124,122.25368,892.29663,-1.4684027,14.7293,6.9276886
1970-01-01 19:33:04,8723.549,124.63294,1197.9517,5.281759,-1.9652284,6.321456
1970-01-01 19:33:05,8720.091,127.464485,1133.6676,-1.0189956,5.90403,5.5025625
1970-01-01 19:33:06,8699.502,129.56361,674.3079,-1.3354217,-0.47571382,4.7976546
1970-01-01 19:33:07,8840.823,120.82735,462.9098,3.4847798,-2.2748058,5.886169
1970-01-01 19:33:08,8920.784,125.09694,805.8915,0.4481692,6.521851,6.553702
1970-01-01 19:33:09,8872.909,118.813484,821.46533,3.444217,-23.179157,5.4683356
1970-01-01 19:33:10,8815.448,127.80046,564.6117,1.5491792,-8.563922,5.259157
1970-01-01 19:33:11,8822.396,123.74858,607.4833,1.109429,-4.641745,2.8250344
1970-01-01 19:33:12,8873.115,123.528786,976.9321,9.460249,-10.397676,2.767071
1970-01-01 19:33:13,8820.2,125.08101,629.413,2.5941813,-17.80732,3.4628155
1970-01-01 19:33:14,8795.554,120.262695,777.0785,3.0691726,9.403618,3.4975774
1970-01-01 19:33:15,8811.554,128.12746,764.8806,-0.560147,7.2432623,2.879059
1970-01-01 19:33:16,8983.571,124.989365,887.9169,6.7829967,6.905734,2.974968
1970-01-01 19:33:17,8965.496,125.289825,890.3574,7.3641157,-10.510166,3.9126527
1970-01-01 19:33:18,8953.222,123.58678,876.57196,4.091392,11.808066,2.9079587
1970-01-01 19:33:19,8970.077,127.94289,434.41537,1.0202057,-6.649128,1.6370751
1970-01-01 19:33:20,9044.004,128.86446,922.6105,1.410937,17.494286,2.593862
1970-01-01 19:33:21,9222.612,122.94265,927.6033,6.1056647,5.9792366,2.8610027
1970-01-01 19:33:22,9162.225,129.03842,1149.0015,-1.3769068,1.5922713,0.5472131
1970-01-01 19:33:23,9102.968,129.58714,653.545,-0.46081275,-2.65159,1.6363876
1970-01-01 19:33:24,9222.074,122.28565,966.6392,2.8733923,-9.624088,3.0327215
1970-01-01 19:33:25,9268.783,136.86983,709.54333,3.861353,-11.129811,3.4782429
1970-01-01 19:33:26,9199.706,128.03925,823.54895,0.37698257,-1.3936288,2.1866915
1970-01-01 19:33:27,9280.408,122.65837,703.3215,-0.97323674,-5.2419653,359.58322
1970-01-01 19:33:28,9313.941,129.15836,664.3705,4.5256805,1.8271433,358.66516
1970-01-01 19:33:29,9222.614,118.88034,703.4034,0.4956427,-1.245983,358.93524
1970-01-01 19:33:30,9296.563,122.91058,578.9013,5.865084,-10.287587,358.8488
1970-01-01 19:33:31,9258.813,125.62512,894.65656,5.8013153,-1.576852,359.0754
1970-01-01 19:33:32,9383.319,121.01035,715.8724,8.212082,0.7542849,359.05
1970-01-01 19:33:33,9451.437,126.71749,729.6519,2.7263696,-16.338366,359.628
1970-01-01 19:33:34,9397.244,126.277855,790.53326,-1.4126816,17.950535,0.614469
1970-01-01 19:33:35,9444.666,123.18297,711.46796,2.3631177,-4.999784,0.7828378
1970-01-01 19:33:36,9304.882,125.66654,1037.818,4.6595974,-1.4147661,359.1334
1970-01-01 19:33:37,9430.569,117.19812,896.85724,4.430009,9.927849,358.81494
1970-01-01 19:33:38,9542.898,129.3906,951.5622,-1.3671476,5.3298044,358.9679
1970-01-01 19:33:39,9478.156,127.14434,874.4805,3.4583318,-16.315159,359.44504
1970-01-01 19:33:40,9598.195,129.69212,772.37445,5.577622,19.131922,359.14017
1970-01-01 19:33:41,9432.157,127.1962,298.75528,-2.5571086,-2.4526966,0.9097669
1970-01-01 19:33:42,9527.862,122.95699,1014.7696,-2.8642502,6.672901,0.7891486
1970-01-01 19:33:43,9500.807,122.62677,303.81503,5.7834287,-19.048664,2.2284448
1970-01-01 19:33:44,9524.195,125.51205,900.39514,6.296867,-14.212909,0.51446027
1970-01-01 19:33:45,9578.625,129.31656,1009.8493,1.3834107,-6.620885,359.85333
1970-01-01 19:33:46,9597.989,130.39674,615.05054,0.3648732,-8.731062,358.3497
1970-01-01 19:33:47,9620.7295,126.72834,1007.4264,5.9597635,-14.837842,359.5417
1970-01-01 19:33:48,9640.253,131.18822,754.6985,-4.687755,-7.837941,359.85577
1970-01-01 19:33:49,9718.355,128.52112,754.4093,-0.835592,-9.965121,358.16156
1970-01-01 19:33:50,9564.722,119.78959,1041.0643,-0.3739771,6.0585365,357.61395
1970-01-01 19:33:51,9975.376,124.886116,877.5015,5.1646433,11.881804,355.02075
1970-01-01 19:33:52,9800.996,129.48192,672.4415,4.817419,1.8711615,356.30453
1970-01-01 19:33:53,9977.373,128.84332,795.0319,1.5088336,2.728779,352.79425
1970-01-01 19:33:54,9690.651,127.33665,793.70715,4.8508954,-3.7175508,353.07114
1970-01-01 19:33:55,9923.467,128.02829,683.3251,0.95233315,-4.716886,354.45633
1970-01-01 19:33:56,9835.02,123.39774,860.8366,6.653622,-4.1485505,356.67435
1970-01-01 19:33:57,9900.327,126.46809,840.04083,3.145413,-3.910284,357.2135
1970-01-01 19:33:58,9822.035,128.77927,1134.024,-0.6899863,16.701523,356.20596
1970-01-01 19:33:59,9911.25,125.697556,844.8524,3.629733,-7.2612233,357.78354
1970-01-01 19:34:00,10097.124,124.641304,1059.913,-0.003483825,5.2520967,357.79974
1970-01-01 19:34:01,9828.95,133.2667,798.8209,6.5611324,-5.133937,356.441
1970-01-01 19:34:02,9944.882,122.35888,877.55615,-2.0641704,10.270285,354.7515
1970-01-01 19:34:03,,124.18015,735.0561,1.7022285,-4.129304,355.96484
1970-01-01 19:34:04,10068.891,124.46677,880.331,0.8592305,4.097262,356.83185
1970-01-01 19:34:05,10039.6455,125.171585,627.8327,1.3455337,-16.303238,356.2966
1970-01-01 19:34:06,10081.8,133.4573,843.3672,2.520604,-23.815317,356.34875
1970-01-01 19:34:07,10074.67,124.41876,845.5737,5.9678884,-0.13705273,356.4798
1970-01-01 19:34:08,10101.171,129.16687,960.92175,1.3559139,-3.4477227,
1970-01-01 19:34:09,10207.416,128.56598,805.6632,3.435018,-1.6317922,354.96838
1970-01-01 19:34:10,10132.964,131.35846,466.4206,-1.0380616,-0.97754043,355.09393
1970-01-01 19:34:11,10158.447,133.07141,635.25183,1.5024081,-6.024858,354.53207
1970-01-01 19:34:12,10180.886,128.00935,890.99554,7.5014977,-0.5208493,356.19125
1970-01-01 19:34:13,10279.72,124.509,866.7939,4.9327564,11.098085,357.10962
1970-01-01 19:34:14,10341.233,127.46642,735.4941,-1.9644125,-15.8931,357.73712
1970-01-01 19:34:15,10245.981,129.52899,956.20654,3.3019834,-11.739065,356.1968
1970-01-01 19:34:16,10339.939,125.54022,525.7187,3.3696365,1.2041655,354.8546
1970-01-01 19:34:17,10395.391,118.40473,560.0833,4.8916044,17.489073,357.1487
1970-01-01 19:34:18,10450.256,117.9954,754.0165,0.7370314,-8.445173,356.76257
1970-01-01 19:34:19,10501.095,123.31241,1069.4321,7.0011606,7.7760873,356.3443
1970-01-01 19:34:20,10468.255,123.83126,636.75165,4.9651794,-10.014436,356.0938
1970-01-01 19:34:21,10441.311,124.306946,956.9468,3.0973182,16.432886,357.00357
1970-01-01 19:34:22,10441.662,122.152306,819.0828,0.39011845,-8.264977,356.36884
1970-01-01 19:34:23,10561.496,122.427086,491.95856,5.5558944,-6.154896,355.90677
1970-01-01 19:34:24,10643.24,123.1172,856.024,3.9985409,-0.662308,354.3756
1970-01-01 19:34:25,10445.729,132.61272,1035.6052,7.129335,-2.7289608,354.75302
1970-01-01 19:34:26,10644.752,128.80278,704.79816,-0.3338793,-14.588528,353.0805
1970-01-01 19:34:27,10441.072,129.7722,930.5472,4.280022,-7.891585,352.77072
1970-01-01 19:34:28,10597.912,129.14822,1070.7007,-2.5005429,13.29148,353.36414
1970-01-01 19:34:29,10614.91,129.60545,892.9063,-5.687163,-1.5298498,354.17398
1970-01-01 19:34:30,10473.973,127.40337,1020.2767,4.203713,0.7853044,355.15445
1970-01-01 19:34:31,10598.257,127.54816,714.93604,3.363106,-5.678895,354.93265
1970-01-01 19:34:32,10726.879,124.98256,675.7152,-1.757513,9.579559,355.0424
1970-01-01 19:34:33,10655.679,128.88287,1177.7366,4.9306993,-9.755244,356.74744
1970-01-01 19:34:34,10751.028,122.36164,851.18567,1.5553747,-0.36754414,356.35016
1970-01-01 19:34:35,10609.79,136.06525,926.84863,4.219898,9.218713,354.98306
1970-01-01 19:34:36,10783.007,125.99873,781.26636,-3.6611683,-5.6256776,356.41592
1970-01-01 19:34:37,10725.485,123.322586,910.574,-1.1504052,4.994246,356.81335
1970-01-01 19:34:38,10706.096,130.24498,818.7233,3.4744039,12.950041,357.73206
1970-01-01 19:34:39,10753.111,122.881714,786.21246,0.21115975,23.21846,0.3839842
1970-01-01 19:34:40,10862.931,131.92944,862.6044,2.0626378,2.6875231,0.8372539
1970-01-01 19:34:41,10931.317,125.53903,1013.4713,7.7690573,9.448465,1.008491
1970-01-01 19:34:42,10927.462,129.60449,753.133,1.2250497,-0.12567191,1.6342934
1970-01-01 19:34:43,10908.439,128.60252,798.5108,6.2627296,-8.510861,2.8204405
1970-01-01 19:34:44,11172.376,127.52249,388.3725,1.5335292,26.348837,2.4656549
1970-01-01 19:34:45,11010.09,127.20266,893.9724,3.844713,18.343203,2.112815
1970-01-01 19:34:46,11016.708,123.223724,867.12604,5.8008165,-3.8622353,2.7502625
1970-01-01 19:34:47,11107.581,125.720024,878.4055,-0.4724722,-7.697058,2.9127047
1970-01-01 19:34:48,11007.818,130.13718,1046.4652,-2.9920526,4.3660226,1.3352324
1970-01-01 19:34:49,11116.98,130.54793,698.2184,0.54714656,6.4411335,2.2158413
1970-01-01 19:34:50,11024.827,127.211494,658.84937,7.628723,-6.0258694,1.3632094
1970-01-01 19:34:51,11161.719,125.08979,676.1314,2.961789,2.1419015,1.170708
1970-01-01 19:34:52,11121.675,127.09902,1053.1222,5.3270926,-0.8251432,1.0207994
1970-01-01 19:34:53,11167.634,119.11734,597.7382,5.6925178,3.2033663,1.329334
1970-01-01 19:34:54,11097.331,132.31702,890.16284,-3.8677769,-10.164535,0.85151845
1970-01-01 19:34:55,11166.975,127.221085,725.2197,-0.23727515,3.6575382,359.66095
1970-01-01 19:34:56,11192.403,130.22977,558.7556,0.041973967,1.6436852,0.68297476
1970-01-01 19:34:57,11259.887,126.87263,934.3919,3.734367,3.1499598,3.9246821
1970-01-01 19:34:58,11340.595,122.41144,658.31976,-0.22144848,-6.017661,3.999487
1970-01-01 19:34:59,11328.51,120.66667,1021.10657,-1.7412477,11.936151,5.124894
1970-01-01 19:35:00,11428.694,131.7078,815.68036,3.0310168,19.306805,2.9433725
1970-01-01 19:35:01,11307.703,122.38644,575.5674,-0.65424275,-12.747728,3.2530656
1970-01-01 19:35:02,11382.279,126.62529,616.0674,-2.0530953,8.714257,4.358079
1970-01-01 19:35:03,11350.369,131.59718,1165.9363,-0.115737624,1.0118351,3.3402207
1970-01-01 19:35:04,11343.662,128.49315,974.40094,-2.5135276,-4.678394,4.0284133
1970-01-01 19:35:05,11532.045,132.26836,1080.043,5.0541477,12.233569,6.1507044
1970-01-01 19:35:06,11361.793,128.84933,675.3369,1.5850495,6.2891574,6.453822
1970-01-01 19:35:07,11536.654,128.24417,792.71533,3.9465535,-3.3651075,7.1478257
1970-01-01 19:35:08,11538.431,125.589005,947.8835,-1.3951148,16.483692,8.324442
1970-01-01 19:35:09,11638.159,135.44496,877.1131,1.4398565,8.596649,8.692357
1970-01-01 19:35:10,11553.317,123.28502,546.24786,1.7706219,-10.363882,8.177046
1970-01-01 19:35:11,11383.6,123.413605,1013.90137,3.7928896,9.158387,7.9170923
1970-01-01 19:35:12,11450.352,133.06631,691.2105,5.7578883,0.48619312,7.6364045
1970-01-01 19:35:13,11652.951,125.011734,708.8945,3.9595423,4.6544704,7.040761
1970-01-01 19:35:14,11661.619,127.56521,809.81976,5.0531063,9.128453,9.147314
1970-01-01 19:35:15,11639.528,125.8529,513.416,1.2148966,-1.057276,8.133804
1970-01-01 19:35:16,11713.766,123.82107,609.6454,-1.148065,-11.447544,8.480335
1970-01-01 19:35:17,11614.32,135.86812,988.47504,1.7784379,-2.1078188,7.1151805
1970-01-01 19:35:18,11695.509,126.089264,1040.8318,4.375199,1.8200749,7.3083057
1970-01-01 19:35:19,11835.035,123.8739,1023.80707,-1.4568479,8.741646,7.12003
1970-01-01 19:35:20,11769.265,121.21962,589.45074,0.880671,-2.8048995,7.43086
1970-01-01 19:35:21,11775.34,131.44801,1069.1431,10.483911,10.987592,8.273964
1970-01-01 19:35:22,11850.582,136.81396,571.3478,6.1454997,-0.39399403,6.860836
1970-01-01 19:35:23,11921.554,127.805466,1012.6869,3.8165534,-2.3844082,7.8307576
1970-01-01 19:35:24,12060.0625,126.80259,903.55066,-3.2948582,5.256303,9.765034
1970-01-01 19:35:25,11894.256,129.55042,1197.2115,1.035421,7.444695,8.93644
1970-01-01 19:35:26,11866.152,123.93061,1197.4055,3.093969,-4.4677134,7.916144
1970-01-01 19:35:27,11917.671,130.739,718.321,-4.2299433,3.631984,9.532058
1970-01-01 19:35:28,11918.11,137.25343,669.3367,3.0928051,-7.949882,9.483009
1970-01-01 19:35:29,11923.629,125.75733,480.39755,1.868957,-6.11316,9.555723
1970-01-01 19:35:30,12066.03,126.389244,917.311,-3.143801,-8.8552475,8.313366
1970-01-01 19:35:31,12032.499,126.477234,127.88477,4.150457,6.602933,8.951124
1970-01-01 19:35:32,12060.284,135.22798,-6.722563,0.6438763,-0.6901907,8.288659
1970-01-01 19:35:33,12104.563,126.50145,-180.38339,5.707112,-9.496105,9.408879
1970-01-01 19:35:34,11954.858,125.74502,-213.91638,0.13551483,-6.8700366,11.686686
1970-01-01 19:35:35,12044.404,128.41916,71.849396,-2.6150453,-18.3693,11.5636635
1970-01-01 19:35:36,12001.395,130.90811,374.41595,-2.244482,-2.443499,10.906872
1970-01-01 19:35:37,12030.916,123.92191,-225.82709,0.55250996,-5.018386,12.505564
1970-01-01 19:35:38,12041.22,126.725044,180.0218,3.914585,-4.0191855,11.914691
1970-01-01 19:35:39,11936.837,132.6952,126.571014,3.7295797,-3.5959272,12.775146
1970-01-01 19:35:40,12116.233,131.99599,327.9844,6.740742,-8.874743,13.8342705
1970-01-01 19:35:41,11993.909,122.95632,95.6314,6.284498,-1.9481508,12.404661
1970-01-01 19:35:42,11984.099,127.50902,-389.73102,1.6447475,10.012412,12.144004
1970-01-01 19:35:43,12075.092,120.54366,24.396696,5.0458493,8.515757,12.159704
1970-01-01 19:35:44,11964.827,124.6965,-38.58028,-3.0394025,-10.271713,12.956422
1970-01-01 19:35:45,12030.17,129.09206,-262.5875,-1.4498414,-9.9444685,11.151088
1970-01-01 19:35:46,12066.847,137.28098,-201.74586,1.1602405,-3.4907885,9.292469
1970-01-01 19:35:47,11922.633,126.608444,91.79029,5.6712017,-23.87202,9.524731
1970-01-01 19:35:48,12013.455,126.2712,42.26727,-1.4889014,6.537468,10.529019
1970-01-01 19:35:49,12107.756,126.44418,-389.68433,5.5927625,15.08485,11.687672
1970-01-01 19:35:50,11990.498,124.39768,127.5358,0.0024735106,2.064246,11.533967
1970-01-01 19:35:51,12011.419,120.200325,-615.49207,-2.0361438,2.4571488,12.816745
1970-01-01 19:35:52,12093.739,132.34517,-58.974045,3.3559475,-3.3971453,12.05225
1970-01-01 19:35:53,12021.262,125.96004,41.878925,0.1810775,2.5064905,11.031302
1970-01-01 19:35:54,12116.477,131.40688,181.60976,8.641867,2.4027185,11.236324
1970-01-01 19:35:55,12021.963,122.48811,-154.18733,-0.8408935,0.45919013,11.494353
1970-01-01 19:35:56,12060.133,130.8092,-327.266,0.75282735,-4.6071725,10.964882
1970-01-01 19:35:57,12060.972,132.61848,53.727795,0.8319815,2.056017,11.262605
1970-01-01 19:35:58,11853.309,128.08223,-379.973,0.78079206,0.4398347,11.890999
1970-01-01 19:35:59,11874.656,127.07601,64.088394,2.1374319,7.755335,11.623629
1970-01-01 19:36:00,11981.021,126.10516,-126.75349,-3.4503577,3.813947,12.291527
1970-01-01 19:36:01,11993.719,128.06714,63.579945,3.5717692,3.5303566,13.354947
1970-01-01 19:36:02,11894.718,135.27481,-219.2358,7.709158,-2.602321,13.985931
1970-01-01 19:36:03,12015.908,130.96532,-197.87756,5.06724,7.8236046,13.556694
1970-01-01 19:36:04,12050.459,126.79547,-13.824894,5.53944,-4.9624133,13.425503
1970-01-01 19:36:05,12038.932,131.9223,-97.99142,6.546147,-5.52421,13.476764
1970-01-01 19:36:06,11824.574,126.08827,-202.4251,2.1839828,8.098988,13.310702
1970-01-01 19:36:07,11970.276,131.86671,-69.429214,0.18898274,-1.9980531,14.9742775
1970-01-01 19:36:08,11950.946,129.97148,207.94804,4.1785235,10.876956,15.537196
1970-01-01 19:36:09,12045.795,128.07216,255.44398,2.2741332,7.433047,15.772997
1970-01-01 19:36:10,12110.457,136.16595,-120.66441,-0.35837257,-4.2159233,16.3417
1970-01-01 19:36:11,12016.313,121.49598,223.20224,-2.7812963,-2.7402856,15.835414
1970-01-01 19:36:12,12013.319,131.43448,-67.578964,0.30883822,-10.539307,15.0685425
1970-01-01 19:36:13,12044.129,136.93915,121.62477,4.3147726,-1.4663725,16.317732
1970-01-01 19:36:14,11900.689,133.6592,234.143,2.9729083,-18.186262,17.114805
1970-01-01 19:36:15,11967.897,126.51964,-177.87352,-1.5782266,2.4976876,17.232918
1970-01-01 19:36:16,12015.827,127.056816,180.45535,1.539979,-10.354003,18.105406
1970-01-01 19:36:17,12045.771,142.51088,87.03728,1.8426238,7.442835,17.491896
1970-01-01 19:36:18,11986.598,129.91669,142.85562,5.5210648,5.205059,17.732607
1970-01-01 19:36:19,11893.793,127.80892,-179.73053,5.546827,-3.3186216,17.419662
1970-01-01 19:36:20,11889.1,127.22462,-44.669746,3.9194555,-6.306004,16.19723
1970-01-01 19:36:21,12171.321,127.54481,-1.8630625,2.746389,-16.294455,15.191712
1970-01-01 19:36:22,12162.669,128.21187,-168.81517,4.8944564,3.767529,14.62319
1970-01-01 19:36:23,12020.148,125.31175,-79.9458,1.6167808,-2.1938908,14.953607
1970-01-01 19:36:24,12133.365,130.34125,374.90305,0.92737854,-9.203129,14.405546
1970-01-01 19:36:25,12171.646,139.57303,2.0893288,3.8783917,,14.437362
1970-01-01 19:36:26,11958.972,132.1147,-148.95274,1.4436557,10.37573,16.415562
1970-01-01 19:36:27,11965.628,134.86678,275.0248,-2.717195,18.152027,15.969287
1970-01-01 19:36:28,12025.301,126.517654,64.844406,-1.2042866,-10.383983,16.123203
1970-01-01 19:36:29,12112.297,128.23694,-93.74311,4.0493636,-18.313217,15.179293
1970-01-01 19:36:30,11861.9,126.584175,534.10986,0.49552155,-1.3517506,15.283704
1970-01-01 19:36:31,11972.547,135.37877,66.142265,5.111847,-4.6558685,15.236154
1970-01-01 19:36:32,11861.973,126.11484,2.453188,-2.2354891,11.443143,13.889279
1970-01-01 19:36:33,12082.466,134.33113,69.30264,0.46676162,1.1653717,12.881371
1970-01-01 19:36:34,12076.946,122.92493,165.40761,3.1440217,2.3126383,13.587936
1970-01-01 19:36:35,12013.558,130.65002,-10.834854,8.138321,0.2890258,11.792134
1970-01-01 19:36:36,12119.16,131.56058,78.68405,-0.94170254,0.14337283,13.377178
1970-01-01 19:36:37,12173.26,135.11458,-63.996914,1.2087423,-9.271577,12.145826
1970-01-01 19:36:38,11982.614,130.81761,33.106148,-2.7817717,9.454101,13.106079
1970-01-01 19:36:39,11919.28,137.73679,59.31561,5.282574,7.7079797,12.5047
1970-01-01 19:36:40,12002.951,130.14273,247.47594,0.89045733,-8.050962,13.792329
1970-01-01 19:36:41,12091.33,124.99825,-93.037865,9.850846,-12.92024,14.266454
1970-01-01 19:36:42,12061.838,134.65768,100.113716,-2.1884515,16.482246,14.312039
1970-01-01 19:36:43,12088.165,129.32132,62.861744,7.0251007,-13.985869,15.107064
1970-01-01 19:36:44,12107.577,130.09753,-158.58615,-0.56921446,-12.735149,15.897907
1970-01-01 19:36:45,12045.928,128.39404,-231.97775,-0.9262651,4.521283,16.697327
1970-01-01 19:36:46,11947.099,129.23827,103.167725,1.8340572,11.870808,15.996232
1970-01-01 19:36:47,12075.019,129.89062,-168.4744,2.2981544,4.061802,15.243002
1970-01-01 19:36:48,12065.701,127.895676,25.095757,2.9756677,0.7724603,15.110814
1970-01-01 19:36:49,11990.305,127.00727,-95.80082,-1.7204037,-4.360992,17.253143
1970-01-01 19:36:50,12084.296,131.52373,128.3554,1.520713,11.967721,17.672026
1970-01-01 19:36:51,11836.302,132.03348,-0.96771663,0.5982656,-4.649233,17.524595
1970-01-01 19:36:52,12016.07,126.68876,1.2128127,4.983167,14.945253,17.268595
1970-01-01 19:36:53,11905.989,137.8225,-39.570698,-3.0372198,17.193316,17.529005
1970-01-01 19:36:54,12048.183,136.53941,-72.23556,-0.0012039609,-11.444832,17.779264
1970-01-01 19:36:55,11945.98,131.33629,329.7457,1.1201297,-19.81082,18.229277
1970-01-01 19:36:56,11958.126,131.84973,-184.05975,-3.746,-6.703239,16.80409
1970-01-01 19:36:57,12011.914,130.00314,149.82579,2.4832327,-2.6996942,16.949146
1970-01-01 19:36:58,11946.04,126.47996,-399.3882,-1.0100442,-7.1103206,16.888714
1970-01-01 19:36:59,11962.421,135.81197,142.71828,2.6868708,8.009931,14.326909
1970-01-01 19:37:00,11949.597,131.59647,318.31058,0.10795866,4.9192905,12.63824
1970-01-01 19:37:01,11866.25,130.65349,-104.91864,0.8402204,-5.299309,12.557727
1970-01-01 19:37:02,11902.835,133.53305,0.16374853,1.2547617,8.201286,13.157261
1970-01-01 19:37:03,11993.507,134.65593,239.36008,5.4352593,12.170913,13.076352
1970-01-01 19:37:04,12052.315,136.09056,80.994774,1.9369843,-3.3671227,12.819777
1970-01-01 19:37:05,,136.01463,1.6298846,2.3670375,13.277485,11.420017
1970-01-01 19:37:06,12137.715,133.71585,-199.48965,2.137472,-16.902948,10.712151
1970-01-01 19:37:07,12124.7705,132.5777,-220.19135,5.9602823,21.64226,10.066995
1970-01-01 19:37:08,11937.429,130.58682,96.18993,1.5021802,9.521163,10.122141
1970-01-01 19:37:09,12011.506,142.3663,-307.62796,-1.6303316,11.193414,11.124638
1970-01-01 19:37:10,11968.656,135.10509,52.046036,2.857444,-3.55819,9.834713
1970-01-01 19:37:11,11951.637,134.07625,127.23796,5.7923927,-4.396201,9.75252
1970-01-01 19:37:12,12012.753,138.29602,69.67526,0.8514699,1.4862674,9.282447
1970-01-01 19:37:13,12018.004,131.80772,-184.68202,-2.3080637,1.1868685,10.175544
1970-01-01 19:37:14,12051.702,125.20746,81.4684,0.8077292,1.5708824,11.234129
1970-01-01 19:37:15,12098.785,131.47859,112.099236,-3.2888381,,12.462457
1970-01-01 19:37:16,11913.0205,130.67157,-168.21768,-1.8428386,-6.1225333,12.390219
1970-01-01 19:37:17,11963.234,133.20091,77.0185,4.4725733,-6.0501122,12.822997
1970-01-01 19:37:18,11927.69,132.82191,165.91992,2.181942,16.786264,12.7662
1970-01-01 19:37:19,11786.051,130.15024,-96.461685,2.105175,5.043931,13.733978
1970-01-01 19:37:20,12054.167,131.65266,224.97269,5.5738597,-11.885989,14.300028
1970-01-01 19:37:21,12027.131,132.74538,-71.35376,-1.2990085,-6.0433803,15.779383
1970-01-01 19:37:22,12154.313,135.96985,-108.907364,5.4313984,-16.220732,15.847413
1970-01-01 19:37:23,11939.883,131.78848,176.5609,1.6709675,3.244745,15.708521
1970-01-01 19:37:24,11920.994,133.39581,-202.24173,2.1942093,16.284328,17.50993
1970-01-01 19:37:25,11975.969,132.0958,-160.59976,8.539495,1.5641583,19.567802
1970-01-01 19:37:26,12040.576,128.26736,-139.733,4.9650135,3.5942132,19.239132
1970-01-01 19:37:27,12090.124,135.2616,-18.355692,-0.067510895,1.4532917,19.980024
1970-01-01 19:37:28,12108.888,134.83963,-46.384323,0.023868956,-3.441759,19.756968
1970-01-01 19:37:29,12046.082,133.22012,24.840805,4.206256,1.8749316,18.624918
1970-01-01 19:37:30,11890.499,133.61353,536.9065,2.3850214,-7.951768,17.431845
1970-01-01 19:37:31,11929.005,135.1271,-175.8284,0.74833196,-3.3668694,18.634195
1970-01-01 19:37:32,11990.352,134.31494,348.09717,2.0605476,13.114279,18.743828
1970-01-01 19:37:33,12068.827,128.34702,-45.553196,3.4186294,3.5975568,19.15532
1970-01-01 19:37:34,11957.005,129.46964,-12.955475,6.217357,-15.250835,18.144772
1970-01-01 19:37:35,11892.212,135.04175,277.10757,-1.2125207,6.506648,18.546074
1970-01-01 19:37:36,11977.232,135.58107,-247.1952,4.602015,12.904448,18.226114
1970-01-01 19:37:37,12057.545,133.7177,56.15842,5.722851,5.3735065,17.802082
1970-01-01 19:37:38,12080.778,136.07222,-423.37787,1.3778484,0.56376034,16.501461
1970-01-01 19:37:39,12109.282,129.14508,-110.53564,10.750335,7.895997,16.107222
1970-01-01 19:37:40,12128.062,128.98964,-53.36469,4.0842996,-12.874978,16.007511
1970-01-01 19:37:41,11848.0205,136.54395,175.04385,-2.5456712,2.9183934,15.388383
1970-01-01 19:37:42,11963.933,134.97368,-249.17696,2.054369,-9.780056,16.760729
1970-01-01 19:37:43,11983.296,131.24379,-18.725946,-2.4826536,11.302722,17.48654
1970-01-01 19:37:44,12017.486,129.56921,25.330494,0.54891956,-9.416817,19.210058
1970-01-01 19:37:45,11942.403,133.03448,-202.8981,-1.5490632,4.831635,18.626493
1970-01-01 19:37:46,12061.848,132.47006,85.211395,2.916366,-6.2386627,19.490095
1970-01-01 19:37:47,11944.709,129.21748,-56.54162,2.820746,1.1726493,19.037798
1970-01-01 19:37:48,11925.489,125.7782,172.18051,2.024651,6.2797766,19.303299
1970-01-01 19:37:49,12051.164,128.80878,150.62036,5.62571,-2.4135916,18.572666
1970-01-01 19:37:50,12034.89,136.5471,-108.51654,9.276648,10.886861,19.170168
1970-01-01 19:37:51,11930.041,133.47101,14.443304,4.1229696,-15.49614,
1970-01-01 19:37:52,11956.173,132.23029,-253.37605,3.1631813,-10.14021,20.181309
1970-01-01 19:37:53,12039.309,125.39867,174.49191,3.8907819,-4.720628,19.902567
1970-01-01 19:37:54,11953.943,134.95284,-112.482414,5.231779,10.337927,21.216488
1970-01-01 19:37:55,11960.172,135.96376,-169.45097,1.4155778,15.025664,22.374222
1970-01-01 19:37:56,12086.501,134.32515,491.62985,4.544227,-3.9046228,23.260439
1970-01-01 19:37:57,11810.651,133.76932,-390.3094,3.0851414,-17.2612,25.073957
1970-01-01 19:37:58,12080.229,135.88438,47.495953,3.3453376,-9.487107,26.118555
1970-01-01 19:37:59,12099.956,133.02242,-9.964274,2.2700164,-18.625332,25.724463
1970-01-01 19:38:00,11998.64,131.51686,-65.35524,3.3934593,-6.6737685,25.360458
1970-01-01 19:38:01,11887.412,137.10133,315.95517,-2.9162078,-4.9404984,25.344837
1970-01-01 19:38:02,12056.098,136.32404,123.044815,8.450741,-8.554631,24.744432
1970-01-01 19:38:03,12070.134,137.85571,-11.04908,-2.1812959,4.0804496,23.462427
1970-01-01 19:38:04,11962.085,141.80838,140.62233,1.2083144,-5.4238296,21.68241
1970-01-01 19:38:05,12028.846,128.57971,-185.95094,1.5140979,-4.2484055,22.043795
1970-01-01 19:38:06,11985.95,135.78593,122.96959,-1.6783254,12.980468,22.768965
1970-01-01 19:38:07,12025.12,135.86208,162.63857,7.198929,2.1350446,21.837269
1970-01-01 19:38:08,11958.741,131.35033,169.08582,-0.8122433,-7.5901403,20.6853
1970-01-01 19:38:09,11885.423,137.4715,103.637375,2.7121937,-1.5712718,20.988983
1970-01-01 19:38:10,12068.129,135.02356,-40.99444,-0.11727722,-3.0217175,20.42805
1970-01-01 19:38:11,11943.012,136.17387,-59.020252,4.429235,11.966848,21.873987
1970-01-01 19:38:12,12027.3,133.71611,33.73378,-5.0559597,8.563056,20.957823
1970-01-01 19:38:13,11962.191,133.21065,11.488089,-0.63981605,-4.411342,20.000336
1970-01-01 19:38:14,12277.83,130.96371,215.69191,1.4273435,0.17074372,21.310862
1970-01-01 19:38:15,12028.066,138.60165,105.9566,-2.712452,6.791078,20.630709
1970-01-01 19:38:16,11986.816,132.1896,60.802975,5.813098,0.8480329,20.856098
1970-01-01 19:38:17,11978.549,140.2112,-101.540405,4.9937477,6.599857,19.319262
1970-01-01 19:38:18,12063.332,139.98094,68.18296,1.1111012,19.108116,20.732864
1970-01-01 19:38:19,12023.195,136.50804,408.153,5.179013,3.4891782,22.399586
1970-01-01 19:38:20,12078.527,140.46378,37.54192,7.2817674,-10.674049,21.648172
1970-01-01 19:38:21,12061.232,122.30337,154.39153,-2.2972684,12.616647,21.277517
1970-01-01 19:38:22,11981.262,137.21248,-228.80388,3.5372307,-4.724373,21.097847
1970-01-01 19:38:23,11856.693,136.4971,-201.37053,6.23106,17.995302,20.750454
1970-01-01 19:38:24,11982.074,145.51192,391.17953,-0.03956967,12.282582,20.267448
1970-01-01 19:38:25,12015.717,139.17181,447.7597,-0.73195636,4.486937,19.238634
1970-01-01 19:38:26,11944.339,135.57153,226.83684,4.3640637,15.661495,18.402275
1970-01-01 19:38:27,11931.888,132.95862,-102.89974,4.8233876,-11.10244,19.394058
1970-01-01 19:38:28,11945.223,130.02592,-288.49164,1.5931418,-11.249437,20.37785
1970-01-01 19:38:29,11881.172,132.61885,3.6288095,1.4032824,-9.4573345,23.288576
1970-01-01 19:38:30,11890.12,133.12921,261.27322,,5.200501,22.808601
1970-01-01 19:38:31,11901.2,137.12425,151.7287,3.2702305,0.8023874,22.351648
1970-01-01 19:38:32,12046.001,135.90193,205.77217,4.80182,-4.55277,23.3936
1970-01-01 19:38:33,11987.295,137.99673,524.2167,6.957599,-15.730521,23.045664
1970-01-01 19:38:34,12091.416,140.08661,104.407196,0.13208555,2.0885034,22.864325
1970-01-01 19:38:35,11994.433,142.33182,-189.10927,3.2268128,7.9954004,23.975285
1970-01-01 19:38:36,11892.707,132.31271,-222.29285,-0.40453285,,24.426502
1970-01-01 19:38:37,11914.341,135.90306,-76.2155,-3.7727075,7.9998145,23.436752
1970-01-01 19:38:38,11939.73,138.735,-171.6385,1.7861549,-0.76632655,23.772224
1970-01-01 19:38:39,12012.537,128.50124,139.80687,-1.627526,1.1040592,24.836903
1970-01-01 19:38:40,11970.617,141.29883,-188.3539,5.223417,-9.522493,25.701292
1970-01-01 19:38:41,12029.277,131.20758,238.16167,-3.8434634,-7.9762063,25.80282
1970-01-01 19:38:42,11996.289,139.29865,-78.836525,-2.0009005,-4.6605215,26.858524
1970-01-01 19:38:43,11885.714,137.0529,145.20216,0.6584361,-5.404625,27.114273
1970-01-01 19:38:44,12216.704,140.75475,-171.55057,-1.6552315,-6.673377,27.317038
1970-01-01 19:38:45,11884.642,139.07411,-283.90228,4.6661515,19.017614,27.640755
1970-01-01 19:38:46,12032.191,142.85931,-3.2159111,-2.452544,-16.576494,27.99108
1970-01-01 19:38:47,12032.434,137.6684,-202.1463,0.18376622,0.19155073,28.297104
1970-01-01 19:38:48,12034.28,135.9948,-19.216454,2.5512831,6.6547537,29.24261
1970-01-01 19:38:49,11952.314,135.19266,-237.40192,1.6255406,-2.2441177,30.612019
1970-01-01 19:38:50,11956.093,138.22063,7.481213,4.2578125,-17.088171,30.659622
1970-01-01 19:38:51,12059.871,135.12695,88.28941,-3.5539076,13.310869,31.31255
1970-01-01 19:38:52,12092.116,144.21327,-27.198914,3.8390415,2.6977088,32.350254
1970-01-01 19:38:53,12084.037,140.80055,157.42105,1.8576119,-15.813238,33.315693
1970-01-01 19:38:54,12005.49,141.32823,385.3795,3.1866188,-6.0373154,34.5564
1970-01-01 19:38:55,12137.061,143.49785,5.020524,-0.4624276,2.4986112,35.711643
1970-01-01 19:38:56,12072.628,134.73813,189.3246,3.0553765,8.379825,35.31426
1970-01-01 19:38:57,12065.429,130.29024,-387.6116,0.5024031,-5.3932796,36.061596
1970-01-01 19:38:58,12087.306,132.13225,474.9429,5.4599576,-4.8852377,39.796177
1970-01-01 19:38:59,11889.936,133.00227,-99.01377,3.341479,-0.8819747,40.46405
1970-01-01 19:39:00,12011.832,138.79341,-123.381454,1.6393905,-5.084283,40.131947
1970-01-01 19:39:01,11947.883,130.63522,175.30254,3.6948087,-8.226403,39.977028
1970-01-01 19:39:02,12001.015,130.47508,52.863007,2.5399196,13.132491,38.974987
1970-01-01 19:39:03,12123.945,132.83931,,-0.05396109,15.419447,39.749416
1970-01-01 19:39:04,11987.501,127.30104,-172.18616,0.1607447,-5.2546005,38.699413
1970-01-01 19:39:05,11981.818,135.24846,154.57349,2.15738,-2.6522043,39.14253
1970-01-01 19:39:06,11808.038,138.17181,56.835796,2.6003504,6.656122,39.509655
1970-01-01 19:39:07,11927.374,138.74278,-324.31018,7.0945044,15.909687,39.495308
1970-01-01 19:39:08,11860.854,145.05894,112.32724,5.1744637,13.753045,39.096626
1970-01-01 19:39:09,,133.7166,44.909725,2.58725,3.6020694,38.77352
1970-01-01 19:39:10,12051.398,141.1939,-211.39384,4.424408,-14.862171,37.962074
1970-01-01 19:39:11,12001.909,144.41008,189.60489,1.6300778,14.082783,39.46336
1970-01-01 19:39:12,12147.683,133.95428,-147.77878,3.7119184,1.7329059,38.85795
1970-01-01 19:39:13,12015.264,136.21223,16.716917,3.0847187,9.036402,39.125847
1970-01-01 19:39:14,11972.227,140.05797,-29.00624,1.39634,-2.3330243,38.41396
1970-01-01 19:39:15,12031.378,137.24228,-22.221916,-0.87979174,-10.837023,38.39147
1970-01-01 19:39:16,12010.502,138.32234,-109.88838,4.125246,-5.8314233,36.68485
1970-01-01 19:39:17,12111.055,141.23544,0.66992515,-0.53470993,-10.576876,37.404724
1970-01-01 19:39:18,12078.822,135.58235,216.75847,3.0743992,-3.4083488,36.33892
1970-01-01 19:39:19,11987.366,140.27094,-268.1396,4.605169,10.64572,35.900913
1970-01-01 19:39:20,12021.344,147.88203,256.54675,4.956066,-6.8330812,34.8826
1970-01-01 19:39:21,12011.537,137.18193,-43.008587,-0.88007987,2.3617659,34.47455
1970-01-01 19:39:22,12064.306,134.61345,153.87813,4.225683,8.769098,34.486744
1970-01-01 19:39:23,11992.236,134.28726,-192.4383,1.822262,7.4778776,32.335323
1970-01-01 19:39:24,12047.69,143.03722,116.65793,3.078692,-9.333715,31.527792
1970-01-01 19:39:25,11869.659,139.28754,31.328175,-1.4356024,-2.3380811,32.457584
1970-01-01 19:39:26,11998.33,142.18353,-133.80212,3.6822188,-18.668234,31.732132
1970-01-01 19:39:27,11986.37,136.82298,92.01806,4.3705688,2.6519127,31.470469
1970-01-01 19:39:28,11993.8955,139.07414,25.872753,4.232448,0.3806658,33.38539
1970-01-01 19:39:29,12125.223,136.14183,117.96549,-1.6900806,20.42675,33.268837
1970-01-01 19:39:30,12068.965,139.76967,85.54076,-1.390967,0.72333133,34.51756
1970-01-01 19:39:31,11989.007,144.85489,-284.57492,-0.41810203,-1.8207116,35.5899
1970-01-01 19:39:32,11932.059,139.89635,-48.1269,6.808992,-1.02759,36.25334
1970-01-01 19:39:33,12021.392,136.74864,84.047325,1.605737,-7.581021,35.853565
1970-01-01 19:39:34,11972.75,141.02061,-30.795649,6.1636143,5.3638687,35.766216
1970-01-01 19:39:35,11997.629,136.61879,-19.820442,7.7486396,-15.453992,35.392456
1970-01-01 19:39:36,11898.405,140.49179,47.751366,2.893102,4.4532294,34.99212
1970-01-01 19:39:37,12029.417,141.04663,150.7223,3.902351,3.711393,36.22431
1970-01-01 19:39:38,11866.983,134.64366,327.2818,0.96999454,-7.9301066,37.309277
1970-01-01 19:39:39,12086.716,137.82924,268.23886,3.3628576,-0.907375,37.09124
1970-01-01 19:39:40,11988.536,135.76941,-307.58267,4.460791,1.5075684,37.65034
1970-01-01 19:39:41,12059.467,134.27592,-12.843472,1.8487821,-1.629036,39.692863
1970-01-01 19:39:42,12016.012,135.94333,-48.419464,4.2694306,-0.06018761,41.451668
1970-01-01 19:39:43,12004.801,148.8222,108.653755,1.6609343,-0.65287834,40.844276
1970-01-01 19:39:44,11918.412,145.3155,-120.428604,4.5935144,-6.538649,39.91109
1970-01-01 19:39:45,11990.718,134.56087,-336.4198,3.2313476,-15.385854,39.37376
1970-01-01 19:39:46,12016.2295,133.04591,-151.6368,5.1568775,9.261845,39.543797
1970-01-01 19:39:47,12029.048,136.6452,-3.9519978,5.862337,-6.9452705,39.45383
1970-01-01 19:39:48,11932.217,141.22868,-94.63819,0.0065371757,0.152425,38.555817
1970-01-01 19:39:49,11866.93,141.44693,38.999092,-0.22547495,8.008038,39.92516
1970-01-01 19:39:50,12022.217,135.76384,-111.37056,1.6034507,12.159815,41.094353
1970-01-01 19:39:51,12056.25,139.9159,46.318172,1.6999785,-13.8162,39.882053
1970-01-01 19:39:52,12051.824,137.4313,388.42615,-0.81247425,-8.426595,39.45933
1970-01-01 19:39:53,11909.798,135.74193,-279.86172,1.3054787,-19.148073,38.57374
1970-01-01 19:39:54,11952.129,141.98886,-302.57477,6.107886,-12.235223,37.561768
1970-01-01 19:39:55,12024.314,148.08759,-121.89004,-0.5352807,2.2834325,37.534576
1970-01-01 19:39:56,11944.819,137.30493,184.30933,0.45220652,13.8552885,36.54307
1970-01-01 19:39:57,12073.461,139.31866,70.2794,4.1451697,-2.961056,36.5117
1970-01-01 19:39:58,12083.379,134.15349,380.19238,5.256373,-22.804693,34.430046
1970-01-01 19:39:59,11909.283,137.50674,24.248571,1.6933434,-12.7619095,35.280487
1970-01-01 19:40:00,11995.674,139.60751,-4.977796,1.419553,11.652468,33.27086
1970-01-01 19:40:01,12080.661,131.70729,304.94092,6.5835695,7.2275,34.665268
1970-01-01 19:40:02,11921.111,143.14307,-191.86224,3.0750139,-3.994053,35.88934
1970-01-01 19:40:03,11965.089,142.45226,7.309406,2.4241362,-1.0732185,36.07212
1970-01-01 19:40:04,12158.708,135.37852,-128.6094,-0.63338685,13.403688,35.80029
1970-01-01 19:40:05,12090.052,137.43842,-156.50406,-1.7373905,-15.112579,36.10724
1970-01-01 19:40:06,11892.989,142.58852,-81.80888,2.6522958,5.5796876,35.39017
1970-01-01 19:40:07,11959.485,131.06055,-85.40498,5.963006,12.075641,34.37355
1970-01-01 19:40:08,12059.013,132.70271,148.7365,7.8398633,-1.3140439,33.186314
1970-01-01 19:40:09,12011.459,139.48079,-152.40607,0.6560573,3.980511,33.14896
1970-01-01 19:40:10,12210.755,146.65237,-177.67455,-3.040886,-11.327493,33.99963
1970-01-01 19:40:11,12052.816,144.9821,376.0393,2.236924,-10.265902,34.10595
1970-01-01 19:40:12,12020.384,147.67758,-192.31133,2.2941093,-15.276389,32.28686
1970-01-01 19:40:13,12169.667,141.91951,-43.19003,2.9638288,4.9336767,31.14067
1970-01-01 19:40:14,12062.03,140.52927,65.48069,2.953967,0.30568257,31.238813
1970-01-01 19:40:15,11984.638,143.94258,-15.382946,-1.7669922,-3.2276065,33.61729
1970-01-01 19:40:16,11955.754,143.98784,-32.812912,-1.6312308,5.2774315,33.55968
1970-01-01 19:40:17,12040.022,135.51974,-156.70921,6.2668777,-2.1229672,34.810818
1970-01-01 19:40:18,12015.9795,144.50189,462.8949,2.9063613,-4.144898,35.386356
1970-01-01 19:40:19,12039.653,142.3382,-111.270645,0.9616685,6.10091,35.92107
1970-01-01 19:40:20,12048.95,137.23956,-17.556597,1.8556786,-11.65109,35.985806
1970-01-01 19:40:21,12082.453,140.87016,-66.97969,0.8257753,-5.4507656,37.79381
1970-01-01 19:40:22,12043.645,136.95255,61.91096,2.4004736,8.382384,36.89158
1970-01-01 19:40:23,11916.07,139.797,196.31683,-4.159864,-3.6117175,37.66697
1970-01-01 19:40:24,11890.774,137.8253,179.88177,1.0521176,-13.470273,36.630325
1970-01-01 19:40:25,11972.839,141.31512,80.500854,2.5495265,-8.4503355,36.523914
1970-01-01 19:40:26,12042.685,137.58255,138.578,3.8281522,-1.2635034,36.172165
1970-01-01 19:40:27,11836.096,135.66228,-146.25323,3.781626,-17.636673,36.02916
1970-01-01 19:40:28,12017.547,142.86873,-62.794174,-3.8407118,-3.2150602,37.41627
1970-01-01 19:40:29,11884.072,145.41191,102.81653,0.58080965,-7.258556,36.981575
1970-01-01 19:40:30,11999.196,132.77596,-261.83105,3.2999902,-6.3733172,37.475338
1970-01-01 19:40:31,12114.103,144.71112,7.3794847,-6.8502526,3.3392541,36.66378
1970-01-01 19:40:32,12025.466,144.34491,-82.146706,0.16007534,-13.31329,37.197765
1970-01-01 19:40:33,11980.355,132.43602,-143.15991,1.5703202,2.5269065,38.185417
1970-01-01 19:40:34,12077.74,150.90427,-239.06178,-1.9085991,3.035816,38.01806
1970-01-01 19:40:35,11935.357,148.56734,304.93643,-2.1219122,1.811464,38.446384
1970-01-01 19:40:36,12017.757,144.10176,-21.954475,7.338574,0.32681125,37.81687
1970-01-01 19:40:37,11976.368,141.63876,-62.249924,-0.53798366,-4.336091,37.165096
1970-01-01 19:40:38,11968.752,134.10266,-395.39194,0.095457055,-6.766482,37.90093
1970-01-01 19:40:39,12133.461,139.85066,-36.40665,-2.54198,-2.2351542,37.705093
1970-01-01 19:40:40,12051.867,143.34767,-273.48935,2.7669969,-4.9620185,38.66107
1970-01-01 19:40:41,11921.074,143.32547,243.39008,2.3373864,-12.120527,38.22394
1970-01-01 19:40:42,12017.811,140.03792,26.630516,-2.7862954,-3.6575012,38.202328
1970-01-01 19:40:43,12019.426,137.2295,-2.71388,4.6798983,11.77905,38.184696
1970-01-01 19:40:44,12073.787,137.82793,140.7113,-0.55868953,-1.5940002,37.330044
1970-01-01 19:40:45,12077.644,147.43607,-88.51428,1.9589566,25.925875,40.05182
1970-01-01 19:40:46,11903.04,143.28876,-78.50513,1.4394125,-5.5040646,40.696793
1970-01-01 19:40:47,11909.77,142.01369,-382.05774,2.8425522,10.08008,40.87359
1970-01-01 19:40:48,11858.519,141.59392,55.60658,-1.9177091,-13.545134,41.49039
1970-01-01 19:40:49,12106.702,147.37613,-71.988525,4.9590816,2.2316234,40.750767
1970-01-01 19:40:50,12008.855,133.37492,257.87073,8.506248,-1.7966248,40.275547
1970-01-01 19:40:51,12023.711,138.39664,-246.45667,1.7353044,13.703447,38.97893
1970-01-01 19:40:52,11831.343,137.2339,-242.42201,-0.29229045,13.4466915,39.204765
1970-01-01 19:40:53,12083.22,141.24004,-93.48044,4.20205,12.727226,40.051826
1970-01-01 19:40:54,11922.282,144.39584,109.34398,9.633683,6.6992254,39.07799
1970-01-01 19:40:55,12163.659,143.49794,159.61414,6.1779037,-1.4446487,38.678696
1970-01-01 19:40:56,11929.296,150.43588,-79.975624,1.908144,-0.67438453,38.587666
1970-01-01 19:40:57,11891.299,138.85184,-118.84058,-2.3315637,14.036784,39.117935
1970-01-01 19:40:58,11956.311,140.46736,69.003975,4.503948,13.9271,38.657
1970-01-01 19:40:59,12073.314,138.06429,-189.10797,4.14461,6.493622,39.24903
1970-01-01 19:41:00,11934.132,144.03893,328.72305,-1.4487878,-10.156925,40.04777
1970-01-01 19:41:01,12063.569,140.01945,-142.8254,1.7936457,5.9567256,40.983055
1970-01-01 19:41:02,11982.569,140.46492,160.0657,-1.5710142,8.876069,39.771885
1970-01-01 19:41:03,11982.717,148.23492,15.625372,3.3425982,11.490707,39.50108
1970-01-01 19:41:04,12053.803,141.56964,225.7763,-0.3077502,-17.601412,39.863045
1970-01-01 19:41:05,11951.775,149.1893,-90.79479,3.2256885,-4.5581326,41.681362
1970-01-01 19:41:06,12044.737,146.64337,43.649883,-1.7014332,-7.4657288,41.203243
1970-01-01 19:41:07,11981.319,139.58763,148.57396,0.18478973,-9.219355,42.082817
1970-01-01 19:41:08,11808.578,145.4012,-447.60132,5.60153,13.905684,42.34799
1970-01-01 19:41:09,12042.01,143.64561,-19.114082,1.6579852,13.097239,43.304054
1970-01-01 19:41:10,12024.979,149.36469,84.54284,0.29270396,2.6938016,43.130733
1970-01-01 19:41:11,12054.185,140.19446,142.90915,5.228253,9.680893,44.104313
1970-01-01 19:41:12,12053.944,152.55467,378.10526,9.932153,-14.91253,43.80098
1970-01-01 19:41:13,11790.757,152.80519,-4.5456147,-0.4644087,7.5386515,44.677303
1970-01-01 19:41:14,12036.111,142.01881,-33.46264,1.4212646,-2.1392484,45.73017
1970-01-01 19:41:15,12068.783,146.89131,12.418729,1.4475181,11.292885,47.064747
1970-01-01 19:41:16,12031.682,150.8607,-351.96844,2.4203959,16.478437,45.394722
1970-01-01 19:41:17,12088.572,144.70038,-139.48653,2.89635,-6.831521,46.156223
1970-01-01 19:41:18,12039.416,133.3277,113.54515,-0.01841744,-10.187458,47.326077
1970-01-01 19:41:19,11932.911,146.04274,106.54192,-1.1505919,1.6805564,48.15113
1970-01-01 19:41:20,12071.73,137.6834,88.48161,0.22503902,1.3415567,48.24313
1970-01-01 19:41:21,11926.991,148.23918,-355.04346,4.3474364,8.2460785,49.43166
1970-01-01 19:41:22,,145.11742,-361.26468,-1.0749708,9.63604,48.22467
1970-01-01 19:41:23,12006.27,139.08641,53.474583,0.6869984,-3.4250019,49.004826
1970-01-01 19:41:24,12033.728,142.62445,-200.19868,9.774098,8.060525,49.509205
1970-01-01 19:41:25,12085.087,142.3787,242.30832,3.2575586,-10.305846,50.379852
1970-01-01 19:41:26,12024.185,144.38077,136.10909,6.1308336,-9.074173,51.76607
1970-01-01 19:41:27,11965.013,142.31387,125.657196,-1.0395491,10.743406,52.346336
1970-01-01 19:41:28,11959.178,140.79251,-71.65546,-0.59805876,-15.575558,53.062057
1970-01-01 19:41:29,12025.943,138.47803,-45.941128,6.676553,-18.154226,53.552586
1970-01-01 19:41:30,12118.123,146.6296,302.38098,2.8090842,-14.767668,54.22961
1970-01-01 19:41:31,12031.8125,141.72319,33.383133,,19.449873,55.6025
1970-01-01 19:41:32,11932.3545,144.48032,-163.37933,3.0821195,-11.2903,57.149204
1970-01-01 19:41:33,11936.692,150.04735,-181.8615,3.289387,20.860405,58.153976
1970-01-01 19:41:34,12181.194,140.53435,83.19683,6.9389944,15.769774,58.89526
1970-01-01 19:41:35,12138.991,140.77612,405.681,3.0495431,3.5147653,58.741512
1970-01-01 19:41:36,11981.17,148.97566,-104.872025,7.6125026,10.8345785,58.239845
1970-01-01 19:41:37,11979.061,144.14664,197.77602,1.5841314,-8.527393,58.88774
1970-01-01 19:41:38,12012.148,139.8962,511.50314,2.2805283,-3.496423,58.010082
1970-01-01 19:41:39,11973.149,148.08638,-4.2097325,8.062574,-0.513374,57.98767
1970-01-01 19:41:40,11986.68,144.46118,105.501976,4.6189885,0.6182788,58.687157
1970-01-01 19:41:41,11958.084,145.3727,290.91333,4.4374247,2.064625,58.16016
1970-01-01 19:41:42,11912.87,146.1929,159.14536,0.6238404,5.001841,58.163548
1970-01-01 19:41:43,11893.471,145.96426,-43.94037,,0.59491366,56.61186
1970-01-01 19:41:44,12052.492,146.58136,48.043297,-3.930614,-9.038626,56.62505
1970-01-01 19:41:45,12060.46,142.26909,137.15965,3.8244898,6.989548,56.923893
1970-01-01 19:41:46,11946.327,142.96114,-228.75766,2.5311491,-8.385082,56.96678
1970-01-01 19:41:47,11961.351,140.26689,127.56701,-1.1486175,12.5658045,57.651577
1970-01-01 19:41:48,11904.592,143.4992,112.7934,2.2408352,-5.6999936,56.69445
1970-01-01 19:41:49,12132.588,145.59589,88.42927,-1.2761246,11.278217,56.260593
1970-01-01 19:41:50,11974.794,143.09319,196.54353,2.6480093,4.688054,57.2133
1970-01-01 19:41:51,12000.507,148.3773,161.05185,0.9037592,1.4711871,59.011147
1970-01-01 19:41:52,11868.743,149.94185,-155.21713,7.791085,4.2601357,57.769505
1970-01-01 19:41:53,11999.046,141.37909,-275.68106,0.8206614,-8.143267,57.72288
1970-01-01 19:41:54,11925.028,145.18362,393.02472,0.6467256,6.60728,58.143772
1970-01-01 19:41:55,11972.752,145.72412,389.7321,2.6967657,-3.0979228,58.915916
1970-01-01 19:41:56,12163.227,138.57199,-96.0727,5.900939,3.48526,60.406513
1970-01-01 19:41:57,11943.067,146.65974,-13.986563,-3.0188882,10.876843,62.103035
1970-01-01 19:41:58,12010.631,143.42242,77.76478,4.8908105,2.0488653,62.918247
1970-01-01 19:41:59,12210.634,147.09033,-575.70514,3.2086458,-2.9429123,62.895042
1970-01-01 19:42:00,12008.083,150.88339,-12.813056,1.5015222,15.805763,62.60916
1970-01-01 19:42:01,11990.762,141.45454,-344.80936,1.315338,7.1467476,62.033802
1970-01-01 19:42:02,11958.697,142.89214,-155.7136,-1.0104058,10.381653,62.051796
1970-01-01 19:42:03,11916.095,151.29114,234.25583,4.9775267,-4.912158,60.585464
1970-01-01 19:42:04,11979.087,146.28743,337.93167,6.368646,-3.0132463,61.97631
1970-01-01 19:42:05,12038.342,147.48386,-321.97354,-0.0052957027,-6.0657954,62.410316
1970-01-01 19:42:06,11793.654,140.3461,14.394131,5.3794265,-3.3724444,61.69318
1970-01-01 19:42:07,12090.82,145.70474,-234.15912,-2.4969418,12.9414,62.94064
1970-01-01 19:42:08,11977.464,147.8151,-446.0399,2.0730155,7.1783776,62.119415
1970-01-01 19:42:09,11943.734,146.82526,-464.17236,1.5735866,-15.8750305,61.32729
1970-01-01 19:42:10,11882.997,148.47357,-110.59883,-0.4492372,1.4194182,60.715614
1970-01-01 19:42:11,12163.035,149.79884,-50.492447,4.1145625,11.156949,60.3422
1970-01-01 19:42:12,12005.471,146.00288,-210.4224,-3.2020576,0.45548782,60.10901
1970-01-01 19:42:13,11997.608,149.0971,-71.31239,-1.4501545,-6.303868,60.21089
1970-01-01 19:42:14,12007.572,143.508,113.488594,2.125722,-9.869603,62.223797
1970-01-01 19:42:15,12079.4375,140.49092,422.8046,-0.5058324,12.63072,63.499737
1970-01-01 19:42:16,11843.331,148.72157,-123.257935,-1.3506247,12.053939,64.2296
1970-01-01 19:42:17,12084.949,145.14783,79.754425,3.6159365,3.4995306,65.92104
1970-01-01 19:42:18,12023.76,141.80464,-12.999159,3.724822,-8.058203,66.94159
1970-01-01 19:42:19,11859.421,147.25847,363.6765,6.185614,-8.693849,67.896935
1970-01-01 19:42:20,12029.701,148.1198,54.659973,4.130601,0.058352053,66.401436
1970-01-01 19:42:21,12032.52,145.01344,12.248551,2.1357667,-18.301687,65.071365
1970-01-01 19:42:22,12112.215,151.70633,36.80092,3.4784906,-2.4467895,64.505775
1970-01-01 19:42:23,12106.384,151.45102,-292.31342,0.54707354,-8.939946,62.978542
1970-01-01 19:42:24,12074.405,144.11565,-125.462715,0.74930835,4.216446,64.139465
1970-01-01 19:42:25,12118.094,143.35603,112.2162,6.0043464,-10.2383175,62.927746
1970-01-01 19:42:26,12085.369,149.93437,-214.69989,3.8212647,-21.359129,63.671803
1970-01-01 19:42:27,11955.708,143.97206,-294.88745,4.9570704,6.3996577,63.43615
1970-01-01 19:42:28,11968.62,148.08969,-207.45049,-2.8063858,8.25114,63.32501
1970-01-01 19:42:29,11930.5205,153.73578,98.195435,1.0494059,-14.842339,63.063168
1970-01-01 19:42:30,11917.785,146.9647,373.7434,7.4200644,4.446072,64.14391
1970-01-01 19:42:31,12111.81,144.34767,-2.4622626,2.6598568,4.38949,64.49753
1970-01-01 19:42:32,12043.361,148.21762,-100.07968,0.2545653,-7.3682895,63.291534
1970-01-01 19:42:33,12022.062,155.24011,303.66626,-0.67560315,4.344536,63.437584
1970-01-01 19:42:34,12074.646,152.73183,195.07912,-9.885595,-1.3370707,62.0606
1970-01-01 19:42:35,12040.642,156.17358,-64.126884,0.058991317,-10.450694,63.12264
1970-01-01 19:42:36,12074.896,149.86798,90.113335,3.923328,13.614593,62.93489
1970-01-01 19:42:37,11835.101,154.84535,-148.25792,3.4086251,,62.382538
1970-01-01 19:42:38,12089.291,152.31737,-490.18646,-0.13084778,-21.746157,60.956577
1970-01-01 19:42:39,12003.618,146.19223,166.57475,0.7851516,-0.1538685,60.40644
1970-01-01 19:42:40,11894.725,142.49484,262.416,-0.7654172,-20.297325,59.565323
1970-01-01 19:42:41,11988.751,141.93298,-177.82101,1.412523,-10.779112,57.75393
1970-01-01 19:42:42,11909.551,145.65459,387.99045,2.4160187,-0.6709613,58.74411
1970-01-01 19:42:43,12080.516,152.9896,-93.97799,2.6041226,-15.891178,58.77291
1970-01-01 19:42:44,11958.986,145.19388,-168.84296,4.2352614,-1.2520946,58.419025
1970-01-01 19:42:45,11946.831,143.57852,148.18805,5.549549,5.9179516,58.12054
1970-01-01 19:42:46,11899.45,152.97562,-27.27156,0.83007306,-2.8915079,59.503075
1970-01-01 19:42:47,11988.545,150.86916,-236.04845,5.4283915,-4.789229,61.852577
1970-01-01 19:42:48,12032.0205,147.78934,-26.4391,-2.448535,8.669465,62.903633
1970-01-01 19:42:49,11968.981,144.68034,114.64603,0.91726744,-13.665976,62.54457
1970-01-01 19:42:50,12093.234,143.27951,-21.047758,6.412988,-1.1714501,63.10377
1970-01-01 19:42:51,11978.347,144.69238,-39.887104,3.0702841,4.89997,61.520218
1970-01-01 19:42:52,12080.826,150.63518,-223.12386,1.5327699,7.9198804,63.24931
1970-01-01 19:42:53,12040.403,147.53676,214.43091,3.0258288,-3.544128,62.982758
1970-01-01 19:42:54,11973.75,149.3754,-46.214977,-0.37541637,2.6338294,62.692917
1970-01-01 19:42:55,12028.721,144.37332,149.02286,-1.889185,15.48311,63.601116
1970-01-01 19:42:56,11936.875,145.8654,-99.15447,2.33568,11.536834,65.13607
1970-01-01 19:42:57,12061.514,147.82994,-313.54587,1.1002132,3.5137856,64.18914
1970-01-01 19:42:58,11956.647,149.48355,1.817352,2.8207138,-2.4477692,63.70748
1970-01-01 19:42:59,12015.162,145.4178,142.88496,5.2124405,10.025556,63.131523
1970-01-01 19:43:00,11946.922,149.79034,-208.56349,2.6802883,14.302741,63.364613
1970-01-01 19:43:01,12141.703,140.75203,44.36747,3.0339363,-33.086704,63.89355
1970-01-01 19:43:02,11998.739,144.94197,159.22722,5.249403,23.290764,63.97352
1970-01-01 19:43:03,12097.371,146.6006,247.92773,0.89832115,-2.1148984,61.66566
1970-01-01 19:43:04,12035.385,145.37431,-269.73163,0.16054395,-18.876276,60.73693
1970-01-01 19:43:05,11983.753,151.67793,-90.21648,-1.835461,-3.5152872,62.424004
1970-01-01 19:43:06,11967.403,142.60359,292.2859,2.81965,-7.167923,61.404
1970-01-01 19:43:07,11982.446,152.42288,248.38705,-2.0549803,0.072604686,60.541897
1970-01-01 19:43:08,12033.513,146.4244,-159.40788,1.2548804,7.2578144,59.820843
1970-01-01 19:43:09,11904.099,145.27853,250.51065,3.0918694,-2.8154893,61.595875
1970-01-01 19:43:10,12138.653,153.12737,-59.814457,-0.71238136,-9.713574,61.169685
1970-01-01 19:43:11,12041.691,148.46565,-103.872986,10.568448,4.1265283,59.90145
1970-01-01 19:43:12,12159.769,146.97977,-90.64817,2.585015,-0.60686606,58.860924
1970-01-01 19:43:13,12047.412,159.10944,-0.44021383,1.2184943,12.8614645,58.758945
1970-01-01 19:43:14,11994.457,149.009,-112.73893,3.095544,-4.4292784,58.224567
1970-01-01 19:43:15,11952.329,148.26163,-60.93602,0.9415531,2.4110663,59.11009
1970-01-01 19:43:16,12015.098,149.17558,-53.936302,6.2423987,3.5685694,59.827892
1970-01-01 19:43:17,12273.95,151.0109,-166.631,1.4042199,-3.8057685,58.88714
1970-01-01 19:43:18,11921.28,146.98473,124.85886,3.5120053,8.984284,58.66394
1970-01-01 19:43:19,12017.575,152.78241,-4.578454,1.7004496,-9.222608,59.81891
1970-01-01 19:43:20,11898.273,148.9994,264.7976,1.4754591,-17.205616,61.140343
1970-01-01 19:43:21,12039.894,146.04369,141.54271,3.0322607,-5.40076,61.303383
1970-01-01 19:43:22,12000.297,153.83272,-190.52776,3.6796503,-0.87618405,61.37872
1970-01-01 19:43:23,11922.832,,19.7377,1.3176562,17.912802,62.225628
1970-01-01 19:43:24,12022.202,148.82478,-91.729515,1.6921976,-0.8022403,63.675987
1970-01-01 19:43:25,11964.327,153.87083,51.936333,-1.3812144,-2.1153367,65.21631
1970-01-01 19:43:26,12061.475,150.51869,-302.3603,-2.676073,-11.950252,65.142044
1970-01-01 19:43:27,11956.048,150.13747,294.74408,2.1969342,-3.15179,65.82463
1970-01-01 19:43:28,11934.004,156.05228,102.701744,2.2170258,0.16600509,65.84822
1970-01-01 19:43:29,11989.654,147.92435,-233.22818,-5.7494726,5.6643806,65.96649
1970-01-01 19:43:30,12036.192,148.76393,-166.38075,4.27223,11.299714,66.03889
1970-01-01 19:43:31,11992.736,149.88094,30.599213,3.5237162,-11.14547,66.38356
1970-01-01 19:43:32,11926.291,142.52882,-585.7568,2.379719,9.387914,65.513916
1970-01-01 19:43:33,11996.165,148.04138,-5.1380024,-0.72069126,7.6427884,65.1134
1970-01-01 19:43:34,11957.732,147.49365,273.85117,6.57031,-8.520173,66.09904
1970-01-01 19:43:35,11928.8545,145.4945,333.97012,-0.41644266,-14.379438,66.767235
1970-01-01 19:43:36,12025.357,148.73964,,-4.366374,-16.01299,65.85527
1970-01-01 19:43:37,11959.064,147.84625,-122.276405,4.324666,26.805521,68.08742
1970-01-01 19:43:38,12100.548,150.78773,262.38812,-0.87167853,-12.920795,66.73343
1970-01-01 19:43:39,11936.92,150.46617,-89.88962,-1.8623714,2.672025,65.4649
1970-01-01 19:43:40,11965.453,154.33733,-242.32193,-2.8143766,0.6843436,65.177986
1970-01-01 19:43:41,11882.819,151.78745,193.01956,-0.105331734,11.296862,65.3284
1970-01-01 19:43:42,11922.018,142.37471,-119.0826,3.2292712,6.6426706,66.909454
1970-01-01 19:43:43,11983.823,151.48119,-39.04855,2.1895826,11.300777,66.566795
1970-01-01 19:43:44,12052.114,147.45056,319.62958,4.1980014,-9.120362,64.401085
1970-01-01 19:43:45,11871.462,146.20447,-76.80027,5.6633034,1.3218031,63.563095
1970-01-01 19:43:46,11990.702,145.41206,140.58739,7.4588733,-7.6210046,65.71893
1970-01-01 19:43:47,11911.361,146.47221,-27.957983,4.5663433,3.2508523,65.66982
1970-01-01 19:43:48,12003.465,150.29213,-219.8582,-3.73547,-1.5342928,65.14982
1970-01-01 19:43:49,11938.085,146.99976,163.3603,0.2811649,-3.470073,66.99273
1970-01-01 19:43:50,12047.094,148.92082,-70.41122,4.825833,2.6568205,66.9608
1970-01-01 19:43:51,12032.698,150.29417,224.80623,1.1681443,15.725241,68.28555
1970-01-01 19:43:52,,143.50635,123.220245,3.7942448,-1.271736,69.518486
1970-01-01 19:43:53,11956.863,146.73656,-168.09314,2.7052703,-1.8914844,71.02708
1970-01-01 19:43:54,12025.424,149.98811,156.75072,4.2534914,-19.850624,71.49716
1970-01-01 19:43:55,11987.898,146.18784,118.35235,3.1223214,-7.644224,71.87412
1970-01-01 19:43:56,11947.783,150.14577,177.30894,2.6476333,3.5498536,72.84227
1970-01-01 19:43:57,12029.255,145.3344,-33.28824,7.897211,5.625428,72.50769
1970-01-01 19:43:58,12166.426,152.25311,-12.425966,1.8234664,13.887621,74.27645
1970-01-01 19:43:59,11867.485,151.47739,-342.46884,-0.036369648,-2.2291732,75.31608
1970-01-01 19:44:00,12020.27,152.28226,-47.875538,2.256088,-4.0855494,74.865
1970-01-01 19:44:01,11966.127,150.61392,351.8609,1.773238,8.210423,73.47837
1970-01-01 19:44:02,12021.072,156.21118,149.16402,0.33036286,9.553894,71.69829
1970-01-01 19:44:03,11834.289,143.03828,22.11808,5.839036,-14.42826,71.79404
1970-01-01 19:44:04,11984.002,145.74132,-87.7261,1.1336328,-2.4425302,71.22655
1970-01-01 19:44:05,11925.926,,340.12964,1.7536945,16.033506,70.599045
1970-01-01 19:44:06,11921.877,152.54915,-506.74023,6.459646,-6.1971083,70.0328
1970-01-01 19:44:07,11982.111,151.69029,-386.5803,2.4547167,9.579011,70.58075
1970-01-01 19:44:08,11955.832,146.10936,166.19641,4.312871,8.181144,72.007355
1970-01-01 19:44:09,12074.368,152.71353,-101.20049,0.43423444,-15.437367,73.8266
1970-01-01 19:44:10,12108.389,146.29425,-106.23774,2.2395294,11.461053,74.51327
1970-01-01 19:44:11,11831.964,147.52362,487.32852,0.03772119,,74.57224
1970-01-01 19:44:12,12132.757,152.4627,-284.52582,0.15754563,17.36097,73.89203
1970-01-01 19:44:13,11853.97,148.82774,-161.7674,2.2165716,3.220636,74.17572
1970-01-01 19:44:14,11954.652,151.5262,63.59883,-2.526582,-25.071363,74.6739
1970-01-01 19:44:15,12122.931,143.541,1.7145798,0.89421135,1.79226,75.217
1970-01-01 19:44:16,11834.854,149.5917,-277.25842,5.8900113,5.918173,75.88842
1970-01-01 19:44:17,11912.834,156.8307,239.10666,-1.1599168,-10.798634,76.727554
1970-01-01 19:44:18,12105.62,151.6548,-99.18184,0.8733146,10.242048,76.28634
1970-01-01 19:44:19,12151.364,143.70673,-257.07095,-3.9640734,2.8377495,76.95816
1970-01-01 19:44:20,11993.794,149.26186,138.15172,6.0944204,0.8635289,76.025345
1970-01-01 19:44:21,11906.433,149.78755,-20.687105,-1.9786563,-11.905729,76.47019
1970-01-01 19:44:22,11971.369,144.83035,273.14987,3.4066765,18.01312,75.43293
1970-01-01 19:44:23,11891.602,154.51802,-881.3386,0.66434646,-2.0626953,75.4425
1970-01-01 19:44:24,12038.096,147.07664,-614.6946,4.224459,-31.282768,74.35538
1970-01-01 19:44:25,11954.86,152.04138,-881.5345,-2.752543,-12.3272085,75.76004
1970-01-01 19:44:26,11901.429,153.64351,-329.39862,-4.4744463,-4.2804484,76.14717
1970-01-01 19:44:27,11936.896,152.6896,-880.9373,4.858875,-1.6906791,75.43704
1970-01-01 19:44:28,11813.871,154.41298,-1167.5902,1.2448012,-10.958332,74.41704
1970-01-01 19:44:29,11744.94,156.30249,-603.5681,0.7935828,25.657804,74.52352
1970-01-01 19:44:30,11797.428,149.88844,-1094.551,-2.6878743,4.3902874,74.442116
1970-01-01 19:44:31,11830.582,151.87184,-641.82965,1.1604067,-3.1889112,74.47401
1970-01-01 19:44:32,11969.752,146.0237,-870.10455,2.822031,8.745833,74.795166
1970-01-01 19:44:33,11938.912,158.03947,-872.9216,-0.7364144,-5.2750244,74.44374
1970-01-01 19:44:34,11717.055,150.29329,-787.6248,0.32785752,-1.0289688,75.260826
1970-01-01 19:44:35,11744.517,151.3943,-731.77435,5.9776387,13.307872,76.4498
1970-01-01 19:44:36,11565.044,160.02667,-1077.0984,-0.105060466,-3.8127403,78.25419
1970-01-01 19:44:37,11716.157,154.4788,-433.4885,7.187623,17.712444,78.58241
1970-01-01 19:44:38,11588.713,149.16052,-1060.3622,2.6669488,-6.293601,78.955536
1970-01-01 19:44:39,11721.357,152.79727,-738.4554,4.6866393,-1.5214688,78.12972
1970-01-01 19:44:40,11693.674,148.22581,-1043.462,3.2146995,2.295548,78.64517
1970-01-01 19:44:41,11627.729,147.84406,-675.0644,-0.15014496,-2.3020616,78.792076
1970-01-01 19:44:42,11637.443,151.76831,-886.2685,-4.9348917,1.7118107,78.4791
1970-01-01 19:44:43,11429.909,153.96245,-988.4529,-0.5993155,-5.1074004,78.412865
1970-01-01 19:44:44,11489.492,147.74576,-611.3274,3.52929,-9.015675,78.52423
1970-01-01 19:44:45,11567.581,154.887,-1230.0529,-0.5062501,-5.5922327,77.84717
1970-01-01 19:44:46,11588.816,154.69739,-704.65576,-0.80386734,-5.612202,77.6902
1970-01-01 19:44:47,11478.598,,-755.4174,2.4170518,-7.9447308,77.116585
1970-01-01 19:44:48,11464.253,152.67026,-437.56116,1.7948527,2.5987375,76.60501
1970-01-01 19:44:49,11493.904,151.37111,-526.3577,3.0338318,5.772511,76.638145
1970-01-01 19:44:50,11504.925,154.51712,-840.0795,-1.2987711,6.926892,76.57753
1970-01-01 19:44:51,11335.0,148.12892,-784.43286,3.1129284,-1.2791479,76.786255
1970-01-01 19:44:52,11297.458,153.89706,-1189.309,1.7932673,8.016141,75.904526
1970-01-01 19:44:53,11449.135,150.43028,-645.20966,3.7038853,6.770871,75.71043
1970-01-01 19:44:54,11397.923,150.28247,-706.5326,3.4841638,-15.488525,74.96429
1970-01-01 19:44:55,11343.544,155.18694,-864.8338,1.7765524,1.7366695,74.33004
1970-01-01 19:44:56,11363.119,152.53258,-681.9187,-0.33897933,-1.2896035,76.13056
1970-01-01 19:44:57,11313.134,153.59042,-772.6865,3.3161676,-3.2838674,75.49742
1970-01-01 19:44:58,11198.29,144.86505,-537.41565,0.13527805,-18.964254,77.541046
1970-01-01 19:44:59,11235.533,146.17073,-851.4889,3.938343,-0.121418245,77.97096
1970-01-01 19:45:00,11251.901,154.22621,-576.59094,4.2347064,-5.3048296,80.08654
1970-01-01 19:45:01,11241.424,153.92227,-843.883,0.5193924,-5.8634167,79.32959
1970-01-01 19:45:02,11164.62,152.40839,-836.21484,1.0409502,7.2775702,78.94642
1970-01-01 19:45:03,11092.995,151.95511,-814.88043,,-3.7243996,76.97894
1970-01-01 19:45:04,11152.743,150.02046,-418.84412,2.9466877,-3.5416803,79.50848
1970-01-01 19:45:05,11164.977,151.77867,-576.16327,-1.6466715,4.698974,80.14331
1970-01-01 19:45:06,11082.159,150.49277,-977.46313,3.442467,9.077543,79.38961
1970-01-01 19:45:07,11080.107,154.69093,-1063.8784,6.650987,-1.5817735,78.71021
1970-01-01 19:45:08,10965.307,153.99341,-881.29755,0.6331646,14.775937,77.790764
1970-01-01 19:45:09,11158.495,157.8555,-497.22778,5.194583,-8.655039,78.48882
1970-01-01 19:45:10,11001.027,156.93695,-794.5133,-2.6819117,4.302896,78.48507
1970-01-01 19:45:11,11014.049,149.05534,-721.8921,-2.2058775,-1.8461095,78.55005
1970-01-01 19:45:12,11049.56,151.38121,-1060.6805,1.9755411,17.73103,79.51944
1970-01-01 19:45:13,11059.04,154.83173,-990.8648,5.240374,16.900188,79.500824
1970-01-01 19:45:14,11041.52,157.2693,-910.1024,-4.0550475,5.105036,81.29247
1970-01-01 19:45:15,10971.677,147.56311,-815.667,7.435141,1.6007371,81.54848
1970-01-01 19:45:16,10841.896,154.78525,-1078.215,,10.35298,82.6261
1970-01-01 19:45:17,10736.446,158.75453,-957.32446,6.9592667,-17.353905,82.468414
1970-01-01 19:45:18,10990.396,154.55507,-794.1518,-0.29332402,8.080165,82.287
1970-01-01 19:45:19,10843.114,155.54044,-895.28613,-0.12952247,-4.059933,81.82035
1970-01-01 19:45:20,10873.021,146.38182,-676.62683,2.9311543,-1.0085154,81.67656
1970-01-01 19:45:21,10801.926,157.36032,-1252.8186,2.5815363,-12.569586,81.37955
1970-01-01 19:45:22,10813.682,154.48364,-762.0627,4.8239727,2.9040778,79.37278
1970-01-01 19:45:23,10717.298,153.6934,-767.3821,-0.3039285,4.5342436,79.47149
1970-01-01 19:45:24,10692.37,153.46626,-655.8963,0.56888694,-4.676984,80.74555
1970-01-01 19:45:25,10810.223,151.52957,-541.04675,0.0127253905,-2.5879383,79.963
1970-01-01 19:45:26,10565.544,153.02469,-1003.1937,1.3962114,13.019792,80.031746
1970-01-01 19:45:27,10653.751,153.79086,-824.84326,1.6745547,14.415719,78.969795
1970-01-01 19:45:28,10830.889,153.86555,-1096.0027,-1.3083917,8.964204,78.15006
1970-01-01 19:45:29,10585.389,159.48206,-920.97253,2.9499862,10.415495,78.91895
1970-01-01 19:45:30,10570.577,150.04448,-828.48456,-2.1395428,-6.2395773,78.7774
1970-01-01 19:45:31,10571.785,154.54636,-832.4529,3.8732016,-16.149948,81.47146
1970-01-01 19:45:32,10526.326,152.98105,-478.0419,1.0927514,14.793279,81.5578
1970-01-01 19:45:33,10581.015,156.83241,-637.24115,3.05768,14.853726,81.232185
1970-01-01 19:45:34,10606.292,152.8637,-786.7718,4.4221816,6.3191137,81.39872
1970-01-01 19:45:35,10537.927,151.78604,-916.6578,-2.7798047,-8.422539,80.48864
1970-01-01 19:45:36,10450.05,154.27739,-1031.9811,-2.6865146,-12.460421,81.35813
1970-01-01 19:45:37,10511.907,152.38812,-859.5549,1.1714337,11.351025,81.998985
1970-01-01 19:45:38,10443.835,159.85513,-667.321,3.1430163,11.858732,82.72825
1970-01-01 19:45:39,10378.046,156.48772,-647.49243,-3.218611,-9.275403,80.481926
1970-01-01 19:45:40,10255.571,157.2862,-1215.2012,4.704041,5.270276,78.60845
1970-01-01 19:45:41,10338.423,157.66682,-903.97864,3.0810952,-6.0644813,76.34238
1970-01-01 19:45:42,10194.917,151.95427,-788.0446,-1.2527006,6.0908284,75.69371
1970-01-01 19:45:43,10410.394,145.2313,-1046.9321,4.722492,-13.98693,76.66355
1970-01-01 19:45:44,10289.837,147.62498,-862.4519,4.611101,7.7076583,75.41703
1970-01-01 19:45:45,10328.9,149.22687,-652.8764,12.377804,8.72278,73.32675
1970-01-01 19:45:46,10187.925,158.47531,-919.1645,0.54124683,16.677979,72.35805
1970-01-01 19:45:47,10199.185,156.45836,-1097.1974,4.1479235,2.1082103,72.3467
1970-01-01 19:45:48,10216.981,158.34894,-961.3294,6.844259,8.393208,73.47841
1970-01-01 19:45:49,,142.88205,-844.4677,-0.13279133,12.452461,73.18779
1970-01-01 19:45:50,10176.992,156.40114,-822.671,0.76930153,0.29801923,73.60286
1970-01-01 19:45:51,10350.68,151.97954,-679.28406,2.7677832,15.808279,74.90787
1970-01-01 19:45:52,10251.371,150.59508,-538.59186,-2.1813111,-17.250114,74.33623
1970-01-01 19:45:53,10185.507,147.7791,-569.70026,1.4886718,-2.5009732,73.92843
1970-01-01 19:45:54,10123.284,159.82698,-935.5211,3.6522422,11.149037,74.412766
1970-01-01 19:45:55,10033.017,153.12584,-788.1094,-3.444806,5.1000214,76.44751
1970-01-01 19:45:56,10084.489,159.95688,-674.2957,6.471115,12.8543825,77.40285
1970-01-01 19:45:57,10061.213,161.5248,-1176.6198,1.4669435,-0.2971435,76.2072
1970-01-01 19:45:58,9978.547,153.39061,-731.3077,-4.358091,9.710607,77.19986
1970-01-01 19:45:59,9973.441,157.78183,-763.0685,0.5520965,3.3644395,76.022
1970-01-01 19:46:00,10052.259,156.13176,-665.08887,0.8747956,-3.638195,74.8582
1970-01-01 19:46:01,9966.311,158.22885,-706.44684,0.44105425,-16.560976,75.68721
1970-01-01 19:46:02,9910.87,150.75685,-728.1896,1.2206904,14.665582,74.81287
1970-01-01 19:46:03,9736.167,156.3327,-899.63605,0.50378054,-10.715119,74.029366
1970-01-01 19:46:04,9831.834,154.80014,-923.18976,4.0844827,-8.3391905,73.91543
1970-01-01 19:46:05,9817.239,156.05014,-1003.3652,5.0956197,0.4659508,72.88947
1970-01-01 19:46:06,9793.297,146.69225,-946.6047,0.18895285,-4.8090734,72.74458
1970-01-01 19:46:07,9717.661,154.14984,-779.0411,3.9162996,-4.367883,72.75479
1970-01-01 19:46:08,9861.995,152.6731,-356.85504,6.655806,-0.9049447,72.81487
1970-01-01 19:46:09,9874.143,148.22076,-855.872,6.635543,-6.316858,74.07047
1970-01-01 19:46:10,9717.925,156.90576,-656.9251,2.7906735,-24.969496,73.179955
1970-01-01 19:46:11,9777.05,145.62967,-867.0915,9.305007,-7.0904174,72.74814
1970-01-01 19:46:12,9769.886,154.0409,-895.37695,4.231258,-3.9366379,73.33023
1970-01-01 19:46:13,9792.252,154.94466,-630.3683,4.2520595,3.0789278,73.63445
1970-01-01 19:46:14,9569.742,159.83647,-1044.8004,5.9673395,-6.3600707,74.33303
1970-01-01 19:46:15,9754.617,157.04291,-711.87976,4.000522,5.999914,75.86435
1970-01-01 19:46:16,9788.24,152.92496,-626.4482,-0.2778964,12.721376,77.20359
1970-01-01 19:46:17,9628.686,151.53644,-592.04236,-2.589824,-14.088167,78.030556
1970-01-01 19:46:18,9586.432,154.46933,-409.80945,3.1645544,9.009652,76.50311
1970-01-01 19:46:19,9596.496,155.26923,-800.0678,1.022968,-4.6742325,76.9804
1970-01-01 19:46:20,9570.898,152.81964,-609.4314,-1.0922027,2.3913095,77.37817
1970-01-01 19:46:21,9543.851,157.30653,-723.3333,2.2626228,-0.33114848,77.96359
1970-01-01 19:46:22,9455.378,,-714.65967,3.562248,-8.971903,77.41926
1970-01-01 19:46:23,9517.015,158.53851,-996.4357,-2.3875842,-7.8032064,77.49388
1970-01-01 19:46:24,9515.046,157.06152,-763.81464,-2.3957548,-9.885978,79.34021
1970-01-01 19:46:25,9351.725,155.88725,-724.9725,5.526626,1.4826587,80.73308
1970-01-01 19:46:26,9359.447,150.27925,-906.52527,-1.8323747,4.9037805,81.95517
1970-01-01 19:46:27,9382.72,156.74739,-709.91113,9.1241045,3.563182,80.59478
1970-01-01 19:46:28,9390.578,148.8488,-806.0505,-0.29606298,-0.5219635,81.78442
1970-01-01 19:46:29,9381.354,149.24333,-1071.3256,-3.585031,-0.6338862,81.95474
1970-01-01 19:46:30,9292.599,150.63295,-1057.4194,0.5555739,0.044467475,82.22652
1970-01-01 19:46:31,9285.277,152.42067,-756.02747,5.255229,-14.268843,81.275116
1970-01-01 19:46:32,9278.588,159.14241,-983.28656,2.3828182,-2.3580267,81.2934
1970-01-01 19:46:33,9468.876,150.48071,-1017.8282,6.9040437,-5.2341533,78.8844
1970-01-01 19:46:34,9400.224,161.98274,-948.40424,5.2666345,1.7469625,78.186966
1970-01-01 19:46:35,9171.739,158.08781,-557.2823,0.39505184,-7.9178667,78.13136
1970-01-01 19:46:36,9242.315,156.89104,-1214.9369,1.6580957,-21.88585,77.3108
1970-01-01 19:46:37,9140.909,155.98666,-930.28534,-1.7032514,7.143337,75.982475
1970-01-01 19:46:38,9164.382,157.48038,-846.74084,4.648168,-26.808289,75.46603
1970-01-01 19:46:39,9084.439,151.24953,-944.39124,1.2761515,11.505581,74.2981
1970-01-01 19:46:40,8880.784,150.91412,-1095.2172,4.2974477,2.8640475,73.948
1970-01-01 19:46:41,9164.462,153.28633,-929.4494,-4.4213576,-11.657656,76.231514
1970-01-01 19:46:42,9173.574,157.17062,-723.3293,-4.732259,-8.301742,75.620026
1970-01-01 19:46:43,9083.161,155.65094,-887.88806,0.5777107,11.626281,75.152306
1970-01-01 19:46:44,9086.154,148.65501,-1222.9318,0.46003443,-2.1695623,73.35263
1970-01-01 19:46:45,9077.83,153.52287,-751.2839,0.68120605,2.3224385,72.325424
1970-01-01 19:46:46,9015.079,151.83913,-1117.6653,5.5093703,-8.647331,73.2318
1970-01-01 19:46:47,9012.943,155.8968,-786.1541,-0.011297925,-4.4457526,74.64237
1970-01-01 19:46:48,9104.352,160.32797,-860.09296,4.8098955,0.1965228,74.45069
1970-01-01 19:46:49,8990.98,152.94115,-939.69324,7.43659,4.004411,74.85172
1970-01-01 19:46:50,8821.843,157.55466,-871.2882,3.228035,-10.412447,74.749344
1970-01-01 19:46:51,8962.182,148.48758,-905.2606,5.894644,2.8775055,74.38427
1970-01-01 19:46:52,8963.864,151.56332,-827.29144,5.0381765,-16.563133,74.43349
1970-01-01 19:46:53,8768.83,148.53488,-984.3346,4.209093,2.3243606,74.236115
1970-01-01 19:46:54,8911.594,158.44781,-1010.32806,4.1891017,5.153168,75.34305
1970-01-01 19:46:55,8869.297,154.22598,-822.6189,1.6946698,-1.3249537,76.74488
1970-01-01 19:46:56,8830.3955,156.62971,-639.8749,2.0509708,-8.508193,75.798965
1970-01-01 19:46:57,8839.7295,162.15276,-974.52856,1.9212494,-3.2767599,75.22445
1970-01-01 19:46:58,8717.838,151.14719,-962.70624,1.2656142,-9.991627,75.05496
1970-01-01 19:46:59,8614.339,152.32433,-1427.1016,5.1691666,12.82464,75.47035
1970-01-01 19:47:00,8789.078,160.79988,-809.79315,4.3407226,8.485928,73.006226
1970-01-01 19:47:01,8610.461,161.51152,-840.59625,0.4124999,21.247768,72.24719
1970-01-01 19:47:02,8713.882,158.21107,-859.2781,6.2968984,0.5292107,72.53041
1970-01-01 19:47:03,8634.41,157.22093,-295.53537,0.99062955,-2.1370544,73.7315
1970-01-01 19:47:04,8625.619,154.75015,-391.20093,-0.54086673,-1.2588533,72.11009
1970-01-01 19:47:05,8669.733,160.82446,,0.60644203,-10.846125,73.26619
1970-01-01 19:47:06,8739.01,156.65872,-993.04156,1.5045314,-8.9680605,74.8675
1970-01-01 19:47:07,8649.403,159.65225,-1210.753,3.173879,6.569196,76.053825
1970-01-01 19:47:08,8399.423,157.70052,-621.971,7.2514005,-3.6074839,77.305275
1970-01-01 19:47:09,8643.624,161.04474,-1075.7716,4.6492434,3.2692008,75.497025
1970-01-01 19:47:10,8528.859,160.24394,-816.1862,-0.39777642,0.9793885,74.22159
1970-01-01 19:47:11,8573.079,153.56361,-801.8177,3.824059,-26.361965,73.741776
1970-01-01 19:47:12,8444.672,155.3386,,4.8845906,-3.4549012,74.77207
1970-01-01 19:47:13,8516.014,156.29169,-579.1708,0.9249223,-7.2024665,74.99064
1970-01-01 19:47:14,8447.4795,154.24776,-771.8628,4.6371922,-0.68238086,75.89889
1970-01-01 19:47:15,8498.493,155.67169,-529.83636,3.4881194,-6.2840614,75.411415
1970-01-01 19:47:16,8394.163,161.91423,-919.1464,4.1865134,5.765915,75.46936
1970-01-01 19:47:17,8456.484,156.52225,-645.929,3.405139,-2.1575708,76.137856
1970-01-01 19:47:18,8335.063,153.7415,-738.5944,-0.58006144,-12.879928,76.6983
1970-01-01 19:47:19,8283.442,155.15198,-854.7036,-1.9710243,-7.088503,79.12372
1970-01-01 19:47:20,8316.009,154.00983,-907.5626,0.6155035,-5.083918,77.817924
1970-01-01 19:47:21,8259.049,150.74164,-510.29095,1.1087831,9.043134,76.035614
1970-01-01 19:47:22,8208.126,154.94286,-1054.0188,-0.06453789,7.921692,75.03796
1970-01-01 19:47:23,8279.158,154.85959,-1083.8201,2.1885867,-10.69146,73.49652
1970-01-01 19:47:24,8365.928,153.3475,-1372.4126,3.6429844,1.5253507,72.51927
1970-01-01 19:47:25,8201.237,158.99016,-552.56665,5.6199765,5.2742443,71.97582
1970-01-01 19:47:26,8254.425,152.03494,-815.79535,3.4276936,8.357176,72.80424
1970-01-01 19:47:27,8147.656,155.51788,-777.42975,-5.744728,-6.496798,71.49012
1970-01-01 19:47:28,8121.8984,154.65544,-704.96295,2.543796,-9.534877,71.96858
1970-01-01 19:47:29,8138.7207,154.24806,-819.24725,2.021208,13.44531,70.44042
1970-01-01 19:47:30,8081.8296,154.29256,-793.8902,-4.503506,1.6138355,70.55811
1970-01-01 19:47:31,8007.7495,157.63821,-841.01434,-0.18210268,22.537323,72.01512
1970-01-01 19:47:32,8001.2715,158.47862,-223.19604,4.2115264,0.5716768,71.310486
1970-01-01 19:47:33,8047.677,154.8701,-864.1847,-0.7975792,-5.140799,71.630974
1970-01-01 19:47:34,7923.8125,164.14355,-553.71484,7.4318976,18.376852,73.31192
1970-01-01 19:47:35,8004.4,156.87779,-982.15625,-0.21894367,5.33404,73.797
1970-01-01 19:47:36,7933.1655,159.81891,-1225.5398,1.1581954,-6.094241,73.34149
1970-01-01 19:47:37,7913.9316,158.20132,-1028.2332,0.41945043,-3.6243417,73.22879
1970-01-01 19:47:38,8025.152,163.22983,-719.9301,-2.1733344,-0.6320682,72.05864
1970-01-01 19:47:39,7925.5273,157.9097,-892.35913,3.6763396,-19.27061,71.27676
1970-01-01 19:47:40,7869.5605,155.04216,-766.45526,2.2656415,-10.894146,72.94423
1970-01-01 19:47:41,7869.3506,158.96481,-686.27527,-5.3670883,-0.35049292,72.50585
1970-01-01 19:47:42,7784.2603,154.7995,-1239.7979,-3.295662,12.322463,72.27558
1970-01-01 19:47:43,7800.3545,154.82559,-685.4239,1.4106748,1.3747758,73.381096
1970-01-01 19:47:44,7888.0063,153.03822,-412.765,-3.0157475,-5.756973,72.24542
1970-01-01 19:47:45,7710.2544,155.94794,-757.391,1.9922286,-26.676561,70.15078
1970-01-01 19:47:46,7699.3364,154.33328,-810.27844,2.1893723,-7.3795934,70.83299
1970-01-01 19:47:47,7714.403,150.06454,-884.44904,0.090097256,-8.496664,70.03379
1970-01-01 19:47:48,7738.17,163.2559,-960.96954,0.3054865,12.937252,71.76449
1970-01-01 19:47:49,,157.1131,-986.3316,-2.9317017,-9.796085,70.95299
1970-01-01 19:47:50,7711.785,150.66966,-1101.9597,1.7671282,0.6428549,68.242645
1970-01-01 19:47:51,7521.0576,155.89137,-1096.5817,0.8169465,-6.255398,68.98067
1970-01-01 19:47:52,7665.1826,168.54094,-645.9957,-4.099352,-1.6963211,69.93378
1970-01-01 19:47:53,7611.4263,161.104,-1338.3451,0.34144866,4.563479,70.733185
1970-01-01 19:47:54,7604.964,152.64754,-821.668,2.8470216,-7.77209,70.81137
1970-01-01 19:47:55,7554.8604,159.6052,-817.4666,5.2675314,11.369793,70.95406
1970-01-01 19:47:56,7534.084,153.3487,-790.54205,0.5546056,10.017544,72.142746
1970-01-01 19:47:57,7519.4424,154.83598,-627.4605,1.8932385,6.8105707,72.33558
1970-01-01 19:47:58,7520.151,148.81044,-830.932,0.850821,5.22732,71.410904
1970-01-01 19:47:59,7504.5156,155.08257,-767.6061,4.1896124,-13.746311,71.472084
1970-01-01 19:48:00,7532.2285,154.82243,-501.0802,1.479134,2.1359265,71.73883
1970-01-01 19:48:01,7332.259,159.836,-706.8259,7.3730745,14.8088,71.62857
1970-01-01 19:48:02,7443.758,155.38264,-609.0232,3.1269834,23.578846,72.576965
1970-01-01 19:48:03,7389.6836,158.58382,-936.108,3.9337668,-1.1844962,72.86154
1970-01-01 19:48:04,7354.7812,165.54729,-488.71667,5.1203732,0.571716,71.54721
1970-01-01 19:48:05,7381.797,159.71687,-748.80554,-1.007458,9.366741,71.91015
1970-01-01 19:48:06,7372.5767,151.62016,-919.23676,1.6978475,-3.6842506,69.67669
1970-01-01 19:48:07,7317.1216,159.45337,-597.83215,-2.2632902,-8.592897,69.57408
1970-01-01 19:48:08,7404.1055,155.18176,-506.233,4.1095023,1.3612589,69.18379
1970-01-01 19:48:09,7278.065,159.85066,-578.88885,-3.9457128,-0.8084318,68.505585
1970-01-01 19:48:10,7258.2886,166.76244,-863.75446,0.0081113735,6.9761186,68.04893
1970-01-01 19:48:11,7310.156,153.94894,-1088.8065,-0.5010988,1.7901882,66.23001
1970-01-01 19:48:12,7331.0415,154.81856,-878.1205,3.9330733,10.338037,65.26162
1970-01-01 19:48:13,7305.234,158.53389,-443.99417,5.4173717,6.9580426,65.11559
1970-01-01 19:48:14,7155.1616,153.91318,-667.8955,0.48277628,-0.6171513,63.990925
1970-01-01 19:48:15,7131.607,154.72916,-843.3021,5.2399826,-13.630178,64.512535
1970-01-01 19:48:16,7131.439,158.88156,-844.4429,1.4885057,-8.030698,65.68067
1970-01-01 19:48:17,7268.407,158.55469,-772.6297,1.0211961,18.243237,64.82388
1970-01-01 19:48:18,7143.184,164.4892,-546.9225,-1.967163,8.112816,64.12078
1970-01-01 19:48:19,7013.0176,157.88148,-399.20444,2.2573156,1.5016502,63.445137
1970-01-01 19:48:20,7093.9985,158.18326,-1069.1588,-0.15333639,-6.5939083,61.951656
1970-01-01 19:48:21,6919.6074,159.05919,-631.3017,2.178042,4.4605803,61.739426
1970-01-01 19:48:22,7023.3696,159.30022,-473.10004,3.72302,-15.075414,59.44162
1970-01-01 19:48:23,6977.8193,157.96344,-576.22943,3.4537292,-7.4866495,59.490513
1970-01-01 19:48:24,6962.11,158.74141,-496.13458,-1.4833376,1.57627,58.44327
1970-01-01 19:48:25,6964.975,158.26765,-592.99457,1.9914625,-21.882124,59.204643
1970-01-01 19:48:26,6951.212,149.59831,-865.0169,-0.050088245,-4.556226,60.19375
1970-01-01 19:48:27,6836.0264,157.88745,-787.17725,5.262522,-2.354848,60.68237
1970-01-01 19:48:28,6970.65,166.8199,-1021.6382,4.6771927,2.646216,60.854294
1970-01-01 19:48:29,6911.142,154.92046,-598.30756,7.008078,0.79054004,60.527805
1970-01-01 19:48:30,6769.1904,147.37572,-1047.6063,1.5885329,-9.955521,61.36198
1970-01-01 19:48:31,6796.3154,161.65433,-791.4869,0.9680133,3.2257679,60.13873
1970-01-01 19:48:32,6793.703,156.99144,-727.4458,1.2337459,6.6953773,60.41844
1970-01-01 19:48:33,6900.767,156.54962,-1412.4059,0.7936189,-10.678391,60.280758
1970-01-01 19:48:34,6636.6157,155.24487,-909.07666,2.9745548,4.6054273,58.546978
1970-01-01 19:48:35,6750.8354,152.4387,-865.47125,3.4385133,7.5876145,58.051315
1970-01-01 19:48:36,6616.5103,153.2678,-1002.62146,0.47443303,-13.20497,58.523636
1970-01-01 19:48:37,6857.2085,158.39297,-1227.6334,2.4200337,2.0030165,58.34945
1970-01-01 19:48:38,6646.786,156.58926,-980.31805,13.07157,-16.805195,58.547493
1970-01-01 19:48:39,6706.342,158.5105,-1217.9316,0.15847155,3.7662983,57.46511
1970-01-01 19:48:40,6744.114,159.72482,-1011.32495,-0.960702,-9.317743,57.063854
1970-01-01 19:48:41,6682.592,151.12454,-1320.0988,-0.28219143,0.3055451,56.273483
1970-01-01 19:48:42,6583.523,161.91676,-914.6388,3.7511687,-1.3254977,57.681595
1970-01-01 19:48:43,6707.054,158.58202,-561.75354,3.4872608,-4.9465246,58.460182
1970-01-01 19:48:44,6552.7446,153.33624,-784.2884,-3.636816,-5.778204,55.979218
1970-01-01 19:48:45,6457.964,157.52135,-1017.7004,2.3954277,3.5488193,56.234024
1970-01-01 19:48:46,6577.838,160.42714,-972.6076,3.5312972,-7.8982687,57.28102
1970-01-01 19:48:47,6488.8486,156.03517,-998.8402,6.1268754,8.108425,56.22042
1970-01-01 19:48:48,6544.838,151.24902,-767.17834,2.3724291,10.851036,54.57911
1970-01-01 19:48:49,6629.355,157.37932,-1001.7314,0.28499332,12.950135,54.638493
1970-01-01 19:48:50,6438.365,155.57571,-747.2377,0.25010443,-16.267014,54.87116
1970-01-01 19:48:51,6374.4995,165.6852,-886.33813,3.3312852,12.56583,54.57315
1970-01-01 19:48:52,6384.012,158.59966,-504.84073,1.6848346,10.305199,54.697815
1970-01-01 19:48:53,6419.388,154.81291,-1227.6693,-2.2255356,2.6089113,55.85353
1970-01-01 19:48:54,6457.847,158.9292,-878.80597,1.2802719,-11.05443,54.75796
1970-01-01 19:48:55,6302.0103,154.70421,-1029.8528,1.3830469,1.1588237,56.273182
1970-01-01 19:48:56,6409.6094,161.45839,-707.2743,4.3109045,5.975748,57.29833
1970-01-01 19:48:57,6348.7417,155.40483,-573.0006,5.3803825,19.310377,56.022034
1970-01-01 19:48:58,6321.277,159.45488,-1215.5295,-2.2031147,-4.3741083,55.84246
1970-01-01 19:48:59,6166.11,158.17894,-1148.7344,3.0987782,15.610729,56.49597
1970-01-01 19:49:00,6317.2236,160.69551,-1179.9022,3.5025373,-12.557426,58.109844
1970-01-01 19:49:01,6181.976,155.85915,-867.84155,7.349121,-2.038107,58.72731
1970-01-01 19:49:02,6173.587,153.65466,-671.16364,3.4012017,-5.1909256,57.23032
1970-01-01 19:49:03,6271.5254,153.73083,-717.7443,6.3257656,11.8205385,56.895252
1970-01-01 19:49:04,6136.543,165.53682,-836.404,6.686619,-4.483922,55.92653
1970-01-01 19:49:05,6151.473,153.84772,-372.6552,-1.375574,2.8138378,56.19945
1970-01-01 19:49:06,6200.214,159.73674,-833.9827,-0.47812906,2.5972867,58.313587
1970-01-01 19:49:07,6226.886,150.59433,-609.786,5.3112335,-0.2969008,57.684483
1970-01-01 19:49:08,6112.9907,156.2318,-703.78644,2.8258052,7.272906,57.246834
1970-01-01 19:49:09,6130.2188,156.08813,-786.2014,7.251651,11.857724,57.560013
1970-01-01 19:49:10,6139.9277,162.20445,-577.47174,3.4228675,-1.9079176,56.634842
1970-01-01 19:49:11,6088.972,156.80042,-914.86096,5.3602,2.263945,56.766155
1970-01-01 19:49:12,6052.582,162.27904,-612.27313,2.6178904,7.654691,54.874004
1970-01-01 19:49:13,6159.3696,154.45045,-927.03186,1.615501,-3.9852347,54.893238
1970-01-01 19:49:14,5993.124,165.45737,-495.2058,1.5002906,-21.775246,55.501755
1970-01-01 19:49:15,6062.5293,161.11858,-764.43976,-6.791889,-1.6025147,55.381172
1970-01-01 19:49:16,5975.8916,158.68544,-964.9718,0.54072535,3.224378,55.79401
1970-01-01 19:49:17,5965.925,159.26758,-548.9442,-0.14308298,12.976505,55.00714
1970-01-01 19:49:18,6026.8105,158.30898,-783.0043,2.8124073,10.800865,54.36866
1970-01-01 19:49:19,5887.928,161.70123,-833.717,,-1.3790331,51.96753
1970-01-01 19:49:20,5921.4814,158.60898,-758.2865,6.552608,-3.710033,52.593124
1970-01-01 19:49:21,5938.8896,160.78528,-706.20166,-2.944879,-6.9801593,52.075264
1970-01-01 19:49:22,5857.4087,153.28325,-1343.2058,-0.7330451,-2.1220467,52.54683
1970-01-01 19:49:23,5874.2637,155.6662,-1098.7661,-0.7459403,-4.6798334,51.624146
1970-01-01 19:49:24,5718.7686,157.474,-499.43442,6.7067456,-4.1130967,48.707043
1970-01-01 19:49:25,5731.0225,149.62323,-636.2951,1.7061849,-7.0040855,47.51513
1970-01-01 19:49:26,5804.0728,156.62506,-712.6447,2.4562829,-9.592465,48.097
1970-01-01 19:49:27,5691.1177,149.86722,-934.9091,1.0571318,-18.493778,47.428932
1970-01-01 19:49:28,5596.9595,158.87323,-844.75183,8.402505,-12.444343,47.92395
1970-01-01 19:49:29,5739.3,160.15315,-177.94617,1.3529062,17.351515,47.028217
1970-01-01 19:49:30,5629.5166,157.11824,-840.6596,-2.4754045,-4.333491,47.66136
1970-01-01 19:49:31,5442.075,168.8616,-693.45667,6.223906,9.777258,49.300808
1970-01-01 19:49:32,5567.536,158.37465,-982.4592,-0.010765548,-4.422282,48.409515
1970-01-01 19:49:33,5690.808,154.8243,-779.7646,-3.2419014,4.612474,48.113087
1970-01-01 19:49:34,5524.0195,156.52861,-914.7619,3.8430886,2.8510137,49.132492
1970-01-01 19:49:35,5590.0986,153.51192,-841.7799,0.5885487,4.7617607,49.707077
1970-01-01 19:49:36,5474.892,159.3882,-843.66693,5.5425158,3.5167,47.615242
1970-01-01 19:49:37,5590.6987,159.70296,-1176.9052,0.31247148,27.55383,48.075684
1970-01-01 19:49:38,5496.695,163.72205,-1200.6143,4.099249,-1.5887812,48.493248
1970-01-01 19:49:39,5457.017,157.74422,-880.06323,4.4687967,-1.3882451,48.34407
1970-01-01 19:49:40,5490.4814,154.66202,-621.4348,4.1338286,-7.0300975,49.276047
1970-01-01 19:49:41,5346.416,159.20592,-845.7757,-1.0720133,1.4385704,49.59862
1970-01-01 19:49:42,5350.8657,153.65222,-673.0928,1.2471615,15.150371,49.83777
1970-01-01 19:49:43,5437.889,150.20084,-892.05176,3.718552,-11.174497,50.96056
1970-01-01 19:49:44,5367.6445,156.441,-571.9242,4.3181753,27.208809,50.480392
1970-01-01 19:49:45,5426.574,156.24994,-869.893,8.800517,2.2954526,50.886196
1970-01-01 19:49:46,5448.22,154.27945,-844.22565,4.227377,0.02115422,50.601032
1970-01-01 19:49:47,5216.3965,161.48947,-936.4734,-3.559803,5.6832156,50.34678
1970-01-01 19:49:48,5287.133,159.29878,-943.8711,1.0510406,8.504179,50.056866
1970-01-01 19:49:49,5231.176,164.76068,-894.01184,-3.3421817,5.556781,49.203194
1970-01-01 19:49:50,5344.0854,160.33698,-869.03595,0.7019677,9.27637,49.60068
1970-01-01 19:49:51,5169.329,155.86115,-813.4912,5.3097587,-1.9814951,49.83398
1970-01-01 19:49:52,5183.542,155.98949,-710.7251,0.3755613,6.6462455,51.41022
1970-01-01 19:49:53,5112.227,162.28316,-756.8966,-1.0408008,6.359219,52.33182
1970-01-01 19:49:54,5098.4814,159.34566,-572.2059,8.047583,-2.7024817,51.531696
1970-01-01 19:49:55,5062.525,150.21062,-877.99615,7.8304744,4.4559026,53.22754
1970-01-01 19:49:56,5097.52,156.6453,-1062.6022,3.5036,15.434309,52.957096
1970-01-01 19:49:57,5120.261,163.73996,-582.17255,-2.389261,-9.485001,54.253544
1970-01-01 19:49:58,4980.7563,153.09529,-945.13617,0.34164816,-11.764894,55.28355
1970-01-01 19:49:59,5010.9395,158.98795,-1123.9083,-0.2727271,-8.558273,54.219315
1970-01-01 19:50:00,4964.906,157.061,-919.6775,3.1997373,-3.4888854,54.82801
1970-01-01 19:50:01,5093.0776,152.21616,-899.12964,-0.010682451,-7.594596,55.93459
1970-01-01 19:50:02,4925.6147,157.34084,-551.1847,2.5735896,14.737436,55.132072
1970-01-01 19:50:03,5062.6177,163.24352,-783.7566,-1.4532644,8.111672,55.47124
1970-01-01 19:50:04,4896.834,160.34363,-680.17194,0.022134885,1.8803234,56.6429
1970-01-01 19:50:05,4859.437,154.62517,-1202.4274,-1.905564,-14.055725,56.534737
1970-01-01 19:50:06,4861.4814,160.34845,-502.97928,1.6519113,12.699299,56.318798
1970-01-01 19:50:07,4772.0312,161.75624,-804.52576,-0.96035415,14.111045,55.48352
1970-01-01 19:50:08,4804.205,159.37724,-890.05817,4.980222,11.644119,57.293713
1970-01-01 19:50:09,4950.8145,162.46504,-582.01575,4.3088193,-9.864502,58.500713
1970-01-01 19:50:10,4999.592,151.91763,-523.54297,2.5763695,-10.654122,58.682007
1970-01-01 19:50:11,4825.3906,161.09804,-977.4517,-4.9952435,-7.0228524,59.883923
1970-01-01 19:50:12,4759.6265,159.16281,-1085.3853,1.4712212,-2.578845,57.827457
1970-01-01 19:50:13,4740.339,156.02086,-1062.4749,1.5535598,,55.46486
1970-01-01 19:50:14,4743.0913,152.24037,-1083.0945,1.3881836,5.552729,55.162865
1970-01-01 19:50:15,4724.764,157.30508,-615.6499,0.22470666,4.922068,55.87829
1970-01-01 19:50:16,4623.27,151.92586,-1223.5258,1.7491124,31.549255,56.241062
1970-01-01 19:50:17,4789.993,160.7012,-617.1071,2.8591256,-6.0409503,57.34498
1970-01-01 19:50:18,4648.709,160.42102,-1176.0243,5.468434,-17.12369,57.595787
1970-01-01 19:50:19,4513.8228,157.78935,-761.1893,-0.2563418,-2.8421607,56.781147
1970-01-01 19:50:20,4538.074,161.85501,-810.50336,-0.93620247,-13.966126,56.49613
1970-01-01 19:50:21,4502.78,154.3837,-725.4447,2.8208263,-5.4873405,57.12121
1970-01-01 19:50:22,4528.585,163.5752,-631.2268,-1.2695626,-5.601674,58.43456
1970-01-01 19:50:23,4606.359,158.55373,-987.2106,4.5134187,-1.9488696,60.113422
1970-01-01 19:50:24,4465.3926,162.52856,-1235.0967,-0.40058494,-7.1075706,59.703587
1970-01-01 19:50:25,4486.6226,161.13515,-1127.2223,3.141871,-1.9744807,58.656887
1970-01-01 19:50:26,4582.5083,162.96881,-277.8117,6.0759277,1.2807157,59.01931
1970-01-01 19:50:27,4504.9375,157.01212,-975.1599,0.6208719,8.819296,57.0583
1970-01-01 19:50:28,4419.482,155.62999,-912.9396,4.090419,-5.918526,56.947414
1970-01-01 19:50:29,4351.4473,159.48166,-687.28314,-0.5176862,14.000565,57.709515
1970-01-01 19:50:30,4274.0913,164.549,-851.424,-2.106503,14.371347,58.248035
1970-01-01 19:50:31,4409.762,153.55081,-1313.9863,7.9825997,-2.5050354,59.25754
1970-01-01 19:50:32,4420.017,160.34857,-857.4448,4.0142694,10.667799,59.712128
1970-01-01 19:50:33,4253.1543,159.85242,-1089.4589,4.0107126,-4.9202933,61.10094
1970-01-01 19:50:34,4296.809,157.39665,-985.25903,5.452621,-18.236525,60.553787
1970-01-01 19:50:35,4287.796,154.99765,-879.84186,5.015741,-10.276985,58.532978
1970-01-01 19:50:36,4207.062,155.83199,-1067.4298,-1.6039128,-9.973282,58.496033
1970-01-01 19:50:37,4296.661,159.27077,-881.2181,2.8627944,-10.438991,60.281693
1970-01-01 19:50:38,4097.28,153.96034,-718.7271,-1.2350019,4.872239,60.90029
1970-01-01 19:50:39,4297.8784,159.92969,-1064.9965,-3.0127363,-7.5772004,61.09928
1970-01-01 19:50:40,4163.565,162.51132,-910.1629,-1.0204746,1.3063909,60.22736
1970-01-01 19:50:41,4242.7705,157.87682,-763.3448,6.34197,-0.16483976,59.470516
1970-01-01 19:50:42,4083.157,155.94923,-523.0567,-1.751626,-13.289448,59.67497
1970-01-01 19:50:43,4041.6858,158.593,-902.811,9.127959,10.04468,58.716232
1970-01-01 19:50:44,4111.0464,158.82272,-1047.6606,3.232744,-13.674721,60.030262
1970-01-01 19:50:45,3952.6658,156.32358,-521.15674,3.4649873,8.454407,61.34934
1970-01-01 19:50:46,4098.6416,153.53058,-519.4634,2.3646824,11.113449,60.505085
1970-01-01 19:50:47,4104.314,164.5514,-891.8372,6.366582,-1.869285,59.392105
1970-01-01 19:50:48,3906.0723,160.19817,-823.4819,2.3329787,-9.16555,61.58612
1970-01-01 19:50:49,3959.8389,156.8081,-930.77136,3.6198895,-0.1616784,61.340023
1970-01-01 19:50:50,3997.4534,163.34917,-904.886,-2.0270033,-5.279441,63.293304
1970-01-01 19:50:51,4010.9177,165.54358,-694.27924,0.4358773,1.3446046,62.814632
1970-01-01 19:50:52,4035.5996,161.00754,-591.4554,5.9307394,-11.207188,62.153538
1970-01-01 19:50:53,3799.8672,156.91034,-538.7719,2.309667,-4.256157,61.828537
1970-01-01 19:50:54,4011.8809,161.45044,-872.19977,3.4168296,11.892859,62.127625
1970-01-01 19:50:55,3848.0981,151.71397,-606.37573,-0.2559757,-4.7332897,61.04448
1970-01-01 19:50:56,3790.674,162.05681,-984.9075,1.2168393,0.32928854,60.129395
1970-01-01 19:50:57,3706.3137,161.44446,-764.57935,3.5920165,-3.6774487,59.313828
1970-01-01 19:50:58,3668.7915,157.18703,-985.4948,2.4359188,-4.5008473,60.143948
1970-01-01 19:50:59,3922.1836,155.63254,-1136.1581,0.6521332,2.1096027,58.987923
1970-01-01 19:51:00,3736.0835,153.69884,-1039.1482,5.0721416,-1.3968595,58.93214
1970-01-01 19:51:01,3720.9998,146.51558,-703.92694,5.060836,10.011172,58.12908
1970-01-01 19:51:02,3725.2642,157.1063,-984.8616,4.686603,2.3158023,56.874786
1970-01-01 19:51:03,3633.2795,161.55634,-740.1597,-0.46906972,11.150506,56.744198
1970-01-01 19:51:04,3553.0425,160.80363,-987.4311,-2.7854476,14.831223,58.7181
1970-01-01 19:51:05,3656.709,151.43285,-662.08185,1.348185,0.7255373,58.26573
1970-01-01 19:51:06,3532.5684,152.60199,-1097.0582,3.8816357,4.6947474,59.3809
1970-01-01 19:51:07,3636.9893,164.98288,-820.3453,1.6926715,-2.5903702,59.22275
1970-01-01 19:51:08,3547.649,156.1979,-849.6839,-0.32604554,1.9581026,57.649006
1970-01-01 19:51:09,3518.8975,163.92938,-1037.8109,-0.29799986,-5.047252,57.79898
1970-01-01 19:51:10,3568.099,158.85814,-683.6503,-2.676291,16.937204,57.495766
1970-01-01 19:51:11,3491.3513,151.62732,-1291.9529,5.142386,5.4535065,56.90415
1970-01-01 19:51:12,3554.87,161.20738,-335.2002,2.8524015,6.213308,57.402943
1970-01-01 19:51:13,3509.3105,154.18796,-676.7035,1.3850965,15.013682,57.80844
1970-01-01 19:51:14,3447.474,167.56868,-560.7946,1.8829273,3.4410594,57.659542
1970-01-01 19:51:15,3518.2583,158.9795,-472.42834,2.805909,9.201908,56.168636
1970-01-01 19:51:16,3461.5674,162.40875,-845.3962,2.3604882,3.9674206,55.31738
1970-01-01 19:51:17,3398.2034,161.27356,-446.9358,0.46021086,-11.822447,55.185764
1970-01-01 19:51:18,3234.0356,148.38074,-773.93555,5.481939,0.8948238,55.004585
1970-01-01 19:51:19,3326.0002,153.49828,-1045.6935,-0.789575,-5.1227465,54.74954
1970-01-01 19:51:20,3260.2458,156.12167,-1264.6143,2.9896922,6.163244,55.676468
1970-01-01 19:51:21,3278.1958,162.31615,-1190.4414,-3.0962121,1.0830194,56.152702
1970-01-01 19:51:22,3336.134,153.77727,-782.53296,-0.3085446,4.298222,56.911163
1970-01-01 19:51:23,3342.016,160.24953,-676.6462,-2.001779,8.4283085,55.67589
1970-01-01 19:51:24,3233.6143,156.25935,-1009.8619,4.1179757,6.07561,56.179897
1970-01-01 19:51:25,3328.1775,156.723,-899.2342,-4.484499,-11.386011,55.79888
1970-01-01 19:51:26,3399.976,165.556,-772.9634,-0.89241797,-8.872471,
1970-01-01 19:51:27,3184.369,164.69392,-690.41675,4.7407155,-2.6451018,53.7267
1970-01-01 19:51:28,3115.416,165.0681,-807.8257,0.29461855,10.693232,54.46458
1970-01-01 19:51:29,3187.8413,161.30072,-515.9555,3.7619765,13.624531,56.426933
1970-01-01 19:51:30,3216.8752,159.95761,-917.6667,5.91845,17.413614,57.388004
1970-01-01 19:51:31,3180.9097,155.74248,-1041.2291,0.57266676,-13.324796,57.73705
1970-01-01 19:51:32,3071.7468,153.68695,-623.7559,1.6114647,-6.799411,58.42522
1970-01-01 19:51:33,3028.184,163.30986,-681.86725,-1.2728918,-2.0125365,57.596245
1970-01-01 19:51:34,3203.7856,157.49802,-952.44714,-2.2039685,2.0321996,57.972565
1970-01-01 19:51:35,2991.7498,161.31906,-679.98114,-0.5988178,-10.063613,58.5338
1970-01-01 19:51:36,2863.7146,164.31459,-850.083,3.345357,9.54723,60.89807
1970-01-01 19:51:37,3055.6587,162.9587,-907.3481,0.035890795,-3.5728137,60.025345
1970-01-01 19:51:38,2952.6475,168.5545,-533.1579,0.8337349,6.2897263,61.689075
1970-01-01 19:51:39,2925.0056,159.42496,-739.18146,-1.1281624,-5.024659,62.606544
1970-01-01 19:51:40,2956.6519,156.04039,-1189.8588,2.3827097,3.0877917,61.843716
1970-01-01 19:51:41,2897.0151,161.87747,-699.5929,1.4096848,-4.8131995,60.771023
1970-01-01 19:51:42,2915.7268,155.78268,-661.02435,7.070836,3.1017396,59.770866
1970-01-01 19:51:43,2949.5078,157.90543,-888.38434,0.45452997,-13.743168,59.451923
1970-01-01 19:51:44,2877.9148,161.28009,-610.3651,1.8699813,-21.191969,59.59424
1970-01-01 19:51:45,2686.211,158.04216,-528.96124,7.2455854,-10.313028,60.774265
1970-01-01 19:51:46,2712.9355,167.40881,-659.4984,2.0296168,2.527317,62.660378
1970-01-01 19:51:47,2782.3582,165.30952,-755.53656,-0.6540855,-6.478574,61.998634
1970-01-01 19:51:48,2723.0298,159.58366,-770.97107,2.922896,-2.3233674,60.98361
1970-01-01 19:51:49,2760.2273,161.35732,-873.1287,,8.012573,60.813206
1970-01-01 19:51:50,2647.4705,161.61969,-787.17816,0.14724088,1.6037095,60.871593
1970-01-01 19:51:51,2867.4524,167.68169,-767.64954,2.5348256,9.413101,60.201572
1970-01-01 19:51:52,2633.5818,156.341,-972.7385,-0.14231034,-0.4553232,62.04374
1970-01-01 19:51:53,2697.4287,161.95444,-753.0032,-1.8296915,-5.158279,61.850143
1970-01-01 19:51:54,2628.0288,161.42061,-595.81915,-0.30399615,-10.760894,62.597267
1970-01-01 19:51:55,2623.4612,156.14293,-833.6779,3.3638911,-2.801392,62.31023
1970-01-01 19:51:56,2629.4873,160.89464,-943.7991,3.1105287,-20.199133,62.02285
1970-01-01 19:51:57,2615.6182,160.39374,-457.55063,3.292109,7.784715,60.070152
1970-01-01 19:51:58,2556.7375,160.46103,-845.0648,0.986718,1.7465199,59.135906
1970-01-01 19:51:59,2413.7065,152.36513,-529.05585,1.1267503,-12.270456,60.19753
1970-01-01 19:52:00,2640.6584,159.35895,-930.2802,4.631406,7.0795074,60.605022
1970-01-01 19:52:01,2458.7827,164.32394,-617.7177,4.138136,-14.875324,62.54455
1970-01-01 19:52:02,2531.7556,162.80971,-862.0234,6.3173847,1.9802899,64.25568
1970-01-01 19:52:03,2425.3635,156.54033,-1017.08215,4.247502,18.797424,63.03137
1970-01-01 19:52:04,2398.3606,160.19781,-912.266,0.98064643,5.5685263,63.236725
1970-01-01 19:52:05,2441.889,161.83493,-1159.2903,0.5944313,-10.197801,62.859646
1970-01-01 19:52:06,2534.6882,163.92157,-1026.1859,-3.9281285,-10.247223,63.267982
1970-01-01 19:52:07,2291.2202,163.6308,-895.7172,2.4972186,10.465787,63.453213
1970-01-01 19:52:08,2522.9463,156.23058,-883.7245,1.6147175,26.352528,62.11336
1970-01-01 19:52:09,2530.704,159.96445,-1058.23,0.93816113,15.312404,62.838703
1970-01-01 19:52:10,2431.2756,166.19345,-1059.29,7.8590994,3.639395,63.940525
1970-01-01 19:52:11,2272.2366,154.26532,-666.30457,0.8355765,6.837587,65.52553
1970-01-01 19:52:12,2307.8289,159.35892,-872.6373,0.34061015,-2.777119,65.97341
1970-01-01 19:52:13,2286.6235,157.4949,-708.67,-1.7802114,5.4432006,65.877396
1970-01-01 19:52:14,2134.1138,153.73106,-1049.7386,4.5305314,-16.320658,66.47441
1970-01-01 19:52:15,2289.557,152.48221,-1019.444,3.4382753,18.611813,67.11932
1970-01-01 19:52:16,2233.4219,160.2591,-948.86755,-4.0137086,-11.255573,67.77599
1970-01-01 19:52:17,2108.1626,154.77657,-946.8661,0.076423556,11.181006,66.94296
1970-01-01 19:52:18,2335.4453,160.60756,-618.74493,3.2176301,6.1632996,65.79091
1970-01-01 19:52:19,2030.4199,157.41782,-1197.7983,2.3600404,13.22449,66.38818
1970-01-01 19:52:20,2151.0493,155.61067,-272.779,1.8448757,5.422762,65.747116
1970-01-01 19:52:21,2130.405,163.20943,-957.7397,2.5252225,-7.6266484,64.963066
1970-01-01 19:52:22,2186.8452,160.4013,-930.09863,3.1279197,-2.0302114,64.2915
1970-01-01 19:52:23,1969.3643,155.65076,-789.93866,1.416896,-7.890343,64.44381
1970-01-01 19:52:24,1985.971,154.41992,-891.04395,2.1529245,6.2606726,63.567425
1970-01-01 19:52:25,1915.1835,155.42049,-835.2943,0.7839653,-19.118074,61.52339
1970-01-01 19:52:26,1973.9438,149.84615,-932.4675,7.08584,-0.27251917,62.999336
1970-01-01 19:52:27,2009.3715,157.35194,-692.3107,2.6388612,-0.8585245,63.402176
1970-01-01 19:52:28,1917.6113,159.33115,-865.61505,6.053059,11.435275,63.69648
1970-01-01 19:52:29,1995.1799,162.70288,-1083.2072,0.08010567,3.7324986,62.984333
1970-01-01 19:52:30,1785.7423,151.75291,-727.3306,-2.9942074,0.836114,63.486244
1970-01-01 19:52:31,,158.38095,-694.8975,0.8770506,-0.7949893,64.72594
1970-01-01 19:52:32,1763.6388,155.26526,-1014.22845,4.748814,-3.7222204,65.8986
1970-01-01 19:52:33,1834.7069,156.80704,-760.5166,-4.1617074,2.73059,65.58457
1970-01-01 19:52:34,1856.913,152.9766,-894.54034,-3.4805968,-15.504379,65.66519
1970-01-01 19:52:35,1826.5045,163.37038,-895.58484,2.365632,9.570911,65.31991
1970-01-01 19:52:36,1678.8855,157.43365,-465.9345,0.81925476,-0.3362295,64.94226
1970-01-01 19:52:37,1806.1044,158.06097,-844.2867,2.5918648,-4.163115,66.68226
1970-01-01 19:52:38,1782.3785,167.40808,-1074.7347,-3.8512633,-13.506028,66.135994
1970-01-01 19:52:39,1679.1979,156.74313,-889.3396,7.1039305,12.784177,67.28576
1970-01-01 19:52:40,1620.6796,158.65324,-904.52216,1.8887666,-15.325562,66.32868
1970-01-01 19:52:41,1737.6909,164.87941,-769.6563,1.853241,6.7890515,65.414894
1970-01-01 19:52:42,1783.608,157.55183,-558.1869,2.4329655,-12.652234,64.36945
1970-01-01 19:52:43,1668.4977,164.88043,-414.11295,3.347394,9.599463,63.418015
1970-01-01 19:52:44,1577.2849,165.52388,-715.6382,0.4831228,12.865588,62.78499
1970-01-01 19:52:45,1747.0483,157.16154,-627.64923,3.6882024,-6.884173,65.22258
1970-01-01 19:52:46,1499.5051,165.01584,-764.0679,3.7411866,-0.25576946,65.05882
1970-01-01 19:52:47,1659.6604,169.04474,-483.66772,4.67153,8.698586,65.623215
1970-01-01 19:52:48,1534.1744,165.90868,-597.97314,0.45554385,-23.870415,66.49307
1970-01-01 19:52:49,1631.1879,166.75282,-986.1712,-3.2443137,-11.8146925,66.01915
1970-01-01 19:52:50,1479.0464,154.81564,-542.9535,3.9808786,-13.093452,65.173706
1970-01-01 19:52:51,1534.8547,156.66147,-914.1438,-1.0528073,-8.459308,65.756424
1970-01-01 19:52:52,1484.3031,164.19736,-561.656,2.4366803,-0.11769959,65.420555
1970-01-01 19:52:53,1424.8901,158.42046,-546.4113,-4.049119,3.2989573,64.28602
1970-01-01 19:52:54,1534.273,162.26279,-750.4051,0.54180866,24.74705,65.4508
1970-01-01 19:52:55,1429.004,157.78911,-1279.2931,-1.4784697,-9.497033,65.87389
1970-01-01 19:52:56,1368.187,156.7392,-757.737,-1.338946,0.1527965,67.10164
1970-01-01 19:52:57,1240.5795,165.54344,-681.55475,-0.11637277,15.028554,66.33826
1970-01-01 19:52:58,1390.5464,162.97847,-898.4931,2.8658695,10.011808,65.88493
1970-01-01 19:52:59,1193.6409,161.7015,-1019.97766,-1.2288091,7.49979,65.81726
1970-01-01 19:53:00,1332.0603,158.43102,-810.36884,1.8015629,15.631716,66.47427
1970-01-01 19:53:01,1362.0765,159.20633,-791.42413,4.534478,15.7008295,66.18266
1970-01-01 19:53:02,1173.5142,163.90251,-844.4049,1.523783,18.20217,66.29854
1970-01-01 19:53:03,1336.2162,155.88492,-679.8905,4.1333275,-4.2019706,64.18714
1970-01-01 19:53:04,1230.9233,165.95052,-831.0553,4.1743083,8.578791,63.919086
1970-01-01 19:53:05,1171.4198,155.44148,-911.6573,1.6249042,11.222381,63.137154
1970-01-01 19:53:06,1181.3862,165.99399,-749.09955,4.0514784,-6.1003556,63.421127
1970-01-01 19:53:07,1276.7611,158.22687,-925.9641,4.499562,9.092492,64.39438
1970-01-01 19:53:08,1102.0765,157.69095,-1151.5906,2.938436,-1.4340229,64.75431
1970-01-01 19:53:09,1143.3452,154.72437,-557.081,-1.2860588,19.186838,63.9171
1970-01-01 19:53:10,1144.1523,163.38698,-979.1164,-2.003465,0.33074299,64.59027
1970-01-01 19:53:11,1053.8387,156.77821,-732.9361,2.5928397,-6.188028,63.981174
1970-01-01 19:53:12,1087.8763,158.77768,-573.5903,-2.003485,-7.3194585,64.15133
1970-01-01 19:53:13,1043.4182,162.36978,-676.2482,6.0804524,3.8244238,63.372528
1970-01-01 19:53:14,886.54254,163.85367,-686.6779,-0.54100615,-2.0999303,62.61513
