timestamp,altmsl,ias,vspd,pitch,roll,hdg
1970-01-01 02:46:40,41.89978,117.0146,744.43195,0.1767986,-3.256309,
1970-01-01 02:46:41,17.475006,115.54913,555.21246,0.87862927,9.039358,0.6431847
1970-01-01 02:46:42,-18.79874,119.187164,651.94666,-1.3590078,-2.110242,359.5812
1970-01-01 02:46:43,48.138184,122.39465,663.01825,-1.8147018,-5.236892,358.23987
1970-01-01 02:46:44,163.96811,119.58272,1202.2394,5.071632,-3.8887887,358.78046
1970-01-01 02:46:45,123.096954,119.66865,725.7997,1.663592,2.5181246,359.00754
1970-01-01 02:46:46,208.18674,115.48516,606.48364,1.2015226,-0.72221655,356.27463
1970-01-01 02:46:47,-9.849555,113.14718,868.8449,3.4069118,12.034033,354.28128
1970-01-01 02:46:48,157.95276,,687.9189,-4.4315515,16.587133,353.54486
1970-01-01 02:46:49,80.53629,120.05788,907.9531,-3.7574415,-12.344459,353.6547
1970-01-01 02:46:50,216.27202,119.309715,896.61926,0.8800079,8.783663,353.49768
1970-01-01 02:46:51,316.96744,124.875275,821.8994,2.133975,-8.879911,354.62668
1970-01-01 02:46:52,222.2094,115.68142,691.96,1.7915049,-8.046205,354.19247
1970-01-01 02:46:53,237.23923,115.02159,989.7801,5.4753027,-14.245183,354.31992
1970-01-01 02:46:54,83.036194,121.80302,419.19894,14.119331,5.175447,353.9974
1970-01-01 02:46:55,125.044815,116.706154,867.29364,3.8698783,-0.8306056,352.99368
1970-01-01 02:46:56,259.82062,118.6347,986.9313,4.1586447,6.298717,352.8856
1970-01-01 02:46:57,256.96756,119.84617,916.11566,2.731121,-4.718962,353.16797
1970-01-01 02:46:58,276.38013,124.24959,1095.9138,-0.8170448,1.3431298,352.60373
1970-01-01 02:46:59,141.90382,118.30977,858.18365,2.545022,0.05897493,353.05515
1970-01-01 02:47:00,338.33975,117.15999,558.0233,6.7907944,-9.067583,353.29965
1970-01-01 02:47:01,309.43457,122.07415,370.42926,-0.8722708,6.853384,353.71494
1970-01-01 02:47:02,431.65216,121.8606,849.2043,-2.0802555,10.821352,353.93262
1970-01-01 02:47:03,422.23044,115.399864,1022.8496,3.8364446,9.366041,353.4022
1970-01-01 02:47:04,441.43756,108.831665,300.84872,6.1838036,7.646477,352.02487
1970-01-01 02:47:05,248.83202,120.117,759.9968,1.8255826,6.4440026,350.64987
1970-01-01 02:47:06,330.3284,123.54621,641.5602,1.500508,-9.977455,350.88968
1970-01-01 02:47:07,407.67813,116.02378,760.2773,-2.011727,-0.83930594,351.16196
1970-01-01 02:47:08,292.82748,123.034935,893.11206,6.1488185,-7.117011,351.78275
1970-01-01 02:47:09,518.05975,118.080414,595.83813,6.895971,21.616,352.52997
1970-01-01 02:47:10,325.95673,121.14119,777.3651,-1.5762275,4.0662026,352.02396
1970-01-01 02:47:11,453.14725,122.99989,747.31854,5.4867306,-7.7966,353.2018
1970-01-01 02:47:12,418.21033,116.79585,791.8038,-2.439192,-0.6198872,352.83438
1970-01-01 02:47:13,505.9857,115.44226,961.2429,6.8751407,22.633463,353.547
1970-01-01 02:47:14,401.97473,123.37214,621.9406,1.7001882,2.4259725,351.1877
1970-01-01 02:47:15,637.22986,115.84995,807.084,-6.718223,-2.0744054,352.3485
1970-01-01 02:47:16,407.34125,116.964005,993.6392,0.037057504,2.8501356,351.4722
1970-01-01 02:47:17,518.97375,119.91584,814.8516,5.22886,0.8630551,350.34418
1970-01-01 02:47:18,583.7631,110.94668,507.20236,2.7893782,3.6973975,351.44888
1970-01-01 02:47:19,776.14856,125.67848,900.1178,-2.2210703,9.207534,351.44608
1970-01-01 02:47:20,649.1185,125.5385,1046.8889,1.768077,-4.3886685,352.0636
1970-01-01 02:47:21,697.48065,123.860855,811.6745,1.8846598,10.253995,353.6114
1970-01-01 02:47:22,736.8391,118.199486,835.7689,1.3428073,-2.6985857,352.72305
1970-01-01 02:47:23,646.4801,126.531425,738.0814,9.709268,9.38849,352.22916
1970-01-01 02:47:24,698.87335,123.81882,730.34564,-2.8544116,7.955158,353.24445
1970-01-01 02:47:25,710.5075,124.66491,561.30554,4.1216364,-2.8780162,353.7561
1970-01-01 02:47:26,716.1179,123.75852,492.42862,1.5014571,5.295412,354.87756
1970-01-01 02:47:27,679.24133,125.089714,994.19415,3.1553755,6.025802,356.9721
1970-01-01 02:47:28,722.77765,116.32858,860.66,-1.8700727,-9.086597,357.27982
1970-01-01 02:47:29,845.7035,123.198364,1045.6906,-0.19853365,-3.3955836,355.66898
1970-01-01 02:47:30,719.4166,119.32856,757.31335,0.6704033,10.124763,355.56644
1970-01-01 02:47:31,748.14844,122.167145,803.97485,0.7332013,2.4842522,356.0032
1970-01-01 02:47:32,833.89685,123.02337,320.71954,0.11132469,8.848738,357.4814
1970-01-01 02:47:33,904.5674,116.52134,347.8538,-1.7318772,1.3140017,359.08005
1970-01-01 02:47:34,758.2106,125.36235,650.6542,5.471376,-6.746553,359.49622
1970-01-01 02:47:35,851.3253,124.05535,842.4619,2.5370018,-15.701345,0.68428284
1970-01-01 02:47:36,740.47797,111.24303,1064.6805,0.27002448,5.701395,0.81079894
1970-01-01 02:47:37,832.89075,121.18282,951.77747,-2.5792918,-11.287695,359.51337
1970-01-01 02:47:38,760.5246,121.61657,801.81915,0.48960158,-1.4041103,359.4998
1970-01-01 02:47:39,884.611,126.20141,877.2748,0.7008392,10.256667,358.6518
1970-01-01 02:47:40,843.07635,118.66418,737.6972,6.388409,,358.81824
1970-01-01 02:47:41,790.19556,125.35649,732.5306,,13.002192,358.61227
1970-01-01 02:47:42,838.6302,120.56671,802.6517,1.4253074,10.00074,357.9274
1970-01-01 02:47:43,924.4715,115.65765,653.7148,8.13283,5.260423,356.8099
1970-01-01 02:47:44,1060.3893,118.52406,941.97186,4.5045204,-2.0407977,356.89938
1970-01-01 02:47:45,1006.49475,117.19255,743.5273,3.0423446,-12.681641,356.26047
1970-01-01 02:47:46,1080.4259,123.25749,788.4482,2.402738,17.608185,356.65234
1970-01-01 02:47:47,1030.3466,117.28561,980.67615,-1.5967102,-5.0833163,356.05176
1970-01-01 02:47:48,1137.936,127.59649,694.3214,0.40999517,10.969804,356.7832
1970-01-01 02:47:49,1134.7126,124.79897,709.57715,-0.7674486,-4.77753,359.00497
1970-01-01 02:47:50,1006.4149,119.827675,712.24835,2.0083728,8.076978,359.41846
1970-01-01 02:47:51,942.7107,126.36887,349.15836,0.27811086,3.402146,359.57074
1970-01-01 02:47:52,997.1815,117.3256,592.81024,-1.7539899,-4.4377656,359.37915
1970-01-01 02:47:53,1181.1946,126.9815,983.9625,5.6275115,1.261277,358.5842
1970-01-01 02:47:54,1003.7511,114.72984,802.8875,5.748401,-6.7352333,358.63992
1970-01-01 02:47:55,1159.4182,117.00091,833.9631,6.189581,16.0551,359.4115
1970-01-01 02:47:56,1038.2148,125.041985,674.4017,0.75482744,9.969734,1.3206166
1970-01-01 02:47:57,1170.1592,121.14947,725.8552,3.6654468,6.3886166,2.8551843
1970-01-01 02:47:58,1167.9774,123.22223,680.0974,-4.7617054,-1.7602557,3.3966868
1970-01-01 02:47:59,1157.059,114.93385,795.73694,1.1572536,-11.696846,
1970-01-01 02:48:00,1225.7354,120.76708,953.5772,-1.9899344,-15.034041,4.0758986
1970-01-01 02:48:01,1126.3936,118.27891,1028.9631,-0.073228054,8.835505,1.7422947
1970-01-01 02:48:02,1140.2819,112.53584,882.6211,-0.8684677,7.5153966,1.384447
1970-01-01 02:48:03,1271.0374,121.71462,866.865,-0.20578653,-8.158609,2.2919936
1970-01-01 02:48:04,1248.3403,112.95723,615.77094,-0.22447607,-2.398201,4.7811775
1970-01-01 02:48:05,1252.5786,120.5025,937.724,3.0575068,13.739355,4.9402995
1970-01-01 02:48:06,1225.1755,122.81008,838.08167,-0.6020753,16.40078,5.8277507
1970-01-01 02:48:07,1217.7192,114.68764,819.0443,3.9779146,1.5138706,3.726793
1970-01-01 02:48:08,1267.5037,127.92945,967.33813,4.384403,4.9018283,4.6516204
1970-01-01 02:48:09,1425.7749,124.5289,627.6331,4.3243976,-9.140591,2.9337564
1970-01-01 02:48:10,1420.9817,118.60355,435.63962,2.8842702,11.38932,1.6880788
1970-01-01 02:48:11,1344.4363,116.80222,754.08276,0.6716653,-3.5591435,0.66500306
1970-01-01 02:48:12,1541.3617,119.34445,583.3374,-5.06263,-11.57582,358.68698
1970-01-01 02:48:13,1324.8904,123.59224,1154.7463,1.0896156,-5.122315,358.5523
1970-01-01 02:48:14,1413.3942,118.411804,750.49854,-3.7220926,21.297483,0.48916277
1970-01-01 02:48:15,1389.2809,118.44812,493.18015,4.1966624,1.9899366,0.3600876
1970-01-01 02:48:16,1438.3099,117.97095,1023.9758,0.91852325,-12.260256,0.6622246
1970-01-01 02:48:17,1285.5402,124.10274,476.61545,3.885846,12.825254,0.8062122
1970-01-01 02:48:18,1521.232,124.98362,1010.87006,6.527592,20.34102,0.5310037
1970-01-01 02:48:19,1411.5802,118.75213,800.3646,3.9220111,5.6859307,359.95865
1970-01-01 02:48:20,1366.5078,126.01182,584.8289,-2.933702,-3.2775984,1.7918142
1970-01-01 02:48:21,1377.9788,119.08074,819.524,2.232875,-8.553119,1.1802148
1970-01-01 02:48:22,1485.8846,124.43993,864.3347,4.1131716,8.41513,1.7187613
1970-01-01 02:48:23,1491.8036,117.47896,946.81036,4.5096664,-4.1951246,2.3172557
1970-01-01 02:48:24,1529.2148,120.03383,778.1651,-0.8808918,-2.0058682,2.4994683
1970-01-01 02:48:25,1570.1732,120.957695,551.1074,4.636744,-14.603208,3.0468729
1970-01-01 02:48:26,1565.8546,122.36757,902.74493,-5.9173,-6.6377044,1.793717
1970-01-01 02:48:27,1643.1713,,403.12766,-1.429512,8.196247,0.43538946
1970-01-01 02:48:28,1502.0459,117.870514,858.6383,2.303824,-21.79892,1.5053009
1970-01-01 02:48:29,1566.7178,119.329666,892.9127,-0.79484355,-0.6141203,3.7748456
1970-01-01 02:48:30,1573.4886,128.94844,783.3222,9.23076,8.139269,3.492812
1970-01-01 02:48:31,1592.8673,121.41042,1031.6099,4.0989037,2.1227448,4.32833
1970-01-01 02:48:32,1641.1735,121.59273,897.91705,4.7299795,-7.568881,4.1714272
1970-01-01 02:48:33,1671.6342,114.13896,589.92694,-0.7211995,3.3594282,3.745827
1970-01-01 02:48:34,1712.5347,127.20931,535.7625,5.2506695,10.074494,2.7039068
1970-01-01 02:48:35,1729.2242,117.117424,686.8457,-4.7476435,-1.7428746,1.6683929
1970-01-01 02:48:36,1749.1995,129.86993,1008.4632,-4.218089,8.707212,2.0257308
1970-01-01 02:48:37,1705.7192,114.62218,825.9994,2.3373485,2.090565,1.9927745
1970-01-01 02:48:38,1846.0216,111.4538,795.19696,-2.4545963,-12.3573265,2.6088114
1970-01-01 02:48:39,1852.574,121.884735,784.44037,3.6350124,9.489994,3.802698
1970-01-01 02:48:40,1843.1953,120.83601,732.1219,7.8190513,10.715539,2.9511743
1970-01-01 02:48:41,1690.3667,124.26307,739.8851,-5.018825,-2.9134595,2.4924183
1970-01-01 02:48:42,1846.0779,119.72857,824.2658,0.2606767,-7.3512425,4.4880433
1970-01-01 02:48:43,1734.5135,126.9016,831.9315,3.2792954,-25.378931,4.9378657
1970-01-01 02:48:44,1818.7784,122.1826,518.7351,5.525272,5.934717,3.1963708
1970-01-01 02:48:45,1740.6833,122.31287,571.18414,4.0798626,15.786769,2.3042624
1970-01-01 02:48:46,1781.278,126.771706,613.1317,-0.41090426,16.67292,4.928909
1970-01-01 02:48:47,1922.0804,124.429794,734.51404,1.6806637,2.8704786,4.369291
1970-01-01 02:48:48,1904.2723,119.67256,773.6269,2.076013,-0.7038455,6.0590878
1970-01-01 02:48:49,1964.3824,120.986885,788.9404,2.1178544,-1.3488252,6.1396255
1970-01-01 02:48:50,1917.9094,117.57195,893.2815,-4.738264,-17.184807,6.774638
1970-01-01 02:48:51,2117.2896,129.32571,1018.5579,6.36787,10.609127,7.7201056
1970-01-01 02:48:52,1834.1531,122.32141,629.38116,3.8053873,8.769708,7.1643076
1970-01-01 02:48:53,2009.1509,121.580536,789.2961,-1.5301944,-17.11325,7.0828123
1970-01-01 02:48:54,1951.4149,116.25392,950.3691,-1.2203803,12.99808,6.6170716
1970-01-01 02:48:55,1841.8405,121.45312,672.49896,2.6080885,5.603488,4.926295
1970-01-01 02:48:56,2034.2646,117.828835,640.48505,3.6128478,-4.341779,4.658356
1970-01-01 02:48:57,1996.4215,121.30653,929.00195,2.2154367,1.4146063,5.970588
1970-01-01 02:48:58,1968.7979,125.09234,970.6818,5.5128727,-11.981486,5.3347297
1970-01-01 02:48:59,2062.6062,118.31554,916.25586,7.7474318,3.2262754,6.8657985
1970-01-01 02:49:00,1985.2495,121.99534,901.0224,0.8139868,6.7013874,7.2259817
1970-01-01 02:49:01,2212.668,123.40231,1103.3954,2.3738248,8.069648,8.3687
1970-01-01 02:49:02,1961.8685,124.03966,628.609,6.6051226,-3.879025,9.056841
1970-01-01 02:49:03,2070.3186,120.44712,1111.5355,0.7315934,-14.649199,8.440179
1970-01-01 02:49:04,2213.6309,119.89523,801.5895,3.0445592,11.67308,9.904716
1970-01-01 02:49:05,2065.0117,122.10203,933.02747,0.96135145,3.9639764,9.504508
1970-01-01 02:49:06,2215.6445,122.853775,1058.7316,0.74331695,-0.81891453,9.71497
1970-01-01 02:49:07,2323.1418,120.078766,628.9272,7.4492455,7.0225463,9.390179
1970-01-01 02:49:08,2188.7905,119.99125,862.72314,3.0721302,4.50931,11.747129
1970-01-01 02:49:09,2237.1414,125.092476,868.37854,0.004271193,6.187307,10.521557
1970-01-01 02:49:10,2178.7314,118.04969,910.5553,-1.8531986,-0.56771016,11.991716
1970-01-01 02:49:11,2244.4297,118.28904,705.09344,-0.718195,1.1408892,12.467049
1970-01-01 02:49:12,2145.8694,113.534294,1031.9471,1.2318971,-3.3928201,11.583028
1970-01-01 02:49:13,2276.642,121.02213,761.6771,4.115052,11.809173,11.846982
1970-01-01 02:49:14,2302.0583,119.40815,1240.5826,3.3316782,28.28916,12.4842825
1970-01-01 02:49:15,2289.2075,114.121025,1255.2656,0.057368852,3.662372,12.326689
1970-01-01 02:49:16,2297.97,114.08382,959.47675,-0.9839267,8.679712,11.292805
1970-01-01 02:49:17,2128.9922,116.427536,757.941,0.6616728,-12.34186,11.89878
1970-01-01 02:49:18,2385.1155,117.747215,858.68097,1.3658588,9.896694,11.788394
1970-01-01 02:49:19,2351.5715,122.6597,654.2315,-5.1122837,14.963341,12.179078
1970-01-01 02:49:20,2307.798,117.7631,673.05615,2.598961,7.316703,12.606702
1970-01-01 02:49:21,2423.0645,121.661865,457.53238,3.3048117,-8.202628,13.374316
1970-01-01 02:49:22,2348.8545,125.176414,788.9321,1.4621308,-10.16021,11.992365
1970-01-01 02:49:23,2336.7168,124.57595,924.20526,4.65648,-1.4952796,11.655997
1970-01-01 02:49:24,2307.2039,122.52189,670.8397,4.98356,5.187928,11.881047
1970-01-01 02:49:25,2327.6404,123.78411,987.61584,1.9848325,-1.4588323,12.301479
1970-01-01 02:49:26,2438.8857,121.56229,689.1512,-1.6599988,17.328249,10.477969
1970-01-01 02:49:27,2482.4265,120.13388,912.27563,4.4476094,7.8266525,
1970-01-01 02:49:28,2411.897,122.47524,1015.02734,6.731765,0.73390347,10.593976
1970-01-01 02:49:29,2356.5208,118.489716,996.52295,1.0943377,-12.211623,11.003328
1970-01-01 02:49:30,2540.466,116.99024,992.5842,0.19443825,2.4813738,10.248303
1970-01-01 02:49:31,2342.763,120.64914,1091.0171,1.4784644,6.913024,10.271349
1970-01-01 02:49:32,2500.7134,118.184845,751.1184,3.764845,-12.405125,10.099926
1970-01-01 02:49:33,2669.4902,115.55062,615.8901,4.142347,-5.0355687,12.229081
1970-01-01 02:49:34,2394.4172,125.40692,1092.0034,2.7148204,5.5066113,11.333757
1970-01-01 02:49:35,2527.7615,121.8969,849.16895,1.070104,1.9919975,12.159267
1970-01-01 02:49:36,2684.148,116.318634,819.75104,1.2886637,-15.722343,12.642707
1970-01-01 02:49:37,2543.8547,119.083244,1143.404,4.254756,2.6472304,15.798457
1970-01-01 02:49:38,2615.816,123.43279,1064.9851,-1.1982,4.118407,15.6339655
1970-01-01 02:49:39,2649.5706,121.51768,579.98706,1.0331607,-21.375706,16.378748
1970-01-01 02:49:40,2849.8535,121.485245,428.86032,-0.18399248,-15.563409,17.70255
1970-01-01 02:49:41,2622.7073,127.63579,679.80975,1.0480686,-14.199967,18.5105
1970-01-01 02:49:42,,113.4045,1077.8676,2.9568355,-3.9012945,17.0888
1970-01-01 02:49:43,2677.14,120.19908,515.93445,1.5488049,-1.6216305,18.063047
1970-01-01 02:49:44,2672.714,118.74311,559.1775,2.6944005,-3.7241635,16.693527
1970-01-01 02:49:45,2881.654,115.79048,561.09674,-0.6530528,-6.054823,13.441775
1970-01-01 02:49:46,2671.5706,125.98464,935.4068,-2.5727196,0.667892,13.188143
1970-01-01 02:49:47,2715.4546,118.119576,804.79,5.290059,26.0997,13.193613
1970-01-01 02:49:48,2827.3477,123.420654,,-3.7686853,-2.9299352,13.625112
1970-01-01 02:49:49,2818.3494,117.935425,1028.428,7.38054,-0.68776166,14.034384
1970-01-01 02:49:50,2794.6697,122.741196,500.3943,-1.5755002,4.095841,16.063335
1970-01-01 02:49:51,2803.8604,118.589584,816.3325,9.105262,-6.0884466,16.06948
1970-01-01 02:49:52,2824.6162,120.60641,972.776,6.934709,-1.8709054,15.288647
1970-01-01 02:49:53,2640.7744,120.92532,717.7649,7.2319074,-1.2934259,14.415525
1970-01-01 02:49:54,2835.8086,119.802284,1010.28357,1.002254,-0.054776408,14.973801
1970-01-01 02:49:55,2934.6846,118.584114,770.27026,1.4027009,,15.404554
1970-01-01 02:49:56,2790.957,120.25515,903.29144,-2.548911,-8.571709,14.722356
1970-01-01 02:49:57,2848.6199,122.903564,1016.0444,4.289392,-6.291349,14.70606
1970-01-01 02:49:58,2962.865,112.79585,694.9914,2.28874,1.8079659,16.415009
1970-01-01 02:49:59,2903.6252,116.57359,640.727,2.817878,1.6278912,17.039684
1970-01-01 02:50:00,2786.5728,116.851776,673.497,6.4581966,-1.2784265,18.612535
1970-01-01 02:50:01,3014.841,126.352844,876.0597,3.0020297,-9.341134,20.857098
1970-01-01 02:50:02,2936.9595,119.26027,1103.3745,1.5144497,-3.4480543,18.898893
1970-01-01 02:50:03,3060.6392,112.92933,875.715,2.0709572,6.965745,19.49491
1970-01-01 02:50:04,3104.059,115.483086,630.79004,0.38497093,-5.4526052,18.840244
1970-01-01 02:50:05,2890.797,120.3361,1159.4629,-0.092995174,0.96488154,18.218039
1970-01-01 02:50:06,2990.8584,124.12586,916.22644,-0.7851447,-1.7059033,16.876682
1970-01-01 02:50:07,3077.0703,114.40676,639.7624,5.3980584,12.844262,16.510378
1970-01-01 02:50:08,3061.1785,119.611,1194.2993,4.2910867,3.405452,15.470032
1970-01-01 02:50:09,3086.4094,117.699066,833.632,3.699753,-28.846048,15.958099
1970-01-01 02:50:10,3203.607,118.255,773.64294,1.3001064,-11.735281,15.754063
1970-01-01 02:50:11,3094.1636,120.3256,1037.5618,3.439574,-12.056556,15.331362
1970-01-01 02:50:12,3085.4163,125.76395,489.69833,1.3640882,12.365055,15.332117
1970-01-01 02:50:13,3115.4832,114.63898,888.2037,2.6861892,10.940897,16.517748
1970-01-01 02:50:14,3089.4834,126.846565,731.6403,3.8492992,-2.0541167,16.336481
1970-01-01 02:50:15,3199.4229,119.529755,843.6502,4.4358344,-4.9640718,16.387573
1970-01-01 02:50:16,3134.79,119.013374,670.50867,5.377914,-5.3632183,16.347729
1970-01-01 02:50:17,3093.4648,116.80272,748.6824,-0.34760162,-1.3010211,16.592821
1970-01-01 02:50:18,3049.375,120.020355,885.475,2.8726125,3.019418,15.595421
1970-01-01 02:50:19,3123.7617,113.736725,843.15955,0.76799846,-1.5730278,17.178555
1970-01-01 02:50:20,3230.648,114.953674,835.9738,3.4267654,16.794865,15.924364
1970-01-01 02:50:21,3284.3423,118.65892,664.57294,4.112535,11.617944,15.4715185
1970-01-01 02:50:22,3482.8933,121.04417,1025.1445,-3.829083,-13.5476465,17.603683
1970-01-01 02:50:23,3496.4045,121.53147,768.7812,2.7285824,-2.0023441,17.816896
1970-01-01 02:50:24,3221.1667,124.28843,677.41504,-1.6205285,2.1459897,17.27086
1970-01-01 02:50:25,3309.3801,132.13135,549.3263,0.23996027,9.830312,18.326025
1970-01-01 02:50:26,3343.1729,123.19892,1275.5089,2.0165281,-9.738683,18.731941
1970-01-01 02:50:27,3392.9739,122.01871,791.4855,0.24433728,11.815074,19.667818
1970-01-01 02:50:28,3324.8342,119.821526,1057.2802,0.007572118,-8.053483,18.647984
1970-01-01 02:50:29,3445.9128,124.26836,589.8548,6.834899,1.3814192,18.746302
1970-01-01 02:50:30,3343.107,121.10947,1020.9441,9.904274,-8.473777,18.69784
1970-01-01 02:50:31,3433.6956,130.76627,904.4852,-1.4049174,1.5915633,18.211315
1970-01-01 02:50:32,3519.999,121.7093,783.3078,0.26865652,-15.090779,18.83314
1970-01-01 02:50:33,3510.832,119.33782,800.5349,3.7555249,-14.332047,18.005606
1970-01-01 02:50:34,3498.5154,114.98102,617.58,3.6644444,7.458119,18.26221
1970-01-01 02:50:35,3621.456,123.78625,1069.9686,2.9023283,10.6722765,17.737059
1970-01-01 02:50:36,3549.7556,118.577,725.08844,6.6628714,3.1975968,18.04761
1970-01-01 02:50:37,3506.1982,121.457695,1051.7994,3.950158,-1.2435389,19.687893
1970-01-01 02:50:38,3548.8516,123.42944,278.79736,2.0067668,7.240906,21.390688
1970-01-01 02:50:39,3542.8108,121.198235,913.5114,-0.48435694,-7.293033,20.478174
1970-01-01 02:50:40,3577.8398,124.183235,622.90186,0.7596164,25.344261,20.65051
1970-01-01 02:50:41,3562.6138,119.60333,1013.0547,1.4190433,-3.2872982,20.538273
1970-01-01 02:50:42,3503.506,121.91279,1196.2705,2.593191,-3.4407547,19.903887
1970-01-01 02:50:43,3481.8503,121.46841,759.15045,2.075598,25.791676,20.627653
1970-01-01 02:50:44,3537.2615,121.35505,1141.7574,3.1931825,9.136429,22.399895
1970-01-01 02:50:45,3757.8125,115.50693,846.41223,-1.312369,18.029312,24.109217
1970-01-01 02:50:46,3753.452,121.83692,878.3461,0.09846499,-10.069462,23.270992
1970-01-01 02:50:47,3560.436,122.26922,881.1005,2.298733,-14.323681,24.171282
1970-01-01 02:50:48,3702.0266,120.16036,1047.2922,2.0084836,-10.152844,23.165085
1970-01-01 02:50:49,3717.0332,114.84795,950.0041,8.84979,2.178695,24.045738
1970-01-01 02:50:50,3648.3318,125.18102,574.985,-2.113949,2.8621724,24.009073
1970-01-01 02:50:51,3707.012,123.584366,490.49744,2.3590634,5.243279,24.723997
1970-01-01 02:50:52,3643.861,120.47815,582.7601,1.9049681,-0.9784494,24.570707
1970-01-01 02:50:53,3809.1467,126.78083,947.71533,5.774944,14.68342,23.126749
1970-01-01 02:50:54,3739.7722,120.782936,996.68054,12.1182785,-17.429104,23.3254
1970-01-01 02:50:55,3705.7725,114.949135,897.96606,1.3027607,1.3466958,23.002563
1970-01-01 02:50:56,3750.9548,118.09587,1153.8154,-1.3252399,-4.9232383,22.34377
1970-01-01 02:50:57,3863.86,119.05774,523.1092,0.12214463,5.428122,22.50791
1970-01-01 02:50:58,3565.6619,122.7877,672.4901,5.900762,2.3042061,21.557775
1970-01-01 02:50:59,3764.7554,126.9203,1079.668,4.2234945,-7.2126517,22.054646
1970-01-01 02:51:00,3596.3662,121.151726,821.9657,5.528622,-7.24484,22.338066
1970-01-01 02:51:01,3836.6868,119.70523,1020.2325,3.0013602,9.587756,21.552475
1970-01-01 02:51:02,3809.353,126.777664,994.7476,3.2247558,-8.131939,20.337969
1970-01-01 02:51:03,3876.6072,123.207085,886.62384,1.787513,-12.971834,18.814047
1970-01-01 02:51:04,3902.3796,123.0157,752.26117,5.0415897,6.9883404,19.687454
1970-01-01 02:51:05,3859.8198,114.945946,940.08673,1.2859006,0.15347305,20.101665
1970-01-01 02:51:06,3894.5437,124.87904,777.7046,4.2335396,17.610703,18.784353
1970-01-01 02:51:07,3957.2651,127.51207,622.11554,0.8379445,4.820131,18.638163
1970-01-01 02:51:08,3825.3347,120.82147,1198.1189,4.627124,23.261423,18.440493
1970-01-01 02:51:09,4047.697,124.70829,908.0407,-3.657039,4.1311393,18.6396
1970-01-01 02:51:10,4077.5742,121.87199,799.1274,3.5226655,-8.499057,19.903023
1970-01-01 02:51:11,4022.8484,112.21224,643.39374,0.4821279,-1.8050812,19.354977
1970-01-01 02:51:12,4111.027,125.73629,926.7684,3.499347,4.8389482,20.322357
1970-01-01 02:51:13,3974.814,122.32919,580.09515,3.8089256,0.01735385,21.397823
1970-01-01 02:51:14,3991.3345,119.111984,852.0753,3.7397132,-4.856689,22.90792
1970-01-01 02:51:15,4023.3733,130.12811,629.7387,0.5295083,-15.979695,21.68203
1970-01-01 02:51:16,3959.7375,120.93296,1087.0203,0.7122142,-0.58627754,21.910645
1970-01-01 02:51:17,4065.5852,127.30444,399.8613,2.8880496,-6.51704,22.899725
1970-01-01 02:51:18,3962.8208,129.77144,863.47205,6.704624,-15.107614,24.568573
1970-01-01 02:51:19,4099.552,122.760895,450.30157,7.040948,4.708439,25.595436
1970-01-01 02:51:20,4167.5283,124.33452,925.7092,6.615395,8.997295,26.495783
1970-01-01 02:51:21,4116.3413,120.840225,960.9843,5.4696536,-14.741846,26.901651
1970-01-01 02:51:22,4170.8857,130.2817,789.0585,4.9405565,1.8975725,27.052235
1970-01-01 02:51:23,4151.6416,124.21853,704.7828,4.7339625,-6.73601,24.4453
1970-01-01 02:51:24,4215.9253,127.622375,923.32416,4.3315835,-8.79087,24.60062
1970-01-01 02:51:25,4150.7676,122.09928,754.3921,-0.16846831,-3.8758173,23.534828
1970-01-01 02:51:26,4070.8896,116.92546,939.33435,2.9116294,-14.47776,23.454948
1970-01-01 02:51:27,4107.24,122.53301,828.59296,-3.2475934,2.1694636,22.256773
1970-01-01 02:51:28,4164.754,121.28009,984.92896,7.3010726,-4.266602,23.463636
1970-01-01 02:51:29,4303.616,126.89611,420.69745,-8.307204,24.522594,22.67961
1970-01-01 02:51:30,4169.1685,130.79926,617.4259,2.2124302,-11.150719,22.962101
1970-01-01 02:51:31,4237.709,122.81678,955.1126,4.384815,0.8314716,23.910719
1970-01-01 02:51:32,4265.6763,118.55639,638.1,2.5032213,1.8166841,
1970-01-01 02:51:33,4267.905,122.61427,748.2808,-0.25617284,-7.0491548,23.629913
1970-01-01 02:51:34,4271.717,118.8146,868.1771,-2.9549155,-11.325388,22.941275
1970-01-01 02:51:35,4363.308,125.395706,1084.0172,3.4703557,-15.695372,23.513445
1970-01-01 02:51:36,4403.0854,123.185234,212.73978,2.010706,3.5771701,21.63063
1970-01-01 02:51:37,4405.3076,118.0637,630.47217,4.445798,10.373808,20.264637
1970-01-01 02:51:38,4237.641,121.98444,928.9329,0.4699016,-2.5155897,18.595186
1970-01-01 02:51:39,4420.8276,127.191734,820.19763,2.1288466,-0.52365404,19.288326
1970-01-01 02:51:40,4400.368,129.66695,1008.39703,0.21563993,-9.097459,19.191278
1970-01-01 02:51:41,4407.762,126.13523,738.9951,-1.9312695,7.803699,19.457644
1970-01-01 02:51:42,4487.651,122.25601,769.5588,1.5322769,0.54239786,18.139591
1970-01-01 02:51:43,4416.2485,129.85384,907.53656,2.5376265,-4.2858887,19.053116
1970-01-01 02:51:44,4538.723,123.038376,633.2539,0.6754799,2.4700534,16.278807
1970-01-01 02:51:45,4374.445,124.438484,896.7673,1.4509654,-1.2241184,16.583046
1970-01-01 02:51:46,4523.77,116.98249,692.74756,-4.1140175,-10.429569,17.726223
1970-01-01 02:51:47,4584.259,126.79031,878.4701,2.0675173,2.73614,18.399466
1970-01-01 02:51:48,4657.013,118.6265,790.22174,,-5.9383135,18.058304
1970-01-01 02:51:49,4399.0835,128.42398,579.72363,-2.099323,-4.4367056,19.346285
1970-01-01 02:51:50,4640.4463,114.261444,730.3822,0.26521584,-0.014014084,17.820745
1970-01-01 02:51:51,4595.8906,120.09648,1103.432,0.9725712,-8.8234215,20.070868
1970-01-01 02:51:52,4587.569,126.15872,998.43085,1.3191617,-2.6653805,20.789059
1970-01-01 02:51:53,4600.941,125.01905,715.7853,2.8463662,-4.902492,21.276007
1970-01-01 02:51:54,4702.6143,119.29395,847.7909,4.6927857,7.671395,20.374172
1970-01-01 02:51:55,4515.359,118.90636,960.5348,2.522139,-5.318305,19.906933
1970-01-01 02:51:56,4629.192,123.796135,934.7798,-4.3276644,-8.313232,20.20021
1970-01-01 02:51:57,4667.124,119.84207,625.23486,-1.6893344,-1.5702361,19.188091
1970-01-01 02:51:58,4820.058,122.03861,745.5731,0.49549538,-6.8710923,20.232588
1970-01-01 02:51:59,4653.31,121.67292,837.29736,-7.368494,-13.876144,19.863773
1970-01-01 02:52:00,4833.963,124.82949,342.95132,6.002108,-9.805144,21.93886
1970-01-01 02:52:01,4631.029,117.39022,554.40625,-4.416508,-6.50208,22.22372
1970-01-01 02:52:02,4725.352,122.84951,880.577,0.5415617,-12.932133,23.112278
1970-01-01 02:52:03,4733.1553,117.48202,610.2461,2.4242694,11.535378,24.49857
1970-01-01 02:52:04,4827.167,120.05575,1099.3778,3.8195333,1.9925199,24.925938
1970-01-01 02:52:05,4789.081,122.06909,1066.4564,4.0954123,4.604203,25.693241
1970-01-01 02:52:06,4550.3076,120.368065,458.37296,-0.22111727,-14.440265,25.105719
1970-01-01 02:52:07,4791.408,124.67346,964.05884,4.3288083,3.0722353,24.306784
1970-01-01 02:52:08,4883.0107,128.82303,893.2375,4.907393,1.9188104,23.682697
1970-01-01 02:52:09,4902.453,124.54879,666.7672,0.83569026,0.031814974,25.260944
1970-01-01 02:52:10,4865.363,128.15628,606.49524,6.31312,-6.641544,24.251667
1970-01-01 02:52:11,4999.1167,117.921234,923.4172,1.2018013,0.03315132,23.682203
1970-01-01 02:52:12,4819.652,120.66813,898.15045,-1.3305231,-4.2630486,24.49267
1970-01-01 02:52:13,4909.1187,118.31303,929.2326,3.1094058,-3.8589866,25.123362
1970-01-01 02:52:14,4748.0244,126.75869,1032.8779,-2.0389535,13.242526,25.043064
1970-01-01 02:52:15,4874.6084,117.49528,908.13696,1.380485,2.2365592,25.437904
1970-01-01 02:52:16,4832.637,123.696365,620.7792,5.278411,-4.7416277,24.702501
1970-01-01 02:52:17,5096.774,131.73749,841.47076,-0.9391052,-4.857589,24.865894
1970-01-01 02:52:18,4963.3867,118.18924,1180.5406,1.0425119,-2.108546,23.72548
1970-01-01 02:52:19,4985.1626,122.459274,674.99927,-0.07869507,10.218888,24.784832
1970-01-01 02:52:20,4993.131,127.09042,767.92145,2.5180135,12.885323,24.156563
1970-01-01 02:52:21,4898.7905,125.36475,812.2383,2.6378524,5.595763,26.252201
1970-01-01 02:52:22,4959.474,123.67955,824.514,4.592461,-9.178775,26.381018
1970-01-01 02:52:23,4857.377,125.062805,656.4012,5.1605167,12.704033,25.732735
1970-01-01 02:52:24,5141.187,118.66451,687.0745,-1.8794504,-12.278089,25.673038
1970-01-01 02:52:25,5086.35,118.525085,713.60565,2.3686144,-14.0403595,25.56631
1970-01-01 02:52:26,5054.651,115.84113,1000.6676,4.061798,-13.207249,26.337065
1970-01-01 02:52:27,5004.9814,121.21258,1118.8386,-1.1835785,6.5772834,24.165731
1970-01-01 02:52:28,5128.699,124.196144,654.12897,1.207327,16.503185,24.418419
1970-01-01 02:52:29,5235.9536,117.594604,597.066,5.0272837,2.9822416,25.976137
1970-01-01 02:52:30,5130.539,123.60039,657.7604,-0.299038,-8.652781,25.42033
1970-01-01 02:52:31,5182.0894,123.96402,1220.9554,3.8088923,-19.779835,26.270412
1970-01-01 02:52:32,5208.641,128.35559,491.21478,2.0567188,-23.942085,26.121016
1970-01-01 02:52:33,5158.9224,119.8928,245.60947,2.0308096,20.00572,27.583027
1970-01-01 02:52:34,5286.244,108.997,1019.0156,-2.3870533,5.6102724,27.269077
1970-01-01 02:52:35,5189.795,126.904205,883.3888,0.08098048,0.89539546,27.584757
1970-01-01 02:52:36,5146.342,115.00665,982.76654,0.7973285,-0.40209395,28.738886
1970-01-01 02:52:37,5333.6963,116.478035,950.16547,2.096162,-10.434017,27.728975
1970-01-01 02:52:38,5332.942,122.23157,871.8537,4.703133,2.962906,27.784147
1970-01-01 02:52:39,5292.5835,125.35516,755.05396,1.4510428,11.846781,28.995863
1970-01-01 02:52:40,5362.659,124.05595,786.10004,-0.024449218,-2.1571405,29.19819
1970-01-01 02:52:41,5179.2144,127.7149,563.0836,-0.061463825,10.699462,29.320024
1970-01-01 02:52:42,5316.4893,123.560715,1067.9781,5.9683585,-12.039443,30.391716
1970-01-01 02:52:43,5321.8125,117.26141,824.28375,3.8292036,-5.1914687,32.379414
1970-01-01 02:52:44,5487.5776,122.38118,601.4969,-1.8408898,-3.2131357,33.85422
1970-01-01 02:52:45,5326.012,118.97835,,2.956228,8.823287,34.650795
1970-01-01 02:52:46,5166.621,125.23261,859.5143,0.1220863,-8.6160755,34.576214
1970-01-01 02:52:47,5309.6475,129.15279,816.69305,-2.2863376,-9.389037,34.86392
1970-01-01 02:52:48,5476.937,127.32025,592.37225,1.0783744,-1.1307998,34.204193
1970-01-01 02:52:49,5373.288,122.99885,544.0052,5.9444685,1.5726163,34.078384
1970-01-01 02:52:50,5491.908,,696.8854,0.02393611,4.396086,32.206398
1970-01-01 02:52:51,5283.994,125.86995,887.49756,2.972685,15.042867,32.96407
1970-01-01 02:52:52,5420.0303,123.14461,902.84424,3.5177112,-7.984297,32.231804
1970-01-01 02:52:53,5623.02,114.781624,828.3044,3.9594135,-12.065803,30.662912
1970-01-01 02:52:54,5591.1626,119.02576,820.8788,10.094841,19.305286,30.95321
1970-01-01 02:52:55,5491.888,124.19856,585.3406,1.881913,3.7012267,31.1057
1970-01-01 02:52:56,5591.038,126.69449,860.3451,4.816829,2.629313,30.877321
1970-01-01 02:52:57,5431.8037,119.567406,1121.2938,3.8472104,-4.0565825,31.793295
1970-01-01 02:52:58,5687.7983,127.76246,933.24146,0.99558246,-11.0978985,31.264162
1970-01-01 02:52:59,5562.6826,118.1817,832.2473,5.221304,-2.2386062,30.341177
1970-01-01 02:53:00,5625.3564,116.58385,700.263,1.7511675,6.874339,31.229614
1970-01-01 02:53:01,5579.4067,122.95733,993.9154,0.6266371,19.62092,31.939781
1970-01-01 02:53:02,5603.414,118.35173,754.4024,5.4166303,8.420735,29.508167
1970-01-01 02:53:03,5646.356,119.01039,764.0603,2.8120136,0.4347086,31.422052
1970-01-01 02:53:04,5695.5996,119.65731,593.0607,-0.8901823,-20.437382,31.871359
1970-01-01 02:53:05,5683.1416,115.55961,826.69525,-0.7762758,10.750654,32.817825
1970-01-01 02:53:06,5721.031,116.369576,724.0696,1.0349044,4.8417964,33.561382
1970-01-01 02:53:07,5571.6055,123.32268,883.1236,1.8563255,-6.6526585,32.831165
1970-01-01 02:53:08,5557.9688,120.91063,1031.659,-6.3696175,11.265016,31.908627
1970-01-01 02:53:09,5780.3066,128.78163,1104.412,3.4163797,12.213814,31.859114
1970-01-01 02:53:10,5811.6006,128.14777,699.6277,4.502148,0.9731751,33.15187
1970-01-01 02:53:11,5686.169,126.82418,685.9116,-0.53071433,12.167985,33.472878
1970-01-01 02:53:12,5662.7837,117.94476,596.04785,1.3221735,-1.4574833,33.098904
1970-01-01 02:53:13,5822.223,128.01672,702.4228,4.5734825,1.1798613,33.651413
1970-01-01 02:53:14,5819.7046,115.672134,589.46405,2.4532518,2.352428,34.686924
1970-01-01 02:53:15,5611.248,119.213615,805.0999,1.5737395,8.65863,32.835526
1970-01-01 02:53:16,5828.4336,133.4732,889.0949,3.9626815,4.1385136,32.60721
1970-01-01 02:53:17,5748.5767,117.029,734.0036,5.41927,10.797825,34.035854
1970-01-01 02:53:18,5821.1914,126.36145,515.8449,2.3877947,-13.709767,33.189674
1970-01-01 02:53:19,5978.951,127.49381,308.29245,2.798107,19.704634,33.250446
1970-01-01 02:53:20,5879.4014,124.1836,756.3144,2.4002743,7.3151255,33.42539
1970-01-01 02:53:21,5831.482,125.7,941.13055,2.4820447,-11.198667,32.978115
1970-01-01 02:53:22,5927.9536,122.34921,646.8849,2.7940598,-1.9347345,33.5823
1970-01-01 02:53:23,5963.9526,131.71077,797.06104,0.6503868,-4.0271635,34.200134
1970-01-01 02:53:24,6092.5376,119.37508,938.39044,6.7638807,7.4362626,35.40451
1970-01-01 02:53:25,5943.819,120.03993,830.64307,-2.0295362,-31.81635,34.97356
1970-01-01 02:53:26,5847.9956,124.08487,1096.5023,3.4753003,-1.7653188,36.77724
1970-01-01 02:53:27,5831.135,114.79137,569.5609,5.462057,12.634905,36.464703
1970-01-01 02:53:28,5856.5176,123.416626,517.9869,-0.99682003,14.541191,36.34289
1970-01-01 02:53:29,5981.136,128.9085,843.83527,1.792015,-13.295956,36.924362
1970-01-01 02:53:30,6020.6997,123.97383,728.63666,6.2805986,4.7915163,37.296356
1970-01-01 02:53:31,6045.3135,121.31953,786.35895,7.8817058,-12.676558,36.686012
1970-01-01 02:53:32,6283.8916,117.38161,722.38385,5.4177246,8.838496,35.457848
1970-01-01 02:53:33,5979.9814,123.266174,592.4288,2.108459,-5.981339,36.301434
1970-01-01 02:53:34,6084.4756,120.09029,831.6879,1.1816844,10.504606,35.353878
1970-01-01 02:53:35,6135.995,121.39637,1006.4742,0.8941038,-15.37955,34.75698
1970-01-01 02:53:36,6028.108,121.75413,953.5856,2.109365,0.52596384,34.08402
1970-01-01 02:53:37,6050.3604,116.114006,937.9532,4.798358,1.4906363,34.911957
1970-01-01 02:53:38,6054.4326,121.94114,856.22626,4.180865,3.4558926,36.25617
1970-01-01 02:53:39,6070.34,121.76554,673.47144,2.1169674,-20.103014,36.07935
1970-01-01 02:53:40,6253.482,128.72925,925.6396,-6.2434506,-14.522996,35.712208
1970-01-01 02:53:41,6116.9766,123.49295,591.01086,-1.2396731,-5.462661,35.89989
1970-01-01 02:53:42,6232.317,112.642395,789.9883,4.108896,3.914789,36.967598
1970-01-01 02:53:43,6216.027,122.73255,731.47406,8.749023,18.423033,37.413555
1970-01-01 02:53:44,6315.972,120.950356,653.55896,-1.5422087,-11.278098,37.91511
1970-01-01 02:53:45,6268.642,126.72408,875.7524,1.9548926,9.410795,35.77508
1970-01-01 02:53:46,6260.9062,120.99246,1067.9388,3.5399466,9.89648,35.87173
1970-01-01 02:53:47,6231.6987,118.705345,574.2437,6.553733,13.8245125,36.427536
1970-01-01 02:53:48,6353.648,125.68674,868.5765,-0.39880493,15.075399,35.992966
1970-01-01 02:53:49,6220.8296,124.97587,642.82336,0.7962458,-10.078613,35.496025
1970-01-01 02:53:50,6357.719,122.36886,583.68915,3.9869986,18.444788,35.680515
1970-01-01 02:53:51,6374.188,126.78427,811.6899,5.6446004,4.6001406,36.87303
1970-01-01 02:53:52,,118.20044,937.8826,-3.3321877,1.9409187,36.242302
1970-01-01 02:53:53,6224.8413,124.3305,833.39966,4.8034015,-9.60233,37.096966
1970-01-01 02:53:54,6306.1,122.78407,920.9206,-0.06929272,3.667891,35.902912
1970-01-01 02:53:55,6365.21,123.83778,772.36536,-0.79135746,-8.133319,35.62463
1970-01-01 02:53:56,6336.6025,124.452736,1100.7571,-2.1106498,3.9338102,36.688927
1970-01-01 02:53:57,6334.2593,120.21622,952.9768,2.6020348,-7.146766,35.703243
1970-01-01 02:53:58,6463.9614,115.003494,914.9247,3.4053438,10.842245,36.90971
1970-01-01 02:53:59,6495.3813,115.03123,930.0468,1.9849043,6.68648,35.791492
1970-01-01 02:54:00,6479.4805,125.183914,658.17865,-0.45609707,6.798128,35.691147
1970-01-01 02:54:01,6449.4146,121.64838,396.32925,5.240876,4.069511,34.52288
1970-01-01 02:54:02,6428.018,127.90181,578.22034,4.329335,-25.52995,34.40403
1970-01-01 02:54:03,6575.859,113.82283,522.41406,-6.489386,5.837129,35.66282
1970-01-01 02:54:04,6441.9575,121.93283,848.3052,4.967512,-12.585818,36.5671
1970-01-01 02:54:05,6571.2803,126.52131,1116.3615,2.1684992,3.6020305,35.5913
1970-01-01 02:54:06,6605.6323,126.80873,631.0441,5.4836526,-0.8556318,37.042892
1970-01-01 02:54:07,6537.7417,121.20037,1023.9867,1.2397418,5.0014844,36.96138
1970-01-01 02:54:08,6510.4375,121.66782,941.5068,3.0036402,-7.740638,36.87955
1970-01-01 02:54:09,6539.9624,122.01215,902.6483,0.9315356,1.8021435,36.05718
1970-01-01 02:54:10,6650.3193,119.560524,805.7648,1.6645566,18.86897,36.076
1970-01-01 02:54:11,6659.0376,117.663734,781.57416,7.227117,-13.28517,36.558968
1970-01-01 02:54:12,6747.3223,124.90666,985.617,3.3957329,4.7600274,34.03385
1970-01-01 02:54:13,6532.3213,125.73624,555.4823,4.2421994,-9.699333,34.952206
1970-01-01 02:54:14,6689.549,124.09319,591.80457,5.484248,-5.8613315,35.984203
1970-01-01 02:54:15,6618.6675,127.328285,1082.4658,4.658474,7.7595935,36.570892
1970-01-01 02:54:16,6795.6333,133.13861,755.63293,5.1688867,-2.9413846,37.66741
1970-01-01 02:54:17,6634.0884,123.45888,465.99408,-1.3641788,,37.378845
1970-01-01 02:54:18,6814.514,124.71998,562.97614,5.029103,2.696509,37.706524
1970-01-01 02:54:19,6734.757,126.848015,1104.7683,3.6074374,-16.451345,36.748234
1970-01-01 02:54:20,6786.8237,124.7549,786.7318,1.9306052,-10.291704,37.186604
1970-01-01 02:54:21,6661.3247,112.50001,882.01697,-1.723267,-8.562046,38.151485
1970-01-01 02:54:22,6892.1504,120.85176,646.1782,2.9751275,-7.015254,37.9132
1970-01-01 02:54:23,6819.346,125.1596,513.70703,1.9881871,-0.055540483,36.528492
1970-01-01 02:54:24,6781.8257,128.2544,481.87512,3.862643,-10.932539,36.765015
1970-01-01 02:54:25,6952.5103,126.83715,512.31836,-0.24418876,0.03291061,36.119823
1970-01-01 02:54:26,6831.9736,121.628845,549.3136,5.5011983,-2.239463,35.74267
1970-01-01 02:54:27,6803.7427,120.10464,988.6151,0.34386605,9.071761,36.14015
1970-01-01 02:54:28,6963.7695,121.700005,646.7315,2.0023777,13.008667,36.51758
1970-01-01 02:54:29,6964.1157,125.70659,1018.2752,2.2404935,-9.792289,37.815586
1970-01-01 02:54:30,6918.3745,124.819756,501.1214,5.1728835,-7.0345297,36.936954
1970-01-01 02:54:31,6891.6743,124.60713,748.2164,2.4225137,-5.29325,36.326424
1970-01-01 02:54:32,7021.9297,129.6652,1014.4001,7.2881126,9.651065,37.350533
1970-01-01 02:54:33,7038.9336,124.00641,763.3685,5.7233205,5.451663,36.420147
1970-01-01 02:54:34,7086.5806,127.409164,861.38116,4.0526357,1.1202632,37.72727
1970-01-01 02:54:35,6956.5293,122.13239,1022.1787,6.3483076,26.064867,37.43124
1970-01-01 02:54:36,6909.9517,129.15404,741.48517,1.0924294,-1.3120253,38.90026
1970-01-01 02:54:37,6959.774,114.789764,1033.261,4.486421,-3.324104,38.708324
1970-01-01 02:54:38,6933.3794,115.8583,1033.3278,3.601824,18.682663,38.62518
1970-01-01 02:54:39,6879.834,125.29938,590.77045,0.9856527,2.6019576,39.1627
1970-01-01 02:54:40,7068.6895,124.21271,819.1927,-0.2418016,-3.87042,39.340527
1970-01-01 02:54:41,7065.8755,122.50699,616.9601,6.005064,1.4798204,39.862473
1970-01-01 02:54:42,7066.084,124.25044,972.55444,-1.2334106,-2.2994068,42.545223
1970-01-01 02:54:43,6971.6494,124.776566,790.73584,-3.4632425,-4.4860806,42.216106
1970-01-01 02:54:44,7076.7236,123.02765,423.09076,4.509405,2.7990272,42.560696
1970-01-01 02:54:45,7216.204,115.7781,822.90045,2.3236,-7.224583,40.177746
1970-01-01 02:54:46,7022.123,124.953545,620.0687,2.0865645,15.333253,39.519833
1970-01-01 02:54:47,7146.9053,119.19315,710.39075,-1.1978687,4.714976,41.353897
1970-01-01 02:54:48,7063.0093,119.39857,516.4062,0.3878424,-12.552504,42.162743
1970-01-01 02:54:49,7156.1084,120.19467,1100.1644,4.110537,0.14279705,42.008194
1970-01-01 02:54:50,7100.179,114.7879,625.8056,4.2857313,-0.7625356,42.6437
1970-01-01 02:54:51,7200.9487,121.05463,1188.9689,1.993413,8.6249695,42.369232
1970-01-01 02:54:52,7255.0103,114.05484,771.22034,4.586954,-9.053115,43.38901
1970-01-01 02:54:53,7188.591,119.9522,851.37524,-0.034818903,1.9124827,43.578724
1970-01-01 02:54:54,7175.0513,125.80516,755.8953,5.7026935,3.5350533,44.606983
1970-01-01 02:54:55,7338.186,127.52261,536.94745,2.3353672,3.2491,46.563282
1970-01-01 02:54:56,7156.278,121.639915,1046.2633,-0.09819087,17.560371,46.183315
1970-01-01 02:54:57,7261.9478,121.70721,1020.13116,-1.303926,-3.0500853,46.254486
1970-01-01 02:54:58,7328.059,128.85254,692.3751,0.19080234,-0.82557994,46.797173
1970-01-01 02:54:59,7230.2056,127.71844,909.44855,2.2007065,-5.8808312,46.400658
1970-01-01 02:55:00,7265.1416,130.101,395.11322,2.3034585,-1.6734239,46.075863
1970-01-01 02:55:01,7356.285,128.68314,791.8466,0.0018061653,9.4061365,46.70393
1970-01-01 02:55:02,,127.378174,1025.9445,5.982338,-9.244078,45.478214
1970-01-01 02:55:03,7459.8926,122.66373,1121.5168,-0.93753546,-5.0396295,46.341606
1970-01-01 02:55:04,7463.5464,125.33537,1106.735,0.47793534,-11.948487,47.37586
1970-01-01 02:55:05,7345.685,124.361145,988.4864,4.2750187,-1.7350003,47.007454
1970-01-01 02:55:06,7361.3096,129.1918,680.3628,2.7373106,8.667673,47.133717
1970-01-01 02:55:07,7406.919,125.27143,793.607,3.9566636,5.4775815,48.93779
1970-01-01 02:55:08,7452.0615,123.40731,620.3772,3.016322,-11.215513,48.08981
1970-01-01 02:55:09,7564.773,121.8969,923.3293,-3.767488,-0.68303794,47.761875
1970-01-01 02:55:10,7536.231,124.10523,830.71716,5.307959,-12.814498,45.80815
1970-01-01 02:55:11,7466.0845,130.95555,1201.3912,-2.5194452,-2.8182101,45.939816
1970-01-01 02:55:12,7436.8545,121.753716,1086.6797,2.0468388,22.551521,44.77487
1970-01-01 02:55:13,7630.126,127.75837,897.16907,1.4036331,-0.8851093,45.667213
1970-01-01 02:55:14,7577.0776,119.98712,1109.6968,-1.1298677,-3.1236703,44.215805
1970-01-01 02:55:15,7445.454,127.4309,829.39075,-1.4716203,23.209757,42.93164
1970-01-01 02:55:16,7549.517,119.67474,903.59515,-0.4562101,13.428921,43.356148
1970-01-01 02:55:17,7576.483,124.63522,597.7629,-0.848018,,43.391632
1970-01-01 02:55:18,7757.368,120.186874,615.9985,-2.036073,0.45309687,43.09331
1970-01-01 02:55:19,7637.3706,124.830055,1003.01355,-3.9698467,1.7725177,44.471832
1970-01-01 02:55:20,7664.0537,129.47408,807.413,2.8566923,7.5190563,44.035164
1970-01-01 02:55:21,7586.233,126.0955,622.7216,2.6905608,9.006425,42.553967
1970-01-01 02:55:22,7664.449,130.04509,907.28705,-1.0547539,5.9619756,44.628117
1970-01-01 02:55:23,7743.923,124.24322,672.63776,4.9446707,9.277319,43.252403
1970-01-01 02:55:24,7665.0957,123.96724,805.01385,10.018379,7.360764,42.277596
1970-01-01 02:55:25,7824.6567,128.18942,922.44476,4.065808,9.669383,42.909946
1970-01-01 02:55:26,7684.2188,123.11646,1028.9357,0.34966886,7.214484,43.095818
1970-01-01 02:55:27,7642.414,125.289345,737.9662,-4.3343167,5.929485,42.328556
1970-01-01 02:55:28,7705.67,122.23225,1198.2523,-2.415916,6.442448,41.717327
1970-01-01 02:55:29,7776.6616,127.25144,793.96924,0.86074984,0.7828642,40.852142
1970-01-01 02:55:30,7896.774,124.49299,822.619,4.2492013,-2.7428627,41.449043
1970-01-01 02:55:31,7728.2944,121.03308,793.5873,-0.59587425,-3.8477218,41.20546
1970-01-01 02:55:32,7749.691,127.50283,1124.6428,2.7459788,4.095082,41.236233
1970-01-01 02:55:33,7899.4297,123.803635,767.66766,-1.283627,8.114562,42.259396
1970-01-01 02:55:34,7738.529,124.79884,594.61456,3.839298,1.6222517,43.373272
1970-01-01 02:55:35,7845.766,124.87545,1012.8326,-0.013724686,-14.664879,43.97438
1970-01-01 02:55:36,7917.1904,117.751434,831.88983,-1.4464924,-9.481348,42.95696
1970-01-01 02:55:37,7812.772,118.76142,856.0717,-0.30817178,9.958916,42.85545
1970-01-01 02:55:38,7835.7793,122.60359,873.3275,3.3743076,7.006121,41.46881
1970-01-01 02:55:39,7935.5996,120.2795,431.79926,2.8066006,-9.598295,42.310406
1970-01-01 02:55:40,7874.6445,122.068405,874.7828,1.0536485,-13.426458,42.337814
1970-01-01 02:55:41,7898.5156,127.60621,1048.1736,-1.380605,7.544132,44.151657
1970-01-01 02:55:42,7954.992,119.87519,814.6739,0.40655988,3.088764,42.778877
1970-01-01 02:55:43,8117.8335,127.66376,756.0596,-0.45643637,3.4358287,43.60033
1970-01-01 02:55:44,8134.5093,121.349045,729.3769,-3.7861,-14.625185,42.587395
1970-01-01 02:55:45,8065.139,123.42551,327.59506,-1.9941816,-13.158506,41.400894
1970-01-01 02:55:46,8041.471,119.523636,825.0176,5.2613134,15.495601,39.946045
1970-01-01 02:55:47,8052.0195,127.9187,986.39014,1.120611,4.886581,38.314934
1970-01-01 02:55:48,8140.436,126.0701,907.77026,-1.6958088,8.468429,37.260803
1970-01-01 02:55:49,8057.82,120.02867,725.64795,-1.193238,-11.646452,37.626247
1970-01-01 02:55:50,8093.0913,117.48682,888.37787,-0.7917385,3.9420998,36.579178
1970-01-01 02:55:51,8049.769,120.23642,1001.24585,-0.83115196,17.260996,36.420475
1970-01-01 02:55:52,8242.465,124.709015,967.98224,6.5334196,2.3022065,38.24469
1970-01-01 02:55:53,8282.861,122.44495,730.65186,3.4783108,6.556551,38.493435
1970-01-01 02:55:54,8121.4453,118.41881,679.8859,3.7015014,-5.590467,38.713516
1970-01-01 02:55:55,8091.7397,129.87943,593.59454,0.14620839,5.0597267,38.977283
1970-01-01 02:55:56,8101.1694,114.132805,1027.97,6.392558,8.263896,38.093704
1970-01-01 02:55:57,8169.649,,799.7921,1.7688457,25.117252,37.394096
1970-01-01 02:55:58,8323.41,113.44258,504.0016,-0.3427665,16.108166,38.22123
1970-01-01 02:55:59,8151.352,129.01062,1028.4658,2.3022864,9.819178,38.88346
1970-01-01 02:56:00,8087.048,120.413185,966.24744,4.084174,-0.35211998,37.426807
1970-01-01 02:56:01,8323.637,119.268364,515.58356,-0.8294298,-5.193911,36.99365
1970-01-01 02:56:02,8358.893,125.704124,713.81165,-4.273175,-12.68476,36.10606
1970-01-01 02:56:03,8265.337,125.239204,763.8986,3.6260695,-4.4472237,35.07995
1970-01-01 02:56:04,8350.344,125.295555,1278.9257,-0.4884382,-12.065534,35.488094
1970-01-01 02:56:05,8352.603,120.99741,832.4668,-0.3135667,0.008163341,36.23696
1970-01-01 02:56:06,8277.172,131.32863,671.8496,-3.6993074,-7.5607533,36.436207
1970-01-01 02:56:07,8073.8354,127.664566,881.9919,-0.4919619,-0.18149425,36.682526
1970-01-01 02:56:08,8329.956,125.31438,662.0765,0.5553325,2.5685823,36.19054
1970-01-01 02:56:09,8391.936,124.61481,512.1262,6.2058306,2.898466,35.426
1970-01-01 02:56:10,8413.719,120.53731,530.4912,1.6251987,6.7661686,34.66703
1970-01-01 02:56:11,8301.986,129.2308,945.2345,3.1980858,15.139041,33.365314
1970-01-01 02:56:12,8442.134,123.7125,795.17957,1.3398511,-2.2953053,31.941483
1970-01-01 02:56:13,8324.79,124.43543,1213.2869,-2.9250433,3.4392834,31.68268
1970-01-01 02:56:14,8442.967,117.50769,878.74994,2.029206,2.1533527,33.188625
1970-01-01 02:56:15,8488.633,122.682014,727.34106,2.2245069,-4.2390943,32.36817
1970-01-01 02:56:16,8506.206,122.41219,1183.3363,-1.8011565,9.799453,32.601482
1970-01-01 02:56:17,8592.599,127.67602,967.4835,-0.50129986,4.333969,33.310246
1970-01-01 02:56:18,8419.098,135.65038,689.4853,-0.5718912,18.445738,32.510048
1970-01-01 02:56:19,8470.732,123.96672,1030.1512,2.232624,6.9960294,32.552197
1970-01-01 02:56:20,8357.881,128.06245,788.67926,3.6568456,-13.62281,31.284613
1970-01-01 02:56:21,8556.041,127.4171,910.4439,1.3552876,-0.57193047,30.72732
1970-01-01 02:56:22,8473.609,125.05464,673.96094,-0.3943732,6.7265,29.866083
1970-01-01 02:56:23,8571.408,131.98471,788.12805,-0.30922002,8.243324,30.3603
1970-01-01 02:56:24,8635.3,129.49931,943.76575,-0.13100462,5.269215,29.559101
1970-01-01 02:56:25,8575.063,122.02622,859.84216,6.856382,3.1851044,29.310053
1970-01-01 02:56:26,8513.511,122.932236,1162.3011,3.52012,0.43218505,29.357458
1970-01-01 02:56:27,8650.542,128.36243,424.58423,-5.854473,-1.8116996,27.6045
1970-01-01 02:56:28,8676.258,126.68595,719.8618,-0.22682445,-12.360259,27.875498
1970-01-01 02:56:29,8601.201,126.28485,615.1201,1.6852154,5.43978,27.553717
1970-01-01 02:56:30,8622.762,124.193695,492.8317,0.8193171,5.3022385,24.466393
1970-01-01 02:56:31,8818.767,124.31515,626.3551,-3.0797882,-3.7304313,23.247248
1970-01-01 02:56:32,8670.113,124.22839,531.5266,4.3275905,0.028286658,22.692337
1970-01-01 02:56:33,8783.997,128.94002,986.97064,5.753124,5.4690886,22.070375
1970-01-01 02:56:34,8650.236,126.28362,432.64935,5.855344,-1.9606756,22.627941
1970-01-01 02:56:35,8810.552,118.80586,734.6338,-0.30428353,2.4602497,25.331429
1970-01-01 02:56:36,8867.063,123.67374,612.3218,-2.2785223,-18.786938,
1970-01-01 02:56:37,8791.874,120.88248,1062.7635,-0.28893825,1.1258311,24.670975
1970-01-01 02:56:38,8880.199,126.1341,564.46985,2.3219414,15.42332,
1970-01-01 02:56:39,9011.885,128.50876,768.8169,2.319199,-10.676076,28.319374
1970-01-01 02:56:40,8678.581,128.57652,215.73495,2.5741615,-5.390684,29.015257
1970-01-01 02:56:41,8872.635,122.07437,601.5914,0.23136646,-9.088048,27.390253
1970-01-01 02:56:42,8811.013,129.74478,819.26245,2.6698554,-18.514202,27.75534
1970-01-01 02:56:43,8807.406,128.33426,875.68896,3.8552604,-8.1991,26.584694
1970-01-01 02:56:44,8745.591,123.91024,612.5588,-1.9472262,-19.283543,26.340788
1970-01-01 02:56:45,8860.649,124.089424,710.86127,4.577223,2.3526616,25.801153
1970-01-01 02:56:46,8894.687,125.31151,593.27795,6.561503,-1.1836709,26.218597
1970-01-01 02:56:47,9035.428,123.83596,794.264,4.9816885,0.89257216,27.129227
1970-01-01 02:56:48,8817.729,121.93621,969.3844,-1.1821233,15.270619,27.522013
1970-01-01 02:56:49,8787.17,126.07619,679.7129,-0.8490504,10.548276,26.625622
1970-01-01 02:56:50,9023.898,126.293686,906.4728,0.28014696,-3.1304529,26.77678
1970-01-01 02:56:51,8901.015,124.852936,317.5305,5.1048803,-5.395682,28.53654
1970-01-01 02:56:52,8912.434,122.077354,864.22284,-1.5223024,2.956279,28.52497
1970-01-01 02:56:53,9086.174,120.33116,593.7053,5.2199955,12.05391,28.435379
1970-01-01 02:56:54,8964.015,119.99141,739.75793,-0.97562945,-6.0866776,27.970644
1970-01-01 02:56:55,9097.327,127.830536,919.54395,4.8464785,-3.6056132,25.723242
1970-01-01 02:56:56,9088.778,128.7998,709.2567,1.4311663,22.967125,25.020128
1970-01-01 02:56:57,8975.496,123.73865,637.51843,-3.7726145,-4.2779517,25.707235
1970-01-01 02:56:58,9061.565,124.238205,792.2061,0.21558493,15.034216,26.206558
1970-01-01 02:56:59,9035.921,123.77864,721.32153,-1.8962114,-0.52488524,26.841137
1970-01-01 02:57:00,9245.196,123.9006,681.8699,3.782105,-5.1548204,26.061329
1970-01-01 02:57:01,9024.211,123.14492,1168.1882,-0.35156065,2.5066547,25.330238
1970-01-01 02:57:02,9127.714,124.91823,528.06354,2.4048345,3.0229447,24.886532
1970-01-01 02:57:03,9263.546,132.45499,886.87354,2.8270197,-3.3102334,23.416338
1970-01-01 02:57:04,9228.785,129.13855,1150.92,6.04004,-2.5019639,22.772243
1970-01-01 02:57:05,9133.019,136.77733,600.21216,-0.46283373,10.545183,23.26366
1970-01-01 02:57:06,9203.576,124.94024,894.4567,-2.2961547,-1.0706073,24.01517
1970-01-01 02:57:07,9269.415,125.03091,865.80414,-2.4728754,0.877479,23.921215
1970-01-01 02:57:08,9119.391,131.9887,604.4502,1.2712704,8.367818,22.753689
1970-01-01 02:57:09,9110.36,121.31461,631.74414,2.3558984,-19.12745,21.725468
1970-01-01 02:57:10,9309.423,120.24079,648.8344,0.18229687,-5.071543,21.78108
1970-01-01 02:57:11,9245.895,130.34805,544.5011,5.14638,-11.108008,21.330812
1970-01-01 02:57:12,9215.911,120.764366,964.96875,2.625109,16.260761,20.209597
1970-01-01 02:57:13,9344.949,127.6783,1041.9044,-3.1931238,-11.031592,20.585073
1970-01-01 02:57:14,9225.588,126.2618,374.04062,2.1641645,-10.378602,21.41865
1970-01-01 02:57:15,9433.259,124.51734,835.2269,0.54609144,-10.27804,22.877096
1970-01-01 02:57:16,9335.05,117.94532,676.6666,4.1822762,3.154385,22.058622
1970-01-01 02:57:17,9516.501,126.03954,898.12274,0.6790576,-18.505142,20.485247
1970-01-01 02:57:18,9351.471,124.45465,779.91095,2.2469633,-1.9148612,19.726456
1970-01-01 02:57:19,9396.09,120.020935,578.42035,0.28038093,-7.794945,20.030907
1970-01-01 02:57:20,9294.107,120.06329,412.19077,-3.3033805,14.064493,20.691135
1970-01-01 02:57:21,9423.555,121.675255,426.22162,2.8703208,6.1746993,18.33986
1970-01-01 02:57:22,9427.836,124.55047,1021.43274,-0.2979596,5.1876388,18.877565
1970-01-01 02:57:23,9485.83,123.25727,655.6065,2.8254397,4.877116,18.519535
1970-01-01 02:57:24,9589.269,116.26134,831.88025,-4.6596937,-1.087626,19.79571
1970-01-01 02:57:25,9344.019,128.9962,757.84344,2.9854455,-17.498766,18.340935
1970-01-01 02:57:26,9549.968,126.350876,686.4066,5.0148826,-8.132071,18.669918
1970-01-01 02:57:27,9423.006,,767.54254,1.2195088,8.089648,17.983105
1970-01-01 02:57:28,9477.645,119.52496,1221.0928,-4.549018,1.1380532,16.124067
1970-01-01 02:57:29,9531.0,127.05217,571.0209,3.8415208,-16.97927,16.764015
1970-01-01 02:57:30,9459.39,119.56097,982.51117,2.9211342,11.028483,16.64886
1970-01-01 02:57:31,9492.14,128.97525,466.74313,4.2723017,-4.032886,18.51554
1970-01-01 02:57:32,9494.22,127.12863,513.19385,-0.8055472,2.090168,19.475328
1970-01-01 02:57:33,9629.444,127.74634,675.4964,7.2331343,-1.4450793,19.484415
1970-01-01 02:57:34,9499.834,123.7124,652.6465,2.6399593,-11.819732,17.729275
1970-01-01 02:57:35,9422.175,128.00067,686.21014,2.3306904,-7.2799487,17.815302
1970-01-01 02:57:36,9595.931,126.64208,817.29553,6.443113,-2.355567,18.783533
1970-01-01 02:57:37,9591.785,120.4434,692.3042,0.3690624,9.869862,17.303286
1970-01-01 02:57:38,9676.569,125.23308,616.118,0.059716374,-5.44214,14.556827
1970-01-01 02:57:39,9576.093,126.794426,970.8646,0.062210068,8.706278,15.135127
1970-01-01 02:57:40,9656.796,123.282555,672.0864,2.121857,-6.5508375,13.896964
1970-01-01 02:57:41,9715.645,126.20898,570.4924,2.9913473,11.400866,14.301517
1970-01-01 02:57:42,9686.44,,736.35724,-2.9028983,23.201607,14.235568
1970-01-01 02:57:43,9892.146,126.60978,793.0313,1.4851815,-6.4697175,15.198502
1970-01-01 02:57:44,9813.796,118.115074,1146.3451,,-5.409902,15.800792
1970-01-01 02:57:45,9713.875,125.70648,904.58734,3.0945241,-9.211018,14.83467
1970-01-01 02:57:46,9796.846,130.89864,1083.6367,5.878362,-13.129095,14.777111
1970-01-01 02:57:47,9673.054,129.87059,897.3329,3.0425806,7.1302247,14.834442
1970-01-01 02:57:48,9814.363,119.28571,939.51385,5.0300345,1.956578,15.275164
1970-01-01 02:57:49,10025.126,123.624504,869.35504,5.558921,-5.5297337,16.555307
1970-01-01 02:57:50,9768.058,127.91222,723.8987,-0.7391401,-2.5940738,16.092598
1970-01-01 02:57:51,9975.311,126.216675,745.1128,0.7885665,10.255779,17.824713
1970-01-01 02:57:52,9807.885,126.53116,544.9909,1.3547149,-8.339627,17.418262
1970-01-01 02:57:53,9932.594,122.79483,1140.2423,2.999672,-2.4905825,17.97562
1970-01-01 02:57:54,9881.282,123.90516,716.0137,-0.36061782,15.824338,16.523903
1970-01-01 02:57:55,9843.041,129.98509,827.82104,4.3584437,-8.8684,16.202118
1970-01-01 02:57:56,9951.852,127.09308,705.1605,5.626093,2.8811321,16.515518
1970-01-01 02:57:57,10041.619,131.01776,829.48694,2.6173868,6.78934,15.644604
1970-01-01 02:57:58,10046.621,131.75612,873.5326,-5.2121835,-17.277082,15.016901
1970-01-01 02:57:59,9927.943,130.6717,786.7534,-0.8478113,-12.262345,14.452362
1970-01-01 02:58:00,9957.714,131.08035,969.24225,0.9334414,6.816177,14.985555
1970-01-01 02:58:01,10042.641,125.25332,392.45404,1.2557346,,13.785124
1970-01-01 02:58:02,10046.223,123.9464,901.864,7.4596863,-1.7964157,13.537372
1970-01-01 02:58:03,9906.209,119.13161,1198.7848,5.195175,-17.49289,13.323518
1970-01-01 02:58:04,10078.301,128.97641,696.4291,1.5394334,-1.9989306,13.294401
1970-01-01 02:58:05,10096.431,124.05058,719.553,5.654868,5.920207,12.987084
1970-01-01 02:58:06,10192.757,125.94967,615.13745,-2.96278,8.898217,13.041254
1970-01-01 02:58:07,10017.699,124.628815,691.0714,-1.5756996,9.982897,12.185458
1970-01-01 02:58:08,10029.513,127.1099,812.07666,-2.2923145,-1.3481196,12.274976
1970-01-01 02:58:09,10118.074,124.46093,908.26526,4.203805,-12.04467,13.175618
1970-01-01 02:58:10,10033.273,119.33147,921.5073,6.14035,-2.7864003,12.789326
1970-01-01 02:58:11,10189.451,125.76764,881.7435,1.4150294,1.4797728,13.771653
1970-01-01 02:58:12,10135.174,133.55649,1161.1454,2.5111578,-5.648707,13.166821
1970-01-01 02:58:13,10261.925,126.4443,842.30817,-1.2933838,10.602103,13.582121
1970-01-01 02:58:14,10214.014,115.89184,988.52026,2.6594944,6.2634134,14.503755
1970-01-01 02:58:15,10269.804,132.90932,681.3959,3.9556026,4.589222,14.018336
1970-01-01 02:58:16,10211.315,125.50268,563.3504,2.2158144,10.413871,14.281283
1970-01-01 02:58:17,10267.811,130.2496,661.93787,6.014413,3.5335915,13.368805
1970-01-01 02:58:18,10315.312,129.68541,889.95917,2.1005592,19.289213,14.149809
1970-01-01 02:58:19,10277.206,128.08542,984.5612,1.1857673,17.018934,15.220878
1970-01-01 02:58:20,10276.534,130.20357,562.4531,4.022671,-6.9563885,17.246548
1970-01-01 02:58:21,10257.385,129.68219,364.77963,0.74908245,-12.793865,17.367243
1970-01-01 02:58:22,10302.233,123.40536,548.2644,4.4493127,-12.420527,16.779442
1970-01-01 02:58:23,10383.485,127.92721,888.23663,5.7187448,-6.3541126,16.557941
1970-01-01 02:58:24,10352.282,131.48506,830.793,-3.335552,-0.0494177,16.413721
1970-01-01 02:58:25,10295.266,123.54426,771.625,-0.15945956,5.4838467,16.499836
1970-01-01 02:58:26,10386.214,124.07049,717.10956,1.5584986,-7.139469,16.04694
1970-01-01 02:58:27,10485.687,124.67242,986.3751,0.96779454,10.531676,16.598854
1970-01-01 02:58:28,10506.869,128.87823,266.19482,2.703559,-8.540716,16.347727
1970-01-01 02:58:29,10309.948,130.08324,757.72815,1.0801537,-13.140162,18.151438
1970-01-01 02:58:30,10486.58,124.62597,902.48694,-0.66273826,-8.591147,17.81307
1970-01-01 02:58:31,10407.208,132.79025,607.1617,-2.2711837,-5.9713683,17.26583
1970-01-01 02:58:32,10346.578,123.87669,968.80457,5.085136,-13.352535,18.012709
1970-01-01 02:58:33,10541.67,122.31857,979.35376,-0.4593046,-4.754738,19.15523
1970-01-01 02:58:34,10318.447,125.4494,764.86395,2.966123,18.50653,19.842579
1970-01-01 02:58:35,10382.354,127.27339,780.66986,-3.1828668,-0.7871814,18.475462
1970-01-01 02:58:36,10476.547,125.93725,1088.9257,0.33753553,4.634748,19.34106
1970-01-01 02:58:37,10481.382,130.19736,873.7358,-2.77361,4.981829,20.438078
1970-01-01 02:58:38,10493.359,128.88203,755.5689,2.042329,12.822594,21.105227
1970-01-01 02:58:39,10411.438,128.85326,523.8694,-2.977766,12.422497,22.625599
1970-01-01 02:58:40,10382.251,122.4331,1212.2769,7.746796,23.20139,22.565786
1970-01-01 02:58:41,10647.66,123.0271,587.7516,4.7718725,10.188703,22.974415
1970-01-01 02:58:42,10547.794,126.89662,571.92523,-1.3122592,-13.847356,25.253336
1970-01-01 02:58:43,10610.75,123.342705,241.35379,4.902095,3.8514967,23.906631
1970-01-01 02:58:44,10589.752,120.86914,661.93787,1.0077952,-9.084689,24.092785
1970-01-01 02:58:45,10670.479,130.39272,630.15393,-0.14863113,0.15848689,24.73571
1970-01-01 02:58:46,10606.688,133.00745,506.81302,-2.401506,4.5271196,24.710941
1970-01-01 02:58:47,10717.994,129.30194,940.2358,2.6545823,-12.647755,24.86313
1970-01-01 02:58:48,10636.58,121.61826,1003.76465,5.2964935,-0.3826626,25.081356
1970-01-01 02:58:49,10700.516,121.88586,572.9606,2.04787,-8.758541,25.163027
1970-01-01 02:58:50,10575.59,116.3431,999.12213,6.414572,5.615067,25.846994
1970-01-01 02:58:51,10662.751,123.23761,416.65442,4.01281,-0.080824666,26.850056
1970-01-01 02:58:52,10883.958,126.64703,1105.2522,-0.32271576,-19.227737,26.31002
1970-01-01 02:58:53,10779.691,121.996475,745.66235,2.6852496,-4.1447015,26.500889
1970-01-01 02:58:54,10740.007,128.11377,621.3617,2.847297,-9.643259,26.283203
1970-01-01 02:58:55,10798.643,131.03296,857.53326,0.4108342,-2.4912312,26.524935
1970-01-01 02:58:56,10682.032,127.35159,1152.7701,4.0755506,19.619879,26.541248
1970-01-01 02:58:57,10807.696,135.52304,847.55255,6.2467756,-5.287931,29.445799
1970-01-01 02:58:58,10796.344,121.263435,839.5226,1.2981727,-18.006075,29.02215
1970-01-01 02:58:59,10919.962,126.614525,672.9174,1.0049031,-19.21629,28.601923
1970-01-01 02:59:00,10833.39,117.068245,901.8417,3.492269,-11.618438,27.286797
1970-01-01 02:59:01,10962.363,128.37149,836.5683,0.43061173,3.1650937,26.317642
1970-01-01 02:59:02,10911.169,112.823,1054.281,4.045149,-3.6514235,27.716593
1970-01-01 02:59:03,10898.475,126.13198,925.34863,1.5758686,13.170208,28.166443
1970-01-01 02:59:04,10880.851,126.88645,678.03107,-2.9299448,-10.386567,28.434818
1970-01-01 02:59:05,10835.458,120.1273,715.6135,1.988285,10.324978,26.78852
1970-01-01 02:59:06,10824.394,123.6593,897.1284,2.4751763,0.6237699,27.095432
1970-01-01 02:59:07,11073.142,126.60798,917.75684,0.92778325,12.363155,28.709553
1970-01-01 02:59:08,10922.81,127.65502,1073.5797,2.0446913,6.2342525,28.224834
1970-01-01 02:59:09,11059.731,122.91263,615.79047,5.7418537,-9.783573,28.628233
1970-01-01 02:59:10,11059.79,130.83762,731.84064,1.0178375,-10.792916,27.936024
1970-01-01 02:59:11,11044.8545,128.97815,778.6501,4.1299314,-1.3257124,27.232773
1970-01-01 02:59:12,11036.649,,878.1653,-0.077015154,-1.7767665,28.296345
1970-01-01 02:59:13,11184.876,128.04846,562.94574,-1.8845978,23.490503,27.618935
1970-01-01 02:59:14,11048.269,128.82956,855.03894,1.0006261,-7.977541,27.680145
1970-01-01 02:59:15,10850.025,131.63086,1152.4363,4.731773,-3.7124612,28.92065
1970-01-01 02:59:16,11042.359,133.27194,1057.055,6.679006,-16.342926,28.62003
1970-01-01 02:59:17,11184.838,130.41498,714.4438,3.1181595,-21.068567,28.613459
1970-01-01 02:59:18,11072.755,125.49784,689.0901,3.6123648,5.6462126,29.888332
1970-01-01 02:59:19,11084.869,122.98368,942.563,3.5334911,7.180934,31.792118
1970-01-01 02:59:20,11130.561,121.36666,932.53314,1.1310112,-13.665835,32.20851
1970-01-01 02:59:21,11317.058,122.866745,781.7315,2.3863418,-4.2858505,34.264828
1970-01-01 02:59:22,11252.401,123.46626,734.05676,1.9056628,-7.275978,35.310608
1970-01-01 02:59:23,11142.513,128.65402,536.00903,1.9573358,-1.5654105,37.12265
1970-01-01 02:59:24,11173.482,129.89978,1060.2795,6.606111,3.6730433,36.443413
1970-01-01 02:59:25,11232.375,132.73033,730.73315,1.1227773,27.417957,36.427944
1970-01-01 02:59:26,11165.313,127.399086,875.04285,-3.4642203,2.6286561,37.296005
1970-01-01 02:59:27,11225.745,121.311806,909.7702,0.17232549,-8.655064,39.154633
1970-01-01 02:59:28,11199.203,125.88654,870.0933,2.9310486,14.282529,39.393402
1970-01-01 02:59:29,11284.253,119.31869,483.5184,2.8580248,-18.63052,41.273
1970-01-01 02:59:30,11348.052,127.84068,628.99316,3.1280384,-8.326062,41.2724
1970-01-01 02:59:31,11254.202,125.495026,664.8818,-1.6069502,4.3706098,39.97462
1970-01-01 02:59:32,11347.021,128.7287,846.2233,2.3576336,2.4398377,39.224266
1970-01-01 02:59:33,11278.418,130.24442,1079.966,-0.48320937,25.99284,39.628475
1970-01-01 02:59:34,11385.668,120.265045,392.86386,3.670163,-4.5815434,38.876442
1970-01-01 02:59:35,11287.92,130.57861,958.0954,8.227409,9.036987,40.74702
1970-01-01 02:59:36,11352.444,131.59,1042.8026,8.511819,7.820647,40.30821
1970-01-01 02:59:37,11343.53,124.047714,822.22375,-1.1640701,8.133095,39.302742
1970-01-01 02:59:38,11381.0205,123.47104,834.42163,2.143111,0.003774609,40.445187
1970-01-01 02:59:39,11319.152,129.56114,661.8396,-1.7156795,-2.0679953,40.210796
1970-01-01 02:59:40,11469.658,127.17972,756.67755,-0.047931634,7.6391077,38.87465
1970-01-01 02:59:41,11456.601,124.26162,839.48975,3.8193035,19.789146,38.120743
1970-01-01 02:59:42,11511.989,124.02899,736.9517,7.2591324,26.655355,38.535114
1970-01-01 02:59:43,11550.009,124.37598,385.2939,-3.642059,-1.4445214,37.719376
1970-01-01 02:59:44,11745.38,125.64488,750.2854,3.7014306,18.98854,36.43931
1970-01-01 02:59:45,11575.458,128.38733,704.7275,1.0219065,14.799359,35.42545
1970-01-01 02:59:46,11464.078,130.72519,1177.8567,-1.3982363,-1.0272114,34.480793
1970-01-01 02:59:47,11631.693,127.206116,497.18207,1.7401167,-1.4865878,32.999973
1970-01-01 02:59:48,11498.765,131.08264,785.74243,3.961804,9.8369665,33.884544
1970-01-01 02:59:49,11575.179,123.173615,662.3978,0.18376352,-6.103291,34.09419
1970-01-01 02:59:50,11600.161,121.71391,854.8354,3.9845576,17.711792,34.463776
1970-01-01 02:59:51,11559.382,117.16778,565.6508,2.4853778,-1.9451482,34.687332
1970-01-01 02:59:52,11668.943,123.55816,859.85535,0.48843765,-6.0373063,35.502686
1970-01-01 02:59:53,11735.69,128.2816,934.9365,-1.3217225,8.031245,36.06941
1970-01-01 02:59:54,,128.81966,811.04736,-0.65643346,-17.309214,34.935966
1970-01-01 02:59:55,11629.83,130.6238,982.4275,2.451475,-8.166284,35.140316
1970-01-01 02:59:56,11732.547,126.22225,773.76013,-0.9956475,-10.042018,34.85687
1970-01-01 02:59:57,11707.607,128.8409,599.50415,5.7167864,12.119664,35.380222
1970-01-01 02:59:58,11829.714,135.95174,506.44263,6.540124,-0.79841065,33.98239
1970-01-01 02:59:59,11722.164,124.70082,1017.1473,3.950108,-8.767833,35.713585
1970-01-01 03:00:00,11767.415,130.96489,737.51447,6.5714726,-4.075948,35.318798
1970-01-01 03:00:01,11773.912,131.699,917.11475,3.7681165,14.183382,36.08511
1970-01-01 03:00:02,11705.312,119.46152,766.55817,3.6764433,-11.658243,38.21972
1970-01-01 03:00:03,11864.005,127.320816,589.5512,0.9109366,-0.2004251,37.224377
1970-01-01 03:00:04,11916.499,135.28464,946.5837,5.321673,-3.2954175,37.478413
1970-01-01 03:00:05,11794.155,126.63043,777.2244,2.668124,2.9474514,38.188488
1970-01-01 03:00:06,12023.82,126.14709,1027.1421,1.8843516,8.956204,37.122257
1970-01-01 03:00:07,11898.781,123.82021,823.3703,1.9116656,11.753774,36.878372
1970-01-01 03:00:08,11908.876,137.23033,965.7855,7.5342293,9.949863,36.429836
1970-01-01 03:00:09,11923.096,124.22643,699.4186,0.9355327,-8.6132965,35.885597
1970-01-01 03:00:10,12031.12,130.8461,583.53046,9.028109,4.3420753,36.53064
1970-01-01 03:00:11,11997.912,132.35533,935.7889,3.1337912,7.0705385,36.232433
1970-01-01 03:00:12,11906.02,126.44923,626.21735,0.44406712,2.7791317,33.905876
1970-01-01 03:00:13,11925.194,127.178986,701.91254,0.7650606,-1.3797209,33.945576
1970-01-01 03:00:14,11932.511,129.75691,949.10406,8.218548,-8.218338,34.629147
1970-01-01 03:00:15,11841.677,122.15075,1077.3516,2.9480968,-8.015015,35.289917
1970-01-01 03:00:16,12075.266,128.88905,605.1517,2.8089812,7.179164,35.482273
1970-01-01 03:00:17,11904.151,117.149254,645.8605,1.2967945,15.197986,34.790348
1970-01-01 03:00:18,12019.512,123.95469,-263.33228,1.3139794,-7.275419,33.5998
1970-01-01 03:00:19,11907.43,133.22649,44.760334,3.3627927,14.826773,33.620678
1970-01-01 03:00:20,12062.952,122.047585,-45.18065,5.60071,9.65062,34.5697
1970-01-01 03:00:21,11932.833,128.17256,-36.506336,0.48563188,-2.6096938,33.08408
1970-01-01 03:00:22,11973.711,130.8174,47.14172,2.6211488,9.609831,31.403637
1970-01-01 03:00:23,12004.159,131.72476,-88.48728,3.7170033,-7.110508,30.356485
1970-01-01 03:00:24,12079.218,122.89288,-84.60043,6.7970304,-3.4942756,29.448298
1970-01-01 03:00:25,12100.06,128.10722,-147.40376,3.1725152,-17.205982,29.720806
1970-01-01 03:00:26,12077.223,129.81824,213.71085,6.5967703,-10.872498,29.557314
1970-01-01 03:00:27,12010.749,129.07231,-144.52663,4.4429593,-17.860483,29.833992
1970-01-01 03:00:28,12038.949,125.0673,290.23267,-0.24665333,-9.031101,31.16492
1970-01-01 03:00:29,11866.515,136.48189,0.35100457,3.820969,6.682118,32.70863
1970-01-01 03:00:30,11965.564,132.15257,-101.8807,-3.1702049,6.809918,31.41983
1970-01-01 03:00:31,,129.33577,12.398367,1.895565,,33.20957
1970-01-01 03:00:32,11964.973,126.71873,250.13722,6.475346,-0.16879077,34.738308
1970-01-01 03:00:33,12073.564,130.81499,124.753044,-2.2208161,18.05539,36.14099
1970-01-01 03:00:34,11916.242,127.463196,394.8531,1.8058729,16.91589,35.301167
1970-01-01 03:00:35,11827.855,135.9374,-213.06305,2.96147,8.394538,34.901615
1970-01-01 03:00:36,12092.016,128.37523,220.25264,-2.103775,-22.199402,35.419956
1970-01-01 03:00:37,11971.058,128.56564,350.26215,2.7369347,19.34556,34.94657
1970-01-01 03:00:38,11909.0,126.05572,-198.68686,6.9131465,-20.363825,34.58721
1970-01-01 03:00:39,11991.584,126.08767,53.09537,0.3040803,9.535439,33.919292
1970-01-01 03:00:40,11926.936,135.92537,-258.21585,2.5478256,-1.5331695,34.91303
1970-01-01 03:00:41,12043.139,135.28171,-469.9062,1.1205796,-16.144873,35.35632
1970-01-01 03:00:42,12069.862,125.687225,-82.110954,1.1103523,4.035145,35.172375
1970-01-01 03:00:43,11880.018,132.24701,-39.168,-0.030974055,7.9943724,34.845375
1970-01-01 03:00:44,11949.989,126.36187,47.385334,1.4547931,6.6546707,33.27638
1970-01-01 03:00:45,11932.717,139.28072,-270.86444,1.0158656,-0.0642053,32.395084
1970-01-01 03:00:46,11937.565,121.326454,233.90921,-6.392442,5.968973,31.380907
1970-01-01 03:00:47,11940.182,130.4706,-214.87715,1.4734653,9.172623,29.530563
1970-01-01 03:00:48,11990.161,132.95253,-53.601574,3.7386572,-1.4808965,29.296858
1970-01-01 03:00:49,11951.5,135.64026,148.12434,6.220837,4.219344,27.704805
1970-01-01 03:00:50,12023.048,129.47192,-28.077105,-1.4069574,-0.91121924,27.961279
1970-01-01 03:00:51,11932.711,134.0836,4.736012,-0.93572736,6.2689056,30.771969
1970-01-01 03:00:52,11927.0205,133.52504,59.98135,4.148937,-7.052769,30.315493
1970-01-01 03:00:53,12212.946,128.62747,-330.575,-1.7533612,0.24082305,29.823206
1970-01-01 03:00:54,12059.788,128.9864,-336.198,4.9392786,-9.536858,30.860195
1970-01-01 03:00:55,12099.494,135.84679,193.21046,2.4195127,-1.0674146,29.687002
1970-01-01 03:00:56,12136.689,132.99608,120.76067,-1.875106,9.7522335,29.566406
1970-01-01 03:00:57,11923.215,122.13944,-208.54251,2.1854675,2.420367,30.614574
1970-01-01 03:00:58,11933.506,128.81528,-172.55405,0.4940088,4.8599157,28.810986
1970-01-01 03:00:59,12091.265,132.3969,-30.38814,4.6143503,-3.3732047,30.310322
1970-01-01 03:01:00,12104.002,133.39781,73.7334,2.4689646,5.261042,31.343737
1970-01-01 03:01:01,11973.524,123.14333,132.55449,4.3417764,6.0137987,30.74097
1970-01-01 03:01:02,11941.637,127.26482,277.94147,0.4587897,,32.018845
1970-01-01 03:01:03,12219.511,131.46446,-56.121944,2.913037,-0.26501817,32.437984
1970-01-01 03:01:04,11911.874,130.79617,110.46083,7.3744645,-10.188027,32.388893
1970-01-01 03:01:05,12059.633,126.15074,23.204683,1.0730004,5.391088,32.033936
1970-01-01 03:01:06,12042.596,129.27939,-341.87198,1.2696092,11.955956,32.26112
1970-01-01 03:01:07,11980.658,128.48341,-163.86201,-0.8690676,-8.597841,31.35349
1970-01-01 03:01:08,11976.657,130.8532,-207.95984,0.24548873,-1.5600904,30.97124
1970-01-01 03:01:09,11964.662,126.15468,-114.5286,2.8154242,-24.882242,30.348948
1970-01-01 03:01:10,12038.925,135.31267,-146.66472,2.5401485,11.370657,31.118685
1970-01-01 03:01:11,11975.514,134.11252,338.18375,6.3948193,22.556639,31.955452
1970-01-01 03:01:12,11945.26,125.58551,-46.557003,-2.0916882,-2.1881194,32.082245
1970-01-01 03:01:13,12134.083,134.0085,71.84927,0.22832474,-13.861792,30.649153
1970-01-01 03:01:14,11964.837,129.84473,-147.4307,-6.4025035,-10.241635,30.182684
1970-01-01 03:01:15,12021.5,123.9018,-317.34564,-1.6254147,-8.960929,29.472742
1970-01-01 03:01:16,11993.509,127.8501,117.24377,6.458796,8.253717,28.411293
1970-01-01 03:01:17,12036.852,124.24655,54.205814,-2.8251724,-10.783916,29.395151
1970-01-01 03:01:18,12029.562,131.88881,165.22537,-0.20362008,9.633465,28.997002
1970-01-01 03:01:19,12049.927,123.47015,-192.1027,-0.89764977,21.473642,27.404253
1970-01-01 03:01:20,11951.324,128.30963,-277.11844,-3.3142219,-19.639883,26.934591
1970-01-01 03:01:21,12000.171,134.1164,238.6067,5.059913,7.5214324,27.149763
1970-01-01 03:01:22,12008.703,133.27449,65.97672,2.891513,0.03274785,29.290657
1970-01-01 03:01:23,12065.954,,-2.989274,2.0308838,-9.209118,28.130033
1970-01-01 03:01:24,12039.446,135.55402,87.65799,3.600122,-23.446306,28.17237
1970-01-01 03:01:25,12012.49,134.85493,-42.6258,7.4432473,7.810646,27.03933
1970-01-01 03:01:26,11971.2295,130.0346,-290.6654,9.023805,7.649156,27.990864
1970-01-01 03:01:27,11866.901,132.59306,-29.047369,-0.025975285,5.622515,28.2424
1970-01-01 03:01:28,11941.382,127.44702,-78.70456,4.609187,1.3151166,27.69579
1970-01-01 03:01:29,12096.071,126.11208,-53.724525,3.5319185,4.4051857,29.147867
1970-01-01 03:01:30,11909.176,130.81804,341.70322,-1.6793728,6.193154,31.968988
1970-01-01 03:01:31,12018.264,128.70056,-185.23596,0.7953465,3.9142761,34.403015
1970-01-01 03:01:32,11994.944,132.49979,106.38796,0.56269115,-10.175399,34.91201
1970-01-01 03:01:33,11989.593,129.26976,35.2913,-2.6070151,7.2724905,35.920826
1970-01-01 03:01:34,12134.775,131.74304,127.500084,-0.6103727,3.2263818,34.947674
1970-01-01 03:01:35,12017.552,132.51952,-170.24571,1.6683884,-12.094201,34.589935
1970-01-01 03:01:36,12099.758,134.45976,-29.362225,0.6433934,-2.3042266,33.575954
1970-01-01 03:01:37,12125.416,131.86742,-77.584114,-3.88129,6.062966,33.20147
1970-01-01 03:01:38,12033.945,132.19788,-11.473,6.9702253,-2.001538,33.353058
1970-01-01 03:01:39,12044.106,132.89166,110.54239,2.1638126,-1.2630565,33.91952
1970-01-01 03:01:40,11966.971,129.99469,-265.44962,1.2506747,12.453676,35.760075
1970-01-01 03:01:41,11905.782,138.4808,-52.268497,1.0111767,9.935504,35.727715
1970-01-01 03:01:42,12080.755,134.38097,-70.74524,-2.3578322,0.035240423,35.518078
1970-01-01 03:01:43,11956.729,127.349396,222.14044,-5.193414,-0.428674,33.062252
1970-01-01 03:01:44,12145.33,133.19994,32.900585,6.102426,-3.5642085,34.217396
1970-01-01 03:01:45,12149.836,131.16444,-332.44537,4.148523,16.59692,34.26839
1970-01-01 03:01:46,11913.521,124.19395,70.02937,5.5391583,-13.767261,34.3037
1970-01-01 03:01:47,12005.309,130.70255,-207.43495,1.5237348,-2.5706348,32.757595
1970-01-01 03:01:48,12005.867,128.7184,113.082085,-2.213293,-0.8643878,32.144363
1970-01-01 03:01:49,12006.499,130.4742,-179.92265,0.3109934,5.4616184,31.931417
1970-01-01 03:01:50,11939.059,124.017456,51.428917,1.0261456,4.1348486,33.894913
1970-01-01 03:01:51,11909.594,125.43403,-42.520115,-4.4732394,-3.5882816,33.084393
1970-01-01 03:01:52,12010.194,134.28925,299.69583,0.64830995,-1.0801116,33.539467
1970-01-01 03:01:53,11925.855,135.66681,192.59042,3.612776,-15.382442,34.446877
1970-01-01 03:01:54,11961.672,129.48285,151.0883,0.6128276,-0.45956406,34.563118
1970-01-01 03:01:55,11953.717,128.7065,-206.82545,1.1821746,-11.009804,35.199566
1970-01-01 03:01:56,11890.2705,133.9539,-50.566162,0.9250227,9.447413,35.14854
1970-01-01 03:01:57,12123.653,133.25558,346.87366,-1.8028735,-3.8228726,34.851704
1970-01-01 03:01:58,11848.462,131.25336,113.650475,1.3557256,-12.143638,35.970737
1970-01-01 03:01:59,11983.842,129.39041,-306.90887,4.1732306,6.5648446,38.06896
1970-01-01 03:02:00,11950.202,123.47306,73.48825,,,37.93486
1970-01-01 03:02:01,11941.156,130.89265,110.30483,3.2912092,-0.27029052,38.337204
1970-01-01 03:02:02,12036.385,126.29438,-42.584072,-2.9276397,-1.9458045,38.027473
1970-01-01 03:02:03,12213.716,130.05774,-115.32483,3.7338674,5.556261,38.193222
1970-01-01 03:02:04,11945.474,126.45223,13.977322,0.626287,-5.0493364,36.360767
1970-01-01 03:02:05,11970.958,130.7964,62.426327,-2.129716,-5.1754127,37.90045
1970-01-01 03:02:06,11953.67,131.91373,74.58995,2.9694889,-6.703758,36.93518
1970-01-01 03:02:07,11979.327,131.1677,-156.15752,4.382041,7.9674625,36.1407
1970-01-01 03:02:08,12040.003,124.39695,-207.14987,-2.4608095,-4.5788407,36.425873
1970-01-01 03:02:09,12076.709,131.87865,-160.05788,6.5428042,-11.342044,34.978836
1970-01-01 03:02:10,12055.533,128.37929,169.50238,-3.0198538,6.6956244,36.64628
1970-01-01 03:02:11,12003.543,126.52029,-91.22942,3.7835433,-3.4842489,34.91519
1970-01-01 03:02:12,12045.836,131.31161,-94.87777,0.9793127,-5.453065,34.326107
1970-01-01 03:02:13,12050.971,133.9204,33.281673,-0.055144288,-1.68971,35.51384
1970-01-01 03:02:14,11851.031,135.10886,-169.46721,4.5589557,4.16023,
1970-01-01 03:02:15,11957.261,127.6112,-266.43173,-0.12261866,5.7307134,37.401768
1970-01-01 03:02:16,11984.891,133.61015,62.35174,4.3464723,4.363527,36.15887
1970-01-01 03:02:17,12075.655,128.78423,-139.94016,0.74727625,5.317094,36.76318
1970-01-01 03:02:18,12092.351,131.89789,-64.25161,-2.0220714,-18.235266,35.576584
1970-01-01 03:02:19,12019.042,129.2409,-288.7758,-0.52035,-12.282568,36.952427
1970-01-01 03:02:20,12000.51,124.13623,74.34875,-1.3975782,2.084953,35.88269
1970-01-01 03:02:21,11937.606,128.4435,46.45393,2.3278377,-4.691898,36.89007
1970-01-01 03:02:22,11926.465,130.46025,36.693787,5.8088145,10.4077835,37.294853
1970-01-01 03:02:23,11938.763,127.249954,-10.287762,2.103207,10.280889,37.379246
1970-01-01 03:02:24,11885.459,133.17113,157.07928,-0.9823761,-4.4797754,37.299805
1970-01-01 03:02:25,12073.752,134.84836,-377.30496,2.005367,-7.6667247,38.45118
1970-01-01 03:02:26,11937.058,133.31856,11.913522,4.030417,4.575189,39.784977
1970-01-01 03:02:27,11970.376,133.08772,-260.9748,5.2235823,-13.735763,40.13594
1970-01-01 03:02:28,12063.43,127.28934,8.229619,1.0236934,-13.562927,40.26057
1970-01-01 03:02:29,11970.385,130.55179,476.00024,1.2068918,-9.567892,42.137547
1970-01-01 03:02:30,11938.888,127.12359,-97.91362,-1.9404278,-6.9251,41.10206
1970-01-01 03:02:31,11924.239,129.79619,-115.060455,1.1339856,-15.337109,41.148716
1970-01-01 03:02:32,11960.672,131.37488,-194.54585,1.341157,22.272604,
1970-01-01 03:02:33,11937.495,132.36548,123.96316,1.652912,2.7584527,40.23077
1970-01-01 03:02:34,12025.448,136.39456,576.36725,-3.9360929,23.485952,40.880405
1970-01-01 03:02:35,12034.487,138.95937,-190.14081,1.9857588,-1.9964432,40.359398
1970-01-01 03:02:36,12068.973,132.4179,236.35753,3.6893332,29.757267,40.88967
1970-01-01 03:02:37,11993.069,134.58372,348.78076,4.9226713,9.318741,40.288155
1970-01-01 03:02:38,11996.698,132.82304,98.01118,4.971585,7.7959766,42.188286
1970-01-01 03:02:39,12010.114,127.47456,311.7163,0.1678774,-18.274591,41.232533
1970-01-01 03:02:40,11979.219,138.70312,101.710464,2.1264029,7.2140756,41.43372
1970-01-01 03:02:41,12062.531,133.86292,56.429558,4.31355,-4.259573,41.440536
1970-01-01 03:02:42,11883.344,123.80389,-22.044136,1.6264647,0.45198298,42.200275
1970-01-01 03:02:43,12071.013,129.5628,-133.94841,2.9619853,-11.776302,41.057156
1970-01-01 03:02:44,11949.752,135.32745,248.2853,2.6454895,2.8374228,40.7817
1970-01-01 03:02:45,11998.423,121.34176,14.868856,8.77494,-2.485961,40.34506
1970-01-01 03:02:46,12037.138,132.54716,-200.41487,1.7827125,2.5593486,40.444675
1970-01-01 03:02:47,11913.93,137.47809,-13.201988,-1.4198885,9.214159,40.219177
1970-01-01 03:02:48,12016.598,128.52513,-221.83046,2.6984293,13.81364,38.59859
1970-01-01 03:02:49,12093.077,132.21712,-448.09775,3.1064467,-10.536154,40.09042
1970-01-01 03:02:50,12010.754,133.49037,-203.21992,-2.1337712,-2.3587708,40.62889
1970-01-01 03:02:51,11942.398,128.03601,-263.46533,2.4239938,-4.675391,40.214405
1970-01-01 03:02:52,11985.64,133.4322,129.35284,1.1370308,-9.768559,40.93535
1970-01-01 03:02:53,12043.247,126.48589,-136.00676,6.5919814,-5.7970557,40.912292
1970-01-01 03:02:54,12036.094,132.19366,248.52322,4.547671,14.99043,39.276165
1970-01-01 03:02:55,12185.765,133.092,31.183977,6.546447,13.79178,38.837543
1970-01-01 03:02:56,12009.581,130.02603,72.23512,-0.5473357,5.9735303,37.57792
1970-01-01 03:02:57,11990.98,130.42305,310.58246,-0.1304256,-7.7373757,38.04296
1970-01-01 03:02:58,11953.384,138.4901,-28.682869,2.3197708,-19.849028,39.751667
1970-01-01 03:02:59,11997.632,136.49957,-218.53423,4.3426256,2.1793923,40.28977
1970-01-01 03:03:00,11896.859,126.71642,-35.701836,-1.1750662,-7.18312,40.17049
1970-01-01 03:03:01,12029.792,128.46672,-157.57909,-1.4814324,-14.316925,40.936623
1970-01-01 03:03:02,11889.939,131.42165,129.74597,-0.15223381,4.7069187,40.4419
1970-01-01 03:03:03,12140.91,,-50.36085,-2.5996583,-11.020158,40.61139
1970-01-01 03:03:04,12114.706,128.01273,-217.02957,3.8123438,-6.2227254,40.87151
1970-01-01 03:03:05,12052.119,127.82689,111.97518,2.648292,17.534973,40.814487
1970-01-01 03:03:06,11963.577,135.32802,261.46298,4.9970555,-9.292583,41.022247
1970-01-01 03:03:07,12067.844,133.44441,-51.425858,0.12096447,-5.7215133,41.132977
1970-01-01 03:03:08,12082.059,129.01833,-186.24026,0.46345982,-0.1930735,39.18729
1970-01-01 03:03:09,12047.237,132.1126,-183.49385,5.0867157,15.406927,38.46935
1970-01-01 03:03:10,12082.495,128.0644,-202.62212,-1.4107292,2.9771554,38.912033
1970-01-01 03:03:11,11882.602,132.35535,-234.31642,5.68122,12.511343,38.555862
1970-01-01 03:03:12,12135.031,134.98123,-163.22029,7.254895,3.6975656,37.267456
1970-01-01 03:03:13,12010.767,132.10045,-135.47757,4.462916,0.20625082,35.117992
1970-01-01 03:03:14,12073.582,131.25134,-128.59097,2.3530369,-5.584344,35.5452
1970-01-01 03:03:15,12053.926,126.49466,-99.29595,3.5359118,19.428614,34.59492
1970-01-01 03:03:16,11904.8,135.651,-102.97706,2.4719353,-15.734251,34.17111
1970-01-01 03:03:17,12032.346,129.926,-138.6658,5.0952373,8.034586,34.471592
1970-01-01 03:03:18,,130.07983,-0.32090178,1.7327192,-5.3180723,33.05994
1970-01-01 03:03:19,12152.519,127.69709,141.66106,-1.3063434,14.268485,32.04542
1970-01-01 03:03:20,12005.263,131.5206,-240.42056,2.89015,7.5517263,33.114468
1970-01-01 03:03:21,11982.159,135.37448,-188.8211,-5.059543,-7.4523535,33.459553
1970-01-01 03:03:22,12059.361,133.35649,-128.01895,1.1624937,-7.8051205,33.03631
1970-01-01 03:03:23,11926.498,130.44218,112.908195,-0.13069102,-16.051064,32.67299
1970-01-01 03:03:24,11921.657,138.65628,-4.655866,-0.9854126,6.7984877,31.428844
1970-01-01 03:03:25,12015.581,131.72473,-278.97177,1.1645354,19.733929,32.122726
1970-01-01 03:03:26,12016.344,132.57368,-1.4419919,5.834311,22.281006,32.418884
1970-01-01 03:03:27,12063.848,132.22955,-373.18442,2.8851302,-1.1971997,31.881495
1970-01-01 03:03:28,11989.027,130.42326,105.05457,-0.056024686,8.349472,31.187876
1970-01-01 03:03:29,11865.157,138.76645,215.6831,2.3775659,-23.005703,31.4832
1970-01-01 03:03:30,12099.205,137.7766,-26.312466,-0.1459957,-2.9634795,30.420145
1970-01-01 03:03:31,11905.598,130.62054,73.27219,4.0488567,-7.3972754,30.623066
1970-01-01 03:03:32,11948.391,133.18546,82.58164,2.5728786,-0.5121633,30.279299
1970-01-01 03:03:33,11916.59,137.03302,124.261734,2.9195693,-1.7853367,29.850632
1970-01-01 03:03:34,11879.555,131.11136,223.95888,3.01056,9.545673,27.96926
1970-01-01 03:03:35,11987.699,135.71883,-3.7140546,2.6779451,0.15589175,26.821707
1970-01-01 03:03:36,12253.322,135.10284,66.53374,2.936219,6.65013,26.348042
1970-01-01 03:03:37,12066.284,135.75105,16.493208,3.541108,-4.591896,26.322653
1970-01-01 03:03:38,11913.781,128.43987,35.18749,2.375838,0.46522817,26.52667
1970-01-01 03:03:39,11926.708,132.24886,-93.81006,-1.2476722,-3.1727467,27.733404
1970-01-01 03:03:40,12007.433,136.6609,28.464952,-0.14244138,6.270869,27.84305
1970-01-01 03:03:41,12078.731,129.7952,-24.463614,9.747692,1.1581293,27.744875
1970-01-01 03:03:42,11953.624,140.35442,47.18834,2.2419655,10.015469,28.404917
1970-01-01 03:03:43,11991.477,134.41936,99.72968,-0.06951286,-2.6854584,28.417868
1970-01-01 03:03:44,11935.4795,134.68233,49.625904,-4.199956,4.48809,26.467813
1970-01-01 03:03:45,12031.242,133.98021,8.196683,-0.575247,1.2908624,24.361654
1970-01-01 03:03:46,11982.579,139.70644,-131.78882,2.015975,14.026797,22.81875
1970-01-01 03:03:47,12030.69,135.33641,-136.76941,-6.833278,-4.531229,23.006828
1970-01-01 03:03:48,12000.744,133.38786,253.75322,2.3616395,-2.60159,20.804806
1970-01-01 03:03:49,11922.276,144.93031,54.11041,3.4652753,1.2438625,20.346735
1970-01-01 03:03:50,12052.778,137.88432,62.041935,-1.3604988,-16.177883,18.386951
1970-01-01 03:03:51,11982.674,140.65848,-164.89316,-0.11071041,4.0904703,19.740042
1970-01-01 03:03:52,12025.44,134.7485,167.75327,4.168563,11.908968,19.38208
1970-01-01 03:03:53,12011.617,133.37036,445.24365,3.5809376,11.806,19.664505
1970-01-01 03:03:54,11972.682,135.80078,-77.26001,4.0470905,-3.6870372,22.29168
1970-01-01 03:03:55,12059.927,132.81018,61.118896,1.2658458,10.971189,22.08561
1970-01-01 03:03:56,11953.425,135.61801,76.71371,0.46413556,-2.9628599,22.157028
1970-01-01 03:03:57,11970.891,127.51019,-58.525356,4.8819675,14.219528,21.507294
1970-01-01 03:03:58,12063.3125,132.19643,134.84013,0.18690723,6.752293,20.803665
1970-01-01 03:03:59,11826.151,136.4703,-471.83432,0.73973227,-17.055933,20.605812
1970-01-01 03:04:00,11983.537,127.57131,-0.3081555,2.4716964,10.8678665,22.297785
1970-01-01 03:04:01,11858.981,139.3469,62.91276,-0.34304643,-17.350859,21.680626
1970-01-01 03:04:02,11956.135,137.5392,71.1609,2.6092694,4.463298,21.07638
1970-01-01 03:04:03,11950.649,136.12102,-136.12819,4.1543317,6.164005,20.600843
1970-01-01 03:04:04,11997.39,135.98927,-35.08259,4.3166904,1.4908701,18.443802
1970-01-01 03:04:05,11898.005,130.62975,-101.96543,3.841515,-4.182471,17.321478
1970-01-01 03:04:06,11908.705,138.80313,85.6062,3.3282318,-20.330038,16.748438
1970-01-01 03:04:07,11978.72,135.52045,81.818565,-2.1020856,0.7070549,14.798911
1970-01-01 03:04:08,12140.741,134.73026,-64.92863,-4.1308737,-0.9261584,13.591439
1970-01-01 03:04:09,12014.331,132.363,-80.12712,1.8157834,7.2098947,13.090982
1970-01-01 03:04:10,12160.193,132.05559,-137.41519,-1.9416367,-2.7614412,13.623831
1970-01-01 03:04:11,11942.309,135.68854,108.45017,6.6385984,-3.9635692,13.3458185
1970-01-01 03:04:12,11897.769,128.99765,-153.6271,6.4633484,3.8936818,14.0825615
1970-01-01 03:04:13,12088.521,130.86026,109.63171,2.7995236,1.8033158,14.452521
1970-01-01 03:04:14,12093.03,133.2365,129.91498,-0.3812928,4.661235,14.2019825
1970-01-01 03:04:15,12039.242,132.20271,32.605362,1.6567005,8.483293,14.002461
1970-01-01 03:04:16,12057.804,133.52756,273.2403,-1.7930082,2.3806841,14.996332
1970-01-01 03:04:17,12021.108,135.19719,246.5764,-3.1355135,,15.823782
1970-01-01 03:04:18,12084.741,133.38786,-216.12514,1.1799095,-9.838382,16.792744
1970-01-01 03:04:19,11990.736,134.93388,413.39865,2.1048927,-2.7590582,18.213173
1970-01-01 03:04:20,11951.045,138.84012,345.96957,-1.5116704,-9.879259,17.166267
1970-01-01 03:04:21,11854.403,142.3836,-35.988834,-1.1932714,3.8320813,16.941132
1970-01-01 03:04:22,11926.099,134.6267,38.784237,0.15492624,-5.0547276,16.833103
1970-01-01 03:04:23,12046.778,137.6798,-204.79617,0.6108317,10.836724,17.05548
1970-01-01 03:04:24,12109.848,133.51451,-23.369194,3.5654871,20.692991,17.572992
1970-01-01 03:04:25,12005.305,128.73695,-131.53639,6.412695,9.0918455,15.721817
1970-01-01 03:04:26,11953.645,129.90657,-142.22774,0.05430173,2.7402692,14.445415
1970-01-01 03:04:27,11980.526,135.0422,-106.15633,6.6527276,,15.605832
1970-01-01 03:04:28,11963.202,133.71684,343.70065,0.43353,-7.0411825,16.306917
1970-01-01 03:04:29,12103.537,132.70781,-297.30508,1.2044517,-0.050525293,17.22754
1970-01-01 03:04:30,12142.722,137.23294,-174.87286,-1.0280484,-1.1111147,19.05943
1970-01-01 03:04:31,12072.104,141.86725,132.35388,-0.52707005,-1.8119229,19.15762
1970-01-01 03:04:32,12053.355,140.0212,115.85723,7.333639,13.120808,17.61309
1970-01-01 03:04:33,11999.314,133.08405,171.23392,3.952516,-12.517591,17.065435
1970-01-01 03:04:34,11911.387,134.80788,360.209,-2.9908135,-13.743692,17.104418
1970-01-01 03:04:35,11920.127,133.6191,15.787214,4.0320306,-9.149807,16.96027
1970-01-01 03:04:36,12018.953,137.99727,121.4811,2.1913779,-14.383859,17.245098
1970-01-01 03:04:37,12018.19,132.29266,238.84596,-0.57866836,-16.421469,18.4175
1970-01-01 03:04:38,12104.647,135.72435,217.6885,-4.4820375,22.712639,17.920027
1970-01-01 03:04:39,12037.067,138.88066,-17.604893,-2.9579697,17.89587,18.88603
1970-01-01 03:04:40,11934.74,136.62878,56.17706,1.291439,-11.025951,18.159193
1970-01-01 03:04:41,12105.013,138.12775,25.95086,0.7014723,14.818023,17.954052
1970-01-01 03:04:42,11989.86,136.31615,-118.76028,5.1538095,4.099032,17.957531
1970-01-01 03:04:43,12012.4795,139.9579,-161.44089,1.6317306,8.592297,18.15706
1970-01-01 03:04:44,11878.738,138.1727,175.88538,1.0706058,-4.461813,17.605824
1970-01-01 03:04:45,12115.487,140.4642,163.21396,1.1795064,-2.6799097,16.298431
1970-01-01 03:04:46,12032.581,127.349785,179.28519,3.355772,-9.651299,16.774364
1970-01-01 03:04:47,11949.681,133.1721,-74.41722,2.2404277,-2.414435,18.506002
1970-01-01 03:04:48,12079.086,139.70317,-50.67708,2.033617,-16.010342,19.73032
1970-01-01 03:04:49,11947.103,129.2965,-234.3584,-0.76928633,3.9944131,19.933018
1970-01-01 03:04:50,11884.382,138.68275,113.17744,6.0892577,-2.3033977,19.312223
1970-01-01 03:04:51,11979.914,137.73839,-79.46907,3.644147,-0.25417462,20.360424
1970-01-01 03:04:52,12034.806,140.39578,-132.35017,-0.5734224,-11.144171,19.372606
1970-01-01 03:04:53,11973.175,141.72804,-51.095272,-3.7890718,0.6774251,21.549002
1970-01-01 03:04:54,11722.401,134.06337,3.0171568,-1.7586973,0.6972995,20.385544
1970-01-01 03:04:55,11874.723,136.4283,14.048378,5.0276423,-5.952494,21.221178
1970-01-01 03:04:56,12025.832,136.29338,279.71463,3.9591131,5.0651045,20.53527
1970-01-01 03:04:57,11870.239,136.1625,-44.000656,-3.638143,9.409998,20.263018
1970-01-01 03:04:58,11998.169,132.27173,-116.25414,-1.7625005,0.80074465,20.279943
1970-01-01 03:04:59,11957.862,141.809,29.082886,3.786702,,20.00571
1970-01-01 03:05:00,12036.581,133.66193,-103.09631,2.9118962,9.7427025,19.403683
1970-01-01 03:05:01,12010.303,134.58003,-76.461334,-2.0284035,12.005643,20.016415
1970-01-01 03:05:02,11923.313,138.63083,12.2921715,-3.0588605,-6.773099,21.2442
1970-01-01 03:05:03,12025.858,132.40776,-101.32043,0.6538218,-3.7817981,21.91109
1970-01-01 03:05:04,12062.268,136.2836,-23.555553,0.4792372,1.5432872,21.914452
1970-01-01 03:05:05,11961.685,138.13654,-42.780846,-5.6935506,16.848919,22.887775
1970-01-01 03:05:06,11927.2,139.83081,49.685062,1.0707862,-10.700996,23.391527
1970-01-01 03:05:07,11931.175,,-47.150574,2.2676942,-13.54557,25.068163
1970-01-01 03:05:08,11975.79,129.44012,437.56802,-0.3730872,-14.805009,24.253366
1970-01-01 03:05:09,11925.768,134.96837,-76.3482,1.154594,4.948083,24.012178
1970-01-01 03:05:10,12000.658,135.36409,125.817055,-2.339092,-8.254188,23.524326
1970-01-01 03:05:11,12063.969,131.15932,-390.74246,-0.48590165,36.5523,23.569765
1970-01-01 03:05:12,12116.652,138.60297,360.96017,3.6621864,4.899545,22.971315
1970-01-01 03:05:13,11994.206,143.78526,64.03269,0.52221966,0.25945827,23.312822
1970-01-01 03:05:14,12120.139,135.63463,-126.851036,2.4205654,3.485168,22.684708
1970-01-01 03:05:15,12055.988,133.87888,-30.765629,1.3385566,-15.856081,22.899128
1970-01-01 03:05:16,11954.499,134.77063,102.80583,4.940896,11.481602,23.763536
1970-01-01 03:05:17,12033.43,140.88808,-44.046688,-1.0348917,0.3369511,24.850473
1970-01-01 03:05:18,12074.133,138.36972,-720.3903,-1.796067,12.365844,23.593351
1970-01-01 03:05:19,11865.697,147.07758,5.4371176,1.2588093,-2.5219073,24.985918
1970-01-01 03:05:20,12145.725,136.87897,-315.5854,3.7753036,-4.7638664,23.480717
1970-01-01 03:05:21,12073.706,134.12146,445.29803,2.9793296,18.511795,23.631779
1970-01-01 03:05:22,12086.048,141.43858,268.2081,-0.80126894,-3.847655,24.831848
1970-01-01 03:05:23,12058.7705,137.68858,-407.56476,1.1167501,8.330934,24.60875
1970-01-01 03:05:24,12136.036,136.8933,-140.12248,3.6579525,1.495485,24.577545
1970-01-01 03:05:25,12038.241,139.81818,-37.77694,3.4723053,-9.755166,24.835594
1970-01-01 03:05:26,11915.986,146.4793,-27.944138,2.997425,-6.681524,26.53096
1970-01-01 03:05:27,12060.119,137.35036,122.795,-1.164964,-15.410836,26.908485
1970-01-01 03:05:28,11934.0205,134.49908,112.26815,8.704877,16.622349,29.022343
1970-01-01 03:05:29,12135.354,130.38458,114.02801,-2.4519403,-6.9030013,28.208725
1970-01-01 03:05:30,11922.767,140.58832,-213.20993,3.7413554,0.93207294,28.563509
1970-01-01 03:05:31,11981.937,136.30412,241.30641,5.2300215,13.555905,27.249056
1970-01-01 03:05:32,12163.894,140.18729,-163.61801,1.7757809,1.134469,27.842588
1970-01-01 03:05:33,11910.37,136.41391,-11.763703,2.958602,-11.107553,27.279825
1970-01-01 03:05:34,11990.321,131.01917,-112.12739,-5.1948295,-6.906935,27.493767
1970-01-01 03:05:35,12047.377,141.11852,-180.72081,2.317595,-0.8589519,26.166931
1970-01-01 03:05:36,11912.731,137.1568,-184.86238,3.7842815,-2.7388663,25.421772
1970-01-01 03:05:37,12027.094,133.02731,-328.98727,1.2894214,3.993306,27.412222
1970-01-01 03:05:38,12063.504,134.43051,-116.093025,9.28152,-2.8426225,28.533453
1970-01-01 03:05:39,12107.319,135.07571,21.752449,-3.8923485,5.991677,29.057571
1970-01-01 03:05:40,11998.858,137.56277,-488.25778,0.4839236,-1.5414351,28.52978
1970-01-01 03:05:41,11912.485,137.87273,102.13392,-0.84079456,2.264767,28.987911
1970-01-01 03:05:42,11974.357,140.82253,-88.6671,-2.3419094,-6.0795994,28.820763
1970-01-01 03:05:43,11983.195,139.80576,-84.46762,-4.8391395,4.7877307,
1970-01-01 03:05:44,11935.01,131.71486,62.775715,2.2511613,10.916646,30.762411
1970-01-01 03:05:45,12011.77,136.15935,-127.21449,1.1369594,-4.5166945,29.602402
1970-01-01 03:05:46,12006.369,134.93718,90.03476,5.926952,7.1945724,30.346994
1970-01-01 03:05:47,11944.301,145.28667,135.88048,1.3385053,-0.7413419,30.355394
1970-01-01 03:05:48,11939.944,131.2057,493.4099,-1.3020463,-7.5748725,29.970943
1970-01-01 03:05:49,11847.716,141.10782,-5.2206907,-1.1618555,-2.126313,30.334135
1970-01-01 03:05:50,12157.016,140.54285,-54.137695,4.089897,4.775398,29.98373
1970-01-01 03:05:51,11826.502,130.43907,-10.047798,0.9053982,10.003439,30.295341
1970-01-01 03:05:52,11880.938,136.67413,50.367554,0.33066773,-21.402948,30.59774
1970-01-01 03:05:53,12059.005,137.98758,-17.785128,-2.9853792,-9.915678,30.761671
1970-01-01 03:05:54,11828.519,135.5655,-9.7066965,-1.1055986,-7.3473597,30.379618
1970-01-01 03:05:55,12063.356,135.44696,262.84695,-4.5876703,-12.538761,28.775236
1970-01-01 03:05:56,11943.455,136.89417,-207.63953,3.7785347,9.000257,27.467722
1970-01-01 03:05:57,11961.944,141.46991,-171.428,-1.6633743,4.8472605,28.750147
1970-01-01 03:05:58,12000.24,142.19063,2.8307858,0.49263197,28.716562,27.318094
1970-01-01 03:05:59,12170.757,136.99808,35.467243,1.9423385,-18.995596,28.383345
1970-01-01 03:06:00,11967.304,133.32527,177.00098,5.0905914,-4.5025625,27.806944
1970-01-01 03:06:01,12054.328,139.51189,-165.5039,1.3915645,-4.504744,28.289265
1970-01-01 03:06:02,12006.041,137.98393,79.28671,-0.7787832,-18.351269,24.738382
1970-01-01 03:06:03,12179.608,136.52649,-196.63326,1.8464161,1.7588208,24.948189
1970-01-01 03:06:04,12129.889,135.83182,-207.80722,3.6868567,6.3638873,24.97031
1970-01-01 03:06:05,11996.687,146.11871,92.47701,2.435044,-6.7374,26.625244
1970-01-01 03:06:06,11983.534,138.10107,275.93768,-0.843528,-5.3928885,28.235828
1970-01-01 03:06:07,12032.528,139.60936,-29.543705,5.193197,-5.760264,30.028315
1970-01-01 03:06:08,12137.785,136.94939,230.49979,0.58461505,-0.88524395,30.808605
1970-01-01 03:06:09,11889.99,139.78094,-281.9533,1.6526909,-8.369218,30.582087
1970-01-01 03:06:10,12000.979,137.8568,191.80157,5.790567,-11.222475,30.053434
1970-01-01 03:06:11,12088.878,143.55449,-130.21938,6.627851,8.74473,30.87654
1970-01-01 03:06:12,11975.098,134.00276,188.44763,-3.0221667,2.7520995,29.869097
1970-01-01 03:06:13,11949.758,140.99057,,1.7519827,-10.056875,28.800236
1970-01-01 03:06:14,12106.149,140.46687,264.58218,5.618495,3.0659068,28.042767
1970-01-01 03:06:15,11976.233,132.17612,123.16469,4.2203164,-1.3445897,27.015738
1970-01-01 03:06:16,12122.675,139.6938,-137.67839,1.7291572,-9.442403,24.88921
1970-01-01 03:06:17,12066.263,144.47475,-292.52332,0.4266255,-0.056495838,23.645746
1970-01-01 03:06:18,12041.102,140.48524,38.46375,0.103703864,-6.9329333,24.61076
1970-01-01 03:06:19,11972.844,136.11815,101.38629,-0.34619907,-1.2042708,25.665956
1970-01-01 03:06:20,11831.051,135.26683,156.5153,0.41546562,-7.6732802,25.649046
1970-01-01 03:06:21,12006.753,143.34421,51.577126,2.6247299,16.079037,24.241932
1970-01-01 03:06:22,11971.002,136.82307,-25.921719,6.0198965,11.74835,26.01969
1970-01-01 03:06:23,11854.007,136.25826,126.889786,2.3737497,7.3236747,25.283863
1970-01-01 03:06:24,12060.184,144.50479,-100.32071,-0.23663275,-1.8022658,25.530973
1970-01-01 03:06:25,11940.236,143.82217,-187.75566,-3.3308117,2.623539,25.532974
1970-01-01 03:06:26,12092.319,142.09158,-143.85422,1.3970379,-0.6689756,25.571487
1970-01-01 03:06:27,12079.753,139.23055,76.16654,-2.0893276,11.782352,25.809006
1970-01-01 03:06:28,11973.499,130.17136,56.049793,3.029322,17.032324,26.578999
1970-01-01 03:06:29,12042.575,130.69151,,0.30598605,1.2028276,25.52845
1970-01-01 03:06:30,11978.58,142.45392,100.82292,2.9764993,-7.395536,25.392363
1970-01-01 03:06:31,12097.297,138.40013,,-0.52820504,13.167286,26.151537
1970-01-01 03:06:32,11975.46,141.69092,-302.86414,1.9943103,0.7791027,25.020546
1970-01-01 03:06:33,11866.511,133.83527,-18.594858,-1.8838009,-3.1522238,26.021017
1970-01-01 03:06:34,12063.046,138.50833,-170.44984,7.455598,-7.4333463,27.676338
1970-01-01 03:06:35,12046.163,143.1719,18.003876,4.495241,-25.82413,26.786404
1970-01-01 03:06:36,12145.1455,135.08655,-224.18854,2.8802617,-4.781823,26.447796
1970-01-01 03:06:37,11903.677,144.51746,135.48752,1.8292567,11.009098,26.511593
1970-01-01 03:06:38,12011.971,141.69487,-282.11206,3.446191,-3.888915,27.098547
1970-01-01 03:06:39,12128.268,144.18202,43.172188,3.115685,0.28221992,27.041836
1970-01-01 03:06:40,11933.766,140.21986,-153.34499,6.7858295,8.848823,26.668324
1970-01-01 03:06:41,12020.878,132.56581,-92.22553,-1.3638971,3.386457,27.036911
1970-01-01 03:06:42,12064.11,141.36862,400.42914,-5.769822,-4.20379,29.626173
1970-01-01 03:06:43,12072.659,140.97406,330.13977,4.131611,4.4774437,29.638664
1970-01-01 03:06:44,11996.17,141.51692,74.30033,1.7678951,9.680585,29.997736
1970-01-01 03:06:45,12078.947,132.89943,-118.5398,2.0812533,4.870644,29.603394
1970-01-01 03:06:46,11891.785,137.04811,2.897476,3.8802145,1.1625159,27.962742
1970-01-01 03:06:47,11920.921,134.4267,90.296165,1.8083878,-13.133812,27.084974
1970-01-01 03:06:48,12031.207,134.58736,-316.33463,5.7002277,-7.998943,26.690874
1970-01-01 03:06:49,12038.398,136.21297,4.2034783,3.437843,11.685191,25.38399
1970-01-01 03:06:50,12185.576,130.65605,132.48927,3.1011753,-11.992506,25.18251
1970-01-01 03:06:51,12098.063,144.59656,236.08769,1.6206311,-5.1498227,25.515545
1970-01-01 03:06:52,11966.803,139.55713,-145.87766,4.793419,0.23553471,24.568106
1970-01-01 03:06:53,12074.761,136.68939,0.04593748,-1.5416896,20.238632,23.604378
1970-01-01 03:06:54,12103.265,,228.23257,0.7555692,14.20998,24.323538
1970-01-01 03:06:55,12026.681,144.88722,-279.46057,2.6893778,-9.126734,23.899614
1970-01-01 03:06:56,11912.931,142.69029,-112.28809,1.7885013,-9.841941,23.70955
1970-01-01 03:06:57,11984.565,135.81921,-281.2917,1.8603266,17.076183,23.53247
1970-01-01 03:06:58,11857.034,140.70105,144.50873,2.968523,-11.050251,24.305962
1970-01-01 03:06:59,12037.817,138.03389,162.88747,5.77,-14.365767,23.993422
1970-01-01 03:07:00,12012.898,141.96484,-174.74504,1.0670744,11.728778,24.108513
1970-01-01 03:07:01,12075.774,138.28537,211.3827,2.6012106,6.606236,24.610191
1970-01-01 03:07:02,11996.558,140.94606,120.852554,-0.41650134,3.2869742,23.902445
1970-01-01 03:07:03,12129.212,130.93378,143.40727,6.263163,-16.929853,24.930431
1970-01-01 03:07:04,12049.866,135.80814,6.107921,7.020371,0.18982863,23.877647
1970-01-01 03:07:05,12100.414,141.5046,7.4494157,5.5446386,7.504581,22.390131
1970-01-01 03:07:06,11897.829,136.78784,-123.07109,0.20051058,14.39491,22.232367
1970-01-01 03:07:07,12073.711,147.58041,237.99522,-1.4970798,0.25418392,21.035425
1970-01-01 03:07:08,11861.488,140.6075,263.907,3.9804823,-0.640501,21.819283
1970-01-01 03:07:09,12056.85,142.2412,-143.88535,-0.06862795,-11.616802,20.432842
1970-01-01 03:07:10,12062.114,141.6383,84.81863,3.9829814,5.830381,20.161085
1970-01-01 03:07:11,12079.682,135.18759,272.84894,-0.3556512,-18.232101,21.868273
1970-01-01 03:07:12,11936.363,141.45915,378.77386,5.5284715,0.12341996,23.556704
1970-01-01 03:07:13,11858.623,128.8364,-11.44343,3.3363962,15.914063,24.371887
1970-01-01 03:07:14,11944.558,143.09349,-75.0547,6.1079283,-9.216581,23.978403
1970-01-01 03:07:15,11981.509,134.1551,558.87213,-1.4717169,-1.5957544,23.282478
1970-01-01 03:07:16,11904.067,137.69756,94.56049,-2.5218143,-14.077621,24.135225
1970-01-01 03:07:17,12080.954,136.99686,22.487682,5.6713676,-9.73356,22.68815
1970-01-01 03:07:18,12236.946,145.02432,-274.4977,-1.2439322,6.3549237,21.724382
1970-01-01 03:07:19,11993.254,136.17746,-124.19321,3.4367368,1.8738081,23.646952
1970-01-01 03:07:20,12040.922,135.76662,35.863514,5.0248036,-12.054248,24.883585
1970-01-01 03:07:21,12018.757,144.9689,-44.162167,4.8675604,4.321436,24.31461
1970-01-01 03:07:22,11945.12,143.29912,275.13846,4.990292,3.4230208,23.60482
1970-01-01 03:07:23,11889.172,154.58453,14.741736,2.5517707,2.5149345,24.21283
1970-01-01 03:07:24,12038.232,146.19388,-22.720272,2.5751293,4.029836,24.9608
1970-01-01 03:07:25,12075.747,132.66869,110.014404,1.5825512,4.541328,23.655754
1970-01-01 03:07:26,12089.442,138.72655,344.77347,3.6173449,10.210303,21.427101
1970-01-01 03:07:27,11999.769,141.65286,-183.8841,-1.9955404,-2.2092037,20.522104
1970-01-01 03:07:28,12057.466,141.28632,284.7569,2.1157904,-6.5329475,20.509409
1970-01-01 03:07:29,11971.596,141.12737,-95.49367,2.5615928,-18.11135,21.21184
1970-01-01 03:07:30,12111.881,140.88503,62.601425,0.31492645,-5.9334073,23.07539
1970-01-01 03:07:31,11928.02,140.73584,19.620497,-0.6073102,1.7204856,23.020628
1970-01-01 03:07:32,11901.784,140.64688,128.03848,2.4493275,8.680351,22.664482
1970-01-01 03:07:33,11980.378,141.92775,119.68981,4.47183,-1.3400105,23.005081
1970-01-01 03:07:34,11983.326,142.59732,-37.12324,-0.6511793,-1.483099,22.589975
1970-01-01 03:07:35,12108.122,139.40141,-29.64992,7.608372,-2.2470598,21.44063
1970-01-01 03:07:36,12139.869,137.15736,18.086681,2.0730004,-4.654268,20.470888
1970-01-01 03:07:37,11889.069,148.2702,69.55512,5.819827,9.365563,19.727358
1970-01-01 03:07:38,12106.94,139.28418,-294.469,5.573699,5.3610587,18.25273
1970-01-01 03:07:39,11963.602,145.26791,243.35718,0.856521,-4.4411836,18.292894
1970-01-01 03:07:40,12026.418,133.27013,-159.21344,-0.35800743,-3.0651999,18.347004
1970-01-01 03:07:41,11949.934,139.06633,94.18569,-2.4422169,-2.994602,18.21843
1970-01-01 03:07:42,12092.235,144.78424,213.2131,0.5701731,-2.8005404,17.197815
1970-01-01 03:07:43,12133.561,137.18745,308.80936,-1.8347466,-0.6624447,16.913929
1970-01-01 03:07:44,11914.273,138.14122,-258.54022,3.7181091,-4.852592,17.093246
1970-01-01 03:07:45,12073.141,139.85458,84.35467,0.2310888,11.405265,16.89408
1970-01-01 03:07:46,11965.392,147.91516,-188.24841,3.230548,-13.363979,15.50768
1970-01-01 03:07:47,12010.497,138.40622,-45.327576,4.348654,4.784313,13.196595
1970-01-01 03:07:48,11913.171,144.57608,191.06445,1.0340613,10.935899,12.364729
1970-01-01 03:07:49,12025.314,136.98203,373.71033,6.067679,-0.64026695,12.1299095
1970-01-01 03:07:50,12150.282,142.06578,-231.28972,3.6192296,5.6708727,12.198355
1970-01-01 03:07:51,12027.164,137.37271,-226.29253,1.710145,4.6975794,11.934054
1970-01-01 03:07:52,12082.661,144.29143,345.07785,1.8333873,4.827522,12.949084
1970-01-01 03:07:53,11926.817,143.62003,-40.7055,9.613274,5.9977503,13.213043
1970-01-01 03:07:54,12079.142,137.09161,301.60956,0.6310757,8.94721,12.4609585
1970-01-01 03:07:55,12025.898,139.07182,82.484375,1.9748687,2.0282865,12.138447
1970-01-01 03:07:56,12024.185,138.85086,-136.8277,-0.8636328,0.3107854,12.867919
1970-01-01 03:07:57,11813.327,142.84753,-186.68686,5.0631084,12.875477,12.5751095
1970-01-01 03:07:58,12012.247,136.90297,124.18113,2.6674762,-21.535065,11.97596
1970-01-01 03:07:59,11902.971,144.40912,,3.3754752,10.141602,12.500457
1970-01-01 03:08:00,12093.498,149.46835,-456.94177,-0.5221255,12.032716,10.647851
1970-01-01 03:08:01,12009.473,144.3168,328.7328,0.7066747,-5.508692,9.723074
1970-01-01 03:08:02,11986.673,136.71016,31.886095,1.2754174,12.499518,7.065396
1970-01-01 03:08:03,12024.623,143.77403,-178.31343,-1.5160747,6.114323,7.659689
1970-01-01 03:08:04,11982.238,140.83322,246.34457,1.1977632,-7.217178,6.229116
1970-01-01 03:08:05,12054.693,139.39954,-332.02777,6.4621687,-11.958051,4.917132
1970-01-01 03:08:06,12008.666,141.2461,-293.28125,4.9508576,-12.82217,4.8851795
1970-01-01 03:08:07,11933.331,142.80765,0.6960875,1.7766093,-3.634726,5.1884284
1970-01-01 03:08:08,12041.281,140.66289,-38.662903,2.5181868,12.204553,4.9536624
1970-01-01 03:08:09,12020.742,143.32977,179.39122,3.4811819,3.4639678,4.1890764
1970-01-01 03:08:10,12079.577,139.58937,-3.7542639,3.9204783,-11.337835,4.804517
1970-01-01 03:08:11,12144.703,145.4691,-101.17991,3.2114515,-2.392012,4.2456236
1970-01-01 03:08:12,11996.62,149.96333,-105.07454,-3.8814938,-20.028595,4.4154086
1970-01-01 03:08:13,11961.424,146.76399,-31.192207,2.385446,-21.552362,6.700056
1970-01-01 03:08:14,11967.309,137.93182,154.47044,2.0156937,-10.990565,4.888821
1970-01-01 03:08:15,12182.104,142.68591,66.53393,4.923399,8.5327,5.0739284
1970-01-01 03:08:16,12065.153,142.703,95.808716,4.153649,-8.564102,4.567237
1970-01-01 03:08:17,12010.492,145.20355,-384.1514,2.6736085,-21.975843,4.937859
1970-01-01 03:08:18,11894.997,139.91849,-325.94138,3.1856081,11.479122,4.042868
1970-01-01 03:08:19,11937.354,147.03114,2.7491074,0.8315377,-6.6351466,3.0678506
1970-01-01 03:08:20,11900.216,139.13998,225.24704,0.5277407,-1.3884511,1.9032718
1970-01-01 03:08:21,11914.879,142.80911,-31.248533,1.4459119,-5.2769427,0.019155454
1970-01-01 03:08:22,11924.974,143.86931,-159.25554,4.025506,5.226208,0.46994564
1970-01-01 03:08:23,12041.863,140.70682,-303.05585,0.4762071,9.34487,359.14713
1970-01-01 03:08:24,11979.584,143.17598,133.16742,0.9863712,6.1480784,359.22122
1970-01-01 03:08:25,12101.912,143.46333,98.34308,-2.297217,-6.542739,358.82974
1970-01-01 03:08:26,11883.942,139.21724,-8.752145,-3.3374326,-7.54065,359.65234
1970-01-01 03:08:27,12130.052,147.66928,-221.22491,6.08163,2.5841424,359.52982
1970-01-01 03:08:28,11968.8,137.49353,-98.90059,-4.1249776,1.2109387,358.90244
1970-01-01 03:08:29,12010.828,143.64378,-54.254562,2.6242266,-3.3968735,355.66922
1970-01-01 03:08:30,12092.954,139.37885,279.472,4.752622,-13.708373,356.23605
1970-01-01 03:08:31,11931.186,142.90625,244.28838,4.7636943,-5.7553267,355.5427
1970-01-01 03:08:32,11973.9795,137.30408,244.58939,4.2340183,4.2859836,354.4854
1970-01-01 03:08:33,12066.183,137.81483,-22.016209,-1.1368014,0.7332091,355.3955
1970-01-01 03:08:34,12052.593,145.76904,-644.1065,4.602895,-13.052952,355.62222
1970-01-01 03:08:35,11878.017,134.33684,-6.475222,3.3858368,7.5532937,355.2386
1970-01-01 03:08:36,12175.953,140.15234,-147.06596,6.4482656,7.510459,356.10208
1970-01-01 03:08:37,11880.146,142.6528,-8.502699,-1.3008835,3.7623298,356.134
1970-01-01 03:08:38,11858.173,146.33063,138.65343,0.46330404,-24.709354,354.81604
1970-01-01 03:08:39,11937.61,137.83418,-103.57589,1.5293663,-24.652369,356.75958
1970-01-01 03:08:40,12048.555,148.71465,228.55324,-2.4319968,-7.2795453,356.5925
1970-01-01 03:08:41,12099.698,149.21286,-178.51892,-1.7260813,-2.0128624,356.5948
1970-01-01 03:08:42,12062.426,150.43817,301.93414,3.019096,-1.4553623,356.88385
1970-01-01 03:08:43,12104.237,141.60606,120.33855,3.0026114,3.769512,357.1406
1970-01-01 03:08:44,11913.995,140.1705,51.958084,5.2161503,-22.052067,357.40585
1970-01-01 03:08:45,12059.211,137.15956,-350.60364,0.12016437,0.9649485,357.18985
1970-01-01 03:08:46,11905.984,144.40132,150.44019,5.3005743,2.6642091,358.16406
1970-01-01 03:08:47,11885.34,148.96907,22.382841,0.5267097,4.9677453,359.02475
1970-01-01 03:08:48,11998.43,144.04956,-561.6774,-1.9223415,6.097501,359.44504
1970-01-01 03:08:49,12057.11,138.43617,129.7864,2.608256,25.523407,359.87546
1970-01-01 03:08:50,12221.299,149.93547,-74.32516,0.4083224,1.8158977,358.85547
1970-01-01 03:08:51,11967.78,150.48984,-154.07356,0.12461497,3.5432765,359.2452
1970-01-01 03:08:52,12036.686,139.93417,33.13347,1.4700338,27.074015,359.36963
1970-01-01 03:08:53,12072.452,143.94075,161.19359,-1.586514,2.122335,357.79932
1970-01-01 03:08:54,11912.767,154.59283,296.3241,2.6256242,-3.4223013,356.40738
1970-01-01 03:08:55,12046.552,144.63492,-42.788143,4.239196,-1.6113253,356.0517
1970-01-01 03:08:56,12002.737,144.76898,162.63441,4.911288,-1.5979087,355.9424
1970-01-01 03:08:57,11894.883,147.57011,192.1299,-4.378384,10.818028,356.20328
1970-01-01 03:08:58,12109.308,153.53365,-104.34301,3.1033902,-14.174985,354.67688
1970-01-01 03:08:59,12041.877,149.80716,-0.92961484,0.80629325,1.790975,354.49615
1970-01-01 03:09:00,11928.234,143.96265,-0.06168337,2.8954763,9.529994,353.76865
1970-01-01 03:09:01,11949.688,140.39792,151.96576,-2.7144723,7.202473,351.0921
1970-01-01 03:09:02,11966.71,137.29631,-320.10043,2.5739903,-1.8458077,349.4501
1970-01-01 03:09:03,11963.383,146.05307,-48.461205,2.9068294,4.5477653,348.15097
1970-01-01 03:09:04,11878.794,147.15353,92.17622,-0.28218055,3.5915375,349.96536
1970-01-01 03:09:05,11979.203,141.57623,-206.09067,-5.492863,10.437267,349.83896
1970-01-01 03:09:06,11973.902,146.64912,-67.7265,2.3305187,-6.2124286,348.92136
1970-01-01 03:09:07,12061.084,147.09084,-57.49476,-0.9953761,-11.837278,349.46115
1970-01-01 03:09:08,11942.21,145.14911,-101.07299,-0.4553072,2.2244754,349.17798
1970-01-01 03:09:09,12084.238,146.1122,329.60803,-0.64441836,9.425544,349.77362
1970-01-01 03:09:10,12200.848,135.49797,120.526726,-3.1354442,6.009861,348.5041
1970-01-01 03:09:11,11896.824,144.5484,-30.006071,-5.8108115,6.427227,348.1989
1970-01-01 03:09:12,12084.516,142.57683,-87.2641,0.8028888,1.5978104,348.43384
1970-01-01 03:09:13,11965.662,137.77559,163.50363,3.1952302,14.44297,347.67203
1970-01-01 03:09:14,11939.608,148.27046,-249.43144,1.0352763,-3.7707999,349.18195
1970-01-01 03:09:15,12066.959,142.89087,229.03217,1.6188912,-9.178823,348.9225
1970-01-01 03:09:16,12015.044,138.04901,-236.0433,0.23107259,-9.693682,349.8078
1970-01-01 03:09:17,11988.217,138.266,-272.80023,10.528907,-3.912288,350.5049
1970-01-01 03:09:18,12057.832,134.17262,152.46545,-3.3641138,3.9263206,349.8288
1970-01-01 03:09:19,11875.1045,145.27094,-196.03639,6.9316998,-9.632675,349.49316
1970-01-01 03:09:20,11976.489,148.00589,131.31313,-0.1405169,19.023037,349.5286
1970-01-01 03:09:21,12039.099,145.99329,-61.950832,2.3122454,4.48476,349.65057
1970-01-01 03:09:22,12051.583,144.7772,-82.70916,-0.3479869,-24.033657,348.69684
1970-01-01 03:09:23,11876.851,143.2348,299.31506,-4.27174,-16.154234,348.14288
1970-01-01 03:09:24,11960.153,142.89624,0.28107014,1.4703538,4.3490562,347.61166
1970-01-01 03:09:25,,144.63004,-314.6514,4.1838026,1.9087379,346.95474
1970-01-01 03:09:26,11992.182,148.85214,58.720436,0.974869,-1.4803586,346.2721
1970-01-01 03:09:27,11944.561,141.28383,-263.3693,9.744017,22.533356,345.5822
1970-01-01 03:09:28,12044.313,146.76637,174.53052,5.598798,-13.733364,345.4954
1970-01-01 03:09:29,12169.318,144.75789,-114.46561,3.184341,0.7144112,346.47302
1970-01-01 03:09:30,11957.665,143.5204,197.7313,-3.1769595,1.1694306,345.2341
1970-01-01 03:09:31,11967.017,142.31537,-164.3174,2.190697,5.480698,345.96
1970-01-01 03:09:32,12030.676,151.9634,-39.058506,4.153336,11.80737,347.26672
1970-01-01 03:09:33,11803.067,146.69383,-113.85037,4.4758277,13.699862,346.92
1970-01-01 03:09:34,12187.018,143.75543,-139.79504,1.1118168,7.4125295,347.96335
1970-01-01 03:09:35,11978.542,149.36206,-34.74879,-2.7789788,-13.601955,346.7536
1970-01-01 03:09:36,12078.975,146.45749,127.6507,3.4998827,-1.0437679,346.74203
1970-01-01 03:09:37,11864.997,149.33638,-249.13248,-1.2970937,-10.330887,347.38538
1970-01-01 03:09:38,12115.427,149.65051,36.94098,3.6386695,-12.39259,347.92346
1970-01-01 03:09:39,12111.41,143.46288,-383.3552,4.8059535,2.876968,348.76236
1970-01-01 03:09:40,12006.012,147.31499,-312.9957,6.5325847,1.3667517,347.20163
1970-01-01 03:09:41,11948.896,146.7453,122.74377,-0.77273047,22.465055,349.11703
1970-01-01 03:09:42,11928.536,146.57913,-167.12663,-0.13919538,4.784282,348.3315
1970-01-01 03:09:43,12071.052,146.41632,-101.70661,3.3956897,-5.524597,350.47952
1970-01-01 03:09:44,11923.409,143.21458,181.88972,-0.3926308,8.519117,350.77475
1970-01-01 03:09:45,11977.617,143.07788,170.64722,-1.9799489,-1.4239879,350.58136
1970-01-01 03:09:46,12017.443,149.28296,225.33543,2.5286658,1.74583,350.03543
1970-01-01 03:09:47,11918.868,143.35454,-48.318886,1.4375311,2.21662,350.59598
1970-01-01 03:09:48,12073.62,143.05301,255.51949,6.4195876,8.242011,349.4104
1970-01-01 03:09:49,11975.896,145.56201,-164.1132,3.984577,-1.6370422,349.28958
1970-01-01 03:09:50,11769.54,151.01552,-300.27866,2.1440969,-17.054688,350.1652
1970-01-01 03:09:51,11945.951,142.00504,17.807568,2.6816483,11.459473,348.88348
1970-01-01 03:09:52,12015.287,145.26892,-53.694836,3.1595175,-7.1452746,348.19666
1970-01-01 03:09:53,12007.958,145.4594,-37.565636,4.096126,10.464366,346.7962
1970-01-01 03:09:54,11985.337,151.31978,124.26714,-0.74257797,-4.37266,346.99014
1970-01-01 03:09:55,12013.576,147.82909,-150.60762,-1.8988823,-1.4170078,348.72842
1970-01-01 03:09:56,11878.284,149.894,285.14697,1.2840402,1.039176,349.20398
1970-01-01 03:09:57,12051.152,146.81981,-5.5920973,-1.1112556,-5.7414274,348.07758
1970-01-01 03:09:58,12030.602,140.32578,-505.10446,4.1201916,-3.76243,347.77417
1970-01-01 03:09:59,11974.303,150.14906,-134.85522,5.0286107,-1.8308731,346.17416
1970-01-01 03:10:00,12020.623,146.74098,-203.03961,3.8216784,3.913519,346.26495
1970-01-01 03:10:01,12057.259,146.91373,-93.88134,-0.33855316,3.0103385,345.26016
1970-01-01 03:10:02,12006.592,143.1775,-72.75224,1.1976924,-10.975611,345.53796
1970-01-01 03:10:03,12012.909,147.57489,49.257294,6.143248,-10.438314,345.22144
1970-01-01 03:10:04,11989.693,144.91295,-105.5611,2.056682,0.62830436,344.77594
1970-01-01 03:10:05,11975.801,141.5831,-276.11816,-0.5026202,9.517146,344.49768
1970-01-01 03:10:06,11997.858,146.11302,55.972103,-7.579039,0.09071272,343.42218
1970-01-01 03:10:07,12020.04,142.14006,117.0661,,-1.9901638,344.0344
1970-01-01 03:10:08,11898.209,147.9295,184.50116,4.1678605,25.806955,344.0185
1970-01-01 03:10:09,11930.692,147.88144,-43.948208,3.234456,4.2188663,344.2466
1970-01-01 03:10:10,11953.79,145.8335,-129.95216,1.1797047,8.4445,342.69043
1970-01-01 03:10:11,12131.949,154.4118,97.462975,7.93107,0.30221894,342.25226
1970-01-01 03:10:12,12052.859,137.51295,104.59664,5.3043575,-2.2629197,341.6059
1970-01-01 03:10:13,12007.328,142.57257,224.02635,2.5164547,-1.3853766,341.53815
1970-01-01 03:10:14,12022.237,143.5296,-0.79148585,0.70211136,7.3188243,340.68936
1970-01-01 03:10:15,12135.512,137.79639,234.80074,6.428758,9.771387,342.1813
1970-01-01 03:10:16,11941.352,144.61356,465.4629,-0.023939518,14.718954,342.31805
1970-01-01 03:10:17,12001.378,142.88841,87.53596,1.39551,2.8714144,341.76523
1970-01-01 03:10:18,12016.169,146.51497,160.76872,0.7760012,-2.0061893,343.21118
1970-01-01 03:10:19,12007.056,145.03107,-307.37927,4.4975863,-0.3080278,343.18393
1970-01-01 03:10:20,11847.503,149.70183,265.5268,-1.8334672,-18.693312,343.42172
1970-01-01 03:10:21,11921.212,140.8528,-63.530727,-1.4602823,-2.828025,344.28732
1970-01-01 03:10:22,11975.908,139.57379,-29.45976,4.4053035,-1.2565501,343.46518
1970-01-01 03:10:23,12050.88,148.70987,-80.1092,0.08760038,-5.187609,343.70786
1970-01-01 03:10:24,11927.479,144.13782,-22.855547,-3.8477874,-3.6570542,343.86597
1970-01-01 03:10:25,11857.314,140.58516,307.1677,5.239411,4.6020985,342.61807
1970-01-01 03:10:26,12009.918,147.91104,208.1945,-2.6647522,2.031262,344.40558
1970-01-01 03:10:27,11917.58,147.69719,-260.43555,3.3209531,-5.4301853,343.65533
1970-01-01 03:10:28,12134.926,138.8182,275.53345,3.0536819,-10.626369,344.7855
1970-01-01 03:10:29,11973.777,147.65352,247.82831,0.5906378,-3.1675568,345.63492
1970-01-01 03:10:30,12057.824,142.8977,-98.39105,3.3444643,-10.750851,346.20322
1970-01-01 03:10:31,12010.966,141.2975,-225.72708,2.9425352,12.601883,346.2921
1970-01-01 03:10:32,12005.392,140.35043,-327.64145,-2.9724834,-16.27091,347.1502
1970-01-01 03:10:33,11964.477,151.64838,-290.455,-1.4387302,-6.53566,347.6007
1970-01-01 03:10:34,11934.878,147.83337,-15.106674,-4.699966,6.9945736,346.67365
1970-01-01 03:10:35,12159.511,146.2755,-9.02181,5.7445436,-10.424749,347.6164
1970-01-01 03:10:36,11937.7705,138.78514,-125.39885,1.9522275,5.0241814,347.0126
1970-01-01 03:10:37,11867.7,140.43718,-109.06039,6.446291,-13.413492,346.85468
1970-01-01 03:10:38,11995.325,142.84929,67.47554,1.242067,-5.8562,347.39804
1970-01-01 03:10:39,11997.225,151.06601,-164.6423,-0.4725528,8.091206,348.36395
1970-01-01 03:10:40,12024.972,147.15434,30.559423,7.2431536,0.5613211,347.62823
1970-01-01 03:10:41,11973.972,149.63046,-226.85513,7.2838144,-0.39553142,347.8382
1970-01-01 03:10:42,11989.395,148.53905,-245.1845,-3.0589268,18.68149,347.64734
1970-01-01 03:10:43,12055.836,144.92146,-5.647748,1.9427099,2.2814577,347.6566
1970-01-01 03:10:44,11803.884,141.96793,-319.8953,2.2093592,5.0430655,346.06085
1970-01-01 03:10:45,11939.851,150.51117,-23.483273,1.1173638,-4.507804,346.93448
1970-01-01 03:10:46,12054.895,141.86418,64.888435,4.3787193,-4.7574935,346.9241
1970-01-01 03:10:47,11996.988,139.10973,-13.394996,5.9050417,-6.6922274,348.73816
1970-01-01 03:10:48,11798.4375,,-81.652824,5.3187876,18.719946,349.18762
1970-01-01 03:10:49,12190.249,147.10725,-4.4176903,0.35176703,-12.10615,348.55078
1970-01-01 03:10:50,11854.544,151.90344,-112.61349,4.9221926,3.9302254,347.04898
1970-01-01 03:10:51,11991.713,154.24821,46.254723,5.642986,1.9955189,347.00912
1970-01-01 03:10:52,11977.361,153.87053,144.36406,1.37749,-1.2272365,347.93637
1970-01-01 03:10:53,12010.49,142.88184,-306.5134,-1.4781052,-23.620636,345.08676
1970-01-01 03:10:54,11856.433,148.50917,-111.58733,-1.3214747,-3.5547187,343.8089
1970-01-01 03:10:55,12021.368,143.03737,250.44221,-0.69078386,10.775428,344.32224
1970-01-01 03:10:56,12107.354,152.35573,96.04531,1.725297,-10.2029505,344.577
1970-01-01 03:10:57,11941.76,147.74345,47.40764,0.83934987,-0.028564397,344.1302
1970-01-01 03:10:58,11928.016,147.80305,-21.28842,3.297278,-18.079086,345.43484
1970-01-01 03:10:59,11928.009,142.53839,-72.354485,-0.08277115,7.5176244,344.17703
1970-01-01 03:11:00,12061.632,152.4015,54.18443,2.367604,-10.696896,345.27945
1970-01-01 03:11:01,12107.408,141.5692,168.7265,5.155437,-4.235056,345.55417
1970-01-01 03:11:02,11977.583,146.92148,150.93542,-0.12442975,-0.91030157,345.43533
1970-01-01 03:11:03,12006.727,151.32469,262.04987,2.9951801,20.054056,346.39423
1970-01-01 03:11:04,12126.951,141.94362,4.885099,7.202212,-10.853105,345.04327
1970-01-01 03:11:05,11861.505,146.53636,76.93076,2.12862,13.046063,345.73108
1970-01-01 03:11:06,12031.017,153.63179,346.6347,3.4046912,1.4501253,345.25146
1970-01-01 03:11:07,12041.065,144.6054,215.6922,0.6877338,10.124131,344.42752
1970-01-01 03:11:08,12013.814,142.71828,-111.275406,5.170482,-3.1255982,343.6233
1970-01-01 03:11:09,12007.242,145.11646,153.75818,4.2211056,4.9746237,343.70383
1970-01-01 03:11:10,12069.909,153.17053,213.63934,-1.1251898,-5.298342,343.62952
1970-01-01 03:11:11,12024.619,150.36311,255.81036,3.0776012,3.3601422,345.90988
1970-01-01 03:11:12,11986.303,142.33629,-23.022121,2.3817363,21.930939,346.58542
1970-01-01 03:11:13,12010.645,150.2179,131.27003,-0.31039482,-9.757938,345.44922
1970-01-01 03:11:14,11896.973,147.59619,167.68005,5.375931,-1.6301976,346.41803
1970-01-01 03:11:15,12010.215,149.12682,426.43213,-0.21208821,-18.824972,344.92657
1970-01-01 03:11:16,11957.689,141.80667,-139.70383,6.127348,-18.135826,342.7659
1970-01-01 03:11:17,12027.833,153.81586,-253.7478,3.4400084,6.2664967,343.18008
1970-01-01 03:11:18,12022.291,145.74411,86.052,7.496672,-4.543256,344.6929
1970-01-01 03:11:19,12096.14,145.48244,-414.88016,2.5861194,6.4283004,343.9154
1970-01-01 03:11:20,11945.982,150.5943,70.774704,0.96782655,1.4628444,344.52032
1970-01-01 03:11:21,11855.138,150.21275,-69.92634,0.831608,4.932718,345.4239
1970-01-01 03:11:22,12017.505,156.49059,91.035164,-0.6874252,-2.769276,345.32074
1970-01-01 03:11:23,11986.737,155.31714,-128.78488,2.7699442,-3.8222857,344.3428
1970-01-01 03:11:24,12198.449,141.86415,188.06926,0.27223444,-18.861246,343.1435
1970-01-01 03:11:25,12016.589,143.42474,-43.322273,8.0963335,-12.502103,342.4225
1970-01-01 03:11:26,11992.408,150.5329,242.16618,-1.4813346,9.893489,340.48083
1970-01-01 03:11:27,12081.8545,147.9818,29.348982,1.0065327,4.107155,340.3452
1970-01-01 03:11:28,12083.268,145.38863,58.600834,-1.8137208,-9.696136,340.17038
1970-01-01 03:11:29,12138.739,146.15187,-420.43164,0.781794,1.2124759,340.61353
1970-01-01 03:11:30,12044.68,138.78156,-33.073483,2.7351158,-11.030286,338.86298
1970-01-01 03:11:31,12170.648,149.4673,-196.14569,2.0062594,5.0886474,337.86615
1970-01-01 03:11:32,11946.412,143.52983,285.3276,-0.33153018,2.457485,340.00797
1970-01-01 03:11:33,11948.19,151.58838,-203.2519,5.2263827,-4.8706503,340.01044
1970-01-01 03:11:34,12040.068,145.50616,-234.19067,0.66366345,-10.472378,339.48474
1970-01-01 03:11:35,12090.602,148.58005,528.9135,0.6593165,-15.956417,340.10822
1970-01-01 03:11:36,11923.234,151.5089,24.930162,5.8118668,1.2875962,341.84494
1970-01-01 03:11:37,11994.874,148.4552,13.655699,-0.003706335,-3.5711944,340.43994
1970-01-01 03:11:38,12042.844,153.2422,37.67502,6.6158195,-28.877079,341.48755
1970-01-01 03:11:39,11948.716,143.3003,104.19458,0.006138337,-24.911648,341.3797
1970-01-01 03:11:40,11982.224,150.83803,-121.28591,-0.45388556,-1.9806739,343.3362
1970-01-01 03:11:41,11935.769,149.48827,135.65517,-3.4717584,1.5779182,343.30685
1970-01-01 03:11:42,11969.295,145.70966,43.05476,2.2554455,-2.1449826,343.83658
1970-01-01 03:11:43,12095.658,144.53893,114.127106,-0.28718185,6.8248653,342.72772
1970-01-01 03:11:44,12111.89,149.60948,109.82785,9.63072,-1.7252052,343.74637
1970-01-01 03:11:45,12079.244,146.65413,-89.17912,4.5883064,16.458467,345.02063
1970-01-01 03:11:46,11994.817,151.30376,90.66346,-1.4253459,5.8972335,343.24023
1970-01-01 03:11:47,12016.951,150.83116,124.59297,-0.7155135,18.11199,343.20135
1970-01-01 03:11:48,12133.155,152.38353,-56.430256,-0.02748188,10.273824,344.52365
1970-01-01 03:11:49,12013.778,146.34521,-150.8061,-0.2891769,6.2540507,345.43716
1970-01-01 03:11:50,11925.677,152.16692,-17.580889,4.8336625,2.2885253,345.0255
1970-01-01 03:11:51,11906.387,149.84227,-72.32727,1.9227971,2.538533,344.2676
1970-01-01 03:11:52,11816.504,138.70486,-303.9617,9.161362,3.3784223,344.76324
1970-01-01 03:11:53,11945.878,145.79356,-118.55865,4.68275,14.382878,345.55392
1970-01-01 03:11:54,11950.995,157.69568,231.97652,6.3485084,-14.2466,345.6598
1970-01-01 03:11:55,12047.883,141.88734,29.689192,1.8758401,11.333349,345.862
1970-01-01 03:11:56,12018.079,150.57625,-214.57608,2.243241,-7.5989394,345.27914
1970-01-01 03:11:57,11950.361,151.99791,85.74446,2.3192017,17.655,346.12704
1970-01-01 03:11:58,12058.958,149.83827,46.174995,5.393179,-1.1956779,346.38818
1970-01-01 03:11:59,11967.488,150.2288,-8.088026,3.3260038,-11.110276,345.49933
1970-01-01 03:12:00,11904.296,149.58067,-156.46696,6.181872,-4.8366804,345.70605
1970-01-01 03:12:01,12056.023,155.44763,-130.72209,-2.0500228,3.2322264,345.459
1970-01-01 03:12:02,12034.281,154.21553,-71.03843,0.45933348,9.330905,345.49927
1970-01-01 03:12:03,12050.358,156.56723,-47.958115,3.2387967,-3.8499753,344.53854
1970-01-01 03:12:04,12083.157,153.90355,-112.585106,3.652227,17.133682,345.15652
1970-01-01 03:12:05,11931.886,151.17786,66.10029,-3.1992037,-8.47087,343.4137
1970-01-01 03:12:06,12044.125,148.81427,-27.200914,-1.7279761,8.501977,344.0129
1970-01-01 03:12:07,12040.641,147.60626,-205.59294,4.1781363,-9.741176,343.57697
1970-01-01 03:12:08,11972.932,148.61098,228.04825,2.854011,-11.296744,344.25906
1970-01-01 03:12:09,11859.234,146.12576,268.23712,-2.5241654,3.7857304,346.08316
1970-01-01 03:12:10,11999.273,149.61954,369.56616,-1.2804306,-0.13452974,345.12274
1970-01-01 03:12:11,11934.41,149.38858,270.77054,3.2092493,,344.3185
1970-01-01 03:12:12,11903.646,145.00397,-93.68064,10.328306,14.076576,344.6667
1970-01-01 03:12:13,12106.922,155.02373,-78.106,6.299059,-1.397141,344.79092
1970-01-01 03:12:14,12078.314,149.0087,119.66778,4.661667,10.236439,346.29532
1970-01-01 03:12:15,11977.843,150.51404,-177.78487,-0.30157933,-0.8647987,346.64172
1970-01-01 03:12:16,12082.081,145.78737,12.848128,1.282425,-4.6799765,346.24548
1970-01-01 03:12:17,12100.505,149.96489,-183.81184,2.5617218,-35.094955,345.67502
1970-01-01 03:12:18,11953.868,156.2055,-170.68909,1.9220293,27.984274,345.30515
1970-01-01 03:12:19,12031.899,154.21422,-197.8899,2.077857,2.5334415,343.60403
1970-01-01 03:12:20,11988.169,147.41289,34.088627,,1.4057772,345.102
1970-01-01 03:12:21,12089.794,147.88895,-120.33716,4.010374,-0.16235487,347.2825
1970-01-01 03:12:22,12017.55,146.65659,379.68253,7.640292,-16.638802,347.61493
1970-01-01 03:12:23,11936.011,140.05824,-144.20818,-0.7058459,18.958689,345.7011
1970-01-01 03:12:24,12109.821,147.31184,67.41703,4.0686603,-7.655934,345.09445
1970-01-01 03:12:25,12008.452,151.79044,110.9307,0.985141,6.4747143,345.7023
1970-01-01 03:12:26,12179.806,147.83926,151.98628,3.4013865,5.0146003,343.43472
1970-01-01 03:12:27,12002.85,147.87651,311.49677,1.8195639,9.052351,342.20776
1970-01-01 03:12:28,12110.6,152.89131,-11.435135,-0.9702075,2.065823,343.91928
1970-01-01 03:12:29,12017.125,144.76419,220.43741,0.69238156,-5.1593227,342.9473
1970-01-01 03:12:30,11924.242,145.52605,-299.388,4.3070135,-11.437439,343.1628
1970-01-01 03:12:31,12015.125,151.47244,-82.01115,3.8219695,-2.4832168,342.7232
1970-01-01 03:12:32,12051.996,147.83145,-43.39066,-1.068494,-9.168582,342.72086
1970-01-01 03:12:33,12052.141,144.99059,-78.48717,2.2023125,-10.3252125,343.36026
1970-01-01 03:12:34,11996.536,152.2515,149.97491,3.790704,9.098822,342.2639
1970-01-01 03:12:35,11889.342,152.2109,288.50165,0.420075,-1.7911437,342.6062
1970-01-01 03:12:36,12028.907,143.90683,-94.52597,3.8992977,-6.9259214,342.49017
1970-01-01 03:12:37,12108.243,149.8085,-186.51717,,-9.340894,340.66458
1970-01-01 03:12:38,12049.805,156.49686,-373.41287,3.0005379,6.439346,340.63782
1970-01-01 03:12:39,12057.982,138.94818,330.1278,2.3557253,-9.4477005,340.48462
1970-01-01 03:12:40,11966.896,155.07483,-44.73335,-3.1380217,6.45265,338.86667
1970-01-01 03:12:41,12055.907,149.87059,-256.87753,4.5055866,0.25314218,339.74838
1970-01-01 03:12:42,12000.3955,147.69542,-1.5141525,0.16309465,-15.370411,340.08118
1970-01-01 03:12:43,11900.048,158.15402,80.77051,1.9892491,13.036167,338.7352
1970-01-01 03:12:44,11979.037,145.30884,440.61444,3.593255,-1.935028,338.69476
1970-01-01 03:12:45,,152.47102,-343.3987,5.3074803,-0.93599397,338.77286
1970-01-01 03:12:46,11979.992,139.53856,-245.43819,3.0846338,12.046966,337.95377
1970-01-01 03:12:47,12010.073,149.1508,28.49409,5.7328553,-1.8086631,339.50574
1970-01-01 03:12:48,11965.156,153.45938,45.675697,1.495922,-1.4021003,338.45096
1970-01-01 03:12:49,12063.916,154.41614,57.972775,-3.2025015,-1.5117029,338.51593
1970-01-01 03:12:50,12014.26,151.19228,-123.6212,1.4639524,-20.686684,340.47208
1970-01-01 03:12:51,12006.97,151.05974,186.35423,0.33591166,-9.418278,341.19882
1970-01-01 03:12:52,12149.385,153.68867,227.2284,0.21532345,1.5648925,341.56873
1970-01-01 03:12:53,11986.066,147.29645,118.89381,0.20025697,-2.73697,342.48
1970-01-01 03:12:54,12020.286,157.23964,70.27962,7.6409707,-17.153784,342.67117
1970-01-01 03:12:55,12062.831,152.19751,-154.05577,-1.7897054,1.5385038,341.92352
1970-01-01 03:12:56,11898.7295,157.00166,82.1663,1.185178,1.4772896,342.28165
1970-01-01 03:12:57,12054.095,143.2732,52.440327,2.7966015,16.360176,342.1413
1970-01-01 03:12:58,11968.02,147.76279,-60.598248,-0.7109513,1.9994632,341.91867
1970-01-01 03:12:59,12010.383,152.21538,-22.560009,2.4781315,11.878709,341.6352
1970-01-01 03:13:00,12081.89,150.49525,-67.26336,0.11612587,-4.426609,341.19916
1970-01-01 03:13:01,12143.827,154.64828,-28.642387,5.0304804,-3.7463377,342.07266
1970-01-01 03:13:02,11945.914,148.11778,27.440065,5.2867126,6.362231,341.99252
1970-01-01 03:13:03,11968.894,155.88214,157.54034,-4.2960596,7.5486073,342.9236
1970-01-01 03:13:04,11985.908,150.56679,-317.059,-1.5904053,-16.331459,343.51944
1970-01-01 03:13:05,11936.112,147.0286,-233.24828,3.5320752,10.057024,344.03836
1970-01-01 03:13:06,11998.486,147.26643,218.01295,1.421199,-15.900975,343.81122
1970-01-01 03:13:07,12041.684,154.54375,212.2972,3.7585196,-6.0676665,344.4908
1970-01-01 03:13:08,12033.146,145.80247,-39.366642,3.6342366,,344.5914
1970-01-01 03:13:09,11955.1,158.04921,97.41622,5.3175907,14.665255,345.9815
1970-01-01 03:13:10,12016.19,150.32895,16.853458,2.5664098,3.2774897,346.92166
1970-01-01 03:13:11,11976.665,151.85486,-40.96755,0.51148987,0.54288423,345.06808
1970-01-01 03:13:12,12112.209,154.5407,118.662254,1.5174373,-11.391802,344.43695
1970-01-01 03:13:13,12109.39,151.4331,-89.75887,1.0990629,2.1107605,344.38657
1970-01-01 03:13:14,12010.705,154.69232,-4.94712,-1.7523772,-7.386101,342.65506
1970-01-01 03:13:15,11940.519,156.12025,-131.54295,0.18200004,-13.254555,343.71664
1970-01-01 03:13:16,12061.974,150.71103,-9.481734,-3.6160207,-13.882174,345.30505
1970-01-01 03:13:17,11979.481,153.06892,-37.93493,-1.0492156,-12.635636,345.721
1970-01-01 03:13:18,11984.339,146.99286,-89.60328,-2.3447948,4.4841466,347.27985
1970-01-01 03:13:19,12082.544,148.94885,-14.079099,1.2253075,-5.5878487,346.57104
1970-01-01 03:13:20,12033.372,156.61229,-175.56284,5.2074027,1.17629,347.10538
1970-01-01 03:13:21,12019.321,151.49313,133.17032,3.8108165,3.0821242,348.31866
1970-01-01 03:13:22,11964.993,150.69325,-153.43282,3.006538,11.363949,348.74594
1970-01-01 03:13:23,11886.218,152.45924,158.0201,3.3394604,-4.9638357,348.65634
1970-01-01 03:13:24,12025.837,156.02403,-3.901364,2.628051,0.53627837,350.08453
1970-01-01 03:13:25,12041.694,151.0715,75.24064,0.040128946,-2.7974346,351.70038
1970-01-01 03:13:26,11975.43,146.5001,61.025703,4.2848167,-5.033545,352.7774
1970-01-01 03:13:27,12061.911,154.06668,222.6833,0.7310311,-8.40418,351.75418
1970-01-01 03:13:28,12028.78,149.94939,38.20644,3.238949,-7.611131,351.90955
1970-01-01 03:13:29,12008.953,152.0228,326.14307,-1.139431,0.20162424,351.00113
1970-01-01 03:13:30,12044.494,149.54614,-238.45085,-2.5581994,5.5241084,350.68234
1970-01-01 03:13:31,11958.378,150.0624,187.75177,5.5278797,12.024253,350.4071
1970-01-01 03:13:32,11923.847,154.09291,294.5251,0.043371502,8.013916,350.53738
1970-01-01 03:13:33,12035.401,154.82777,-101.34567,-0.9790103,-14.516575,351.58026
1970-01-01 03:13:34,11995.925,154.1891,82.03122,6.0389194,-10.080194,352.10056
1970-01-01 03:13:35,12030.548,155.39218,144.50182,1.9988446,-6.951456,350.63858
1970-01-01 03:13:36,12074.47,143.18349,132.03078,-0.06504453,2.852447,351.04504
1970-01-01 03:13:37,12000.928,151.17613,-114.244385,6.9297943,9.092054,350.85712
1970-01-01 03:13:38,12136.523,145.02565,-152.17224,-3.6469336,2.4987416,349.75198
1970-01-01 03:13:39,12057.835,154.12766,-16.062967,2.4644823,3.0242798,350.11935
1970-01-01 03:13:40,11962.103,151.7056,228.3689,6.54305,-0.42711416,349.85492
1970-01-01 03:13:41,12000.013,149.91531,-278.6773,1.0320501,10.242935,350.59854
1970-01-01 03:13:42,11983.078,146.45847,-30.740341,5.2005982,-13.684314,354.0126
1970-01-01 03:13:43,11913.454,145.71921,406.48926,-0.7732732,2.8403783,354.81973
1970-01-01 03:13:44,12035.609,156.57932,-3.6307173,0.95534337,1.9958802,355.24036
1970-01-01 03:13:45,12017.986,149.10664,-50.614227,3.9933417,9.336178,357.3685
1970-01-01 03:13:46,12009.067,152.54808,-54.269928,-0.7940809,-10.924084,358.402
1970-01-01 03:13:47,12091.307,156.71059,9.459562,5.1626835,-16.264736,359.6465
1970-01-01 03:13:48,11960.042,149.10457,104.3999,-2.4903753,1.4842484,359.99606
1970-01-01 03:13:49,12034.881,150.10564,-167.25609,0.37654313,-15.624642,358.62402
1970-01-01 03:13:50,12141.63,155.27277,93.02616,9.170248,-14.461246,358.3271
1970-01-01 03:13:51,12051.381,154.24002,-137.72078,1.1530861,12.303625,357.79944
1970-01-01 03:13:52,12145.378,149.99211,4.7684474,4.1008744,-2.1783352,356.68073
1970-01-01 03:13:53,12020.511,155.51422,-35.150585,-1.2141216,-21.872692,356.101
1970-01-01 03:13:54,12021.276,150.20319,-79.09853,-1.954223,-9.078318,356.42868
1970-01-01 03:13:55,12055.836,150.26358,-10.453928,4.5922685,2.2522676,354.69492
1970-01-01 03:13:56,12070.689,147.63022,-761.7712,7.4971404,-7.2739124,353.94815
1970-01-01 03:13:57,11921.223,157.16832,-684.3347,4.640169,-6.5459647,355.02634
1970-01-01 03:13:58,11820.309,148.5177,-1032.2416,4.5059476,15.678655,354.90662
1970-01-01 03:13:59,11894.117,149.91837,-1130.1189,-2.1616056,0.028293028,355.7548
1970-01-01 03:14:00,11799.674,155.41075,-757.0375,3.259944,-16.138613,355.54935
1970-01-01 03:14:01,12013.938,148.30904,-870.9875,-2.5957398,-3.6761687,356.5423
1970-01-01 03:14:02,11788.27,152.33086,-673.9356,0.40471208,1.2063849,356.957
1970-01-01 03:14:03,11895.09,150.69014,-418.98636,3.633391,-8.335756,359.23843
1970-01-01 03:14:04,11970.824,153.67305,-824.2757,-2.53442,-5.0202336,0.03694585
1970-01-01 03:14:05,11890.025,151.42224,-708.93036,0.604279,-1.889338,0.30950361
1970-01-01 03:14:06,11680.586,154.17978,-1134.1406,0.5902112,-6.2402673,1.0370119
1970-01-01 03:14:07,11889.157,142.37218,-483.8413,0.9329283,9.542147,1.7567227
1970-01-01 03:14:08,11820.535,152.70854,-652.1555,-1.1411716,2.6888187,0.60558313
1970-01-01 03:14:09,11842.061,146.79002,-460.9419,4.6280837,12.010295,2.7784994
1970-01-01 03:14:10,11871.2295,157.1549,-910.32886,-1.8546544,15.821554,2.3115473
1970-01-01 03:14:11,11839.764,155.92,-965.45667,7.7883124,-0.091161266,3.915265
1970-01-01 03:14:12,11726.805,158.78651,-849.1134,1.5420611,1.0437745,2.6020377
1970-01-01 03:14:13,11610.315,142.35796,-923.80536,4.5673065,8.190455,3.3006535
1970-01-01 03:14:14,11757.325,150.36511,-984.042,1.4950405,11.712487,2.452769
1970-01-01 03:14:15,11707.107,146.74619,-567.2417,0.28390193,7.651939,0.94658434
1970-01-01 03:14:16,11703.078,147.1451,-714.23926,-3.3566275,3.3635807,1.1697187
1970-01-01 03:14:17,11662.57,154.39644,-604.40656,-1.3745341,4.455756,0.6615965
1970-01-01 03:14:18,11701.774,152.96454,-528.86285,6.574085,5.178073,1.0899143
1970-01-01 03:14:19,11630.753,147.8959,-867.9257,-2.4572787,-4.1894045,0.21018921
1970-01-01 03:14:20,11627.57,148.98787,-671.6378,3.8615737,8.567176,0.3827011
1970-01-01 03:14:21,11699.467,151.97064,-951.27454,1.7098148,0.8224856,0.80572534
1970-01-01 03:14:22,11558.829,153.20918,-708.9322,6.256468,11.847564,2.0090003
1970-01-01 03:14:23,11581.278,155.27544,-451.59464,-0.30755427,-5.2814794,1.0881101
1970-01-01 03:14:24,11654.365,150.73018,-687.1861,1.2763011,-3.6571786,1.7203708
1970-01-01 03:14:25,11592.949,146.86008,-764.7377,-2.5537794,12.7908945,2.1548722
1970-01-01 03:14:26,11351.302,153.0078,-941.52637,1.0415632,9.568224,2.4763646
1970-01-01 03:14:27,11548.643,153.60631,-594.39526,2.9732974,-0.32948738,3.0378149
1970-01-01 03:14:28,11793.245,152.3434,-713.5591,0.20161991,-11.459362,4.7592897
1970-01-01 03:14:29,11492.614,153.16682,-890.33405,2.2236207,-1.9179688,3.642842
1970-01-01 03:14:30,11549.36,154.12593,-876.53326,-2.1832917,3.7810514,4.2043695
1970-01-01 03:14:31,11536.041,157.18005,-1054.3009,4.3253922,,3.86333
1970-01-01 03:14:32,11568.062,146.59096,-851.8552,6.4259496,-14.322514,3.4671686
1970-01-01 03:14:33,11501.319,157.02739,-858.2042,2.9414089,11.679423,4.1022415
1970-01-01 03:14:34,11467.971,147.0623,-1049.6223,-1.3234679,-2.3480167,4.9816823
1970-01-01 03:14:35,11415.117,155.21747,-935.18567,2.3653119,4.974626,5.266456
1970-01-01 03:14:36,11457.428,150.43994,-934.9989,3.3253384,8.075909,3.766287
1970-01-01 03:14:37,11496.221,150.75954,-754.57623,-0.85019386,-4.7809386,3.1071773
1970-01-01 03:14:38,11372.408,148.7074,-1026.956,2.2778687,10.948346,5.166306
1970-01-01 03:14:39,11296.44,155.60939,-689.6509,-2.385455,-4.070978,4.810767
1970-01-01 03:14:40,11441.492,150.1764,-901.01337,-1.1104339,3.0116026,7.1324415
1970-01-01 03:14:41,11296.054,151.64636,-1352.5468,3.6897364,-9.824091,7.160904
1970-01-01 03:14:42,11359.047,152.89886,-1140.8956,2.2538066,4.965909,7.2500687
1970-01-01 03:14:43,11376.309,152.35384,-630.7934,4.045458,-0.09412748,8.600763
1970-01-01 03:14:44,11374.151,150.18501,-564.0841,2.348228,-8.085656,7.8610272
1970-01-01 03:14:45,11442.447,152.5272,-789.88586,4.5027485,15.171031,7.556569
1970-01-01 03:14:46,11191.162,150.58675,-1039.572,5.518507,5.9447207,
1970-01-01 03:14:47,11199.006,154.68352,-698.85364,8.149639,10.718324,5.826742
1970-01-01 03:14:48,11251.277,142.08107,-602.4433,-0.2784032,-10.501341,5.4098687
1970-01-01 03:14:49,11325.9,145.81961,-804.9136,1.7993417,-2.882699,6.3955
1970-01-01 03:14:50,11388.473,157.83894,-894.29095,5.2011623,2.2044773,6.420478
1970-01-01 03:14:51,11188.619,147.85698,-1015.61224,1.6368947,-6.5388336,7.605553
1970-01-01 03:14:52,11186.659,150.96725,-774.28705,4.229138,9.96184,7.131243
1970-01-01 03:14:53,11120.313,145.92126,-906.8784,6.69585,-4.2927246,7.080057
1970-01-01 03:14:54,11203.525,145.72911,-827.0826,8.348601,-21.795961,6.7865877
1970-01-01 03:14:55,11274.424,148.52725,-900.595,3.0425055,21.56605,6.966238
1970-01-01 03:14:56,11252.353,155.64487,-787.8024,-4.523853,1.0001327,7.914882
1970-01-01 03:14:57,11029.192,153.1247,-887.78625,4.5855436,7.6809406,7.463392
1970-01-01 03:14:58,11253.125,154.78082,-567.59015,,6.456936,6.240299
1970-01-01 03:14:59,11021.683,153.07353,-1030.8531,3.1347206,12.3385515,6.5315566
1970-01-01 03:15:00,11151.969,153.09317,-906.7869,1.4212617,-17.25832,7.2828074
1970-01-01 03:15:01,11232.006,156.85013,-714.0106,3.885757,-9.102328,8.152648
1970-01-01 03:15:02,11084.972,153.7984,-941.6326,2.247365,22.519476,7.8391128
1970-01-01 03:15:03,11132.487,152.85022,-608.61487,1.8501695,-2.1941283,6.5465
1970-01-01 03:15:04,11069.544,153.61601,-868.294,0.74698573,-11.651468,4.7365327
1970-01-01 03:15:05,11068.557,149.5518,-994.19556,1.8919386,14.0034485,3.946723
1970-01-01 03:15:06,11090.073,152.78241,-727.3961,9.283583,-1.758335,3.7836149
1970-01-01 03:15:07,11069.976,156.35829,-869.74677,4.0586534,1.7583424,5.4820457
1970-01-01 03:15:08,11067.106,152.04587,-836.1305,1.591276,-3.3385572,5.3592467
1970-01-01 03:15:09,11023.968,153.66756,-464.1564,-3.2381148,9.102603,3.1309037
1970-01-01 03:15:10,10890.875,152.75734,-605.2575,5.1755834,-4.8271866,4.4025445
1970-01-01 03:15:11,11032.745,155.827,-823.2535,-3.2241027,-19.630655,1.9477198
1970-01-01 03:15:12,11032.888,154.89455,-905.6973,2.6088529,8.764369,2.9513164
1970-01-01 03:15:13,10993.913,150.43074,-865.7317,5.870122,10.465071,2.7650385
1970-01-01 03:15:14,11199.815,146.706,-879.1733,-1.4015621,-2.2421484,2.663067
1970-01-01 03:15:15,10919.622,154.74802,-665.9511,3.919189,9.458062,1.9305001
1970-01-01 03:15:16,10919.7,150.95581,-1052.5693,4.255152,-13.149289,3.0951412
1970-01-01 03:15:17,10925.322,149.74423,-674.94196,-1.2818193,6.571809,4.247945
1970-01-01 03:15:18,11021.743,152.58698,-844.8405,2.8823771,19.032967,3.6692896
1970-01-01 03:15:19,10962.78,147.52725,-821.03973,2.7360644,20.576172,3.7330875
1970-01-01 03:15:20,10806.401,154.24387,-794.525,5.537564,-13.772208,3.8502245
1970-01-01 03:15:21,10918.068,145.12546,-324.06857,8.966357,-8.198329,4.8347135
1970-01-01 03:15:22,10910.064,151.82553,-731.13074,-4.504982,-4.9181724,4.853559
1970-01-01 03:15:23,10653.166,154.0654,-614.33093,0.8625241,16.503584,5.6470065
1970-01-01 03:15:24,10899.396,157.07632,-956.80066,0.29631895,2.3825588,5.890456
1970-01-01 03:15:25,10777.166,150.08511,-518.679,-1.5965878,-2.9732015,5.2976756
1970-01-01 03:15:26,10760.536,149.12955,-798.16907,,2.7060378,5.7480173
1970-01-01 03:15:27,10724.924,150.05156,-459.98712,3.6186583,17.547258,6.436112
1970-01-01 03:15:28,10597.265,154.24963,-560.04535,3.6486645,-4.4121895,5.4497166
1970-01-01 03:15:29,10789.154,150.18073,-1073.6912,1.57185,6.223931,4.8618054
1970-01-01 03:15:30,10817.27,150.66847,-783.0755,4.3785787,-3.6900778,5.0000157
1970-01-01 03:15:31,10725.849,153.94849,-739.65656,2.9078205,0.9190934,4.930782
1970-01-01 03:15:32,10748.204,150.6354,-739.8568,-0.44847125,-7.364233,4.6540484
1970-01-01 03:15:33,10733.595,165.00612,-502.76447,-4.076323,11.168297,4.785633
1970-01-01 03:15:34,10608.818,159.95558,-894.165,1.3575652,-8.198877,4.5979548
1970-01-01 03:15:35,10734.631,149.2713,-955.92737,-1.2645552,-1.899698,4.7058983
1970-01-01 03:15:36,10696.06,149.25983,-1161.5731,2.8208542,1.5719719,4.741359
1970-01-01 03:15:37,10686.014,152.87238,-1009.0526,2.6129558,-5.2613297,6.5668097
1970-01-01 03:15:38,10694.019,151.895,-874.6437,-0.2522847,-0.7403092,7.313143
1970-01-01 03:15:39,10663.533,154.43336,-1063.4795,3.6054335,-3.4094694,6.945681
1970-01-01 03:15:40,10615.707,152.98618,-1329.8876,4.7195163,-7.3478885,6.8295083
1970-01-01 03:15:41,10676.07,157.0758,-695.87646,3.2894328,1.6589416,7.071374
1970-01-01 03:15:42,10381.108,150.7904,-666.20593,6.566248,19.183521,6.147469
1970-01-01 03:15:43,10473.634,154.71634,-1046.7899,0.2792126,1.094942,6.082443
1970-01-01 03:15:44,10596.415,149.55876,-805.7004,0.9181559,-15.155614,7.4607444
1970-01-01 03:15:45,10488.057,163.28201,-392.55124,4.685518,-2.7707932,6.859636
1970-01-01 03:15:46,10464.768,154.13226,-726.93256,-0.6447884,1.9047703,7.361734
1970-01-01 03:15:47,10562.489,156.20811,-829.8273,5.4733615,8.286357,8.106364
1970-01-01 03:15:48,10493.868,152.36256,-886.6902,-2.6863914,-2.3762653,9.451441
1970-01-01 03:15:49,10418.654,149.04033,-823.2434,3.9495199,11.598323,9.388392
1970-01-01 03:15:50,10472.755,154.12067,-696.54803,2.8722875,-6.3964334,8.825632
1970-01-01 03:15:51,10448.975,149.05699,-830.5928,3.5040936,,6.669245
1970-01-01 03:15:52,10345.057,156.58107,,0.67267245,25.767004,6.92496
1970-01-01 03:15:53,10256.689,155.76991,-921.9471,7.244744,6.5255847,6.534428
1970-01-01 03:15:54,10415.975,147.25938,-804.37726,0.7001107,16.707703,8.295327
1970-01-01 03:15:55,10313.979,159.8682,-872.8301,0.6516408,3.066559,7.540889
1970-01-01 03:15:56,10345.108,145.60251,-548.6223,3.8446622,-6.856801,7.7071877
1970-01-01 03:15:57,10340.464,153.62297,-1037.5107,-0.72479075,-5.7090907,8.186114
1970-01-01 03:15:58,10378.78,158.5579,-912.4871,2.7598023,-10.338397,8.911629
1970-01-01 03:15:59,10382.464,154.79352,-1222.226,-0.8580428,-11.7121,9.815767
1970-01-01 03:16:00,10291.022,147.02484,-1004.3278,-2.9244194,5.2145667,10.652788
1970-01-01 03:16:01,10454.009,154.78194,-842.06213,-2.276613,-11.987025,11.449818
1970-01-01 03:16:02,10365.995,156.90323,-727.13245,-3.698272,-6.9938745,11.5569315
1970-01-01 03:16:03,10295.967,153.69084,-898.741,-0.61688,-6.2767076,12.145263
1970-01-01 03:16:04,10262.446,150.7887,-697.47675,0.8304169,1.5528649,11.505942
1970-01-01 03:16:05,10118.9375,152.84193,-1137.7192,3.3892639,2.4183066,11.870426
1970-01-01 03:16:06,10195.324,155.38914,-480.176,0.008152379,1.4117751,12.712323
1970-01-01 03:16:07,10252.905,153.30713,-740.2914,4.0039473,9.4678,13.162573
1970-01-01 03:16:08,10318.1455,156.46251,-782.93933,6.6955533,15.769422,14.222298
1970-01-01 03:16:09,10207.081,152.15674,-729.6269,-2.6070957,6.729828,13.364263
1970-01-01 03:16:10,10159.238,154.01178,-1034.125,-1.3673168,9.480436,11.780497
1970-01-01 03:16:11,10179.644,149.50375,-569.32544,-2.1854477,8.763958,11.73033
1970-01-01 03:16:12,10102.469,157.52208,-707.62885,8.139588,-5.802443,11.749327
1970-01-01 03:16:13,10282.571,156.47775,-826.8282,1.8182162,-10.508639,10.899049
1970-01-01 03:16:14,10085.541,152.74031,-641.43823,-0.58243024,1.856318,9.585588
1970-01-01 03:16:15,10236.223,158.63525,-937.7678,2.1322637,-14.781208,8.054415
1970-01-01 03:16:16,10090.135,152.09871,-903.3885,8.55778,-3.8470287,8.461151
1970-01-01 03:16:17,10156.314,147.61855,-786.57684,-2.1959014,2.4234972,7.420839
1970-01-01 03:16:18,10066.768,153.67339,-1023.03326,-0.2999103,23.728027,6.954414
1970-01-01 03:16:19,10097.637,148.68478,-340.15234,6.8323607,-9.785847,7.5378337
1970-01-01 03:16:20,10169.641,145.62366,-662.90857,2.433485,-1.6907388,8.130274
1970-01-01 03:16:21,10164.435,144.68297,-1196.0732,7.7862535,-6.2184787,7.2949595
1970-01-01 03:16:22,9917.797,150.72745,-883.987,6.2690926,-20.18296,8.506716
1970-01-01 03:16:23,9937.939,155.48785,-534.17615,1.4825954,-5.842807,8.428803
1970-01-01 03:16:24,10116.5625,158.97949,-1053.0463,-2.1400652,-17.40806,8.295683
1970-01-01 03:16:25,9928.457,157.16597,-496.88867,5.488919,9.709622,7.516357
1970-01-01 03:16:26,9921.556,159.06253,-771.5745,-4.1710567,-1.9369355,7.7683864
1970-01-01 03:16:27,9807.365,147.65784,-892.3781,1.7626455,9.996864,6.631108
1970-01-01 03:16:28,10041.384,152.81027,-420.41766,-1.3664256,1.4772534,5.1634455
1970-01-01 03:16:29,9893.397,151.60507,-959.5463,4.251361,17.071316,6.328275
1970-01-01 03:16:30,9825.71,154.82623,-506.90845,-3.630204,2.3310173,9.145615
1970-01-01 03:16:31,9887.177,156.4594,-1045.997,0.37228075,12.909925,7.38031
1970-01-01 03:16:32,9796.932,156.22102,-474.50336,5.7862654,2.0360138,7.5946803
1970-01-01 03:16:33,9946.944,153.16852,-441.48502,1.5818217,-13.484558,7.2871904
1970-01-01 03:16:34,9757.216,153.84492,-961.26556,2.8279767,-4.930394,7.9886236
1970-01-01 03:16:35,9890.331,158.10446,-899.3805,0.090303585,-0.43857643,7.6099353
1970-01-01 03:16:36,9797.201,152.63417,-583.5269,0.24312443,12.544971,9.603721
1970-01-01 03:16:37,10032.476,152.21489,-643.2108,1.580242,-4.1366367,9.137893
1970-01-01 03:16:38,9787.895,149.72911,-1001.8976,3.8758488,-6.2631755,8.84326
1970-01-01 03:16:39,9740.49,159.40167,-606.37415,5.096003,-1.769643,8.794887
1970-01-01 03:16:40,9635.81,152.63959,-485.22562,1.6762341,-7.580202,10.039228
1970-01-01 03:16:41,9775.045,152.03432,-527.18353,3.487615,11.929092,8.479629
1970-01-01 03:16:42,9804.832,161.07721,-994.32745,-2.9079726,-0.16189508,9.785949
1970-01-01 03:16:43,9901.488,154.98465,-676.7844,0.9605309,2.4204855,10.90779
1970-01-01 03:16:44,9706.442,156.77538,-936.8544,2.4756951,19.762102,10.450111
1970-01-01 03:16:45,9565.171,154.62468,-591.19037,3.647061,11.606064,10.994817
1970-01-01 03:16:46,9724.721,158.6927,-318.45898,4.438107,-7.39804,11.914529
1970-01-01 03:16:47,9726.207,154.19075,-693.9115,3.5529804,-14.286916,12.012464
1970-01-01 03:16:48,9673.966,153.14282,-948.61206,7.2485566,-14.880959,12.678925
1970-01-01 03:16:49,9662.432,157.19064,-785.9484,3.7093456,-8.740483,13.250936
1970-01-01 03:16:50,9775.145,158.10387,-817.9612,-0.07801736,1.276898,12.637184
1970-01-01 03:16:51,9584.913,163.41968,-676.5904,-2.0638566,-6.6897306,13.708702
1970-01-01 03:16:52,9669.626,155.1865,-218.53459,-0.5187032,24.643158,12.781523
1970-01-01 03:16:53,9628.314,150.73547,-792.4807,1.532391,-26.921312,12.774147
1970-01-01 03:16:54,9696.682,153.61389,-879.24915,3.6098337,6.4529767,13.997629
1970-01-01 03:16:55,9487.524,157.67009,-750.1002,4.0673976,2.3294683,14.200482
1970-01-01 03:16:56,9654.459,153.20341,-458.5164,2.6140077,-12.8407545,14.448865
1970-01-01 03:16:57,9548.163,151.60338,-689.8647,4.0974436,3.8654478,12.230541
1970-01-01 03:16:58,9437.667,155.06325,-639.3573,4.715237,3.217202,11.730816
1970-01-01 03:16:59,9534.9,156.96346,-724.8907,3.4368684,-1.3139586,12.621113
1970-01-01 03:17:00,9450.266,155.78683,-786.1163,4.0590568,-7.465402,13.094875
1970-01-01 03:17:01,9530.22,155.54335,-823.6012,5.464411,-1.0906761,14.620514
1970-01-01 03:17:02,9522.866,158.69554,-597.77484,2.5241373,5.440578,13.462766
1970-01-01 03:17:03,9429.11,159.8047,-854.021,-0.28511938,14.544241,16.172707
1970-01-01 03:17:04,9559.664,152.36014,-877.9206,0.031958528,-2.5534945,14.427846
1970-01-01 03:17:05,9280.18,153.96774,-619.4602,0.14529671,-0.46796528,15.776903
1970-01-01 03:17:06,9455.73,161.95769,-855.9476,4.5779343,9.876048,16.675493
1970-01-01 03:17:07,9454.285,152.9839,-1418.073,1.8657434,3.0267665,17.84234
1970-01-01 03:17:08,9307.96,156.59732,-678.27246,-0.030797247,-0.5001261,18.82824
1970-01-01 03:17:09,9289.684,155.80568,-699.2016,1.0024135,-2.6083684,17.838573
1970-01-01 03:17:10,9536.531,157.0445,-707.81177,2.2092872,14.322086,17.144594
1970-01-01 03:17:11,9388.82,151.1576,-612.4515,6.9587483,-5.8254194,18.16447
1970-01-01 03:17:12,9375.076,154.80142,-961.6297,1.6577994,-10.677076,17.506907
1970-01-01 03:17:13,9328.517,153.36261,-688.08984,-4.0980234,10.987579,19.132166
1970-01-01 03:17:14,9359.046,157.22665,-717.5541,3.2066815,5.3834534,20.10469
1970-01-01 03:17:15,9105.1,150.90416,-512.0808,5.900817,-12.995132,20.742695
1970-01-01 03:17:16,9380.887,155.50266,-878.8399,-0.42399985,-9.369442,20.109495
1970-01-01 03:17:17,9094.036,150.55849,-900.35297,-1.637946,-1.5944393,20.319698
1970-01-01 03:17:18,9264.034,141.87907,-807.3388,5.36975,1.6177078,20.913015
1970-01-01 03:17:19,9353.901,155.01038,-801.46765,1.9092638,12.004424,21.425379
1970-01-01 03:17:20,9069.6045,152.29498,-1072.348,-5.4997377,-4.814117,23.930199
1970-01-01 03:17:21,9143.51,150.36893,-706.4442,3.3692148,-9.517254,23.998823
1970-01-01 03:17:22,9164.915,153.74287,-606.58344,2.401172,-29.06105,23.459473
1970-01-01 03:17:23,9217.037,162.13315,-1237.21,2.5672913,24.290468,22.04936
1970-01-01 03:17:24,9117.403,156.1104,-1091.8419,-0.6379348,-10.054063,21.847954
1970-01-01 03:17:25,9107.665,158.81952,-1044.7823,6.086494,-0.5964831,23.408157
1970-01-01 03:17:26,9150.436,148.82167,-961.7712,8.000163,-5.8122506,23.583643
1970-01-01 03:17:27,9091.886,158.06439,-421.20966,4.240864,-1.0128868,24.63435
1970-01-01 03:17:28,9157.965,155.52736,-706.14026,2.9012618,7.916131,25.10374
1970-01-01 03:17:29,8999.097,158.03442,,0.42208692,-7.157492,23.896952
1970-01-01 03:17:30,9054.705,161.01692,-613.81494,-0.7396482,-0.006146137,24.781277
1970-01-01 03:17:31,9178.424,151.76508,-933.2524,-0.71287906,-3.4411936,22.180372
1970-01-01 03:17:32,9239.588,152.34364,-704.45953,3.5304234,5.1200914,22.743858
1970-01-01 03:17:33,9058.127,156.59163,-797.2018,3.3883476,-8.788489,24.131561
1970-01-01 03:17:34,8992.089,151.66916,-899.04297,-1.1062752,3.8139625,23.827246
1970-01-01 03:17:35,9050.209,158.62523,-664.23285,2.5808926,0.5910617,22.726696
1970-01-01 03:17:36,8995.514,153.588,-957.5882,7.2126613,28.74147,22.543488
1970-01-01 03:17:37,9158.142,160.22034,-959.5928,1.138967,10.647624,23.07213
1970-01-01 03:17:38,9040.052,161.22473,-833.6285,4.9062304,19.90919,22.92868
1970-01-01 03:17:39,9052.099,156.38106,-803.27185,-0.2995902,-13.269912,23.605051
1970-01-01 03:17:40,8983.703,156.31981,-1140.3507,6.7136707,20.946781,23.916275
1970-01-01 03:17:41,8929.185,160.95007,-790.76135,1.6070635,6.84988,25.824404
1970-01-01 03:17:42,8979.676,148.61159,-651.3562,3.696371,-2.2436664,24.768589
1970-01-01 03:17:43,8947.859,158.47504,-1204.1615,2.384007,-3.585613,25.18273
1970-01-01 03:17:44,8913.702,155.40141,-817.68976,-1.096777,-5.3724394,24.883852
1970-01-01 03:17:45,9078.227,146.3839,-739.76,4.2849064,-7.5252304,24.51799
1970-01-01 03:17:46,8713.6455,155.09856,-973.991,5.200247,1.8243623,25.949766
1970-01-01 03:17:47,8761.565,155.25475,-1054.2354,-1.9323452,10.143511,25.819208
1970-01-01 03:17:48,8853.623,158.11908,-650.15283,4.552017,-1.853905,25.694637
1970-01-01 03:17:49,8924.679,158.86966,-736.0214,0.95565534,0.07515886,25.641607
1970-01-01 03:17:50,8853.264,155.62823,-1110.5702,2.7566764,-18.236471,24.33053
1970-01-01 03:17:51,8844.764,160.88416,-930.7431,-1.0845726,4.1581907,23.6847
1970-01-01 03:17:52,8697.683,153.9329,-775.9558,6.3967624,-6.442748,24.13308
1970-01-01 03:17:53,8818.184,159.3484,-729.8689,-0.6802102,24.278818,25.22787
1970-01-01 03:17:54,8677.758,156.16248,-571.99854,4.2976956,5.8696465,25.676516
1970-01-01 03:17:55,8789.687,151.34003,-1201.2389,0.5130355,-9.175564,26.243715
1970-01-01 03:17:56,8800.869,159.2792,-1166.6376,3.413048,19.499046,24.738626
1970-01-01 03:17:57,8640.822,153.93848,-654.06573,1.3817481,-10.589961,25.102375
1970-01-01 03:17:58,8785.22,160.92183,-474.64178,1.0909404,-0.7207778,24.967861
1970-01-01 03:17:59,8759.516,153.3667,-495.26624,5.2549133,-4.7975483,25.673042
1970-01-01 03:18:00,8835.13,155.51868,-1009.0076,1.3751159,8.2584305,25.523739
1970-01-01 03:18:01,8777.894,162.36464,-560.5699,4.9394965,-8.875338,25.105736
1970-01-01 03:18:02,8646.379,160.01892,-682.7998,-2.6651735,-6.324095,24.153334
1970-01-01 03:18:03,8736.833,161.48123,-846.46747,2.5472138,-14.638493,23.736418
1970-01-01 03:18:04,8708.492,157.71175,-908.43536,7.9946957,-1.2035977,22.657831
1970-01-01 03:18:05,8711.487,157.54721,-609.26056,5.455262,10.639772,22.606838
1970-01-01 03:18:06,8624.789,153.57709,-1023.2617,6.0116158,27.683157,22.99256
1970-01-01 03:18:07,8645.271,157.49483,-751.7112,-0.19420338,34.302425,22.848728
1970-01-01 03:18:08,8569.8125,162.33852,-779.8484,0.9263329,16.109215,21.763887
1970-01-01 03:18:09,8625.964,164.36203,-716.16235,2.0171864,7.665266,22.119661
1970-01-01 03:18:10,8615.419,157.19534,-1090.569,1.0703112,-0.5558368,20.46207
1970-01-01 03:18:11,8465.102,152.92937,-677.64905,1.4167786,-4.667841,19.72753
1970-01-01 03:18:12,8668.653,151.94215,-842.5199,0.340051,1.4943644,21.57174
1970-01-01 03:18:13,8502.443,146.32994,-690.53827,-0.70058066,-21.64257,20.008814
1970-01-01 03:18:14,8497.686,153.42776,-847.7726,1.5230515,-10.558745,21.172035
1970-01-01 03:18:15,8519.12,152.4903,-696.5384,1.2609793,-2.8843231,19.904207
1970-01-01 03:18:16,8366.693,155.35359,-556.7089,3.6402247,-2.5361357,20.757164
1970-01-01 03:18:17,8376.228,152.36069,-972.7433,-3.6517115,3.8250937,21.308514
1970-01-01 03:18:18,8518.534,162.99954,-664.16205,4.183048,-17.094883,21.676865
1970-01-01 03:18:19,8426.405,156.25409,-453.47955,-1.1525396,4.5169215,20.990005
1970-01-01 03:18:20,8403.455,157.01712,-501.24207,4.128796,5.8086,21.24076
1970-01-01 03:18:21,8395.324,147.24014,-874.0294,4.4816422,2.2079046,21.463284
1970-01-01 03:18:22,8460.152,155.69186,-471.1198,4.628901,13.506948,21.062363
1970-01-01 03:18:23,8391.986,153.09354,-867.423,-0.22489968,-4.404755,20.161842
1970-01-01 03:18:24,8533.802,155.52534,-776.3924,5.6180844,12.042089,20.720911
1970-01-01 03:18:25,8399.457,160.09392,-1093.7632,0.5028476,-23.936174,20.155645
1970-01-01 03:18:26,8361.085,155.4848,-1028.1512,-5.1187706,7.129417,21.662844
1970-01-01 03:18:27,8414.726,156.5644,-835.8956,-0.27611405,4.2071857,21.776606
1970-01-01 03:18:28,8267.303,162.59541,-725.5201,5.1200147,0.90812826,23.295683
1970-01-01 03:18:29,8365.108,153.64499,-654.36926,5.6942434,20.289345,21.84031
1970-01-01 03:18:30,8409.143,154.63907,-811.85913,9.280222,-7.319899,21.890942
1970-01-01 03:18:31,8348.175,156.8887,-837.4311,2.7390525,-1.2159946,22.05839
1970-01-01 03:18:32,8359.212,159.91673,-746.55756,0.66998255,-14.138649,21.650574
1970-01-01 03:18:33,8411.336,149.4287,-865.7269,0.10568744,-5.0816956,19.698519
1970-01-01 03:18:34,8318.788,158.70564,-803.5984,9.368773,16.533707,22.392723
1970-01-01 03:18:35,8230.824,155.67743,-703.9871,3.5740852,-9.511501,22.357586
1970-01-01 03:18:36,8319.965,158.89896,-818.39795,6.152881,-2.7119877,21.19169
1970-01-01 03:18:37,8189.6875,156.7956,-322.5751,1.935494,15.497135,20.274313
1970-01-01 03:18:38,8226.461,147.7345,-929.12085,-1.4650708,-3.8497403,21.205727
1970-01-01 03:18:39,8159.6797,159.81372,-1019.4843,-3.92887,-7.654127,20.963007
1970-01-01 03:18:40,8178.5537,155.29196,-959.4804,2.284094,-0.04079801,22.313604
1970-01-01 03:18:41,8173.897,153.74405,-830.745,,-11.088878,22.95663
1970-01-01 03:18:42,8266.476,156.10129,-964.08563,1.3858746,-6.602501,23.628546
1970-01-01 03:18:43,8187.7974,154.5732,-917.9528,2.4290674,13.52088,24.880926
1970-01-01 03:18:44,8116.3965,156.38739,-607.1818,2.28417,6.525484,23.832842
1970-01-01 03:18:45,8157.278,159.97366,-1044.7611,0.76455593,7.4122224,24.506819
1970-01-01 03:18:46,8003.554,161.79732,-672.72595,4.88923,-1.2074147,23.524395
1970-01-01 03:18:47,8077.6265,155.33537,-950.67505,2.9481416,6.661622,22.89759
1970-01-01 03:18:48,8089.2236,159.25758,-614.16486,-2.48982,0.42140496,22.043543
1970-01-01 03:18:49,8084.3374,153.57741,-933.1515,-2.0315545,20.921711,21.60718
1970-01-01 03:18:50,8079.831,157.23878,-863.4225,4.032462,-7.14889,20.772003
1970-01-01 03:18:51,8033.167,154.69995,-942.18286,3.829286,10.194557,21.332546
1970-01-01 03:18:52,7907.5117,157.45789,-514.0561,10.245084,-2.4321663,22.53621
1970-01-01 03:18:53,8011.9307,157.33298,-476.0018,1.8189125,8.866402,22.76851
1970-01-01 03:18:54,7864.3823,156.8577,-958.2561,4.998895,1.4847798,22.470346
1970-01-01 03:18:55,8072.465,153.41698,-1041.7164,8.54954,-9.595177,21.714481
1970-01-01 03:18:56,8002.8125,154.62778,-573.76935,1.8527216,-9.663671,22.044338
1970-01-01 03:18:57,7893.347,154.3948,-528.4416,5.273788,7.7514386,24.235542
1970-01-01 03:18:58,7938.409,156.1452,-695.9497,-1.006392,-14.034305,23.833723
1970-01-01 03:18:59,7888.589,162.066,-996.0269,2.229876,-9.65527,23.793478
1970-01-01 03:19:00,7916.156,160.21408,-970.24457,3.8628976,-5.7620177,23.01232
1970-01-01 03:19:01,7951.157,146.22,-689.8027,0.26622728,-11.248183,23.994543
1970-01-01 03:19:02,7888.35,157.5029,-1048.7427,1.8174889,-8.295241,23.114073
1970-01-01 03:19:03,7945.52,151.85742,-1087.9728,3.49797,-3.3352597,22.825466
1970-01-01 03:19:04,7841.31,162.01222,-882.0628,4.2908754,10.307264,21.80352
1970-01-01 03:19:05,7926.561,154.16084,-1164.7677,2.4271045,13.4306555,22.403732
1970-01-01 03:19:06,7805.661,155.68327,-1224.971,6.18496,12.501971,22.097681
1970-01-01 03:19:07,7897.267,153.8882,-959.3623,0.90502155,-10.28239,22.505585
1970-01-01 03:19:08,7773.1772,149.68747,-548.288,2.6759744,-0.7674203,23.859945
1970-01-01 03:19:09,7742.5034,156.34068,-654.8456,-0.65886897,-1.9250792,24.562332
1970-01-01 03:19:10,7772.668,149.54173,-648.3363,0.19623502,9.049461,23.748325
1970-01-01 03:19:11,7700.948,157.8282,-702.0661,-3.786581,4.710204,22.443308
1970-01-01 03:19:12,7556.034,151.88747,-754.74335,2.2056627,-1.5520953,20.643253
1970-01-01 03:19:13,7750.777,162.90295,-1046.1724,-1.4635566,0.8861374,20.446894
1970-01-01 03:19:14,7742.958,152.79903,-682.1547,4.0855145,-0.41693005,21.100945
1970-01-01 03:19:15,7756.747,162.86232,-824.03955,2.5034661,6.2691727,20.982191
1970-01-01 03:19:16,7676.096,157.56816,-836.1382,-4.0701723,-1.8891124,20.938627
1970-01-01 03:19:17,7671.5103,152.53754,-1012.6836,2.3645976,-17.106443,20.36242
1970-01-01 03:19:18,7695.575,156.66835,-660.2397,-3.5256007,-1.3660003,21.662275
1970-01-01 03:19:19,7762.4053,155.05891,-397.5505,1.3447834,-11.093302,22.628952
1970-01-01 03:19:20,7706.6245,155.6551,-339.89914,4.8378043,19.05717,23.569424
1970-01-01 03:19:21,7560.1226,160.21254,-492.1866,2.5771217,-2.4460948,23.372702
1970-01-01 03:19:22,7552.3013,162.68143,-823.26605,-1.3785142,5.676363,24.456944
1970-01-01 03:19:23,7549.1143,158.83861,-798.7788,0.035651457,-9.9418,26.225925
1970-01-01 03:19:24,7519.932,154.68904,-870.0388,1.8332933,-9.287937,25.974636
1970-01-01 03:19:25,7582.697,160.78769,-1025.4592,0.8164425,-4.000741,25.882917
1970-01-01 03:19:26,7667.73,157.57317,-910.74493,1.502194,-3.2963731,25.691107
1970-01-01 03:19:27,7539.366,162.68034,-712.02313,-1.9679221,-1.8028879,25.551424
1970-01-01 03:19:28,7616.235,155.57616,-860.9189,2.1947594,-15.662327,26.15751
1970-01-01 03:19:29,7398.649,167.18674,-582.9087,-0.9695911,-12.045343,26.897423
1970-01-01 03:19:30,7569.411,158.39754,-889.164,0.56322336,1.2521039,27.279716
1970-01-01 03:19:31,7557.084,161.30913,-973.1666,7.0979853,8.829397,27.608263
1970-01-01 03:19:32,7460.135,163.24608,-898.39764,1.9419892,-15.439681,26.617844
1970-01-01 03:19:33,7505.178,160.40701,-1178.3091,2.8494992,-4.6762934,25.774504
1970-01-01 03:19:34,7405.983,158.12093,-585.483,8.836835,14.955249,25.264645
1970-01-01 03:19:35,7383.3184,160.79317,-744.7898,-0.27936646,-10.080017,25.550993
1970-01-01 03:19:36,7482.6772,154.56381,-919.1849,2.568984,-5.9726963,26.41635
1970-01-01 03:19:37,7389.92,161.54042,-1072.9674,3.2568433,4.726044,25.726505
1970-01-01 03:19:38,7449.8403,158.97313,-466.77048,0.6167136,-11.313848,25.132776
1970-01-01 03:19:39,7409.4185,158.98656,-668.3135,1.4022177,-13.988762,24.060122
1970-01-01 03:19:40,7439.405,158.68562,-635.4692,6.7960143,-3.0749972,24.964052
1970-01-01 03:19:41,7338.721,159.78714,-590.36536,-2.7635472,-1.8954489,25.330261
1970-01-01 03:19:42,7391.5513,158.9448,-641.77203,3.3992712,-2.987169,24.339615
1970-01-01 03:19:43,7208.68,154.66437,-679.70966,-0.13761608,-5.16567,23.56261
1970-01-01 03:19:44,7325.564,156.74298,-960.7762,4.7966037,2.3995135,24.469145
1970-01-01 03:19:45,7391.827,151.35858,-994.9764,-2.9813507,18.867495,24.831795
1970-01-01 03:19:46,7388.646,145.36934,-849.63806,-5.312527,-6.2478313,24.206562
1970-01-01 03:19:47,7285.3022,160.10039,-674.8958,3.833326,-9.776796,24.266865
1970-01-01 03:19:48,7154.0537,163.86005,-1093.615,3.549512,7.0189824,25.727081
1970-01-01 03:19:49,7064.044,153.43925,-1017.445,3.873467,6.543385,25.616697
1970-01-01 03:19:50,7441.5947,158.57611,-1084.8179,6.249221,-9.183865,26.634655
1970-01-01 03:19:51,7298.5474,159.71962,-1009.0522,9.137148,4.6934133,27.197323
1970-01-01 03:19:52,7332.6294,164.5773,-587.8505,3.0527418,-6.7566667,25.22991
1970-01-01 03:19:53,7224.991,155.35555,-508.26062,-1.1594948,-19.831612,24.167496
1970-01-01 03:19:54,7215.9985,158.07147,-667.6936,0.6660042,18.981485,22.582487
1970-01-01 03:19:55,7089.3735,149.37863,-861.0518,6.4957957,14.038424,24.2867
1970-01-01 03:19:56,7025.868,149.14336,-798.75977,-2.0320163,-0.3355971,23.823626
1970-01-01 03:19:57,7162.8677,156.15182,-461.8642,-8.090471,-2.3563628,23.51061
1970-01-01 03:19:58,7141.393,158.49905,-1056.4432,3.4385219,9.50152,22.17733
1970-01-01 03:19:59,7172.698,150.41997,-533.7318,1.8380507,-13.948263,25.788412
1970-01-01 03:20:00,7180.6562,158.17885,-673.1395,4.7229195,10.222117,27.351357
1970-01-01 03:20:01,7144.757,157.12593,-714.6632,-4.2164946,9.990685,26.729057
1970-01-01 03:20:02,7081.995,156.0623,-649.44934,0.6406076,-4.5711455,24.671087
1970-01-01 03:20:03,7154.7134,161.24358,-1022.1656,11.133288,10.836824,25.318127
1970-01-01 03:20:04,7128.7485,153.09373,-597.48615,3.907254,10.834468,25.260973
1970-01-01 03:20:05,7051.839,153.78485,-131.15628,-0.2840517,-1.1117314,25.591166
1970-01-01 03:20:06,7024.8545,160.8993,-785.7268,4.28025,12.338045,27.683123
1970-01-01 03:20:07,6969.566,155.43494,-476.02692,-0.11617072,-20.851183,27.713139
1970-01-01 03:20:08,6858.7754,161.02371,-1002.60754,1.8874245,9.303247,27.287008
1970-01-01 03:20:09,6839.4976,165.01976,-557.15674,-0.4759938,-6.7626176,28.1328
1970-01-01 03:20:10,6888.851,156.20992,-555.5082,-2.3348858,2.5655112,27.665483
1970-01-01 03:20:11,7009.556,158.82043,-940.62964,3.5509715,0.94733804,28.290983
1970-01-01 03:20:12,6935.7397,155.83452,-806.0247,-0.9823135,-0.6696662,28.9908
1970-01-01 03:20:13,6898.0503,164.21819,-918.12463,1.0307918,8.403191,29.784359
1970-01-01 03:20:14,6956.0894,158.53577,-636.09454,-0.9522304,-14.218549,31.693281
1970-01-01 03:20:15,6931.64,157.20413,-962.31195,3.5351694,-8.101205,31.874556
1970-01-01 03:20:16,7034.152,159.67207,-1028.3563,5.971007,-2.289395,31.949575
1970-01-01 03:20:17,6938.253,155.41852,-570.98975,1.6812218,15.635605,34.347527
1970-01-01 03:20:18,6776.63,150.34917,-797.02905,4.0876465,6.9737144,33.65378
1970-01-01 03:20:19,6910.144,158.08922,-1069.6031,4.5726223,16.491531,32.795135
1970-01-01 03:20:20,6767.37,161.53894,-725.0741,1.503936,-3.7376246,32.335236
1970-01-01 03:20:21,6901.416,160.36455,-1020.54285,-0.1062826,0.51710373,32.95784
1970-01-01 03:20:22,6721.7725,155.15184,-727.57587,5.0595393,9.71655,31.626364
1970-01-01 03:20:23,6776.8643,156.57741,-850.8459,9.331348,10.837765,30.953753
1970-01-01 03:20:24,6767.2114,150.97237,-872.2337,10.619326,-3.9353204,30.608597
1970-01-01 03:20:25,6789.176,159.79773,-474.0598,0.3068625,-12.437092,30.194155
1970-01-01 03:20:26,6820.393,158.76102,-852.5018,1.1616614,-5.782561,29.519997
1970-01-01 03:20:27,6680.532,159.90852,-649.94574,3.1029243,5.9917445,30.16097
1970-01-01 03:20:28,6697.9834,153.7649,-896.28174,-0.9471326,3.1085942,29.102402
1970-01-01 03:20:29,6666.69,160.19386,-674.45197,0.35815522,4.0034175,28.39569
1970-01-01 03:20:30,6491.68,152.46274,-608.76935,6.409765,12.489965,26.415892
1970-01-01 03:20:31,6688.79,157.34196,-842.57166,-0.90923643,11.740978,25.633135
1970-01-01 03:20:32,6667.919,156.4411,-896.71936,-4.574291,3.6101723,24.115871
1970-01-01 03:20:33,6620.858,161.92609,-905.7336,0.3848548,-8.500155,23.630592
1970-01-01 03:20:34,6847.5176,155.64699,-876.97925,2.0025795,-0.2854597,24.023388
1970-01-01 03:20:35,6721.7705,162.22984,-473.76074,5.3031836,-11.066867,24.066074
1970-01-01 03:20:36,6613.5386,162.8676,-1113.038,0.6133976,-12.532659,23.564238
1970-01-01 03:20:37,6607.172,160.03758,-726.4058,3.9153697,1.7088777,21.618645
1970-01-01 03:20:38,6685.8794,166.34212,-906.05206,2.965225,-14.669255,22.182802
1970-01-01 03:20:39,6669.019,165.11346,-684.6934,3.445482,23.063175,22.337408
1970-01-01 03:20:40,6574.154,162.76735,-998.9954,-1.135062,2.3387485,22.85913
1970-01-01 03:20:41,6579.1245,161.17197,-1036.4858,1.2221876,-5.8942504,24.682867
1970-01-01 03:20:42,6549.351,168.39146,-354.31555,9.073181,2.7695415,26.800201
1970-01-01 03:20:43,6555.05,159.76979,-443.40115,6.5119905,1.7334303,25.830526
1970-01-01 03:20:44,6511.344,154.88234,-1112.0787,5.2660613,10.145965,26.889011
1970-01-01 03:20:45,6515.4556,152.48386,-784.518,2.616847,-2.163488,27.163485
1970-01-01 03:20:46,6487.463,150.14958,-907.99994,4.444913,1.6603469,27.007576
1970-01-01 03:20:47,6488.2583,153.01091,-859.6686,3.1744013,8.169359,26.544203
1970-01-01 03:20:48,6570.007,158.19102,-759.08856,5.6305075,6.445184,26.64645
1970-01-01 03:20:49,6367.6343,157.67741,-1085.7886,1.7179441,-5.910618,25.345648
1970-01-01 03:20:50,6538.287,152.3554,-1096.5591,6.6007533,8.044134,25.508068
1970-01-01 03:20:51,6353.2915,155.8632,-730.96893,4.568413,1.2732857,27.30394
1970-01-01 03:20:52,6454.1777,161.3862,-807.7401,-0.72163785,-13.511612,27.48265
1970-01-01 03:20:53,6390.455,156.71408,-595.1535,1.1477023,-2.1174083,29.378935
1970-01-01 03:20:54,6490.73,156.5213,-924.43866,-0.8348138,11.153144,28.316738
1970-01-01 03:20:55,6425.5386,159.55923,-872.31934,1.0856254,5.332129,27.63039
1970-01-01 03:20:56,6419.491,152.65204,-685.6067,-1.7512172,4.987708,27.733767
1970-01-01 03:20:57,6294.906,157.42888,-494.05124,-4.018922,3.7383728,27.18708
1970-01-01 03:20:58,6356.8535,157.44382,-934.23804,1.342727,4.049272,28.041431
1970-01-01 03:20:59,6356.6245,152.44705,-810.18365,0.55003095,-10.628595,28.021645
1970-01-01 03:21:00,6281.3257,154.24489,-819.3801,-0.85988957,-9.032471,28.71047
1970-01-01 03:21:01,6315.8857,159.93723,-908.69696,1.4448849,-0.47199708,28.882479
1970-01-01 03:21:02,6287.1816,160.93468,-712.7248,7.072383,-9.616863,29.020456
1970-01-01 03:21:03,6204.452,166.01007,-607.5523,6.089676,-3.2409856,28.896353
1970-01-01 03:21:04,6238.671,154.6389,-892.0903,5.613175,-3.7244148,29.611872
1970-01-01 03:21:05,6173.709,153.75998,-627.5218,0.08347424,-13.559199,28.832186
1970-01-01 03:21:06,6263.823,158.0012,-707.20685,-2.882803,7.37778,28.276346
1970-01-01 03:21:07,6111.4214,151.50583,-1078.6989,8.7102165,4.613664,27.912569
1970-01-01 03:21:08,6216.623,158.07921,-736.2188,1.5328072,-11.120991,27.320969
1970-01-01 03:21:09,6136.0522,156.18619,-594.7649,1.1005961,12.706776,26.80355
1970-01-01 03:21:10,6116.198,156.87181,-644.06165,5.0418267,-3.1030235,24.9918
1970-01-01 03:21:11,6158.069,154.34647,-587.2938,-0.86022466,-14.00617,25.034943
1970-01-01 03:21:12,6101.258,161.79907,-560.3072,-1.4407493,5.7487473,25.673449
1970-01-01 03:21:13,6112.2744,161.30643,-789.35364,1.0177002,14.101958,25.895454
1970-01-01 03:21:14,6183.959,161.36215,-758.2067,1.304695,-6.6197076,26.030155
1970-01-01 03:21:15,6170.5723,156.3891,-752.87994,3.7036119,-1.1404533,25.618301
1970-01-01 03:21:16,6131.2295,152.91982,-766.60144,7.0659046,1.6255538,25.593395
1970-01-01 03:21:17,6127.167,160.6647,-1307.394,4.82352,3.8198898,26.166513
1970-01-01 03:21:18,6086.891,162.22302,-726.6116,-1.8036164,-4.094054,27.290033
1970-01-01 03:21:19,5898.5796,152.20706,-758.0814,6.587505,-7.8148184,28.441193
1970-01-01 03:21:20,5994.4175,155.28464,-920.64703,,11.742789,28.804874
1970-01-01 03:21:21,5878.8027,158.76073,-712.5339,2.1378589,-8.090334,27.866392
1970-01-01 03:21:22,5954.1206,,-346.21286,-0.5816542,10.297216,28.581959
1970-01-01 03:21:23,6019.246,161.32718,-324.94876,1.4834734,13.739563,27.783148
1970-01-01 03:21:24,5910.4556,157.00972,-752.40466,4.056045,1.8423765,27.944141
1970-01-01 03:21:25,5887.357,160.50125,-811.99567,2.2562702,2.286924,29.5749
1970-01-01 03:21:26,5977.611,159.37737,-628.24396,3.2781465,9.165493,29.266445
1970-01-01 03:21:27,5944.5845,165.47621,-1095.1752,0.45860788,-10.132458,29.150106
1970-01-01 03:21:28,6077.4517,158.88152,-706.8955,4.1542096,6.9444036,29.914377
1970-01-01 03:21:29,6028.1475,154.10504,-507.67908,4.39683,2.2628083,28.841608
1970-01-01 03:21:30,5912.9683,160.46532,-728.877,4.5181627,11.186061,29.586052
1970-01-01 03:21:31,5867.5723,159.55667,-619.968,6.3090777,-13.725128,28.105959
1970-01-01 03:21:32,5973.43,156.1186,-436.9406,1.4090557,1.7562356,28.191948
1970-01-01 03:21:33,5879.06,151.87248,-780.80585,1.3390238,-9.257749,28.35915
1970-01-01 03:21:34,5929.488,157.45567,-792.2055,3.7715032,1.6645157,28.14969
1970-01-01 03:21:35,5797.949,153.72104,-471.03864,0.27057746,4.0860004,30.431805
1970-01-01 03:21:36,5708.375,154.538,-787.339,8.86006,-11.004672,31.166075
1970-01-01 03:21:37,5763.477,151.76015,-631.3091,0.22457036,-9.818238,31.997475
1970-01-01 03:21:38,5746.5674,157.06981,-755.92834,-0.27394018,5.807909,31.223663
1970-01-01 03:21:39,5746.4546,158.26472,-841.9633,3.4556043,5.172937,30.43071
1970-01-01 03:21:40,5805.3506,154.46199,-964.24365,-0.5804221,-14.15417,30.854671
1970-01-01 03:21:41,5725.868,154.28734,-713.3117,1.0929153,7.3727627,30.28004
1970-01-01 03:21:42,5820.824,159.3618,-632.6641,2.793159,-9.1006775,30.24255
1970-01-01 03:21:43,5767.795,158.337,-964.67993,2.230543,-3.8382933,29.656273
1970-01-01 03:21:44,5754.194,158.93137,-849.0608,5.5140405,-2.3092198,29.961214
1970-01-01 03:21:45,5734.1323,164.07637,-936.0611,1.8901362,6.4824414,29.173569
1970-01-01 03:21:46,5670.714,157.29442,-1062.899,-0.0665305,10.286211,29.44079
1970-01-01 03:21:47,5629.416,158.93709,-948.75006,0.60940856,4.7664976,30.408434
1970-01-01 03:21:48,5652.3813,166.07011,-643.9015,3.3593047,-12.784983,31.898415
1970-01-01 03:21:49,5645.7524,160.9776,-698.7702,5.9845047,6.5303597,30.743526
1970-01-01 03:21:50,5721.791,162.75116,-823.6459,-1.3627741,-7.480085,30.598547
1970-01-01 03:21:51,5590.824,150.73485,-1082.2623,6.994171,7.284316,30.54729
1970-01-01 03:21:52,5593.7817,155.27148,-882.66144,2.980294,-20.653154,30.712297
1970-01-01 03:21:53,5646.3066,161.38907,-892.3218,5.683887,10.22161,30.487272
1970-01-01 03:21:54,5552.371,158.1438,-865.98016,2.005272,-0.8021454,30.293087
1970-01-01 03:21:55,5645.5425,152.14578,-758.1281,5.237238,-2.7329626,29.296785
1970-01-01 03:21:56,5494.9023,160.28136,-1266.7179,-1.3521479,-8.321438,28.69414
1970-01-01 03:21:57,5603.6045,160.90701,-843.67017,2.0653977,-5.176793,28.3714
1970-01-01 03:21:58,5402.5337,163.63554,-873.0578,3.3707538,-5.555975,27.426296
1970-01-01 03:21:59,5444.858,154.83827,-1006.4872,1.9008416,4.648371,25.898355
1970-01-01 03:22:00,5381.7783,161.38266,-1135.0497,-0.2573869,5.479481,26.966303
1970-01-01 03:22:01,5429.298,156.2366,-750.296,-0.0591649,7.125266,26.945507
1970-01-01 03:22:02,5485.4233,152.49557,-1111.6843,3.4746528,-1.2861675,25.138666
1970-01-01 03:22:03,5455.8506,155.70955,-1053.4443,-3.571707,11.29193,26.463247
1970-01-01 03:22:04,5370.62,158.63785,-791.4292,3.5062482,-9.960201,25.87629
1970-01-01 03:22:05,5549.6323,159.37828,-689.56433,7.6502104,15.602776,25.875856
1970-01-01 03:22:06,5280.8394,154.93587,-1118.9376,6.906438,-0.510807,26.556326
1970-01-01 03:22:07,5300.4966,157.88419,-446.803,0.52275854,14.506355,26.544815
1970-01-01 03:22:08,5529.2256,161.15695,-606.3309,-1.1637933,9.735698,28.43583
1970-01-01 03:22:09,5402.075,158.2495,-772.07336,5.811982,12.970808,28.929668
1970-01-01 03:22:10,5215.9443,153.77524,-819.5656,-1.9016626,4.5274124,31.68133
1970-01-01 03:22:11,5329.197,160.03604,-962.83545,1.4820902,-17.429642,31.91119
1970-01-01 03:22:12,5324.386,162.35886,-526.8969,-0.020473607,11.178305,30.079517
1970-01-01 03:22:13,5246.225,146.04286,-517.5103,-1.078934,0.4038285,30.738724
1970-01-01 03:22:14,5283.3735,162.16545,-778.1581,2.217076,-14.3533535,29.931143
1970-01-01 03:22:15,5281.907,153.53914,-432.84015,0.87990993,-16.179283,30.802305
1970-01-01 03:22:16,5201.728,157.46207,-980.05237,0.3026881,-12.61699,31.75654
1970-01-01 03:22:17,5247.935,153.46858,-1263.4246,2.3233368,-13.091382,32.916275
1970-01-01 03:22:18,5109.5757,162.66151,-834.22455,3.5486054,3.3237014,32.927357
1970-01-01 03:22:19,5399.128,159.99251,-829.54913,6.4224916,-17.41977,31.808264
1970-01-01 03:22:20,5155.3394,163.1243,-632.43066,1.832122,-0.35453057,32.18646
1970-01-01 03:22:21,5116.745,,-1087.8401,1.6356194,6.2733784,32.493668
1970-01-01 03:22:22,5155.037,164.89688,-901.1102,4.6659026,8.803409,32.448975
1970-01-01 03:22:23,5106.0273,159.53465,-1135.6638,2.3423302,11.934996,30.827831
1970-01-01 03:22:24,5105.4263,150.55675,-915.9042,0.07986734,-21.59685,30.360563
1970-01-01 03:22:25,5177.1953,155.0349,-848.87714,0.746574,-4.4284034,30.072641
1970-01-01 03:22:26,4981.42,150.93336,-902.11237,0.6546856,-7.6357517,28.092186
1970-01-01 03:22:27,5047.749,156.56934,-651.9579,2.736724,13.609918,27.76795
1970-01-01 03:22:28,5156.6787,157.34941,-863.5608,-6.878221,-6.9181194,28.169231
1970-01-01 03:22:29,5107.8403,153.20465,-855.9232,1.4045569,8.478976,27.579962
1970-01-01 03:22:30,5108.0923,151.65552,-970.5014,2.9356492,-4.5482755,26.710114
1970-01-01 03:22:31,5134.2437,157.91182,-770.4384,0.0061706137,-7.110213,25.479643
1970-01-01 03:22:32,5141.2144,158.92842,-789.05457,1.0151622,0.9333642,24.80014
1970-01-01 03:22:33,4888.7383,154.25993,-730.6729,2.1155796,1.0989385,24.648129
1970-01-01 03:22:34,5013.973,152.81326,-691.0146,5.732248,2.3913608,25.141094
1970-01-01 03:22:35,4955.1265,163.75533,-773.22784,-2.8889964,10.104608,25.845024
1970-01-01 03:22:36,4948.079,159.285,-853.7333,2.751283,-0.87950575,26.621046
1970-01-01 03:22:37,4865.9136,155.60085,-1129.0156,0.32387966,-3.3653738,28.388327
1970-01-01 03:22:38,4889.8745,155.91113,-856.5441,7.5362544,2.8204684,28.480133
1970-01-01 03:22:39,5035.2544,156.98181,-1007.69464,4.42107,-0.7191756,28.701836
1970-01-01 03:22:40,4910.3896,151.91681,-720.21405,4.48222,14.820237,27.66874
1970-01-01 03:22:41,5035.534,153.06886,-841.9914,2.6429482,10.965482,28.731644
1970-01-01 03:22:42,4826.427,154.62985,-867.12726,3.4477954,-4.899193,29.727083
1970-01-01 03:22:43,4803.4487,159.8949,-805.6242,0.78228694,1.5004908,31.682392
1970-01-01 03:22:44,4917.4644,155.12659,-916.35406,3.004598,16.911102,31.292486
1970-01-01 03:22:45,4988.3154,155.28838,-861.3187,-0.9574212,-14.579571,30.499577
1970-01-01 03:22:46,4853.171,157.28156,-1071.6259,6.976161,9.6203,30.548037
1970-01-01 03:22:47,4866.541,153.16716,-729.8108,0.7601509,-3.9285517,29.959925
1970-01-01 03:22:48,4971.996,158.78954,-1078.1913,4.7442603,-4.521876,28.69553
1970-01-01 03:22:49,4819.393,160.27449,-924.23145,3.9814048,1.9337643,27.26299
1970-01-01 03:22:50,4615.1104,154.36955,-882.25916,3.0667393,6.287969,27.328562
1970-01-01 03:22:51,4729.3906,157.49022,-858.7494,3.4216616,-9.262726,26.690022
1970-01-01 03:22:52,4826.825,165.0398,-544.9542,4.8810983,-6.9653463,26.705795
1970-01-01 03:22:53,4804.446,154.32416,-978.60223,-2.0668702,0.74440414,27.774523
1970-01-01 03:22:54,4673.559,158.89027,-1010.76825,-1.2805091,-8.548142,28.149511
1970-01-01 03:22:55,4692.498,157.91052,-585.777,3.6582696,-5.733102,26.762373
1970-01-01 03:22:56,4862.1265,162.28882,-849.9196,0.3709002,1.0367073,26.059036
1970-01-01 03:22:57,4849.4097,159.9284,-1017.51697,6.3883023,0.1831994,26.270187
1970-01-01 03:22:58,4595.705,151.26839,-842.0183,5.5375376,-0.09080767,24.075129
1970-01-01 03:22:59,4716.704,155.86366,-681.0337,0.7263424,4.83585,24.152805
1970-01-01 03:23:00,4617.435,152.40073,-501.04782,4.5563374,-7.1421714,24.06365
1970-01-01 03:23:01,4800.548,158.75911,-729.32526,5.304503,5.5691123,24.266878
1970-01-01 03:23:02,4577.307,160.51097,-612.242,-2.3623748,-22.526485,22.878378
1970-01-01 03:23:03,4691.845,158.11293,-409.4072,1.6370338,9.821161,22.132189
1970-01-01 03:23:04,4537.8745,153.6102,-1078.9475,1.7953006,3.6835642,21.69563
1970-01-01 03:23:05,4700.7554,154.96684,-771.09265,5.9142394,-2.7815378,21.07657
1970-01-01 03:23:06,,161.22606,-789.0876,-1.1003717,-6.4151874,22.137186
1970-01-01 03:23:07,4682.8135,161.07681,-601.3585,-0.4935235,15.182327,20.7524
1970-01-01 03:23:08,4682.2446,157.46811,-770.7215,4.3951497,15.067693,22.689068
1970-01-01 03:23:09,4646.4414,161.48563,-824.4853,1.9582572,-5.178325,23.343616
1970-01-01 03:23:10,4657.705,154.75215,-1127.9182,3.8517895,-3.8948355,25.076477
1970-01-01 03:23:11,4467.917,152.37024,-861.169,7.0057883,14.686304,25.600388
1970-01-01 03:23:12,4641.2974,153.78383,-351.11578,6.997997,-7.569096,24.711798
1970-01-01 03:23:13,4414.6816,158.7456,-851.4311,-0.82669544,6.0839825,25.19186
1970-01-01 03:23:14,4485.5747,150.98248,-821.8313,1.1497738,-0.36855796,22.627695
1970-01-01 03:23:15,4472.591,163.87244,-1046.2982,-2.2527356,-7.6029496,22.788708
1970-01-01 03:23:16,4352.872,151.6756,-820.91705,0.6691945,8.576611,22.8529
1970-01-01 03:23:17,4527.1934,157.86758,-697.826,4.0238357,-10.798193,23.12605
1970-01-01 03:23:18,4311.0913,161.26831,-673.91376,4.1563134,,22.762848
1970-01-01 03:23:19,4266.9863,151.0897,-874.7716,-1.128657,7.4902825,23.453053
1970-01-01 03:23:20,4441.614,161.61546,-1019.2325,0.011623395,11.398826,22.58201
1970-01-01 03:23:21,4440.954,163.53294,-469.14337,4.3511977,14.613558,22.910492
1970-01-01 03:23:22,4415.4585,155.93292,-859.56836,5.8885455,6.622124,21.668997
1970-01-01 03:23:23,4418.269,158.66882,-1032.1583,3.2342808,0.40420368,22.029041
1970-01-01 03:23:24,4331.7515,162.49593,-676.1939,-0.2448684,-2.223412,25.155941
1970-01-01 03:23:25,4310.0215,156.35806,-606.339,5.9078474,25.779316,23.497255
1970-01-01 03:23:26,4311.3276,160.01665,-1053.2646,2.6822257,-8.577952,22.781536
1970-01-01 03:23:27,4319.789,157.42796,-740.8326,1.642615,-2.2928753,22.917322
1970-01-01 03:23:28,4119.14,158.06255,-856.7414,-1.1128759,-13.175734,23.23798
1970-01-01 03:23:29,4323.7725,150.13875,-967.0197,3.1127555,-11.772555,23.59927
1970-01-01 03:23:30,4246.8086,157.74434,-850.18805,1.578987,-1.9159992,23.628284
1970-01-01 03:23:31,4308.218,157.60185,-747.08246,2.6119215,-8.03593,24.570343
1970-01-01 03:23:32,4244.582,155.54712,-531.48413,-1.3849407,1.8184335,23.715511
1970-01-01 03:23:33,4221.4062,160.57317,-1205.8713,-1.2186955,-14.895963,22.468075
1970-01-01 03:23:34,4266.1763,155.61153,-1096.1971,0.4817587,14.799114,21.3943
1970-01-01 03:23:35,4263.0615,160.79128,-325.34216,-1.0859338,1.4878596,20.78634
1970-01-01 03:23:36,4232.4717,157.77263,-1006.12946,0.17884557,7.8400264,20.483898
1970-01-01 03:23:37,4123.72,157.6388,-615.8874,3.4616978,7.1566725,20.38882
1970-01-01 03:23:38,4199.6934,158.25877,-1158.3442,5.224127,-12.90593,
1970-01-01 03:23:39,4225.198,154.02328,-657.6665,-2.5337563,-3.2984557,19.09272
1970-01-01 03:23:40,4230.6924,158.87675,-707.5227,1.270089,9.246066,18.461102
1970-01-01 03:23:41,4187.8726,160.24672,-747.9455,3.5425982,8.598799,18.208967
1970-01-01 03:23:42,4082.052,164.20055,-509.01776,2.0881221,7.4527745,18.294968
1970-01-01 03:23:43,4150.652,160.70529,-1099.3888,-2.5776222,-0.8072956,18.751896
1970-01-01 03:23:44,4173.718,152.42729,-740.11975,1.9765307,-5.1869383,18.130758
1970-01-01 03:23:45,3910.9253,161.06197,-1244.1361,0.97047406,-10.083413,17.597279
1970-01-01 03:23:46,4060.661,148.2773,-1041.5742,0.47076744,-11.220186,18.173853
1970-01-01 03:23:47,4003.8413,157.61807,-954.53845,-3.0348349,7.6893907,19.509443
1970-01-01 03:23:48,4046.9333,155.72284,-1035.5106,4.6236806,11.386084,19.478933
1970-01-01 03:23:49,3979.0662,165.65987,-858.26685,1.4519701,18.690903,20.05676
1970-01-01 03:23:50,4072.3743,163.67465,-1009.7215,3.3471103,8.066382,20.579239
1970-01-01 03:23:51,3984.6694,156.64313,-632.0494,3.8752127,-19.209093,20.663612
1970-01-01 03:23:52,3923.1472,155.95964,-747.6236,-7.7712197,10.708888,20.895788
1970-01-01 03:23:53,3972.998,151.54727,-737.3347,1.4783849,-5.538116,19.296644
1970-01-01 03:23:54,3923.4238,164.02663,-826.3919,0.5161142,-4.2244215,20.742699
1970-01-01 03:23:55,3761.5051,148.91576,-839.59644,-0.46334845,-15.313545,21.729374
1970-01-01 03:23:56,3906.8672,162.0609,-1113.3378,6.5238953,8.955339,22.672052
1970-01-01 03:23:57,3952.7112,150.52023,-676.50745,3.9612699,-1.7338309,22.766788
1970-01-01 03:23:58,4038.0728,162.91217,-1356.2057,3.6443267,-10.001708,21.734898
1970-01-01 03:23:59,3850.7173,153.34102,-797.65796,-1.2075492,1.9373748,21.381104
1970-01-01 03:24:00,4076.092,162.14352,-767.20917,0.8243433,-17.652792,19.810528
1970-01-01 03:24:01,3763.3743,157.31247,-1124.5107,-0.3588774,-12.434773,20.731945
1970-01-01 03:24:02,3945.9375,159.41534,-655.0979,2.423968,-5.0556474,19.983692
1970-01-01 03:24:03,3848.008,159.29976,-801.51074,4.5658555,33.53234,18.281689
1970-01-01 03:24:04,3908.6343,158.79497,-697.61334,1.912615,6.4574203,19.879013
1970-01-01 03:24:05,3796.6548,159.18245,-620.18164,1.5087683,-9.2993355,21.406715
1970-01-01 03:24:06,3926.9097,161.203,-619.8533,1.7118264,-17.286434,22.148605
1970-01-01 03:24:07,3670.8596,161.0468,-591.6345,4.1689906,4.6194234,21.483688
1970-01-01 03:24:08,3826.7024,161.4542,-94.6835,-2.7576363,23.82299,22.665916
1970-01-01 03:24:09,3858.6277,168.19582,-752.36914,1.6152377,-17.082865,21.897533
1970-01-01 03:24:10,3888.5688,,-991.5957,-0.48617518,10.880337,22.693941
1970-01-01 03:24:11,3734.7395,164.31897,-819.8216,1.0152904,-11.892792,23.908642
1970-01-01 03:24:12,3607.8337,161.7479,-543.82684,0.008503021,4.8913302,24.214186
1970-01-01 03:24:13,3644.2122,147.67245,-691.1279,2.890973,9.190543,22.615543
1970-01-01 03:24:14,3674.4995,156.47435,-583.31116,0.20460568,-7.474481,22.68777
1970-01-01 03:24:15,3720.072,156.41753,-926.6566,6.4254203,-4.6855597,23.512444
1970-01-01 03:24:16,3674.488,161.99454,-1126.7842,2.2242765,3.5921042,23.200764
1970-01-01 03:24:17,3686.2246,158.36562,-925.42444,3.9440534,-11.907236,25.302395
1970-01-01 03:24:18,3633.1526,159.17288,-776.6051,1.3380095,7.676414,23.797913
1970-01-01 03:24:19,3651.9692,160.73807,-907.32684,-1.6899347,0.04019315,24.266014
1970-01-01 03:24:20,3666.1235,161.19887,-655.0703,1.850304,4.6459875,24.775557
1970-01-01 03:24:21,,158.13715,-1255.2596,2.8440518,2.6158183,25.118244
1970-01-01 03:24:22,3546.9524,157.5987,-773.80774,-1.9652983,10.484307,24.949005
1970-01-01 03:24:23,3433.86,165.15265,-949.3192,4.5479755,11.937287,24.660803
1970-01-01 03:24:24,3589.5286,159.87556,-890.4845,-1.1753991,-3.2255545,23.465311
1970-01-01 03:24:25,3563.0715,157.99942,-760.6186,1.4386067,2.187936,23.76342
1970-01-01 03:24:26,3638.0608,158.46416,-793.0456,3.437024,-0.09074983,23.446455
1970-01-01 03:24:27,3509.7405,164.1982,-868.3232,-2.2646577,10.567067,22.14073
1970-01-01 03:24:28,3441.9258,154.23236,-499.40753,5.7903557,-7.107289,22.20263
1970-01-01 03:24:29,3531.777,151.79532,-342.98474,-3.5873537,-19.643312,21.952787
1970-01-01 03:24:30,3568.1113,159.55486,-831.2023,1.9803903,10.467557,21.497034
1970-01-01 03:24:31,3540.3372,161.88664,-790.1586,-0.75236565,-2.9698746,21.114143
1970-01-01 03:24:32,3531.553,159.43121,-607.3913,-1.5434197,8.844431,22.13525
1970-01-01 03:24:33,3452.3157,158.66272,-715.0444,5.0481286,3.3674846,23.397064
1970-01-01 03:24:34,3483.7495,161.82237,-1190.0588,4.7761908,12.075833,22.552635
1970-01-01 03:24:35,3504.6648,160.25409,-1194.0043,3.3701348,,21.793976
1970-01-01 03:24:36,3455.5583,165.84468,-870.25824,0.5709442,-10.76104,22.073153
1970-01-01 03:24:37,3381.611,158.58664,-863.3013,-2.5250545,8.020563,21.37841
1970-01-01 03:24:38,3203.2214,160.33223,-637.1813,-2.0008354,14.929861,22.125244
1970-01-01 03:24:39,3268.6365,158.32272,-710.6053,1.0202878,-5.1844063,19.763786
1970-01-01 03:24:40,3255.6963,157.83145,-970.2558,-0.27324075,1.6185828,19.711586
1970-01-01 03:24:41,3341.9329,156.5893,-1022.85657,4.481365,-10.9099865,18.412374
1970-01-01 03:24:42,3418.2773,156.48482,-760.3081,0.4934493,-5.7001195,17.74993
1970-01-01 03:24:43,3285.2183,157.94879,-1404.7839,6.6152353,7.5893574,16.275553
1970-01-01 03:24:44,3228.9937,157.39514,-632.9586,-2.056169,12.197475,16.266426
1970-01-01 03:24:45,3163.0334,161.76834,-730.20276,0.89408606,-22.840714,15.563459
1970-01-01 03:24:46,3223.1917,159.1872,-335.57306,7.019667,,14.687254
1970-01-01 03:24:47,3256.7205,158.26569,-639.8141,-1.2055728,-14.215146,14.592755
1970-01-01 03:24:48,3192.9243,157.46957,-593.04047,-1.1576424,2.9222531,15.45276
1970-01-01 03:24:49,3159.921,164.69563,-904.23035,0.6864603,-2.6384935,15.188204
1970-01-01 03:24:50,3221.2446,157.94418,-683.5096,2.9718778,-6.054566,14.163121
1970-01-01 03:24:51,3218.7754,161.13846,-868.71936,8.937504,-6.1788983,14.377155
1970-01-01 03:24:52,3077.4998,160.14934,-427.22272,6.6780944,-18.038992,16.246122
1970-01-01 03:24:53,3150.0457,158.16869,-1123.1864,0.23890507,9.737653,16.144854
1970-01-01 03:24:54,3343.079,163.28278,-701.10535,5.30475,15.302476,15.831171
1970-01-01 03:24:55,3216.0864,163.15178,-443.3577,4.186695,17.273592,16.093958
1970-01-01 03:24:56,3256.9487,159.88799,-787.58496,5.713853,12.112519,15.8458805
1970-01-01 03:24:57,3016.3843,150.99432,-935.1767,2.0220642,10.225181,15.277601
1970-01-01 03:24:58,3005.306,160.59096,-1138.7915,2.0830238,-2.4749503,14.49631
1970-01-01 03:24:59,3144.6694,161.12527,-736.0462,7.859344,25.221546,14.156658
1970-01-01 03:25:00,3041.1592,162.27682,-503.6802,2.1817615,-12.901574,
1970-01-01 03:25:01,3051.812,158.35841,-629.52094,8.996784,-5.377762,14.57589
1970-01-01 03:25:02,3037.3735,165.50035,-743.1703,0.9930731,3.2073183,13.44698
1970-01-01 03:25:03,2971.5203,162.55301,-924.458,-3.328344,-8.506096,12.194108
1970-01-01 03:25:04,3009.4722,158.11098,-935.585,3.090441,2.1288493,12.647314
1970-01-01 03:25:05,3144.2883,159.97952,-694.37683,-0.7411695,1.3588055,12.773613
1970-01-01 03:25:06,2991.4744,151.3685,-723.8676,-2.7600183,-6.5564737,12.772297
1970-01-01 03:25:07,2827.0925,156.20874,-730.48566,1.4808278,15.992948,13.407882
1970-01-01 03:25:08,2949.9763,160.25702,-435.25504,-0.6272856,-1.0812215,13.040082
1970-01-01 03:25:09,3001.0334,156.55293,-737.1541,10.122444,-1.1971298,13.282763
1970-01-01 03:25:10,2908.3535,165.24803,-737.60223,-2.6010282,-0.92311764,11.40297
1970-01-01 03:25:11,2862.6736,153.87743,-662.4218,-2.4921358,-12.980566,11.34695
1970-01-01 03:25:12,3019.6924,160.18448,-719.8294,0.5406353,-10.299981,10.336819
1970-01-01 03:25:13,2888.1555,161.49612,-881.41974,-5.2145367,-10.813109,10.52714
1970-01-01 03:25:14,2863.4412,159.42224,-823.6013,4.1488295,-3.701404,9.398126
1970-01-01 03:25:15,2918.0693,161.86102,-724.66327,1.9220241,-10.398032,9.047836
1970-01-01 03:25:16,2821.2412,157.38455,-524.92035,3.922395,-2.5869775,11.189433
1970-01-01 03:25:17,2847.0283,159.8595,-922.7452,-1.150653,-0.2574756,11.578346
1970-01-01 03:25:18,2896.05,156.36865,-604.48016,3.9088461,-12.549323,11.377019
1970-01-01 03:25:19,2924.063,162.02184,-1186.215,-0.31538066,13.422835,11.452717
1970-01-01 03:25:20,2784.5745,162.32832,-760.15656,1.6978434,0.17014773,11.069867
1970-01-01 03:25:21,2794.7896,165.52449,-1400.4729,4.1253314,-11.616431,12.573233
1970-01-01 03:25:22,2740.4915,154.996,-897.3281,1.3147303,-8.134467,12.6536665
1970-01-01 03:25:23,2614.603,166.3202,-1153.6781,1.9862249,8.677602,12.190223
1970-01-01 03:25:24,2737.891,158.23314,-918.1695,2.0112932,-9.106109,12.081514
1970-01-01 03:25:25,2719.2278,152.6549,-932.3332,1.797327,0.6558254,12.479312
1970-01-01 03:25:26,2633.5024,160.95584,-877.126,-1.0241728,-4.9205894,11.28223
1970-01-01 03:25:27,2719.3816,161.7199,-1009.8567,2.04183,10.684685,10.8528805
1970-01-01 03:25:28,2594.0598,153.17136,-668.4941,3.8429866,11.464484,11.881248
1970-01-01 03:25:29,2559.304,162.9645,-1108.2345,1.4082136,7.690593,11.613802
1970-01-01 03:25:30,2451.677,155.6696,-327.9118,-0.16012277,1.3267035,11.757141
1970-01-01 03:25:31,2608.4553,159.28952,-996.12976,3.2395875,4.84045,10.99106
1970-01-01 03:25:32,2635.5957,163.06282,-661.07745,2.276788,-5.0957956,11.098415
1970-01-01 03:25:33,2657.71,157.83905,-795.1496,3.4864438,8.895644,12.358279
1970-01-01 03:25:34,2534.0198,160.0243,-1056.3293,-1.510185,-12.626327,13.730999
1970-01-01 03:25:35,2666.6682,154.5552,-971.8068,5.4809427,-2.6293595,13.668118
1970-01-01 03:25:36,2603.6719,159.56694,-382.96292,2.3096495,-9.195197,
1970-01-01 03:25:37,2509.3506,155.6722,-841.0215,6.153208,-3.2311542,12.846481
1970-01-01 03:25:38,2486.382,165.51096,-586.03534,0.7153878,-22.524523,14.337882
1970-01-01 03:25:39,2611.8967,158.17706,-997.98083,-0.18549733,-0.42903644,14.892686
1970-01-01 03:25:40,2533.791,160.90674,-683.6905,6.7961216,-10.325734,15.537498
1970-01-01 03:25:41,2406.076,153.8722,-942.6714,-0.28069443,-4.6491313,15.62652
1970-01-01 03:25:42,2639.3638,158.28749,-1018.77655,4.0822377,0.6805095,14.381555
1970-01-01 03:25:43,2395.517,160.99327,-864.77325,2.6076353,1.2321372,14.570171
1970-01-01 03:25:44,2475.907,163.99338,-1015.71515,5.345673,3.2094545,16.76971
1970-01-01 03:25:45,2355.9446,161.35968,-677.9139,-0.061964553,4.239568,18.007658
1970-01-01 03:25:46,2533.179,156.00558,-610.00195,2.2366245,-3.0052824,19.955803
1970-01-01 03:25:47,2520.3772,158.59593,-699.5172,0.8482656,0.06263095,19.782093
1970-01-01 03:25:48,2437.1003,158.61746,-934.2108,5.4518957,6.650387,19.305841
1970-01-01 03:25:49,2430.5603,160.5993,-681.0697,2.5663044,11.708692,20.484566
1970-01-01 03:25:50,2405.1926,160.90323,-1001.40814,2.3920178,-18.681145,19.870182
1970-01-01 03:25:51,2390.47,161.2173,-792.91376,2.7846687,-18.876978,19.98421
1970-01-01 03:25:52,2332.5999,160.78238,-984.00287,-1.521205,-4.759645,19.622671
1970-01-01 03:25:53,2396.9302,164.47742,-776.4236,1.321437,10.315582,20.546675
1970-01-01 03:25:54,2395.44,153.72331,-706.97314,2.6711156,2.2928495,21.161402
1970-01-01 03:25:55,2460.4045,163.1488,-627.0954,-1.9110684,2.1016858,20.839048
1970-01-01 03:25:56,2295.9749,155.04468,-1097.0544,7.454554,-8.109615,20.14275
1970-01-01 03:25:57,2437.587,160.88947,-450.96576,0.6398669,14.694207,20.338978
1970-01-01 03:25:58,2317.2551,157.43367,-540.24646,-0.21601962,6.3357267,20.085852
1970-01-01 03:25:59,2265.9666,165.49976,-977.88446,-4.3972793,0.99434936,20.868126
1970-01-01 03:26:00,2355.3167,162.7381,-1199.3303,2.130418,2.2174544,21.77377
1970-01-01 03:26:01,2343.8047,151.38675,-430.40344,,5.9640083,21.55396
1970-01-01 03:26:02,2247.031,159.06122,-1094.5261,-2.6513722,-9.9001,20.982985
1970-01-01 03:26:03,2221.9675,154.99771,-955.4876,0.6995345,20.286407,20.473753
1970-01-01 03:26:04,2082.724,164.95485,-934.06476,3.2766604,-10.700736,18.128437
1970-01-01 03:26:05,2134.3547,148.61665,-788.3081,-2.002168,19.625826,18.093822
1970-01-01 03:26:06,2166.809,159.39699,-971.87634,0.49697,3.20683,16.860863
1970-01-01 03:26:07,2161.8662,163.64798,-845.4361,2.265498,13.903352,16.720015
1970-01-01 03:26:08,2082.9827,162.58475,-838.7163,-0.09354757,7.057646,16.627918
1970-01-01 03:26:09,2152.51,159.80186,-428.6076,2.0477326,-18.95979,15.7152195
1970-01-01 03:26:10,2263.5002,159.42397,-501.95575,8.981116,-18.795546,16.235151
1970-01-01 03:26:11,2138.7568,160.94055,-1085.4513,-3.9491928,1.2140381,15.113128
1970-01-01 03:26:12,2050.3555,163.22375,-608.84894,5.007601,-6.5642567,16.588697
1970-01-01 03:26:13,2097.5693,153.47372,-795.3978,6.1385303,15.330691,16.708359
1970-01-01 03:26:14,2096.9993,155.34099,-879.3684,4.1013756,-1.1529624,16.6846
1970-01-01 03:26:15,2033.1392,160.44597,-680.24786,9.1870775,-10.911401,17.288029
1970-01-01 03:26:16,2033.3575,153.70135,-632.8052,5.6068206,5.0949783,18.001879
1970-01-01 03:26:17,2047.6823,161.17574,-601.54895,3.091107,-0.051362086,17.366535
1970-01-01 03:26:18,2021.626,160.0774,-1123.8151,2.2135136,2.8039072,17.86939
1970-01-01 03:26:19,2082.9583,154.77895,-395.7394,-2.9754884,6.7228107,17.203768
1970-01-01 03:26:20,2024.3557,155.44865,-723.31354,-0.7752908,-1.4124225,15.430226
1970-01-01 03:26:21,1923.5919,160.9538,-849.69086,-1.9656259,-4.244862,15.644269
1970-01-01 03:26:22,1843.0216,158.92705,-527.66516,0.5756892,-4.7970414,14.821348
1970-01-01 03:26:23,1968.3281,158.60883,-748.41156,-3.013579,-7.1192865,15.191019
1970-01-01 03:26:24,1952.8206,157.98279,-869.8927,-5.4171653,-2.8965166,15.277841
1970-01-01 03:26:25,1911.8689,154.48227,-678.5224,3.0039651,-3.060305,15.606007
1970-01-01 03:26:26,1831.3196,159.0861,-732.41345,-3.1853428,8.66273,15.302497
1970-01-01 03:26:27,2006.5521,155.88687,-608.68427,4.360028,-20.238413,15.252626
1970-01-01 03:26:28,1779.0193,158.01152,-719.7051,1.1142985,-4.464279,15.784957
1970-01-01 03:26:29,1929.1742,158.71677,-814.83624,3.157376,-2.1486807,14.813228
1970-01-01 03:26:30,1844.8878,152.7241,-882.7854,3.4608014,16.915466,15.08906
1970-01-01 03:26:31,1782.1786,149.98837,-786.99316,-5.7894087,14.485612,14.555257
1970-01-01 03:26:32,1937.3975,153.59364,-674.21063,0.73617864,11.506159,15.322296
1970-01-01 03:26:33,1829.5654,153.50645,-627.3575,2.2057657,-13.580045,15.032113
1970-01-01 03:26:34,1666.9989,160.93661,-1023.25354,-0.023996547,-0.34380025,14.9362
1970-01-01 03:26:35,1827.45,158.0758,-990.2239,2.2558954,9.918769,14.517689
1970-01-01 03:26:36,1786.8196,153.44957,-442.0205,-5.7916045,2.9186435,14.486988
1970-01-01 03:26:37,1847.0515,161.48969,-912.60065,5.3032537,6.4338307,14.089177
1970-01-01 03:26:38,1798.4495,159.43652,-739.29956,1.678168,-4.620641,14.729329
1970-01-01 03:26:39,1731.3461,151.61171,-747.0414,4.790318,-7.744118,15.232774
1970-01-01 03:26:40,1709.4407,157.05359,-1037.294,8.31152,10.15891,14.703674
1970-01-01 03:26:41,1680.7291,153.41531,-801.6804,0.31797406,-7.875066,14.835033
1970-01-01 03:26:42,1607.7323,157.97295,-1162.1187,7.1625977,-5.0563107,14.984201
1970-01-01 03:26:43,1739.434,157.76741,-675.6688,0.664512,8.874515,14.794155
1970-01-01 03:26:44,1822.5409,153.06871,-551.984,6.409899,-1.0176797,15.125083
1970-01-01 03:26:45,1622.4987,161.96677,-509.44785,1.2372919,-3.6763353,16.311117
1970-01-01 03:26:46,1610.4304,157.30289,-793.1113,2.5386214,18.608711,17.068657
1970-01-01 03:26:47,1761.5107,160.76501,-1254.8053,1.1351342,-3.9533722,17.502924
1970-01-01 03:26:48,1582.0217,159.93268,-440.5854,4.3772764,-0.18801169,17.297613
1970-01-01 03:26:49,1618.7482,164.93938,-701.87665,4.471969,11.850867,16.795467
1970-01-01 03:26:50,1619.7483,157.89885,-854.67145,3.7015452,2.073817,15.644789
1970-01-01 03:26:51,1577.4532,158.27151,-538.0199,2.696789,-3.2121172,14.135078
1970-01-01 03:26:52,1515.1227,155.52654,-720.16376,4.556905,-2.3598282,
1970-01-01 03:26:53,1550.7672,155.65074,-808.26953,-2.4851906,-8.556523,12.141918
1970-01-01 03:26:54,1432.5498,162.03854,-913.3209,-4.1811657,10.675049,11.40916
1970-01-01 03:26:55,1586.4615,161.49692,-533.535,6.650337,1.3880272,11.42511
1970-01-01 03:26:56,1426.4855,158.56812,-859.67584,-2.9293828,6.6985817,12.253036
1970-01-01 03:26:57,1570.1635,163.40466,-1190.9764,3.717326,-8.86017,11.272097
1970-01-01 03:26:58,1531.374,163.76675,-1068.731,1.5585836,-5.267954,11.914698
1970-01-01 03:26:59,1531.113,156.71196,-720.8494,-2.458368,-15.645075,12.429534
1970-01-01 03:27:00,1473.2034,171.79407,-1081.5214,-2.0472615,6.293474,10.945484
1970-01-01 03:27:01,1371.0283,160.69153,-1099.0082,2.3257244,-2.1155953,12.432106
1970-01-01 03:27:02,1485.9017,160.69185,-706.87494,-2.3665638,0.5070421,9.436142
1970-01-01 03:27:03,1254.9108,150.48222,-710.715,-0.20872568,6.5402684,10.953693
1970-01-01 03:27:04,1320.8483,160.6134,-944.4867,5.1134014,7.344399,13.138155
1970-01-01 03:27:05,1452.4031,165.16782,-969.5392,-3.2640412,-4.59413,13.531298
1970-01-01 03:27:06,1293.218,164.20331,-1151.2258,0.7272653,2.5920405,14.19287
1970-01-01 03:27:07,1334.5415,164.85742,-864.0127,-3.5247948,-2.6351285,13.828177
1970-01-01 03:27:08,1380.7112,157.23982,-845.53754,0.92797726,-0.6368552,12.169363
1970-01-01 03:27:09,1305.6243,159.94199,-653.79565,5.2953043,12.167132,11.849222
1970-01-01 03:27:10,1272.8712,160.76697,-691.11505,1.4044155,8.619867,11.41838
1970-01-01 03:27:11,1463.5748,164.35019,-614.68616,-0.36014944,-17.467182,11.796932
1970-01-01 03:27:12,1263.9844,166.76027,-759.9249,-2.6937745,-16.575909,9.198586
1970-01-01 03:27:13,1246.4851,159.57806,-949.43164,2.6642854,-2.2909002,7.06013
1970-01-01 03:27:14,1231.99,158.88173,-791.0509,5.071081,2.2610805,9.494809
1970-01-01 03:27:15,1181.0061,170.19366,-463.67258,5.239532,-2.626954,10.785608
1970-01-01 03:27:16,1186.788,162.97504,-858.3793,3.2428114,10.717336,11.537063
1970-01-01 03:27:17,1371.3506,159.88263,-809.64166,7.6906695,6.9214473,11.162734
1970-01-01 03:27:18,1134.9141,161.15091,-934.0635,1.7317672,-6.448542,11.192539
1970-01-01 03:27:19,1255.2576,159.16623,-897.75366,5.1591687,-0.7799157,10.192685
1970-01-01 03:27:20,1159.9047,159.38205,-986.2298,3.183302,-10.831363,10.13609
1970-01-01 03:27:21,1266.71,155.02356,-922.36316,-0.0030658084,-6.230659,10.038079
1970-01-01 03:27:22,1166.1204,161.00594,-875.31866,5.80984,-4.604599,10.699083
1970-01-01 03:27:23,1124.5862,157.32129,-452.20117,5.785002,11.550296,9.467425
1970-01-01 03:27:24,1132.9442,157.57465,-966.7494,1.602544,2.5118883,9.848518
1970-01-01 03:27:25,1098.9825,154.97578,-681.1532,2.208811,1.627521,11.519184
1970-01-01 03:27:26,1158.4725,156.39766,-908.69574,2.1731699,9.020154,11.369744
1970-01-01 03:27:27,1272.1174,162.73297,-752.02637,0.47085032,-5.235553,11.026206
1970-01-01 03:27:28,1050.8173,164.83826,-817.26294,-0.16321763,16.998405,12.84924
1970-01-01 03:27:29,1127.8987,159.47987,-842.1206,1.394412,9.027848,12.133519
1970-01-01 03:27:30,801.4036,160.62794,-700.9027,-1.2643377,8.914572,12.7994
1970-01-01 03:27:31,975.08813,161.88847,-636.6566,1.2549893,1.9385548,11.6602125
1970-01-01 03:27:32,1077.7778,166.88995,-1246.3936,0.92018765,2.2931345,11.7376995
1970-01-01 03:27:33,1065.1035,145.66736,-608.5296,2.9424167,9.071405,11.493892
1970-01-01 03:27:34,937.05817,159.83037,-707.199,2.687462,17.988668,12.438188
