timestamp,altmsl,ias,vspd,pitch,roll,hdg
1970-01-02 01:00:00,-25.8775,122.886505,845.58966,6.5706406,-6.0173073,0.04253529
1970-01-02 01:00:01,39.666164,117.856636,874.7751,4.3162174,20.580269,359.67725
1970-01-02 01:00:02,0.66178054,124.47697,793.4601,-0.25261515,-6.313558,0.4295013
1970-01-02 01:00:03,-75.337425,132.05997,953.95233,2.096028,-3.3821816,0.8877335
1970-01-02 01:00:04,34.28628,123.263176,640.50195,,-3.599533,0.97525173
1970-01-02 01:00:05,193.5261,121.6271,632.5864,2.6388152,-18.407103,1.9631939
1970-01-02 01:00:06,72.90753,124.17976,862.47095,-1.127438,8.436159,1.9654449
1970-01-02 01:00:07,35.08494,118.165596,867.5947,-0.6319056,28.123661,2.8578205
1970-01-02 01:00:08,204.95537,121.62821,990.019,3.7690785,3.7608047,3.803946
1970-01-02 01:00:09,,116.565414,612.0105,2.67498,11.264001,3.9269025
1970-01-02 01:00:10,49.356068,116.634514,677.3492,-1.2880393,-5.395541,2.2738328
1970-01-02 01:00:11,178.01256,129.22644,956.83905,3.3214417,-9.6450205,2.9324136
1970-01-02 01:00:12,148.5718,116.66396,1266.7334,2.2337983,-14.01839,2.1573136
1970-01-02 01:00:13,205.96494,123.38813,585.0358,3.6463501,13.238511,0.43914697
1970-01-02 01:00:14,120.46499,123.53656,586.44183,-1.3010119,12.588161,1.5391383
1970-01-02 01:00:15,147.88869,124.30865,820.34686,3.393157,2.2141216,0.5355464
1970-01-02 01:00:16,171.25893,114.531906,486.65298,6.4429827,-1.0602542,359.99753
1970-01-02 01:00:17,117.3274,119.16681,782.2702,1.5548513,-0.60947317,358.956
1970-01-02 01:00:18,312.84888,125.44602,984.05615,1.6622529,-0.98021895,359.37106
1970-01-02 01:00:19,248.18193,120.11276,407.1471,2.743502,13.51959,358.86362
1970-01-02 01:00:20,160.90308,116.34086,753.02454,1.7139548,-10.410528,357.7101
1970-01-02 01:00:21,294.28452,127.14558,1076.9365,5.570377,-10.935156,357.96097
1970-01-02 01:00:22,300.29398,116.53896,762.0588,,-6.176965,357.0421
1970-01-02 01:00:23,182.59859,115.80751,750.1176,5.5097027,1.9779571,358.6677
1970-01-02 01:00:24,306.96252,114.9294,587.82745,6.2616396,8.469636,357.45578
1970-01-02 01:00:25,428.5078,130.22774,502.46878,6.6499677,-7.3546634,356.98502
1970-01-02 01:00:26,525.29535,117.43372,957.41895,0.7635325,1.2316756,356.80685
1970-01-02 01:00:27,374.0195,115.97198,872.78064,5.5910487,-22.730444,356.02878
1970-01-02 01:00:28,309.79318,120.41372,799.0021,-0.569623,-8.459445,354.00494
1970-01-02 01:00:29,302.17316,123.16528,733.6066,2.1722665,12.552715,353.58356
1970-01-02 01:00:30,330.67172,125.57599,670.7129,1.9599047,-2.9355354,353.14655
1970-01-02 01:00:31,471.40445,119.16331,599.23724,0.4845048,4.421677,352.61813
1970-01-02 01:00:32,378.29575,116.90473,1207.4751,1.6260526,6.5147967,352.14194
1970-01-02 01:00:33,219.28133,122.80473,1200.3933,1.1484675,-9.466569,352.23932
1970-01-02 01:00:34,472.37912,121.19599,791.82416,2.4144294,1.5163319,353.3046
1970-01-02 01:00:35,381.16833,120.24159,730.49493,3.3272567,11.573396,353.93372
1970-01-02 01:00:36,497.46838,121.03049,513.78345,-1.2179157,-19.385706,352.75046
1970-01-02 01:00:37,505.22974,122.3306,418.57993,5.766147,16.238033,352.43503
1970-01-02 01:00:38,442.20667,120.184555,875.5617,0.98352045,-1.2759328,351.77048
1970-01-02 01:00:39,470.98502,123.9588,481.64822,2.6093218,0.31030995,349.7634
1970-01-02 01:00:40,525.6086,120.6216,903.69324,-1.7441467,-0.47566825,350.7678
1970-01-02 01:00:41,408.65436,116.33572,726.3871,0.9287338,1.3593837,350.68167
1970-01-02 01:00:42,637.277,118.24915,779.7097,3.4768243,-14.527649,350.91608
1970-01-02 01:00:43,570.98785,117.93604,1040.3624,5.71342,0.8509701,350.42975
1970-01-02 01:00:44,589.9039,121.15798,375.54843,1.9313955,5.6585107,350.05637
1970-01-02 01:00:45,598.4204,126.94408,768.9248,-0.7410382,-13.502219,350.65082
1970-01-02 01:00:46,569.78107,115.50679,450.01718,4.271216,-4.2294755,350.54837
1970-01-02 01:00:47,597.9939,115.15986,794.644,1.5671657,6.3190374,350.30136
1970-01-02 01:00:48,631.21954,127.18787,996.4152,-1.5639281,2.3960795,349.29782
1970-01-02 01:00:49,696.2335,114.50917,1027.856,-3.360608,-1.4146383,348.14682
1970-01-02 01:00:50,689.8386,115.61255,764.83704,-0.010744245,0.86683613,347.92593
1970-01-02 01:00:51,695.62506,121.7805,873.7522,-3.0290217,-13.26159,348.91858
1970-01-02 01:00:52,770.726,115.60702,670.6699,5.581631,-7.5633006,347.488
1970-01-02 01:00:53,758.5366,120.905426,609.10626,-1.9422957,-6.0598073,347.3345
1970-01-02 01:00:54,707.1942,116.972496,899.4797,-0.8022986,-1.0580318,347.05826
1970-01-02 01:00:55,850.6422,115.09964,519.5035,1.8310314,6.3338223,347.93652
1970-01-02 01:00:56,745.8001,115.73855,770.4928,-0.48182088,-11.197778,346.98233
1970-01-02 01:00:57,841.048,123.40524,341.77576,4.4914994,-7.5185194,346.1008
1970-01-02 01:00:58,638.7298,124.97511,1029.0483,6.312992,19.000072,345.7649
1970-01-02 01:00:59,600.7271,118.54154,819.6235,-0.039706733,16.91609,344.95544
1970-01-02 01:01:00,793.7893,119.75883,949.77545,0.424168,-3.340922,345.8175
1970-01-02 01:01:01,720.21533,119.20402,982.8275,-1.7699531,6.9032826,346.0501
1970-01-02 01:01:02,746.118,116.62969,1138.1084,3.072132,10.360206,346.9291
1970-01-02 01:01:03,862.07104,123.93346,1010.86,1.4989374,4.7611647,347.8944
1970-01-02 01:01:04,807.6165,119.750206,717.9034,2.2277982,25.481993,347.23206
1970-01-02 01:01:05,747.5937,120.39507,469.11642,1.3999578,-5.4457593,349.32477
1970-01-02 01:01:06,839.9217,122.88287,661.0095,5.934059,-5.183077,350.2541
1970-01-02 01:01:07,968.22864,125.844215,935.15436,-3.6942027,-0.85552365,350.67993
1970-01-02 01:01:08,864.41656,127.04383,779.02875,-2.0915046,-3.7125597,350.65402
1970-01-02 01:01:09,1063.8042,117.365776,1007.13824,0.16912062,8.254214,350.97186
1970-01-02 01:01:10,853.8124,124.790955,1080.1841,2.2056549,7.9992642,350.94568
1970-01-02 01:01:11,988.3308,121.925804,954.02893,0.42111248,11.119664,351.09616
1970-01-02 01:01:12,942.7338,123.31741,1053.6552,5.539527,-6.5323315,349.11105
1970-01-02 01:01:13,934.4368,117.49948,892.6331,-3.0563548,2.2026951,348.9113
1970-01-02 01:01:14,912.5468,117.5869,854.4597,4.7119308,5.82034,351.29205
1970-01-02 01:01:15,1046.8931,120.196785,1343.7201,6.27737,-1.4209006,350.8253
1970-01-02 01:01:16,930.7385,119.94808,660.2021,1.0477395,15.165312,350.34845
1970-01-02 01:01:17,979.0413,123.71158,1043.7604,-1.39645,19.89351,349.49826
1970-01-02 01:01:18,974.6147,121.80726,950.3803,6.024392,-15.197891,349.41434
1970-01-02 01:01:19,926.826,117.85176,716.6721,3.8156362,7.8346324,349.88593
1970-01-02 01:01:20,1064.7859,126.01103,672.17975,5.0423865,-8.541513,349.7297
1970-01-02 01:01:21,1029.6538,119.81655,807.24255,4.578827,-1.6727588,349.86716
1970-01-02 01:01:22,1163.961,123.25986,919.18286,4.9258747,19.33442,350.89365
1970-01-02 01:01:23,857.18475,118.39054,1029.3809,-1.0440103,5.420813,351.39606
1970-01-02 01:01:24,1074.1907,122.947845,818.08997,7.067077,19.48458,352.3474
1970-01-02 01:01:25,1092.8229,126.78372,628.1111,-0.62711924,-6.595765,352.36816
1970-01-02 01:01:26,1245.4929,120.10258,948.47437,-1.1692722,-9.436894,352.44965
1970-01-02 01:01:27,1179.8766,114.20235,750.31177,2.8518312,-7.027046,353.00485
1970-01-02 01:01:28,1100.264,117.16086,788.7767,2.1893141,-3.4819994,353.6251
1970-01-02 01:01:29,1058.9705,123.50158,980.6845,5.1259456,-9.461919,352.62463
1970-01-02 01:01:30,1251.1915,113.754776,879.23553,2.4238274,-1.3151205,353.23926
1970-01-02 01:01:31,1244.6285,129.02167,759.1046,3.2356145,,352.85382
1970-01-02 01:01:32,1116.3806,120.12822,390.14255,0.76183265,1.7223432,353.49936
1970-01-02 01:01:33,1105.3446,117.8749,820.66,6.36418,-15.112839,352.06943
1970-01-02 01:01:34,1199.1604,127.70879,750.2151,5.3128285,16.738977,351.03262
1970-01-02 01:01:35,1404.1034,119.12815,804.9965,1.4385338,-0.2038273,350.9727
1970-01-02 01:01:36,1101.1111,118.84649,887.8786,9.489561,13.23791,349.47833
1970-01-02 01:01:37,1335.2048,123.50659,917.1971,5.258149,4.6477337,350.45953
1970-01-02 01:01:38,1226.5884,124.49444,732.8503,2.192399,0.5239474,349.49112
1970-01-02 01:01:39,1324.0658,128.64026,1004.7569,-0.22605172,-13.582747,350.94107
1970-01-02 01:01:40,1332.5299,115.29258,577.07794,-0.52469796,2.8893895,349.66177
1970-01-02 01:01:41,1347.3983,121.43623,815.6924,3.1756327,-14.8769655,349.6363
1970-01-02 01:01:42,1430.2576,119.847565,764.8369,2.4346008,0.04091959,350.779
1970-01-02 01:01:43,1280.4907,118.94194,759.16223,4.216196,-1.5791698,350.7803
1970-01-02 01:01:44,1279.5586,121.543564,993.08923,1.1706206,11.204246,351.11777
1970-01-02 01:01:45,1377.1853,117.53975,891.4457,0.116992734,-11.850742,350.30807
1970-01-02 01:01:46,1480.9736,120.83216,672.2017,0.99007857,12.74344,349.42398
1970-01-02 01:01:47,1453.8503,129.47696,883.83746,-0.057081982,-12.530056,348.56296
1970-01-02 01:01:48,1241.5092,124.634224,442.64923,2.9036467,-11.938355,347.8861
1970-01-02 01:01:49,1373.7675,124.846306,917.1291,3.4930022,2.9123373,
1970-01-02 01:01:50,1394.9923,123.007416,498.59988,4.0321655,0.84453213,347.3788
1970-01-02 01:01:51,1523.3903,119.18887,993.82367,-0.70378906,6.8338685,347.42932
1970-01-02 01:01:52,1419.2189,119.37665,771.97345,1.5052054,-14.760451,348.55698
1970-01-02 01:01:53,1251.2756,128.69177,787.3915,-1.2329605,-9.834215,348.0701
1970-01-02 01:01:54,1494.4749,125.25244,743.30634,6.5058494,-22.328922,349.07367
1970-01-02 01:01:55,1452.6532,121.54201,964.6508,0.9334831,12.276554,350.3779
1970-01-02 01:01:56,1615.2361,124.151436,935.0872,-0.5830104,2.4944882,351.1049
1970-01-02 01:01:57,1474.3236,119.73418,752.4817,1.8146499,21.50385,351.85352
1970-01-02 01:01:58,1516.1777,116.91063,860.5809,2.5045185,-3.739146,353.58005
1970-01-02 01:01:59,1554.8589,127.13427,488.18463,6.9339375,3.215109,352.4705
1970-01-02 01:02:00,1636.8047,121.71709,746.6372,5.8116,1.715422,351.32104
1970-01-02 01:02:01,1658.3268,118.25969,761.32135,2.7937577,-7.210584,350.97327
1970-01-02 01:02:02,1518.6807,118.03935,620.34406,-2.1485133,17.552528,352.7549
1970-01-02 01:02:03,1608.5371,122.792656,570.80035,-2.2749796,6.464918,352.36075
1970-01-02 01:02:04,1573.5436,125.59394,799.96594,2.2661164,-13.134462,352.61575
1970-01-02 01:02:05,1792.0985,120.89643,891.6248,-1.04355,3.157181,352.61734
1970-01-02 01:02:06,1554.6509,118.800766,1082.7797,1.2616727,-24.761536,353.11557
1970-01-02 01:02:07,1666.8439,122.508675,1033.2925,2.420247,6.7322025,353.99414
1970-01-02 01:02:08,1733.9315,115.92366,817.5533,6.685484,10.308371,355.79315
1970-01-02 01:02:09,1771.583,120.47326,578.862,,-13.4023695,356.33966
1970-01-02 01:02:10,1772.8442,119.147415,819.3631,1.7379268,-6.0180554,356.12286
1970-01-02 01:02:11,1562.4009,124.33396,1084.3512,0.4034013,10.360664,354.53125
1970-01-02 01:02:12,1847.3042,122.44999,1040.6333,-0.98564154,3.915257,356.42493
1970-01-02 01:02:13,1783.9138,,813.0761,2.542197,-1.5512422,355.59573
1970-01-02 01:02:14,1827.6368,111.44251,627.19104,3.939548,3.0664608,355.4168
1970-01-02 01:02:15,1753.3601,118.97954,494.2251,5.621356,-1.5329213,354.77142
1970-01-02 01:02:16,1823.643,122.897865,640.8294,1.4099964,10.451834,355.3523
1970-01-02 01:02:17,1876.6948,113.85118,651.79846,-1.6297609,8.013927,354.32224
1970-01-02 01:02:18,1759.351,125.119194,700.5134,8.82038,-8.560506,353.11914
1970-01-02 01:02:19,1847.9447,117.19836,802.4385,-5.000119,15.858144,354.67337
1970-01-02 01:02:20,1807.144,123.91916,666.49774,4.7537904,-6.0372024,355.78137
1970-01-02 01:02:21,1791.8522,122.32138,660.0415,4.494172,0.026626417,356.3043
1970-01-02 01:02:22,1910.3567,116.07803,924.962,1.6694779,5.6684985,356.19904
1970-01-02 01:02:23,1793.6606,123.30285,638.20795,2.3636227,-10.391682,358.68124
1970-01-02 01:02:24,1878.8055,121.57311,896.813,5.548535,-8.105192,358.86603
1970-01-02 01:02:25,1886.4576,124.094025,577.246,1.1606921,4.9556384,359.72836
1970-01-02 01:02:26,1803.9299,118.79075,975.0225,2.5315337,7.2572327,359.72922
1970-01-02 01:02:27,1945.676,128.9551,560.6395,0.9174588,-9.374371,358.6543
1970-01-02 01:02:28,1848.9532,122.106125,614.6998,-1.0035101,0.26478675,358.25003
1970-01-02 01:02:29,2076.3645,122.53898,1282.5864,-6.9177866,6.7564673,358.0168
1970-01-02 01:02:30,1868.9167,119.17841,763.5293,-4.0708246,-0.3094872,356.85327
1970-01-02 01:02:31,1949.2357,125.01717,628.1784,6.434553,5.8962936,356.0748
1970-01-02 01:02:32,2020.2267,120.11768,748.4593,0.7918177,-14.129513,355.46625
1970-01-02 01:02:33,2048.6033,,568.00146,2.2861152,1.893535,356.52444
1970-01-02 01:02:34,1946.3921,118.39473,1012.53424,2.4028802,5.2212763,355.3676
1970-01-02 01:02:35,1952.3567,121.75583,1067.811,3.3169718,-12.136175,356.44104
1970-01-02 01:02:36,1875.4644,112.79459,524.2136,4.8057957,22.728395,356.6297
1970-01-02 01:02:37,2060.4277,126.25902,714.1837,3.5228264,-14.296255,355.757
1970-01-02 01:02:38,2039.5013,130.34846,980.35187,7.0346093,-7.526027,355.81302
1970-01-02 01:02:39,2122.6016,123.00392,1090.6748,2.0414994,-18.205343,354.68503
1970-01-02 01:02:40,2162.0671,124.15352,947.0009,-3.3107648,-3.3636696,356.23087
1970-01-02 01:02:41,2175.3684,121.45232,,6.8971376,-7.3261085,356.15973
1970-01-02 01:02:42,2052.5842,117.61138,793.5144,5.1494803,-1.3889192,356.63043
1970-01-02 01:02:43,2121.0051,124.101234,673.6776,5.6973658,-17.21966,358.01486
1970-01-02 01:02:44,2275.9392,123.64286,605.0569,4.183684,2.9796534,356.23987
1970-01-02 01:02:45,2182.3154,127.785545,833.2092,1.4801533,1.004093,355.26376
1970-01-02 01:02:46,2219.636,122.291504,873.4054,2.0587173,11.435577,355.6914
1970-01-02 01:02:47,2226.8445,120.83628,640.27167,7.594572,2.0034623,355.66092
1970-01-02 01:02:48,2164.653,131.49174,839.4846,1.7583524,4.196602,356.0702
1970-01-02 01:02:49,2392.8984,119.093346,965.1165,-3.1579187,8.905516,355.98294
1970-01-02 01:02:50,2217.102,115.0775,720.9306,4.3488693,3.0080993,356.9195
1970-01-02 01:02:51,2282.7856,118.53447,969.1294,-2.111661,-10.865417,357.85065
1970-01-02 01:02:52,2238.847,117.89786,804.2541,-1.0735985,-2.0232165,358.17987
1970-01-02 01:02:53,2301.1116,120.56659,562.284,-0.67479646,-2.0906916,359.60785
1970-01-02 01:02:54,2353.368,115.10166,769.89496,-1.8498368,3.9839032,358.63647
1970-01-02 01:02:55,2271.076,116.1161,761.5058,-1.0966164,-11.328524,359.17468
1970-01-02 01:02:56,2208.8965,121.357895,523.1718,2.4252183,2.3658183,358.1912
1970-01-02 01:02:57,2370.7231,122.77647,751.7812,1.5548244,9.56343,358.63876
1970-01-02 01:02:58,2306.0828,119.67578,777.2632,6.0976815,20.09183,358.66074
1970-01-02 01:02:59,2248.3945,121.92222,1017.89594,4.1039352,0.28238598,0.39025554
1970-01-02 01:03:00,2334.1104,120.37234,1061.0326,0.6545547,3.1193254,0.9402171
1970-01-02 01:03:01,2303.0083,120.49325,921.11035,0.056810863,-13.132169,0.3661336
1970-01-02 01:03:02,2414.398,126.922874,844.1794,3.7569857,-5.4594088,0.2822502
1970-01-02 01:03:03,2326.7703,117.84144,715.80475,5.019264,-8.816548,1.2733634
1970-01-02 01:03:04,2385.7761,110.81968,964.85944,-0.0048295995,0.6747957,3.1888347
1970-01-02 01:03:05,2468.3037,124.584045,873.8551,5.318428,2.6015882,2.8106844
1970-01-02 01:03:06,2371.9727,122.06224,755.2909,2.627731,2.9248838,2.6905282
1970-01-02 01:03:07,2370.7031,117.97447,742.5339,2.9594455,-6.938034,2.1721108
1970-01-02 01:03:08,2464.9854,119.698906,892.4239,2.7869828,4.1713276,3.5961998
1970-01-02 01:03:09,2551.947,131.82848,764.7002,0.9571974,7.737993,5.2025123
1970-01-02 01:03:10,2330.397,125.00834,964.4183,2.9367278,9.15962,5.2901444
1970-01-02 01:03:11,2615.04,118.20124,1041.4879,3.145691,-0.35275745,5.80667
1970-01-02 01:03:12,2449.3367,123.21727,499.1881,3.2051728,-2.6463718,5.4079494
1970-01-02 01:03:13,2536.045,123.38796,848.6838,-2.9266233,-5.2147965,6.6233873
1970-01-02 01:03:14,2601.287,122.829414,899.3858,-0.7109001,10.621019,6.1974235
1970-01-02 01:03:15,2407.3728,126.07257,1098.8784,-1.1923218,4.536444,6.48075
1970-01-02 01:03:16,2492.472,123.18226,469.0153,1.8547835,3.9234724,6.9503145
1970-01-02 01:03:17,2601.5427,122.83293,919.4076,0.2177591,-11.768983,8.715553
1970-01-02 01:03:18,2704.3845,121.56912,790.1217,2.1320634,3.80734,8.019933
1970-01-02 01:03:19,2673.5264,127.569016,1019.4041,2.187635,-15.199266,7.8867626
1970-01-02 01:03:20,2606.9014,118.81983,679.9848,-1.7296176,-2.1024795,9.032779
1970-01-02 01:03:21,2679.7593,118.2846,736.9848,1.7496059,-0.87238526,8.233494
1970-01-02 01:03:22,2653.699,116.40368,1081.5262,1.4980907,-1.4504005,6.8370404
1970-01-02 01:03:23,2609.6575,120.42561,823.66754,-0.66126364,-11.240247,6.1341987
1970-01-02 01:03:24,2593.3562,118.86703,570.9756,4.6772285,0.8621813,6.558287
1970-01-02 01:03:25,2607.5884,123.49514,362.58295,-1.0623554,-5.11931,6.0596943
1970-01-02 01:03:26,2716.195,122.407295,1316.2935,6.000987,-15.495932,5.9808464
1970-01-02 01:03:27,2723.0637,121.33808,442.03064,-1.7196624,-0.057108093,6.172762
1970-01-02 01:03:28,2583.034,120.57118,1046.2844,2.055755,-10.653598,5.906489
1970-01-02 01:03:29,2668.8262,121.79262,762.0116,0.695158,-1.57206,5.06178
1970-01-02 01:03:30,2583.2866,128.41895,609.6788,4.6861258,0.45334157,3.668675
1970-01-02 01:03:31,2790.7117,122.38974,1195.4779,-3.321118,-2.2073357,3.6541295
1970-01-02 01:03:32,2780.9185,129.28064,550.2549,3.852879,1.4034953,2.9334254
1970-01-02 01:03:33,2814.6855,122.704155,718.6284,8.156849,-14.921984,2.0162425
1970-01-02 01:03:34,,117.92382,610.48956,-0.42751026,2.964577,3.0137148
1970-01-02 01:03:35,2831.6973,123.3785,1190.2024,3.490062,6.117153,3.122872
1970-01-02 01:03:36,2888.7932,121.774315,927.2102,1.838486,10.426617,4.1602726
1970-01-02 01:03:37,2876.5273,121.24693,1196.5549,-0.10262658,-5.9608493,3.9941423
1970-01-02 01:03:38,2860.297,121.01907,963.50195,1.1713716,-11.215921,4.901447
1970-01-02 01:03:39,2861.5159,123.66503,1050.7296,1.3683145,-2.2158353,6.194502
1970-01-02 01:03:40,2846.529,122.08851,602.2792,1.8348136,0.5765638,6.0750995
1970-01-02 01:03:41,2915.9355,126.01822,554.7944,6.0283613,0.94990724,5.188802
1970-01-02 01:03:42,2856.604,125.92493,613.5489,3.9731,-1.7916996,5.695012
1970-01-02 01:03:43,2927.3726,117.5727,930.0329,-2.8238,-23.74144,7.6046605
1970-01-02 01:03:44,2726.7544,117.67113,791.508,5.92917,-9.775727,6.9309974
1970-01-02 01:03:45,2854.7192,115.64934,428.2662,4.1842937,-6.3154154,6.4282618
1970-01-02 01:03:46,2829.06,123.34755,887.664,-1.9475209,1.2854338,7.19815
1970-01-02 01:03:47,3043.7715,116.39826,905.59753,0.14781669,-20.116457,5.8835435
1970-01-02 01:03:48,2943.891,118.16058,909.08325,4.039849,-4.3140364,6.386715
1970-01-02 01:03:49,2920.1946,117.90919,1027.367,-1.7673786,6.209018,6.10041
1970-01-02 01:03:50,2958.396,123.67031,731.08887,2.0042593,11.555759,4.936635
1970-01-02 01:03:51,3060.4492,121.500084,950.97986,2.6934376,,3.5926905
1970-01-02 01:03:52,2938.3855,122.54236,419.37567,6.492728,2.2091641,3.659903
1970-01-02 01:03:53,3142.378,123.91313,1283.5531,-1.7234254,-7.4953394,2.7448456
1970-01-02 01:03:54,2879.2632,125.180115,516.59503,6.437024,-9.440665,3.8312833
1970-01-02 01:03:55,3058.3445,126.03131,596.72076,5.438424,2.271146,2.5297391
1970-01-02 01:03:56,3000.4187,120.75756,702.3844,-2.3024075,-11.954814,2.0138392
1970-01-02 01:03:57,3159.6982,127.06475,621.69196,-1.5281583,-16.242216,1.068196
1970-01-02 01:03:58,3096.4944,127.32364,932.4907,7.245264,7.012827,2.6589289
1970-01-02 01:03:59,3154.687,122.08517,907.698,3.492413,-11.818678,2.7724094
1970-01-02 01:04:00,3136.3193,117.30277,489.9088,1.5987858,-5.712645,1.8110247
1970-01-02 01:04:01,3084.5303,118.747765,878.94635,0.26101777,-4.264516,1.2436101
1970-01-02 01:04:02,3343.368,129.00653,642.2916,8.099896,-3.1021788,359.59906
1970-01-02 01:04:03,3111.7312,122.01525,730.12213,-1.9390421,-8.569147,359.2944
1970-01-02 01:04:04,3245.3022,124.63696,830.39105,0.07972313,2.1114523,359.3863
1970-01-02 01:04:05,3152.7173,124.761635,641.4634,1.2045761,20.999477,359.38858
1970-01-02 01:04:06,3326.3164,121.356285,1053.2308,4.5284624,8.85637,359.21637
1970-01-02 01:04:07,3230.4827,121.44296,832.3879,1.6718655,-16.820812,359.12598
1970-01-02 01:04:08,3267.1943,120.059105,882.27704,2.5681725,8.957463,0.13752185
1970-01-02 01:04:09,3218.7446,120.1271,581.4062,6.412423,6.236388,359.7717
1970-01-02 01:04:10,3261.7942,117.87523,1034.4052,7.625281,-9.225875,0.79594725
1970-01-02 01:04:11,3288.2395,116.56797,731.53735,6.3230095,7.0196967,0.66970176
1970-01-02 01:04:12,3338.6333,121.436455,1012.63745,3.3841124,-19.205452,0.38457355
1970-01-02 01:04:13,3379.2986,113.52851,1047.7836,-0.3219136,-3.843799,359.8038
1970-01-02 01:04:14,3185.6116,119.508484,601.8862,6.848469,-13.456607,359.41043
1970-01-02 01:04:15,3397.3704,117.66169,898.2392,6.439439,14.733872,1.0006777
1970-01-02 01:04:16,3300.1658,120.53733,817.2905,5.540385,10.411915,358.61038
1970-01-02 01:04:17,3326.0393,122.95763,1254.7903,1.3872368,-1.1546707,358.76517
1970-01-02 01:04:18,3381.2676,123.99251,608.08044,-4.221017,-11.132324,359.30777
1970-01-02 01:04:19,3412.513,120.1797,587.24475,6.908746,5.8199925,357.08554
1970-01-02 01:04:20,3482.1057,116.0263,667.10803,4.0753164,-4.3856106,357.8487
1970-01-02 01:04:21,3372.9253,122.29244,956.7039,4.5463667,-10.185178,359.4183
1970-01-02 01:04:22,3328.2761,128.33388,928.7849,-0.4969287,-3.6472852,358.97772
1970-01-02 01:04:23,3475.6785,123.563095,789.6475,-2.1103885,-14.210622,0.87322354
1970-01-02 01:04:24,3482.5295,114.43646,726.53375,-2.0913658,-1.8113577,1.9704113
1970-01-02 01:04:25,3524.757,126.82222,695.10364,5.2681556,2.0088553,1.2932572
1970-01-02 01:04:26,3429.1462,126.5535,1007.7394,4.9189944,2.2836564,2.3096132
1970-01-02 01:04:27,3625.506,120.05005,699.49963,6.305361,5.521119,0.7948755
1970-01-02 01:04:28,3469.1782,120.61774,514.4197,3.3406823,3.13959,2.3107843
1970-01-02 01:04:29,3581.1694,126.09014,863.8217,5.9844937,8.938314,2.8788993
1970-01-02 01:04:30,3516.3098,126.11016,1164.3938,0.19643049,11.940749,2.2522855
1970-01-02 01:04:31,3499.2397,119.82114,720.2215,3.3787727,-9.877562,2.0191336
1970-01-02 01:04:32,3529.819,118.232376,918.2038,0.4009564,-10.399228,1.5007776
1970-01-02 01:04:33,3483.6,123.97929,877.6063,2.616908,-4.48612,1.507431
1970-01-02 01:04:34,3788.2014,126.42068,1048.6951,0.51209563,-5.4116955,2.393624
1970-01-02 01:04:35,3733.9731,117.79596,741.61865,-2.305785,-3.7167776,2.4069488
1970-01-02 01:04:36,,115.73042,670.75183,-4.2234955,0.60766965,1.1368908
1970-01-02 01:04:37,3635.8535,120.69327,886.0547,0.49938738,-0.2803635,1.0355428
1970-01-02 01:04:38,3639.8662,118.92887,816.83325,2.5391772,11.372688,2.19457
1970-01-02 01:04:39,3785.69,127.19884,760.46326,-2.1671867,-11.515756,0.21084127
1970-01-02 01:04:40,3698.157,119.47885,800.15717,6.8681245,-0.07152484,0.13577585
1970-01-02 01:04:41,3611.2585,124.41195,1113.5769,0.45776483,24.139803,2.1130486
1970-01-02 01:04:42,3646.4915,121.283,846.61346,-1.5582625,-6.690368,1.5433469
1970-01-02 01:04:43,3850.661,124.14298,987.3889,5.01581,-0.008998787,1.9358624
1970-01-02 01:04:44,3703.2578,123.871216,911.38403,1.8524451,3.871046,1.4118288
1970-01-02 01:04:45,3814.3794,125.0558,539.918,8.310642,10.31197,2.176427
1970-01-02 01:04:46,3770.8113,118.45601,697.5363,5.795621,-1.0002846,2.6250832
1970-01-02 01:04:47,3810.9224,120.086075,819.0653,1.7304083,-5.0775447,3.698543
1970-01-02 01:04:48,3852.2783,118.428444,911.513,-1.4548652,-4.955378,3.412281
1970-01-02 01:04:49,3791.5962,126.732025,817.0515,1.7310985,2.0245001,3.183457
1970-01-02 01:04:50,3712.6912,120.18621,352.42737,2.1666856,-6.5360236,3.9632096
1970-01-02 01:04:51,3909.2021,120.31927,728.9217,2.9967349,18.115725,2.9423788
1970-01-02 01:04:52,3851.9824,129.42508,709.1128,-2.1745005,5.0373473,2.8138013
1970-01-02 01:04:53,3745.7363,124.36889,636.63135,-1.7925534,0.045820612,2.204515
1970-01-02 01:04:54,3832.312,123.15918,889.0939,-1.7111465,-17.77913,1.3627918
1970-01-02 01:04:55,3829.322,121.825195,923.6839,0.93218166,5.711115,1.2744142
1970-01-02 01:04:56,3782.1028,118.10834,774.9707,6.7957287,-15.841246,0.9673448
1970-01-02 01:04:57,3848.0354,122.9178,962.4046,0.38137975,-9.568496,2.5837545
1970-01-02 01:04:58,3899.5571,129.2842,871.2043,6.2292852,11.387161,2.5621638
1970-01-02 01:04:59,3942.644,114.054085,821.8646,1.9540951,,4.8265123
1970-01-02 01:05:00,3934.8845,115.41989,1021.4572,2.639575,3.3165588,3.703007
1970-01-02 01:05:01,3877.3884,124.849594,875.6898,-0.9568497,0.92523575,4.189603
1970-01-02 01:05:02,3995.3555,127.12619,854.39557,2.7698681,6.620787,3.12705
1970-01-02 01:05:03,3933.114,116.237785,740.0996,4.538313,5.0386086,3.3106544
1970-01-02 01:05:04,3885.0527,124.34762,936.8051,5.0274425,-10.747603,3.2371151
1970-01-02 01:05:05,3991.7874,126.81919,722.3246,3.6047747,-10.159906,5.011675
1970-01-02 01:05:06,3836.2336,116.21475,916.3698,0.49671695,-9.32134,4.5542035
1970-01-02 01:05:07,3962.0283,122.490166,552.49805,3.124625,-0.9300814,4.0429606
1970-01-02 01:05:08,4027.246,111.27941,934.4164,4.27575,15.981857,3.960004
1970-01-02 01:05:09,,121.32062,691.19037,7.683509,9.866559,4.483622
1970-01-02 01:05:10,4164.9907,116.71836,938.63403,3.1296494,-16.458567,3.5471525
1970-01-02 01:05:11,4075.8787,125.25294,649.01904,2.3826041,3.8025062,2.252894
1970-01-02 01:05:12,4018.8977,121.58692,699.7457,-5.0720267,0.51506644,1.1256317
1970-01-02 01:05:13,4006.7854,129.19754,608.4413,2.2761617,2.1087935,1.4022582
1970-01-02 01:05:14,4153.3594,119.188354,904.0382,4.9338484,-6.2796907,1.2444925
1970-01-02 01:05:15,4145.5327,117.111946,613.0031,-2.185128,-21.551617,0.37073544
1970-01-02 01:05:16,4276.234,130.93161,563.87683,2.2667525,8.659541,359.00488
1970-01-02 01:05:17,4227.016,122.60072,1001.57245,4.2791104,-7.9041924,356.37036
1970-01-02 01:05:18,4066.569,122.80624,355.5034,-1.9936756,-2.0957623,356.5526
1970-01-02 01:05:19,4113.1553,118.710815,860.1458,,-0.6795674,356.66037
1970-01-02 01:05:20,4279.2393,117.45289,702.2774,-5.6625614,-1.1339266,357.24152
1970-01-02 01:05:21,4189.7383,124.96434,1017.76935,1.9967523,-17.74365,357.54727
1970-01-02 01:05:22,4205.627,127.36907,1106.0071,1.5384423,-17.397999,357.0188
1970-01-02 01:05:23,4314.1772,117.40928,607.82007,-0.4443542,10.131066,356.0813
1970-01-02 01:05:24,4118.396,115.66994,603.1729,6.1906657,-0.19998784,358.13412
1970-01-02 01:05:25,4280.6777,117.0418,653.31354,0.5363018,-1.6452979,356.11948
1970-01-02 01:05:26,4247.8857,115.66262,456.9488,3.1833,11.698496,357.6019
1970-01-02 01:05:27,4254.9043,122.40895,928.62463,2.170239,9.426038,357.27692
1970-01-02 01:05:28,4251.393,117.40421,1100.4958,6.826177,15.193995,357.4342
1970-01-02 01:05:29,4235.9307,122.14637,858.40125,1.3778585,-0.96250075,356.45654
1970-01-02 01:05:30,4313.2393,121.446976,734.3785,-6.461791,1.986339,355.51624
1970-01-02 01:05:31,4227.3105,124.05286,700.50305,5.801095,21.647734,354.36908
1970-01-02 01:05:32,4359.826,120.75684,1078.0632,3.1290884,14.679201,354.36838
1970-01-02 01:05:33,4251.756,116.163,898.8759,1.2079939,15.802508,354.87775
1970-01-02 01:05:34,4285.635,125.35129,1134.7267,-2.7827008,-1.4107832,354.12497
1970-01-02 01:05:35,4357.738,123.4347,1025.5486,-3.9531624,-2.5480888,352.49313
1970-01-02 01:05:36,4478.522,119.50722,633.492,2.7400153,0.72603476,352.24677
1970-01-02 01:05:37,4390.3887,124.42486,555.6097,-0.023046514,-3.5155165,351.7945
1970-01-02 01:05:38,4350.7344,123.969826,638.008,-0.5057147,18.82447,350.67966
1970-01-02 01:05:39,4211.4146,122.051605,1023.18976,4.5848446,-1.5334659,349.91037
1970-01-02 01:05:40,4490.818,125.18836,906.0296,-1.246083,0.5589451,350.95007
1970-01-02 01:05:41,4478.72,122.91038,978.36237,4.5374703,23.233772,351.58374
1970-01-02 01:05:42,4366.94,121.19364,691.18567,-7.7425632,-14.283601,349.49493
1970-01-02 01:05:43,4443.9956,120.31498,837.5047,4.727639,25.413149,348.56207
1970-01-02 01:05:44,4675.405,117.06725,444.60867,-0.9163261,-3.6373901,347.2807
1970-01-02 01:05:45,4543.864,120.02977,350.5193,3.8133543,7.1178803,345.59302
1970-01-02 01:05:46,4524.276,120.05794,844.94794,0.92300785,-0.87941295,345.37372
1970-01-02 01:05:47,4341.6104,116.38068,593.56696,-2.0036805,-2.8979368,346.29913
1970-01-02 01:05:48,4705.589,114.89529,585.4124,3.2174356,0.47916275,345.54865
1970-01-02 01:05:49,4624.436,125.27534,584.63086,1.7060894,-10.535139,345.9746
1970-01-02 01:05:50,4516.2246,129.38461,812.29846,7.045016,-13.067613,346.33832
1970-01-02 01:05:51,4572.7715,125.06969,631.6642,1.1502932,-3.0505304,347.50806
1970-01-02 01:05:52,4653.393,124.65506,904.34753,5.9297347,-6.501789,346.64606
1970-01-02 01:05:53,4587.445,123.75412,748.79144,2.095992,11.478991,345.23502
1970-01-02 01:05:54,4701.946,122.11611,495.64548,-1.9941801,-3.555842,346.52573
1970-01-02 01:05:55,4561.0864,121.9865,,2.8063107,-5.875062,345.52347
1970-01-02 01:05:56,4510.39,128.8218,412.04276,3.3380566,-14.364323,345.51123
1970-01-02 01:05:57,4689.2344,125.856384,907.55414,1.9374833,-12.693885,345.15298
1970-01-02 01:05:58,4660.953,126.98506,864.43286,1.8248297,-5.300996,345.92096
1970-01-02 01:05:59,4711.328,121.50477,899.2544,6.106249,2.4527864,346.1397
1970-01-02 01:06:00,4661.2773,120.980316,786.1052,4.6498866,-5.1035004,346.13132
1970-01-02 01:06:01,4736.1313,118.57596,854.0914,0.5781469,5.216335,346.02502
1970-01-02 01:06:02,4775.8594,112.279945,551.5183,6.617069,-17.746828,345.99832
1970-01-02 01:06:03,4630.682,,722.3382,7.682537,-10.38872,345.2555
1970-01-02 01:06:04,4783.211,119.802536,653.3636,-3.4451919,-19.856169,345.22134
1970-01-02 01:06:05,4759.961,113.18264,632.5239,4.4701667,5.9357634,344.35352
1970-01-02 01:06:06,4911.3193,122.929695,1032.4783,3.176992,0.90155613,342.05313
1970-01-02 01:06:07,4837.5483,122.45882,626.03314,2.9248266,3.5400348,341.56583
1970-01-02 01:06:08,4863.676,117.615944,812.24036,-1.8332076,-11.61717,340.53232
1970-01-02 01:06:09,4814.4277,125.1346,1086.9266,1.4518352,-1.2458322,339.79675
1970-01-02 01:06:10,4912.185,123.48978,1021.5261,1.3625913,-17.06259,339.67188
1970-01-02 01:06:11,,123.79645,732.3412,1.0020338,35.691807,341.20786
1970-01-02 01:06:12,4912.374,116.27897,924.10596,4.3982754,-0.9900703,340.50134
1970-01-02 01:06:13,4973.6606,117.712715,830.0477,-0.47670367,-7.1650753,340.52975
1970-01-02 01:06:14,4913.3433,127.4078,996.28094,-1.7021923,19.427647,340.60837
1970-01-02 01:06:15,4782.713,126.053185,999.03656,-0.45607677,-21.012087,340.62686
1970-01-02 01:06:16,4895.265,122.74859,656.9013,0.6105347,1.435284,342.20624
1970-01-02 01:06:17,5043.8403,116.77515,810.80396,-0.16187374,4.9777484,342.11914
1970-01-02 01:06:18,5079.031,126.80825,615.21497,4.1550694,-4.22285,343.09277
1970-01-02 01:06:19,4902.7417,116.57218,602.3964,1.7498727,10.599023,344.98535
1970-01-02 01:06:20,5006.691,121.13904,739.7552,0.6850083,-11.385982,344.07758
1970-01-02 01:06:21,4916.874,120.18994,1257.8895,-1.7638433,-12.506812,343.83875
1970-01-02 01:06:22,5052.3345,115.10642,495.19278,-1.4072671,0.15401755,342.99023
1970-01-02 01:06:23,4883.579,122.7226,953.0055,0.19797815,-17.780085,343.36667
1970-01-02 01:06:24,5031.476,129.05098,781.2534,4.482121,5.0904,343.10876
1970-01-02 01:06:25,4889.597,125.725235,997.59106,-2.470931,8.672921,344.0006
1970-01-02 01:06:26,5077.4766,121.34982,904.16376,4.190314,8.77544,344.90424
1970-01-02 01:06:27,5051.6855,127.38329,1091.2667,1.1349844,20.589672,346.3095
1970-01-02 01:06:28,5066.303,126.946,900.07336,1.598677,16.664766,345.5063
1970-01-02 01:06:29,4915.5176,126.30184,737.2466,6.1914263,-4.1703825,344.86667
1970-01-02 01:06:30,4956.5776,118.13965,1132.6405,3.4389677,6.362495,345.79248
1970-01-02 01:06:31,5055.4927,117.31476,925.2739,-0.3935532,-4.6440115,345.4431
1970-01-02 01:06:32,5121.479,125.56863,848.7297,3.0437286,9.168015,343.63306
1970-01-02 01:06:33,5128.2764,125.27455,839.8342,3.4251,7.381266,343.94785
1970-01-02 01:06:34,5161.0645,124.17815,724.2776,1.9085532,9.604528,343.69348
1970-01-02 01:06:35,5010.9067,122.860176,813.57294,2.0297742,-4.791583,345.55936
1970-01-02 01:06:36,5242.8306,120.51505,723.9628,-2.981082,8.759998,346.07452
1970-01-02 01:06:37,5200.185,120.761375,909.56134,2.5335379,-3.1438959,347.10077
1970-01-02 01:06:38,5368.5234,122.21592,642.9227,-0.7759438,-6.1217346,345.38712
1970-01-02 01:06:39,5228.0435,122.236046,1189.5316,4.3408003,0.19000041,345.1462
1970-01-02 01:06:40,5177.2593,127.29342,995.3052,-0.50237733,-5.7974124,345.2002
1970-01-02 01:06:41,5328.1187,118.99064,629.3076,-0.4648615,3.3282292,344.6736
1970-01-02 01:06:42,5143.2534,128.32921,574.0583,-0.08608192,12.976491,344.80136
1970-01-02 01:06:43,5310.624,126.25522,784.8648,0.9219644,5.696248,344.2731
1970-01-02 01:06:44,5385.313,120.591805,662.9977,-5.230675,-8.608479,345.3123
1970-01-02 01:06:45,5352.206,122.825645,1084.1427,-1.2289553,-1.6723052,344.87286
1970-01-02 01:06:46,5434.006,121.182976,1239.9171,6.287697,-2.9209855,345.2007
1970-01-02 01:06:47,5431.9443,126.485916,869.8671,8.481306,9.918004,346.24057
1970-01-02 01:06:48,5253.1177,120.00332,861.41034,2.1594286,14.690671,345.49823
1970-01-02 01:06:49,5418.572,120.04106,667.90826,2.9681478,12.165162,346.29358
1970-01-02 01:06:50,5509.2476,116.96734,944.9243,6.2699504,5.2952514,345.6177
1970-01-02 01:06:51,5370.7065,117.716705,459.53745,5.587201,10.453212,345.74704
1970-01-02 01:06:52,5306.0776,126.8275,692.5537,2.8853228,-3.7036254,346.6815
1970-01-02 01:06:53,5385.156,121.451775,258.7219,-2.628419,7.057468,347.98648
1970-01-02 01:06:54,5417.087,125.023125,767.7072,4.2300625,5.748095,348.11768
1970-01-02 01:06:55,5407.4917,116.26883,732.81494,8.647857,7.944404,348.76697
1970-01-02 01:06:56,5434.288,123.63695,255.2148,-0.4547305,-2.345805,346.56735
1970-01-02 01:06:57,5328.788,122.456314,719.57495,3.525379,13.6245165,348.3831
1970-01-02 01:06:58,5514.2114,125.406265,508.26074,-2.6709752,-0.41540164,347.0771
1970-01-02 01:06:59,5534.0674,120.66137,755.26166,0.05572846,2.4518933,346.18845
1970-01-02 01:07:00,5495.424,121.23718,984.1686,-0.3131511,13.87844,345.0229
1970-01-02 01:07:01,5544.068,121.75566,426.5848,1.3601006,11.517192,345.585
1970-01-02 01:07:02,5452.6523,121.01524,1177.5533,3.589488,26.543077,345.2971
1970-01-02 01:07:03,5623.372,115.721794,805.0018,5.388651,15.218848,344.7496
1970-01-02 01:07:04,5417.7666,119.26411,1030.2637,-5.7580657,-20.169605,345.23163
1970-01-02 01:07:05,5636.8965,121.04502,776.712,-0.6439477,-6.5866323,344.50674
1970-01-02 01:07:06,5620.1006,128.64235,349.40903,2.963501,0.37203813,345.3345
1970-01-02 01:07:07,5593.953,127.64768,806.2752,3.401789,6.00097,345.77817
1970-01-02 01:07:08,5561.887,122.69875,784.2955,4.3168645,-9.087168,345.25043
1970-01-02 01:07:09,5575.2344,121.48171,620.2424,2.9945855,-11.683697,345.5384
1970-01-02 01:07:10,5697.627,125.04653,379.14172,-2.387027,7.956514,345.94046
1970-01-02 01:07:11,5810.515,118.33675,975.0187,-0.3741375,3.5063415,346.21222
1970-01-02 01:07:12,5736.3535,122.75036,826.7556,2.5700047,-10.777732,348.28348
1970-01-02 01:07:13,5614.01,124.25842,856.5072,1.1948628,9.249661,348.3597
1970-01-02 01:07:14,5730.357,119.51769,1101.5833,9.609853,-4.7357244,349.32666
1970-01-02 01:07:15,5666.103,126.10156,529.6101,5.850996,3.1598666,348.32462
1970-01-02 01:07:16,5617.093,123.02607,756.0791,0.25792858,-3.0457761,347.9618
1970-01-02 01:07:17,5699.939,125.01988,546.7909,2.7923393,-11.197155,349.39136
1970-01-02 01:07:18,5753.747,119.84225,669.53424,-1.0864316,-0.08241902,351.68237
1970-01-02 01:07:19,5726.158,125.25195,1182.2928,3.4403577,-2.66698,351.92514
1970-01-02 01:07:20,5731.8516,130.19373,1030.0052,-0.12932242,-10.48284,351.22815
1970-01-02 01:07:21,5684.3022,122.76742,995.0443,2.8728712,-11.980157,350.2085
1970-01-02 01:07:22,5924.258,121.38,830.2312,3.1882644,6.966866,348.36533
1970-01-02 01:07:23,5792.8105,114.45894,769.24963,-1.4988413,10.270877,350.29486
1970-01-02 01:07:24,5823.5483,122.19598,795.09265,1.6121871,-0.00932521,350.9689
1970-01-02 01:07:25,5825.0806,,899.5814,1.5989813,-13.687183,350.93155
1970-01-02 01:07:26,5739.153,,957.4158,5.338748,-1.2177962,351.27988
1970-01-02 01:07:27,5797.734,127.73364,754.06165,-3.720915,-2.6431203,350.9443
1970-01-02 01:07:28,5804.679,120.54544,824.29944,4.1289105,,350.64642
1970-01-02 01:07:29,5869.439,126.76308,616.91766,2.1475906,-10.742941,349.5189
1970-01-02 01:07:30,5927.9043,117.62928,513.34174,-1.8878038,0.5014735,348.00613
1970-01-02 01:07:31,5875.1035,118.0657,1179.2805,6.1099157,-3.6397822,349.59244
1970-01-02 01:07:32,5888.55,119.310524,795.272,-1.3258696,-25.528852,349.8844
1970-01-02 01:07:33,6135.8594,125.28798,728.17346,-4.1613245,2.6817286,348.03012
1970-01-02 01:07:34,5864.116,119.63946,1072.7119,2.062172,-14.287563,348.69968
1970-01-02 01:07:35,6024.6763,119.26009,499.89056,7.3478355,7.862491,348.44727
1970-01-02 01:07:36,5827.6694,122.18011,595.0699,4.058644,2.8426743,350.14737
1970-01-02 01:07:37,6032.007,126.186935,767.5722,-0.7115093,-3.5657835,350.21338
1970-01-02 01:07:38,6074.607,126.67861,1077.4327,4.9666214,-1.4447893,350.44122
1970-01-02 01:07:39,6017.6025,120.45269,682.7162,4.559524,12.970476,349.9437
1970-01-02 01:07:40,6045.3857,128.16301,760.9728,4.3140717,-15.049,350.1967
1970-01-02 01:07:41,6093.185,118.69033,924.3714,3.9955626,-2.6644938,350.05862
1970-01-02 01:07:42,5955.923,115.32902,1053.581,3.0637133,3.2545185,349.97308
1970-01-02 01:07:43,6040.148,124.4111,965.43665,3.6155174,-6.3952513,350.34018
1970-01-02 01:07:44,6046.6387,119.906296,942.23535,4.5582805,13.747713,350.65005
1970-01-02 01:07:45,6103.5103,126.14115,925.78064,0.5643307,-8.02364,351.15887
1970-01-02 01:07:46,6210.6943,125.64731,737.37225,-1.6446753,-5.8977423,351.8354
1970-01-02 01:07:47,6203.9326,126.27309,1096.569,1.1713163,-16.6947,352.57346
1970-01-02 01:07:48,6027.041,127.73044,876.2658,4.0571647,2.1647713,353.4664
1970-01-02 01:07:49,6026.8076,121.06224,830.8273,0.19077855,-1.3260126,353.0031
1970-01-02 01:07:50,6095.7505,119.392,724.3469,4.7745886,13.326754,352.00708
1970-01-02 01:07:51,6109.887,126.94621,1043.8739,1.3113111,3.290724,352.26523
1970-01-02 01:07:52,6250.3516,121.455925,747.4462,0.1759243,1.1361418,352.4339
1970-01-02 01:07:53,6178.223,121.916855,958.50165,-3.108809,7.5394154,353.7947
1970-01-02 01:07:54,6202.6157,121.79855,446.71045,-0.21485853,10.27255,353.73868
1970-01-02 01:07:55,6083.828,121.99314,858.31836,-6.418031,-7.5018015,352.25256
1970-01-02 01:07:56,6227.2725,119.08718,872.79517,5.4472175,7.282635,352.1087
1970-01-02 01:07:57,6313.3516,128.40714,534.463,1.0053848,3.5637095,351.85144
1970-01-02 01:07:58,6171.0894,121.71361,801.3943,-2.5741477,11.88485,352.96048
1970-01-02 01:07:59,6127.1274,129.1392,566.826,1.4246223,-23.030334,351.49637
1970-01-02 01:08:00,6271.984,123.097565,403.77515,2.107455,12.738572,350.0282
1970-01-02 01:08:01,6394.078,125.32255,911.7371,-2.6281977,-16.45249,349.0352
1970-01-02 01:08:02,6341.589,124.46972,327.28455,5.636512,-13.516277,347.6091
1970-01-02 01:08:03,6307.856,125.716354,820.99097,1.7129831,6.6174326,346.76404
1970-01-02 01:08:04,6261.711,126.58408,733.1827,2.564462,-2.1024742,345.54684
1970-01-02 01:08:05,6334.438,123.633575,1026.3118,3.6018164,0.590972,346.6757
1970-01-02 01:08:06,6397.0024,121.69206,1051.9816,2.6107898,-24.30936,346.63654
1970-01-02 01:08:07,6390.2456,120.50288,769.9903,3.5282817,0.84645164,346.81424
1970-01-02 01:08:08,6344.2905,128.98965,865.76764,1.2282449,5.301786,347.09805
1970-01-02 01:08:09,6480.7803,125.9132,1152.9176,-2.4621341,-2.6144328,346.33188
1970-01-02 01:08:10,6380.891,114.31548,871.869,1.6724563,-10.568726,345.44473
1970-01-02 01:08:11,6476.375,119.99857,298.7732,-0.05885713,-5.985616,347.33163
1970-01-02 01:08:12,6456.3145,121.5868,810.6746,2.931611,-9.124503,345.8653
1970-01-02 01:08:13,6283.367,121.670364,912.9971,3.8635557,-3.4504802,347.4234
1970-01-02 01:08:14,6464.405,124.59364,738.7813,5.314098,-2.5049365,346.7577
1970-01-02 01:08:15,6403.1064,119.60884,506.0114,3.734122,-15.812282,346.83676
1970-01-02 01:08:16,6353.513,123.52776,952.33905,9.038768,-11.639862,346.72772
1970-01-02 01:08:17,6505.385,124.20721,834.2486,-5.421229,-4.2468367,344.973
1970-01-02 01:08:18,6484.7056,130.11987,996.8147,3.0666728,-6.983715,345.0549
1970-01-02 01:08:19,6631.67,119.27814,686.72644,9.22693,-5.3243256,344.5652
1970-01-02 01:08:20,6415.3887,127.10877,1085.9321,0.7472709,-4.107344,345.6233
1970-01-02 01:08:21,6456.691,125.91307,330.4306,0.9843175,-19.615044,345.71625
1970-01-02 01:08:22,6663.6123,117.48161,1269.3279,0.25096732,2.9611957,348.07288
1970-01-02 01:08:23,6586.4834,125.68678,1102.6218,3.025623,3.1732938,346.72464
1970-01-02 01:08:24,6641.9814,121.91152,1244.997,3.3493385,19.500282,346.77023
1970-01-02 01:08:25,6598.421,118.177925,985.22626,5.295098,-16.705616,345.33417
1970-01-02 01:08:26,6646.949,125.60302,881.63837,2.1383917,3.0467703,344.51175
1970-01-02 01:08:27,6542.252,123.024216,630.2921,0.29028946,9.860844,343.70444
1970-01-02 01:08:28,6528.115,124.68184,438.1466,1.5477123,3.2856,343.50626
1970-01-02 01:08:29,6424.619,118.579704,988.21783,2.3546605,2.84291,343.86096
1970-01-02 01:08:30,6736.1606,121.39173,443.82938,5.5484533,2.0151608,343.92325
1970-01-02 01:08:31,6668.0205,122.87819,1075.5763,-0.49127463,-6.9065275,343.8205
1970-01-02 01:08:32,6557.858,118.615814,732.1732,10.14914,-7.886723,344.20447
1970-01-02 01:08:33,6754.3994,128.81314,1031.8562,1.5282921,0.6165495,344.06454
1970-01-02 01:08:34,6651.3594,116.01171,1003.3358,0.2917073,-0.12411825,342.5631
1970-01-02 01:08:35,6652.83,116.86799,740.9887,1.3465954,-1.2942681,341.20935
1970-01-02 01:08:36,6754.3105,123.31673,721.91034,3.152731,14.859951,340.1714
1970-01-02 01:08:37,6803.8926,121.24307,963.3402,3.305437,10.599938,340.46124
1970-01-02 01:08:38,6790.703,123.98362,880.57684,-0.41023758,6.409376,342.98526
1970-01-02 01:08:39,6801.5664,118.332016,,3.0488894,1.2458713,345.9255
1970-01-02 01:08:40,6892.42,122.61837,1017.0383,-2.04331,-16.091272,346.71085
1970-01-02 01:08:41,6864.95,120.43409,947.24615,2.4316006,17.710339,347.34637
1970-01-02 01:08:42,6729.8984,120.55561,872.94025,0.29772964,-7.669406,346.59485
1970-01-02 01:08:43,6835.2217,127.990395,841.2515,-3.6921628,-7.6134596,346.836
1970-01-02 01:08:44,6865.337,120.37123,628.1843,3.1985643,-4.0403166,344.3566
1970-01-02 01:08:45,6929.039,116.392426,693.3518,2.2080078,2.9073167,345.40826
1970-01-02 01:08:46,6800.09,118.02864,766.35077,3.0510015,10.655297,345.26315
1970-01-02 01:08:47,6943.919,126.76346,760.05206,4.4584985,14.208556,345.31848
1970-01-02 01:08:48,6820.355,122.79664,1130.3596,1.4002653,-2.5499387,345.3758
1970-01-02 01:08:49,6848.535,115.459854,656.221,-0.7943518,7.2484097,345.91132
1970-01-02 01:08:50,6902.042,120.41001,720.12787,8.43705,-19.639507,346.48343
1970-01-02 01:08:51,6871.0776,125.63739,862.7077,2.68897,8.222175,345.24374
1970-01-02 01:08:52,,121.35982,270.4041,0.82281166,1.1622784,344.84998
1970-01-02 01:08:53,6955.6763,123.76256,729.97815,2.200263,-8.717007,346.59503
1970-01-02 01:08:54,6829.457,124.61488,516.1658,5.122545,9.120239,346.1962
1970-01-02 01:08:55,6885.542,117.59233,801.8748,6.0290093,8.98984,347.23373
1970-01-02 01:08:56,6942.3794,120.02745,821.7354,1.0064061,-8.303595,347.1778
1970-01-02 01:08:57,7015.7314,122.6056,687.6952,0.91500604,9.111504,346.5286
1970-01-02 01:08:58,6984.7144,124.17435,912.8174,6.1066084,0.34495053,346.29636
1970-01-02 01:08:59,7118.613,123.43897,871.55554,-2.594028,-6.442552,343.63983
1970-01-02 01:09:00,6986.4004,116.90053,1011.3943,1.8315411,9.5711975,343.02536
1970-01-02 01:09:01,7127.0786,121.51695,807.4565,8.411039,1.9632199,341.6975
1970-01-02 01:09:02,7023.3936,126.41063,834.56757,1.1533659,7.68471,340.72232
1970-01-02 01:09:03,7119.3384,121.768524,447.03387,5.937863,-2.0217237,340.65073
1970-01-02 01:09:04,7221.7476,130.36185,845.19885,0.07494739,-2.6303525,339.9572
1970-01-02 01:09:05,7078.152,123.814156,865.7144,1.2412512,14.199389,339.8558
1970-01-02 01:09:06,7204.962,123.64591,415.72812,2.8602917,-6.3383875,338.76224
1970-01-02 01:09:07,7304.6772,117.73014,839.8037,-2.3283494,-32.533512,339.31662
1970-01-02 01:09:08,7029.9214,121.519875,959.3411,6.2255316,6.198121,338.04935
1970-01-02 01:09:09,7118.257,126.294754,1072.8842,-2.9026976,1.7956471,
1970-01-02 01:09:10,7200.105,127.83124,777.9225,0.7735678,3.6001856,340.05737
1970-01-02 01:09:11,7177.0444,115.90171,1080.4612,8.385069,-15.31543,341.10022
1970-01-02 01:09:12,7270.1616,123.84459,631.32574,1.5940642,11.523176,339.89032
1970-01-02 01:09:13,7245.357,123.5898,648.54504,2.7551272,-0.58916926,340.22336
1970-01-02 01:09:14,7155.1724,121.511505,501.9904,3.6828163,-9.998917,341.01224
1970-01-02 01:09:15,7289.093,122.548996,907.49915,-0.38197702,0.8118962,341.23886
1970-01-02 01:09:16,7315.4424,125.562744,690.84467,-0.6525242,-1.3639752,341.6593
1970-01-02 01:09:17,7221.549,119.17305,936.5306,4.0707545,13.969517,341.09695
1970-01-02 01:09:18,7406.312,124.78214,805.6044,1.7213118,2.0568976,341.0267
1970-01-02 01:09:19,7244.8213,122.68799,585.17206,2.4026198,5.338615,341.0331
1970-01-02 01:09:20,7356.3286,119.087685,714.55176,-3.70999,-12.38631,342.744
1970-01-02 01:09:21,7325.928,130.93767,992.00775,0.11769103,-3.609907,342.02814
1970-01-02 01:09:22,7439.546,125.54378,1204.8135,5.7378063,19.722855,343.03424
1970-01-02 01:09:23,7310.785,119.38287,889.7479,7.128871,1.6223083,340.78748
1970-01-02 01:09:24,7342.2183,128.58426,954.50134,,-11.116214,341.617
1970-01-02 01:09:25,7390.37,115.9942,604.812,3.9067676,-7.1207366,340.68207
1970-01-02 01:09:26,7457.2344,132.9638,660.47296,4.25699,7.1433563,339.29984
1970-01-02 01:09:27,7514.488,121.84499,797.2634,3.012318,8.711781,339.5027
1970-01-02 01:09:28,7378.5615,119.51034,962.1531,-2.1076686,-0.22465606,337.37228
1970-01-02 01:09:29,7405.2793,122.5696,674.8538,3.7529974,2.0995128,337.4468
1970-01-02 01:09:30,7436.0205,122.74505,1193.4717,1.1140509,13.619628,338.09064
1970-01-02 01:09:31,7378.093,121.24208,660.6466,1.2430665,5.763676,338.3501
1970-01-02 01:09:32,7407.4004,122.55053,914.1044,4.2989283,-10.250151,337.68094
1970-01-02 01:09:33,7646.0566,123.034584,954.49603,8.657831,-17.59477,336.94516
1970-01-02 01:09:34,7549.2505,126.564415,949.0019,5.920301,-10.713208,337.9908
1970-01-02 01:09:35,7493.8184,124.49315,,1.5455682,-10.17639,337.40265
1970-01-02 01:09:36,7568.262,119.931305,997.0703,6.614419,22.383228,338.82462
1970-01-02 01:09:37,7483.0596,123.88599,771.0883,6.355653,-8.052394,336.35916
1970-01-02 01:09:38,7486.009,126.36265,1054.6224,1.2754446,9.294807,336.70148
1970-01-02 01:09:39,7552.7275,119.43726,719.8325,4.3565645,15.638789,336.95108
1970-01-02 01:09:40,7564.317,120.79227,783.6415,2.2291057,13.493461,335.99414
1970-01-02 01:09:41,7712.428,123.655396,761.04083,-1.5118632,10.58992,335.84497
1970-01-02 01:09:42,7620.1436,125.71759,817.8174,-1.4482814,3.1795409,336.2517
1970-01-02 01:09:43,7355.943,125.44506,887.09717,4.645045,3.8354316,335.7745
1970-01-02 01:09:44,7695.4946,122.04766,648.41376,0.53931767,-14.837738,336.14694
1970-01-02 01:09:45,7684.4766,129.34929,705.9355,1.4595612,-1.8403764,335.1354
1970-01-02 01:09:46,7715.855,117.7729,732.3259,4.2450104,-2.3936896,335.18234
1970-01-02 01:09:47,7735.8213,124.316154,892.24805,1.8226796,17.875164,334.74667
1970-01-02 01:09:48,7676.6323,115.94862,762.20667,-1.2236581,-2.7859812,333.6188
1970-01-02 01:09:49,7687.498,120.32832,1018.33075,-2.7179313,-10.193795,334.72128
1970-01-02 01:09:50,7700.6924,121.35061,701.4653,6.417122,-1.4269059,334.50378
1970-01-02 01:09:51,7619.9775,125.396545,1046.0908,3.687188,4.444468,333.92365
1970-01-02 01:09:52,7642.526,127.354454,867.1774,-2.3175387,14.125176,334.19598
1970-01-02 01:09:53,7737.731,123.25011,820.9142,2.7374978,-11.307482,335.03107
1970-01-02 01:09:54,7764.0684,119.40054,739.2301,2.8333519,11.86001,334.39316
1970-01-02 01:09:55,7760.02,,662.4984,-1.2110339,-0.30601084,334.7158
1970-01-02 01:09:56,7795.452,125.166664,637.11304,3.895162,3.6969755,334.8633
1970-01-02 01:09:57,7561.3965,120.646194,617.71533,-1.0673676,3.8577733,335.0824
1970-01-02 01:09:58,7836.251,126.176956,983.2549,-1.6248028,-17.313112,334.32837
1970-01-02 01:09:59,7811.997,127.89485,803.7755,0.6773414,19.675686,335.5331
1970-01-02 01:10:00,7814.903,121.8652,615.2357,3.5025783,26.788176,335.31354
1970-01-02 01:10:01,7902.6475,,792.9408,5.2901435,1.6759336,334.88904
1970-01-02 01:10:02,7805.997,125.37586,1026.0795,5.065936,2.702989,335.2501
1970-01-02 01:10:03,,122.10378,604.4076,0.65206933,13.405715,334.93668
1970-01-02 01:10:04,8004.363,133.72684,451.79153,3.223905,-0.24065118,334.51657
1970-01-02 01:10:05,7726.8013,124.30597,559.25543,6.2340665,6.934432,334.93018
1970-01-02 01:10:06,7880.1143,121.672905,529.6745,0.4869085,-20.180744,335.7868
1970-01-02 01:10:07,7954.864,123.144135,570.6764,-0.407535,-0.3256077,337.0078
1970-01-02 01:10:08,7930.8022,117.22182,783.72314,-1.910153,-9.178306,336.75223
1970-01-02 01:10:09,7934.104,125.51568,785.42554,4.8722954,-8.065779,335.36984
1970-01-02 01:10:10,8077.5825,119.16342,494.17337,-0.6187924,-7.168923,337.04575
1970-01-02 01:10:11,7995.157,124.084045,679.6302,4.380037,-7.8090224,338.13037
1970-01-02 01:10:12,7972.855,114.93994,749.08453,5.5769954,25.26772,336.88037
1970-01-02 01:10:13,7978.867,126.26307,830.1313,3.9828148,7.789517,337.1249
1970-01-02 01:10:14,8002.9844,117.12446,804.4112,-0.8995925,-4.760576,337.09866
1970-01-02 01:10:15,8067.1367,128.252,963.02844,0.17823918,-15.059792,337.24393
1970-01-02 01:10:16,7989.1865,,436.0722,0.45459476,17.90737,337.63315
1970-01-02 01:10:17,8161.054,122.89481,989.8768,-4.1372247,-7.714813,338.26163
1970-01-02 01:10:18,8153.057,120.18942,759.3895,-2.8756223,-5.706367,338.41855
1970-01-02 01:10:19,8012.0454,118.58922,662.26764,-0.29306364,-4.7235336,337.3207
1970-01-02 01:10:20,8110.9346,123.140045,1020.97797,0.12642284,6.5268054,336.6086
1970-01-02 01:10:21,8077.2007,121.37089,801.6209,1.8837339,14.08113,337.14365
1970-01-02 01:10:22,8189.978,126.052124,984.3382,6.288619,-14.325011,336.73526
1970-01-02 01:10:23,8087.2886,126.16332,626.43976,1.4004979,-1.2814245,337.58426
1970-01-02 01:10:24,8132.2344,122.93212,583.95636,-0.36319906,-1.2207656,338.17648
1970-01-02 01:10:25,8017.8027,120.74582,390.63043,0.367877,2.2622707,336.91864
1970-01-02 01:10:26,8055.0327,120.90218,389.76544,6.708285,-2.976025,334.58636
1970-01-02 01:10:27,8139.691,116.282585,1261.8063,-1.104712,-12.721759,335.2418
1970-01-02 01:10:28,8203.385,119.358574,695.29297,-1.425069,3.0580492,335.36606
1970-01-02 01:10:29,8241.226,114.098625,852.9717,0.9001082,3.6963205,334.95328
1970-01-02 01:10:30,8152.1475,124.084564,796.5984,2.7358787,-6.9044504,334.87717
1970-01-02 01:10:31,8328.025,124.04545,624.1238,2.4760232,11.430581,334.62384
1970-01-02 01:10:32,8278.367,129.50723,850.5154,0.71840304,15.258291,336.05185
1970-01-02 01:10:33,8343.51,125.231544,887.3525,0.3430837,-10.152778,336.1945
1970-01-02 01:10:34,8300.814,126.22696,1005.3098,6.1478314,1.5919331,337.48608
1970-01-02 01:10:35,8230.809,,737.3643,3.0532808,3.1931574,335.87277
1970-01-02 01:10:36,8281.627,124.03943,773.7291,2.595539,-1.0286552,333.6451
1970-01-02 01:10:37,8497.432,126.0316,954.01904,0.26479036,-20.788288,334.42722
1970-01-02 01:10:38,8310.1455,126.462265,845.1831,1.5597692,-4.3364186,334.27615
1970-01-02 01:10:39,8353.253,125.2395,467.90518,-1.6811842,11.765196,333.01523
1970-01-02 01:10:40,8442.429,124.84857,901.71985,-1.0416164,-8.103897,332.03912
1970-01-02 01:10:41,8297.745,121.53105,1003.20215,3.1552992,-6.1010127,331.5472
1970-01-02 01:10:42,8304.104,127.5947,1313.354,0.84170574,-17.608463,330.3306
1970-01-02 01:10:43,8334.967,125.868385,943.0792,-4.2187243,7.946215,328.07083
1970-01-02 01:10:44,8416.324,122.87438,872.0124,2.3921576,1.2198609,328.69443
1970-01-02 01:10:45,8494.458,118.97927,952.3467,1.2684314,-5.352011,329.64517
1970-01-02 01:10:46,8407.159,124.51925,721.3447,4.946867,-7.6555142,329.58508
1970-01-02 01:10:47,8517.44,123.40216,1184.4646,-1.5249599,1.175897,328.0131
1970-01-02 01:10:48,8372.543,123.12023,1064.2234,0.39934382,4.1836967,327.74
1970-01-02 01:10:49,8588.217,128.48079,895.39136,3.806408,0.6399155,328.42798
1970-01-02 01:10:50,8526.294,125.76239,851.9317,3.0844088,-2.612926,326.9921
1970-01-02 01:10:51,8499.538,123.745346,795.96497,2.5799084,-0.7457101,325.58377
1970-01-02 01:10:52,8514.061,122.176445,628.2381,9.96218,3.0375843,325.5014
1970-01-02 01:10:53,8590.016,120.82221,661.4779,3.2029605,12.017567,326.225
1970-01-02 01:10:54,8585.831,126.61674,717.2665,1.458286,15.685339,325.7787
1970-01-02 01:10:55,8517.47,124.73063,1246.6075,-1.7919394,-13.2062,324.08096
1970-01-02 01:10:56,8591.638,122.193,779.4095,-0.8988435,10.697585,324.96384
1970-01-02 01:10:57,8519.501,122.40259,728.4764,0.5247017,5.9033976,324.18732
1970-01-02 01:10:58,8589.062,126.383224,632.9157,3.8135753,-10.25726,325.54974
1970-01-02 01:10:59,8505.259,117.959145,1061.3488,4.8958406,-4.9047875,324.40485
1970-01-02 01:11:00,8556.245,121.22832,699.5036,4.9377594,1.209517,325.411
1970-01-02 01:11:01,8639.395,123.01683,778.544,0.14025177,-10.258661,325.6477
1970-01-02 01:11:02,8563.773,127.626465,784.6151,3.806662,-9.805254,325.49905
1970-01-02 01:11:03,8753.504,120.813065,988.4757,3.8515742,15.261263,326.27307
1970-01-02 01:11:04,8637.968,125.401405,923.10913,-2.8053043,14.373432,325.16013
1970-01-02 01:11:05,8732.215,121.25102,669.8517,7.0047946,-19.183249,321.59268
1970-01-02 01:11:06,8709.346,128.30081,923.924,-0.5687827,0.93551654,321.5624
1970-01-02 01:11:07,8592.641,132.3493,902.3351,-0.041370988,4.3453455,319.6807
1970-01-02 01:11:08,8619.758,119.6067,915.0722,4.9035563,-13.246188,320.09128
1970-01-02 01:11:09,8697.469,121.70389,906.4175,2.4052527,-19.338875,319.85245
1970-01-02 01:11:10,8630.427,120.893005,584.5781,1.0007198,-3.4932947,318.655
1970-01-02 01:11:11,8657.152,127.419304,546.8871,1.2998418,20.377321,320.22925
1970-01-02 01:11:12,8721.716,130.95125,720.4396,6.311708,-7.306685,321.49796
1970-01-02 01:11:13,8871.864,122.89028,814.21387,-2.0365655,2.1730711,321.91083
1970-01-02 01:11:14,8766.787,120.95491,753.8788,-0.24443053,-2.052474,320.75867
1970-01-02 01:11:15,8717.614,131.35628,1047.2327,2.009215,-1.2634058,319.58
1970-01-02 01:11:16,8902.217,120.82819,859.52295,0.19923559,-1.7551029,320.87296
1970-01-02 01:11:17,8727.183,120.84344,870.0448,3.0397558,-8.905587,320.81363
1970-01-02 01:11:18,8741.793,123.65615,1117.5155,4.239427,5.1754136,321.35123
1970-01-02 01:11:19,8911.688,121.44824,645.5924,,-15.821747,321.48788
1970-01-02 01:11:20,8896.208,128.05453,,1.1715318,4.7311625,320.1199
1970-01-02 01:11:21,9020.469,123.509766,679.4065,-1.2245661,5.3494277,320.02426
1970-01-02 01:11:22,9051.014,135.24414,672.2253,4.7825737,11.881201,319.28592
1970-01-02 01:11:23,9021.771,129.68715,893.8906,-5.8258386,10.246558,318.58313
1970-01-02 01:11:24,8911.299,126.01313,791.884,-1.835812,-4.625754,318.87997
1970-01-02 01:11:25,9047.79,132.25035,637.80115,3.140144,13.053644,319.2665
1970-01-02 01:11:26,8952.066,122.59161,1116.206,3.243695,8.37343,318.2647
1970-01-02 01:11:27,8971.95,123.98207,613.0048,2.986532,16.414103,317.53452
1970-01-02 01:11:28,8948.205,121.23461,691.29065,3.5962052,-10.401104,317.74954
1970-01-02 01:11:29,9021.71,125.2909,797.86395,-1.8528163,-7.7650104,317.29376
1970-01-02 01:11:30,9075.459,125.21637,706.718,0.4682975,1.7655488,316.1616
1970-01-02 01:11:31,9035.976,125.33389,1044.1372,-2.223969,-5.612273,316.15085
1970-01-02 01:11:32,9014.901,121.787254,530.9882,2.032575,-13.429252,316.4933
1970-01-02 01:11:33,9103.101,118.489845,873.00055,2.1277614,10.252295,317.1455
1970-01-02 01:11:34,9172.529,124.044136,807.1033,7.328067,19.375734,316.0545
1970-01-02 01:11:35,9063.339,125.325005,526.75104,3.3264132,-4.034987,315.33673
1970-01-02 01:11:36,9108.091,120.691826,668.32184,1.7482126,-18.809973,314.59454
1970-01-02 01:11:37,9158.271,129.36444,767.70996,0.61251587,-10.597367,314.5623
1970-01-02 01:11:38,9040.608,122.77517,878.64087,-0.18366647,3.242045,314.39645
1970-01-02 01:11:39,9240.691,127.400085,822.8995,3.2369401,3.475252,312.61887
1970-01-02 01:11:40,9045.391,126.14354,598.207,2.1026278,-2.567896,313.69382
1970-01-02 01:11:41,9088.485,123.78544,985.1342,4.566045,-16.114859,314.29147
1970-01-02 01:11:42,9268.991,122.75588,727.93646,5.912373,-5.280638,315.48465
1970-01-02 01:11:43,9199.563,125.35985,734.7809,5.7422085,-6.556506,315.13257
1970-01-02 01:11:44,9049.222,124.65822,1007.5684,-1.5415488,5.478717,313.11172
1970-01-02 01:11:45,9179.546,118.996506,1029.4304,-2.3089006,1.7466408,311.89105
1970-01-02 01:11:46,9359.436,123.60692,652.91113,4.113819,-10.488103,311.63736
1970-01-02 01:11:47,9152.841,122.94742,593.0298,2.5528874,-6.348125,311.78555
1970-01-02 01:11:48,9359.281,117.95518,1183.3258,-0.056608636,12.3816395,313.66333
1970-01-02 01:11:49,9232.845,119.79876,757.13086,1.349309,3.874869,313.15778
1970-01-02 01:11:50,9348.46,131.38428,1085.91,3.5180466,3.8037534,312.02625
1970-01-02 01:11:51,9238.439,127.96727,707.2118,0.5278053,-6.339487,310.98077
1970-01-02 01:11:52,9331.186,124.86154,1114.5483,-0.74532455,12.502751,310.22852
1970-01-02 01:11:53,9336.367,124.99587,712.93585,2.1832445,13.538628,312.45724
1970-01-02 01:11:54,9330.915,128.78197,989.3524,2.1322217,15.935782,311.8696
1970-01-02 01:11:55,9145.947,128.72066,1014.19086,-1.5997151,-0.2635801,311.1322
1970-01-02 01:11:56,9316.356,117.46559,658.82306,4.3024282,18.1908,311.86612
1970-01-02 01:11:57,9380.349,120.84313,718.3989,0.7611748,-4.469099,309.52567
1970-01-02 01:11:58,9261.669,126.02174,782.53455,1.0802275,-9.091285,309.9387
1970-01-02 01:11:59,9270.515,119.13553,1082.3955,0.32916424,-3.285513,311.55713
1970-01-02 01:12:00,9325.233,125.86009,905.1236,-0.93796474,-3.8920002,312.23288
1970-01-02 01:12:01,9396.301,115.474304,759.37317,2.1941285,1.9157912,311.25583
1970-01-02 01:12:02,9408.244,122.86987,867.1428,1.3208845,-7.3578153,311.7748
1970-01-02 01:12:03,9434.776,125.03019,634.24634,4.2923117,2.7149646,312.41653
1970-01-02 01:12:04,9429.892,125.626236,418.20523,-1.3294375,-1.7253714,313.2554
1970-01-02 01:12:05,9551.148,135.48933,704.71515,3.6242232,-16.682394,312.7885
1970-01-02 01:12:06,9591.409,131.5183,657.9275,7.085841,9.292176,310.87302
1970-01-02 01:12:07,9533.764,122.80701,668.0026,8.6192,0.15450388,311.58228
1970-01-02 01:12:08,9446.688,120.81031,1048.6211,0.8043329,-12.8700075,310.45587
1970-01-02 01:12:09,9516.112,119.621475,887.7324,1.1939243,8.594362,311.47827
1970-01-02 01:12:10,9403.833,124.67839,592.0839,5.3885584,-6.3533497,311.70844
1970-01-02 01:12:11,9383.168,127.63225,811.2037,1.502505,-6.95238,310.36057
1970-01-02 01:12:12,9487.723,128.70612,848.2671,2.0691912,5.8973613,311.47058
1970-01-02 01:12:13,9576.26,125.93737,636.70856,-0.22881833,0.8276308,309.6683
1970-01-02 01:12:14,9557.422,122.26417,1090.0726,-0.92833066,-2.3417819,311.0737
1970-01-02 01:12:15,9530.785,129.9589,466.28564,6.236548,2.8236034,310.0371
1970-01-02 01:12:16,9584.819,121.62363,610.65936,4.0809813,-3.0756218,308.1751
1970-01-02 01:12:17,,123.61202,618.99854,-3.377882,1.0124173,309.97708
1970-01-02 01:12:18,9595.643,127.43566,443.9602,4.6829777,0.075697415,311.90527
1970-01-02 01:12:19,9499.665,129.01572,413.64294,6.5879335,-12.630578,313.24173
1970-01-02 01:12:20,9599.668,125.62113,1005.78516,3.665312,-0.59927875,
1970-01-02 01:12:21,9713.86,114.91224,855.1391,2.715734,2.4094512,313.41998
1970-01-02 01:12:22,9663.342,121.33726,976.80743,1.9390705,-21.715916,311.9259
1970-01-02 01:12:23,9646.815,126.88068,681.76044,3.538179,-14.870677,311.41812
1970-01-02 01:12:24,9562.523,117.073166,764.61865,1.165928,8.544225,312.4686
1970-01-02 01:12:25,9705.17,123.482864,1122.468,5.4989505,19.542654,312.7849
1970-01-02 01:12:26,9793.683,123.32586,826.4704,6.6973257,12.539836,312.8827
1970-01-02 01:12:27,9752.212,123.69088,1015.89606,-1.9026737,-10.475558,312.65662
1970-01-02 01:12:28,9771.607,129.17407,748.0046,-1.0652736,-6.011114,314.28708
1970-01-02 01:12:29,9840.978,129.47609,514.4356,7.721296,-4.5908966,314.8227
1970-01-02 01:12:30,9978.634,121.69035,411.5692,-0.5110653,1.1274031,312.8133
1970-01-02 01:12:31,9697.9375,121.071266,1078.9888,2.1413708,-1.4679033,312.8664
1970-01-02 01:12:32,9745.937,118.94268,901.8168,4.8076982,5.460308,312.34793
1970-01-02 01:12:33,9878.989,128.88805,709.82654,4.9908714,-11.164122,312.3848
1970-01-02 01:12:34,9920.285,125.16389,834.11066,-3.968888,-6.9248166,312.06866
1970-01-02 01:12:35,9918.791,129.06375,942.1519,3.3978937,29.794855,312.20825
1970-01-02 01:12:36,9727.64,120.61214,1166.7618,4.338196,12.950857,313.07114
1970-01-02 01:12:37,9875.004,131.97523,603.3313,-1.5370046,3.4755933,315.0195
1970-01-02 01:12:38,9984.604,129.85783,909.3035,1.366144,7.58103,314.61295
1970-01-02 01:12:39,10012.343,130.81096,629.66724,2.6056006,21.73,314.5369
1970-01-02 01:12:40,9781.908,123.62782,723.34155,-1.7140523,-0.8615778,314.9198
1970-01-02 01:12:41,9748.935,126.56825,782.3555,1.9792238,-1.2031797,314.6237
1970-01-02 01:12:42,9897.303,125.69701,627.2041,0.98222697,-13.385889,314.20132
1970-01-02 01:12:43,10130.801,130.83377,435.6235,-0.2924939,8.415063,313.72018
1970-01-02 01:12:44,9876.38,127.5256,778.38464,3.0978465,7.1646276,312.4324
1970-01-02 01:12:45,,118.258644,883.93756,-4.565745,-1.1441101,311.67975
1970-01-02 01:12:46,9984.469,122.64716,496.8798,7.8783097,2.0552416,312.41742
1970-01-02 01:12:47,9930.42,124.7562,946.70795,4.7554336,25.35153,310.78885
1970-01-02 01:12:48,10093.135,129.3921,784.62396,3.0603576,-5.264764,311.09573
1970-01-02 01:12:49,10065.477,124.45171,749.9855,-3.1714675,9.4885025,311.5659
1970-01-02 01:12:50,10076.689,125.03772,791.1254,4.9755135,5.747402,312.1905
1970-01-02 01:12:51,10173.443,129.3765,548.0338,0.4774462,-17.66363,311.67328
1970-01-02 01:12:52,9942.998,122.5947,957.03723,0.17046715,13.221822,310.3688
1970-01-02 01:12:53,10014.879,124.22099,838.887,4.07532,3.0751677,311.41235
1970-01-02 01:12:54,9966.787,123.37769,591.0778,1.6814357,11.164849,313.4799
1970-01-02 01:12:55,10083.173,120.63975,947.09955,3.6227095,-6.9906387,314.64224
1970-01-02 01:12:56,10108.743,121.83351,995.7539,2.6668618,1.2690085,315.44925
1970-01-02 01:12:57,10213.704,129.65607,1116.2921,,-0.3803657,315.2344
1970-01-02 01:12:58,10180.029,124.89651,573.0515,-3.4301927,18.156801,315.45587
1970-01-02 01:12:59,10066.19,126.979355,646.21423,3.9677355,-12.151356,318.817
1970-01-02 01:13:00,10242.539,130.36072,927.64716,3.575818,10.030583,318.19815
1970-01-02 01:13:01,10225.689,128.36743,424.20624,-4.848063,-11.733235,317.66357
1970-01-02 01:13:02,10181.907,128.51726,753.3913,0.3596499,-15.685359,317.46115
1970-01-02 01:13:03,10263.839,133.5651,994.39844,-1.5933598,-3.105751,317.96964
1970-01-02 01:13:04,10375.409,127.221405,748.62024,-4.441607,-20.094229,317.94623
1970-01-02 01:13:05,10226.752,133.08873,361.47137,4.8084264,19.40769,317.51407
1970-01-02 01:13:06,10362.8545,130.12282,773.9211,3.106407,-0.06584128,317.95145
1970-01-02 01:13:07,10326.449,123.05181,907.96466,-0.24951015,-6.1392784,318.47
1970-01-02 01:13:08,10354.062,125.723885,1073.4833,-5.718542,6.712267,317.52118
1970-01-02 01:13:09,10315.15,127.494194,647.1774,5.0590396,2.0555387,318.622
1970-01-02 01:13:10,10352.867,125.96682,608.52094,-1.5625584,6.565229,317.01437
1970-01-02 01:13:11,10315.679,125.24345,867.2489,0.48723978,8.433378,316.15488
1970-01-02 01:13:12,10378.002,133.79602,656.9635,-0.6756606,-10.419951,314.47095
1970-01-02 01:13:13,10369.92,120.36028,830.25653,1.7869707,-12.215743,315.62686
1970-01-02 01:13:14,10332.53,128.76108,722.3795,-1.5259645,6.9203796,315.9131
1970-01-02 01:13:15,10365.223,114.6546,703.01526,2.9689152,10.812425,315.62823
1970-01-02 01:13:16,10336.674,127.98696,607.0329,-1.6465298,-7.370575,316.53067
1970-01-02 01:13:17,10400.601,128.52576,630.4021,1.759958,-13.681166,316.7455
1970-01-02 01:13:18,10334.007,124.88354,983.40027,5.584739,11.324141,315.4253
1970-01-02 01:13:19,10453.395,125.72424,720.65784,-0.5988102,-6.919216,316.4738
1970-01-02 01:13:20,10370.724,127.44797,726.18475,6.0855618,-3.8687332,314.76352
1970-01-02 01:13:21,10409.082,125.66171,923.2254,6.334169,-9.550657,316.3997
1970-01-02 01:13:22,10272.911,125.546715,1326.368,1.8699023,-1.2652763,315.9249
1970-01-02 01:13:23,10464.601,132.22955,1146.4662,-1.0183907,13.870406,316.71143
1970-01-02 01:13:24,10550.957,126.84358,1061.8568,0.049969777,-19.780787,317.75162
1970-01-02 01:13:25,10532.594,131.65671,1026.2289,2.4502218,10.445052,317.10623
1970-01-02 01:13:26,10528.8,128.5236,849.9998,5.358042,9.557685,316.31177
1970-01-02 01:13:27,10542.466,131.3236,623.0587,2.7873447,-2.148656,315.83197
1970-01-02 01:13:28,10448.672,128.74411,683.9642,5.841215,-0.21353172,315.86746
1970-01-02 01:13:29,10527.419,123.04482,870.37946,3.7188609,-7.90609,315.34482
1970-01-02 01:13:30,10534.114,123.67821,777.183,1.1173234,8.918156,315.01553
1970-01-02 01:13:31,10648.979,130.85965,458.08792,4.8883724,-11.215233,315.42062
1970-01-02 01:13:32,10648.629,121.44055,684.9175,3.501651,4.0568986,315.4291
1970-01-02 01:13:33,10718.971,127.0234,777.60754,0.44499964,7.0478587,316.04987
1970-01-02 01:13:34,10563.936,127.59789,813.6543,-0.03314658,-2.9454393,315.01193
1970-01-02 01:13:35,10643.258,124.05806,1105.1489,4.802833,27.48453,316.899
1970-01-02 01:13:36,10568.645,127.99768,245.70795,2.050827,7.9964747,316.95337
1970-01-02 01:13:37,10739.269,129.04665,769.3325,3.0040917,-1.5161314,316.92462
1970-01-02 01:13:38,10898.407,125.339935,904.44727,6.3975177,13.57429,316.09796
1970-01-02 01:13:39,10576.863,130.56113,712.94165,0.7225988,6.9952664,313.32336
1970-01-02 01:13:40,10636.515,125.12239,,3.3559813,22.714254,310.7017
1970-01-02 01:13:41,10659.953,123.598885,884.56885,5.572016,6.942785,309.8683
1970-01-02 01:13:42,10575.492,124.85221,644.1627,-2.8772426,-15.289796,309.99075
1970-01-02 01:13:43,10754.839,131.67616,586.5277,0.74217576,-4.9980135,307.83035
1970-01-02 01:13:44,10570.094,124.20201,702.85205,-0.277307,-11.507176,308.31552
1970-01-02 01:13:45,10734.583,132.32654,1107.3077,1.1006149,-8.906606,308.47964
1970-01-02 01:13:46,10769.8545,121.12138,912.3981,-0.8859789,-4.5841107,308.67667
1970-01-02 01:13:47,,126.05166,620.1768,7.5546646,-12.606979,307.81766
1970-01-02 01:13:48,10876.141,122.36305,1230.6525,3.0030606,1.4128088,308.97995
1970-01-02 01:13:49,10736.5625,122.17749,834.3425,4.275569,14.043884,308.6315
1970-01-02 01:13:50,10791.338,127.04073,1318.9214,-2.181053,4.1881266,307.9871
1970-01-02 01:13:51,10860.088,126.50772,486.52292,6.9079924,-0.7249493,307.84973
1970-01-02 01:13:52,10883.284,126.58869,598.7194,1.3797884,12.043194,306.01465
1970-01-02 01:13:53,10942.667,128.98323,578.5659,3.6293535,-6.4991384,304.93677
1970-01-02 01:13:54,10862.549,131.6552,913.0655,1.7981726,10.92029,305.58026
1970-01-02 01:13:55,10917.325,124.86648,1101.8511,2.134214,-2.45805,305.83356
1970-01-02 01:13:56,10884.688,126.36108,898.0115,2.4020767,-1.706854,306.99942
1970-01-02 01:13:57,11011.676,131.64162,816.5694,1.4424455,-3.460994,306.2487
1970-01-02 01:13:58,10908.701,124.640656,835.61554,-7.426052,-1.445785,306.32944
1970-01-02 01:13:59,10998.847,124.81856,338.40945,0.2284883,14.77857,306.78967
1970-01-02 01:14:00,10965.3545,128.13075,735.0542,5.7424335,6.3413005,307.64743
1970-01-02 01:14:01,10826.806,129.27487,475.24158,-0.5472121,-8.585057,308.6889
1970-01-02 01:14:02,10942.562,126.861984,912.586,7.370583,4.5885506,308.9231
1970-01-02 01:14:03,10860.957,124.607864,928.504,0.9248183,4.666352,309.04407
1970-01-02 01:14:04,11167.282,123.48095,535.616,5.7091317,-0.76798475,310.672
1970-01-02 01:14:05,10926.262,131.80157,627.64484,0.5037467,1.3687044,311.35052
1970-01-02 01:14:06,11118.486,122.34646,625.9153,-4.062347,10.532615,310.9496
1970-01-02 01:14:07,11109.299,130.87227,1027.4082,7.5857844,5.290518,311.60376
1970-01-02 01:14:08,10879.628,126.459564,1239.1497,0.40776086,12.907081,308.97232
1970-01-02 01:14:09,10998.564,126.62129,743.10333,8.224899,-10.463501,309.75012
1970-01-02 01:14:10,10955.177,128.46056,694.05164,3.7125258,4.561636,309.59344
1970-01-02 01:14:11,11143.633,121.43185,785.26624,3.8106508,-6.967932,309.22412
1970-01-02 01:14:12,10976.4,127.35722,823.0963,4.692816,-11.209593,308.90753
1970-01-02 01:14:13,11146.263,128.82072,1037.2705,4.9469223,2.1501086,309.0758
1970-01-02 01:14:14,11112.175,125.313034,747.6702,5.8115683,-3.7081945,308.35175
1970-01-02 01:14:15,11107.72,122.58617,1118.4811,-1.1720232,-7.586913,307.8216
1970-01-02 01:14:16,11212.923,132.60793,611.7375,2.0727036,2.6474109,308.4709
1970-01-02 01:14:17,11104.442,128.56242,981.22906,2.4217217,6.960995,306.57297
1970-01-02 01:14:18,11358.288,125.980965,1026.7278,1.5678259,-18.231434,306.42502
1970-01-02 01:14:19,11125.098,128.06902,650.87335,5.159263,-1.387084,305.0902
1970-01-02 01:14:20,11302.81,125.06758,912.45056,1.8195221,-5.637138,306.80695
1970-01-02 01:14:21,11322.616,125.89989,778.3672,-0.40217218,2.5322828,307.4381
1970-01-02 01:14:22,11170.119,121.61177,678.3669,-3.188345,9.763968,308.35913
1970-01-02 01:14:23,11240.659,131.94353,693.12836,4.3059535,1.7134882,309.38986
1970-01-02 01:14:24,11229.9375,130.90678,320.3618,1.6671934,-18.020313,310.4969
1970-01-02 01:14:25,11415.276,125.12456,423.71008,1.454984,-5.8679924,311.97974
1970-01-02 01:14:26,11144.873,130.81807,689.4809,3.6734169,7.380868,311.38443
1970-01-02 01:14:27,11343.384,134.21573,462.93085,1.8320768,11.003666,310.27875
1970-01-02 01:14:28,11320.448,127.32959,1031.6262,5.012311,13.067273,310.2944
1970-01-02 01:14:29,11352.062,124.9548,1025.2644,-1.2314508,-8.305686,311.11212
1970-01-02 01:14:30,11380.313,128.83281,503.91104,2.1995392,4.6218896,309.82468
1970-01-02 01:14:31,11351.382,129.92271,711.465,1.8615553,9.30145,309.32376
1970-01-02 01:14:32,11327.415,129.31287,791.40674,4.8314915,11.4702215,309.19073
1970-01-02 01:14:33,11330.346,130.62497,646.9861,2.4154434,8.502039,310.2741
1970-01-02 01:14:34,11391.566,125.24509,358.0854,2.0772142,7.4547305,310.21143
1970-01-02 01:14:35,11364.313,130.06374,950.8893,-2.0962875,4.104727,312.6354
1970-01-02 01:14:36,11335.784,126.224625,795.8521,2.8445282,0.17520437,313.40433
1970-01-02 01:14:37,11427.26,124.39473,1124.7223,2.620912,-11.168389,313.59692
1970-01-02 01:14:38,11473.35,124.683525,616.75104,1.1344615,-8.01439,313.59134
1970-01-02 01:14:39,11414.698,124.000145,948.1039,1.4356216,2.8018014,312.90686
1970-01-02 01:14:40,11571.129,129.94191,740.84705,4.333379,7.644543,313.15884
1970-01-02 01:14:41,11446.342,133.22783,804.6294,6.1204114,6.935664,315.4707
1970-01-02 01:14:42,11481.849,128.88185,618.5486,4.602508,-2.359156,315.29813
1970-01-02 01:14:43,11581.348,128.95538,812.0983,2.3787048,12.677077,314.13828
1970-01-02 01:14:44,11469.14,130.88332,941.6317,3.5869389,-13.061269,314.1347
1970-01-02 01:14:45,11544.732,123.77343,827.3025,-0.28861946,-15.907435,314.0141
1970-01-02 01:14:46,11599.247,128.4914,384.28293,0.748228,2.14859,313.61063
1970-01-02 01:14:47,11676.386,129.59741,859.02203,2.3128095,3.6829793,312.95935
1970-01-02 01:14:48,11564.037,129.06523,737.4099,-0.66549605,-27.277758,312.58975
1970-01-02 01:14:49,11641.6,132.99538,1120.4226,-1.0892922,-3.3109083,313.2868
1970-01-02 01:14:50,11695.795,130.07562,658.3414,-1.1825624,-9.986699,313.9328
1970-01-02 01:14:51,11674.735,121.85748,720.76227,4.7385,-2.2370899,313.18054
1970-01-02 01:14:52,11492.834,127.694824,696.77203,4.4208255,1.3660007,314.30905
1970-01-02 01:14:53,11719.147,122.13452,526.5986,0.7655299,-14.337003,315.5736
1970-01-02 01:14:54,11694.889,131.81041,601.5327,1.0520267,-1.415272,313.96735
1970-01-02 01:14:55,11676.482,131.23465,753.6623,-2.2946987,,315.6651
1970-01-02 01:14:56,11740.417,132.242,778.6887,-1.7058634,9.516153,314.78503
1970-01-02 01:14:57,11695.404,129.97296,1191.1389,4.699839,11.956265,315.22272
1970-01-02 01:14:58,11839.689,130.30362,1054.5342,1.4346904,-6.3482614,315.1845
1970-01-02 01:14:59,11766.269,128.21284,922.317,2.0492191,-4.2005734,314.73193
1970-01-02 01:15:00,11828.648,132.04062,827.1768,0.97570384,-18.623636,315.26672
1970-01-02 01:15:01,11688.181,126.748566,874.78314,1.5604403,-7.905906,315.9101
1970-01-02 01:15:02,11911.878,123.75876,811.5651,5.3911157,2.4327953,316.19763
1970-01-02 01:15:03,11749.895,130.35233,599.55115,-1.8688564,1.7562608,316.2998
1970-01-02 01:15:04,11756.337,117.766174,952.01495,3.56039,9.28511,315.45316
1970-01-02 01:15:05,11980.228,131.03172,667.0852,2.6288545,-13.262866,315.47443
1970-01-02 01:15:06,11860.619,127.87527,781.50214,2.6065395,-2.1346064,316.10336
1970-01-02 01:15:07,11825.036,130.93839,656.1028,-1.3070877,-17.069284,316.57184
1970-01-02 01:15:08,11885.443,122.42449,934.5968,-2.4331763,6.438997,317.15918
1970-01-02 01:15:09,11892.136,131.53485,711.4778,6.831222,-5.8902802,316.72552
1970-01-02 01:15:10,11856.245,132.31535,-19.748306,-1.057884,-1.0223633,317.2876
1970-01-02 01:15:11,11897.209,126.128685,665.7578,-3.642899,-2.4643714,317.3042
1970-01-02 01:15:12,11764.263,135.99146,778.40375,3.783367,1.9808698,318.47946
1970-01-02 01:15:13,11707.717,129.54044,592.14484,7.5356793,3.9753842,317.25134
1970-01-02 01:15:14,11952.84,130.5052,975.1753,-3.0872502,-9.373805,317.89645
1970-01-02 01:15:15,11882.468,132.7174,936.86456,5.936705,9.631511,318.8022
1970-01-02 01:15:16,12021.432,131.0598,779.41473,3.6331742,-2.1276448,318.4774
1970-01-02 01:15:17,12036.415,126.772995,495.45792,5.25097,0.70541215,316.48303
1970-01-02 01:15:18,11893.491,125.86321,1057.6807,4.5152035,3.7567704,317.1437
1970-01-02 01:15:19,11900.923,122.29904,872.4449,7.086135,-17.642178,317.29807
1970-01-02 01:15:20,11985.056,130.69629,-10.218264,-1.6358793,9.550152,317.70578
1970-01-02 01:15:21,12130.435,129.64293,-107.72493,0.9278636,-7.013495,316.8031
1970-01-02 01:15:22,12060.319,123.64888,54.407467,5.0648694,-5.9855027,316.8423
1970-01-02 01:15:23,11949.428,127.92299,73.387794,7.6818714,-9.105155,315.83078
1970-01-02 01:15:24,12025.616,124.52629,-124.82761,0.6724308,5.012523,316.44354
1970-01-02 01:15:25,11915.763,129.19907,-145.14891,-0.16854358,-1.528715,314.98337
1970-01-02 01:15:26,11961.2295,130.07657,-184.71487,2.7699146,-10.94944,313.83118
1970-01-02 01:15:27,12010.863,125.44603,158.66737,3.4371102,5.4704275,313.785
1970-01-02 01:15:28,12052.08,125.89255,-240.32784,3.3377178,-3.7861493,315.12485
1970-01-02 01:15:29,11881.351,127.32009,63.640285,-0.20633946,-9.975502,314.1946
1970-01-02 01:15:30,12004.756,129.26291,258.2769,1.490413,-9.834613,312.9425
1970-01-02 01:15:31,11994.607,127.491684,261.4787,4.6148357,-6.0689573,312.1759
1970-01-02 01:15:32,11891.843,133.45802,-129.12076,4.32344,5.043436,312.82968
1970-01-02 01:15:33,11915.132,126.73579,-325.40387,7.706699,15.212249,312.51837
1970-01-02 01:15:34,11939.788,121.21122,221.24991,0.79786706,,311.95032
1970-01-02 01:15:35,12049.928,127.568756,44.910152,1.2340686,9.543895,309.18222
1970-01-02 01:15:36,11951.282,129.98654,-222.38492,4.5034175,0.582456,309.48517
1970-01-02 01:15:37,11919.82,135.44295,489.0267,2.967139,1.3661445,309.48065
1970-01-02 01:15:38,11967.094,137.95724,-125.1621,2.7831373,11.76283,310.53287
1970-01-02 01:15:39,11984.077,129.83725,18.452557,5.400125,-0.3179153,310.5242
1970-01-02 01:15:40,11900.643,132.41959,-198.63419,0.4173726,8.63154,310.44107
1970-01-02 01:15:41,12036.942,128.37645,-46.019173,4.1481886,-0.040856916,310.3596
1970-01-02 01:15:42,11962.658,126.772,41.749744,10.34998,7.933132,309.0225
1970-01-02 01:15:43,11895.666,130.04787,-34.296844,1.5246571,0.23175889,309.9398
1970-01-02 01:15:44,12099.803,127.6901,-315.97702,3.6185398,21.753819,308.04565
1970-01-02 01:15:45,12003.354,125.79475,216.0124,2.1362462,-13.041489,307.799
1970-01-02 01:15:46,12192.712,117.1598,-184.72511,-0.5322145,-10.491103,307.98166
1970-01-02 01:15:47,11968.491,125.82049,-31.439426,2.5758264,5.618243,308.55283
1970-01-02 01:15:48,11918.967,129.25189,65.94488,-2.0544105,3.4867678,309.10617
1970-01-02 01:15:49,11953.795,131.37473,97.12036,-1.4170672,6.5697613,308.99136
1970-01-02 01:15:50,11906.653,125.865234,194.47911,3.7924614,-3.0453746,309.86804
1970-01-02 01:15:51,11896.185,126.32669,-502.93292,-2.4394228,10.220068,309.51447
1970-01-02 01:15:52,12134.259,132.35709,-167.51785,-0.1610786,5.732324,308.68616
1970-01-02 01:15:53,12024.566,129.35252,-229.09938,3.4579184,17.084913,307.52124
1970-01-02 01:15:54,12116.796,134.2562,15.451303,-0.8667762,-9.5679655,308.35208
1970-01-02 01:15:55,12085.172,127.67403,98.07648,0.727979,-3.0803137,308.712
1970-01-02 01:15:56,11895.849,121.78106,388.6219,4.799985,4.8953543,308.66028
1970-01-02 01:15:57,11979.081,133.20549,107.77128,6.7162704,-15.467444,307.9383
1970-01-02 01:15:58,12004.674,127.87589,22.85304,1.1488229,12.4311495,308.89612
1970-01-02 01:15:59,12017.204,136.2266,193.45688,0.4056743,2.1432738,308.02283
1970-01-02 01:16:00,12115.382,123.61888,-145.85689,6.524736,4.3547506,308.15225
1970-01-02 01:16:01,12043.006,136.19722,167.15892,2.952427,-11.402489,309.8897
1970-01-02 01:16:02,12107.454,127.96979,169.86412,2.3555768,-18.654123,308.3731
1970-01-02 01:16:03,12128.1455,125.77328,-14.751087,0.056806333,-16.832113,309.56467
1970-01-02 01:16:04,11924.6455,129.40004,218.73273,5.1266975,15.393108,308.56497
1970-01-02 01:16:05,12011.072,128.6413,19.238943,1.0383166,7.822554,308.41656
1970-01-02 01:16:06,11959.083,132.68913,-92.6193,-1.890097,1.4675831,307.79483
1970-01-02 01:16:07,12077.197,131.11278,59.018665,5.7369843,7.784107,307.89853
1970-01-02 01:16:08,12127.697,133.93944,223.44067,1.6924605,-3.1737404,306.02335
1970-01-02 01:16:09,11921.435,136.3378,-228.15773,11.717511,-7.806117,305.20068
1970-01-02 01:16:10,12013.302,129.76305,239.94278,-2.00767,16.924185,305.39777
1970-01-02 01:16:11,12264.3955,135.09645,60.16268,-0.66294926,1.2585768,306.2031
1970-01-02 01:16:12,12031.601,133.26501,-157.26428,4.3039274,-15.362287,306.66608
1970-01-02 01:16:13,12064.814,132.68176,-213.18378,3.9568663,11.128567,306.4787
1970-01-02 01:16:14,12032.848,127.41531,-359.34937,3.535805,0.15328163,305.89285
1970-01-02 01:16:15,12217.586,126.37151,14.195739,2.934384,-3.1570482,306.08768
1970-01-02 01:16:16,11916.868,127.38055,196.48941,-0.22755218,1.3386625,305.1306
1970-01-02 01:16:17,12003.136,122.21117,-231.4103,6.4468555,-4.8145885,304.39374
1970-01-02 01:16:18,11960.007,129.52576,100.116875,4.0233893,18.420418,306.05228
1970-01-02 01:16:19,11979.178,137.92392,220.26056,7.5483694,1.4227878,306.05487
1970-01-02 01:16:20,12015.723,129.35802,233.47366,3.556669,0.16620196,306.429
1970-01-02 01:16:21,11992.432,127.05834,-196.42088,1.6394036,10.592467,306.73767
1970-01-02 01:16:22,12090.186,130.25276,231.8314,1.6747892,-13.5758705,305.34854
1970-01-02 01:16:23,12122.071,131.08296,-40.173767,1.8113958,9.539492,304.5458
1970-01-02 01:16:24,12027.476,121.53109,-72.554306,4.4896035,-15.908926,304.95538
1970-01-02 01:16:25,11875.933,128.67868,27.30999,2.4809785,-12.873302,305.28937
1970-01-02 01:16:26,12150.197,127.86464,1.9624712,-1.0479333,-12.036172,303.0468
1970-01-02 01:16:27,12021.801,125.007195,40.359894,0.85110515,-15.976455,304.80594
1970-01-02 01:16:28,12106.381,127.56888,-87.96936,-0.10701375,-5.749611,305.1514
1970-01-02 01:16:29,11963.44,130.69026,61.640236,1.2536768,-0.65512645,304.43805
1970-01-02 01:16:30,12023.826,129.1747,103.494514,1.2057275,1.5376323,306.18283
1970-01-02 01:16:31,11939.378,123.51721,-126.44856,6.039622,9.204678,306.9871
1970-01-02 01:16:32,11995.651,131.86475,-146.85817,2.2926946,9.96123,306.065
1970-01-02 01:16:33,11925.047,137.85736,95.06102,2.8743584,12.136214,304.77264
1970-01-02 01:16:34,12003.843,131.30463,38.76938,5.940836,-6.2153687,304.58102
1970-01-02 01:16:35,12059.109,128.2885,-326.7626,2.7100332,22.265894,305.38245
1970-01-02 01:16:36,12131.54,133.00874,38.665104,7.2888002,7.4358087,304.9398
1970-01-02 01:16:37,11932.036,129.81409,-417.77835,5.143586,-26.964752,302.1088
1970-01-02 01:16:38,11856.077,132.80818,-135.7123,6.7621856,-12.009799,300.84805
1970-01-02 01:16:39,12064.747,128.09953,68.77064,2.5872965,3.445674,300.04254
1970-01-02 01:16:40,11938.117,126.69538,50.01522,3.740648,-1.1339121,299.30222
1970-01-02 01:16:41,11960.653,127.38656,-181.55014,1.7411201,7.0636263,301.34866
1970-01-02 01:16:42,11900.22,132.34772,355.11758,-1.9930362,-16.394693,301.55856
1970-01-02 01:16:43,12123.251,133.55397,4.2885118,5.2871633,-9.379231,303.52835
1970-01-02 01:16:44,11952.152,129.33942,-43.44901,5.759256,-1.1079435,301.96182
1970-01-02 01:16:45,12086.244,120.88219,-337.47003,-2.1589715,-6.2157555,302.0252
1970-01-02 01:16:46,11849.495,129.53882,59.37815,3.8777378,-12.471513,300.95312
1970-01-02 01:16:47,12091.387,129.44638,-19.52788,4.147451,-6.213186,300.9789
1970-01-02 01:16:48,12087.122,125.052956,-119.71287,-2.934369,8.673641,302.37448
1970-01-02 01:16:49,11956.261,130.96954,-151.5115,5.874468,0.05412981,302.61368
1970-01-02 01:16:50,12052.947,129.04648,55.912716,2.8937068,-25.546457,300.5776
1970-01-02 01:16:51,11952.42,130.33366,65.433754,-0.8030715,13.464058,301.22363
1970-01-02 01:16:52,11949.193,130.3797,338.8115,-2.244478,1.1708022,301.53983
1970-01-02 01:16:53,11969.147,132.44778,159.88313,1.0696391,-11.069668,302.12274
1970-01-02 01:16:54,11881.497,132.73633,224.22343,-0.9724615,-11.677648,301.898
1970-01-02 01:16:55,12056.45,131.79219,460.7278,4.111315,-0.71391135,302.3099
1970-01-02 01:16:56,12039.63,130.18661,-25.3086,6.00425,3.6195407,303.85156
1970-01-02 01:16:57,,130.00851,-150.1843,3.8154967,,305.20612
1970-01-02 01:16:58,12046.816,137.53796,69.39118,6.3775115,-4.5150633,305.84772
1970-01-02 01:16:59,12066.075,135.98737,-152.69225,3.4116948,-15.2547035,305.62738
1970-01-02 01:17:00,12119.501,123.66035,-292.46118,0.19463071,-15.479339,305.55508
1970-01-02 01:17:01,12047.16,130.72903,184.1513,2.5618773,-16.876755,305.41394
1970-01-02 01:17:02,11853.369,128.88863,-408.7289,-0.058012545,-0.48813558,305.46008
1970-01-02 01:17:03,12034.947,130.54448,10.491567,2.4710076,-4.018805,304.52557
1970-01-02 01:17:04,11906.146,131.38625,-390.17896,-2.4367986,-1.6800662,304.2056
1970-01-02 01:17:05,11908.59,127.20746,-328.11896,-3.397919,-1.0270228,303.59982
1970-01-02 01:17:06,12049.155,127.68024,353.88235,2.785605,-7.9882402,305.12027
1970-01-02 01:17:07,11945.775,129.44403,9.139059,3.4798281,-23.214006,304.77063
1970-01-02 01:17:08,11994.05,130.85269,-302.9637,4.459564,22.669394,304.85605
1970-01-02 01:17:09,11952.127,130.97337,95.01784,-0.0438033,-4.5593996,304.52994
1970-01-02 01:17:10,11988.009,132.83328,194.7787,0.2643777,-7.1591916,303.9951
1970-01-02 01:17:11,11947.057,132.65048,-63.70066,-0.046833213,9.458782,303.9386
1970-01-02 01:17:12,11972.051,132.2745,22.944128,2.90645,-0.33657584,304.60193
1970-01-02 01:17:13,11991.18,136.19115,350.01953,4.6061172,8.538863,303.2962
1970-01-02 01:17:14,12118.231,132.05312,273.8687,7.1256075,-3.7657425,303.24527
1970-01-02 01:17:15,12013.07,136.94887,312.4346,-1.8468481,-10.610802,304.00897
1970-01-02 01:17:16,12065.985,133.49718,-204.94954,7.605889,-4.202306,304.61206
1970-01-02 01:17:17,11923.185,134.92548,66.12231,0.2804621,-5.5720377,306.47437
1970-01-02 01:17:18,11964.488,131.6122,-109.4691,1.1006609,13.682844,305.40588
1970-01-02 01:17:19,12021.904,125.68401,-60.89278,-0.39379326,0.090599425,304.83105
1970-01-02 01:17:20,11963.248,127.95091,222.64355,3.8039815,-20.63629,303.7154
1970-01-02 01:17:21,12003.488,125.02452,32.273293,0.18142702,0.23019432,303.6081
1970-01-02 01:17:22,11914.209,128.25003,43.673008,4.7638106,8.185735,302.95618
1970-01-02 01:17:23,11919.701,134.36293,10.298477,3.045189,-9.108544,303.9413
1970-01-02 01:17:24,11980.972,128.55016,-265.8095,11.429598,-4.199527,305.19244
1970-01-02 01:17:25,11881.742,124.95369,-29.347,4.6689706,-12.508312,305.57294
1970-01-02 01:17:26,12086.979,134.05313,-130.64192,4.4482756,10.527713,305.726
1970-01-02 01:17:27,12057.183,133.29376,-410.47333,3.547601,-19.102118,306.5603
1970-01-02 01:17:28,11846.623,130.61194,55.290695,2.418181,1.8005577,306.84814
1970-01-02 01:17:29,12068.132,125.3738,283.37323,-0.8648581,4.869804,306.17953
1970-01-02 01:17:30,11996.306,131.73903,257.7643,3.174805,-2.4934597,306.7859
1970-01-02 01:17:31,12102.32,128.57324,-328.00232,-2.927404,-1.1930374,306.83554
1970-01-02 01:17:32,11923.605,135.38231,-53.948185,1.7170557,-25.222597,308.0023
1970-01-02 01:17:33,11783.813,130.98763,68.799934,5.1141353,1.4846284,307.77997
1970-01-02 01:17:34,12004.449,126.80242,148.81737,6.7189097,2.3647435,308.0982
1970-01-02 01:17:35,12094.869,138.89473,-0.3383885,2.3576424,-4.815302,307.40054
1970-01-02 01:17:36,12028.88,128.80038,-9.285748,3.7929788,3.059587,307.3692
1970-01-02 01:17:37,12082.493,128.21313,-102.22603,9.660992,2.3120894,307.12387
1970-01-02 01:17:38,11962.432,131.64366,193.4471,3.3623111,-19.473372,307.37668
1970-01-02 01:17:39,11969.088,134.31548,130.29073,10.509809,24.868046,306.5751
1970-01-02 01:17:40,12166.83,122.312416,140.92497,3.2121549,11.6040535,306.1118
1970-01-02 01:17:41,12027.382,133.50262,249.88351,-3.8277116,-14.162474,305.54843
1970-01-02 01:17:42,12043.035,130.52406,-215.86035,-1.6316433,-5.766075,306.7466
1970-01-02 01:17:43,12005.919,132.77174,30.714653,2.1820269,-3.643191,306.7252
1970-01-02 01:17:44,12067.09,135.19086,194.84169,1.1167314,3.735377,305.5139
1970-01-02 01:17:45,12048.459,139.39752,-101.65477,6.7322364,-13.415361,307.10196
1970-01-02 01:17:46,11986.434,137.02094,-293.08386,6.8039794,-16.543316,306.94873
1970-01-02 01:17:47,12035.123,133.1413,32.41626,5.9756684,14.336241,306.98438
1970-01-02 01:17:48,11987.621,132.78702,111.74915,3.1822362,-2.1583977,307.21194
1970-01-02 01:17:49,12036.945,127.48615,263.0231,-0.7574156,-0.56164014,306.7276
1970-01-02 01:17:50,11985.819,132.9596,-244.83044,1.2146827,9.363896,306.39734
1970-01-02 01:17:51,11981.343,138.24301,130.08926,3.2922082,8.215187,306.42648
1970-01-02 01:17:52,12012.933,132.18112,-60.471626,-0.96463287,-9.351394,306.4368
1970-01-02 01:17:53,12194.83,136.82323,-178.03491,0.48262712,2.1505086,306.57523
1970-01-02 01:17:54,12088.351,144.87451,-97.639,0.883863,7.666151,307.3654
1970-01-02 01:17:55,11999.95,135.46477,-35.2317,-0.82721806,-5.1832495,307.66867
1970-01-02 01:17:56,12134.844,138.00589,-82.2535,2.549696,-20.36901,308.54132
1970-01-02 01:17:57,11995.557,130.62201,-206.33412,-1.3067822,2.6211722,308.8517
1970-01-02 01:17:58,12004.711,135.36377,111.932434,-0.87973845,4.509757,309.60117
1970-01-02 01:17:59,11924.096,129.73682,62.24949,2.6225398,-7.524161,311.3748
1970-01-02 01:18:00,11895.139,128.95497,-237.3158,4.057749,12.587542,313.03824
1970-01-02 01:18:01,12037.573,133.31798,-352.73462,-2.5132394,7.9745235,312.28848
1970-01-02 01:18:02,12120.085,132.21939,74.53978,-0.3842939,-6.1103134,312.3397
1970-01-02 01:18:03,12062.104,133.43263,-123.770065,2.827899,8.041804,312.8768
1970-01-02 01:18:04,12083.647,131.49966,-185.15736,4.692404,13.506981,312.844
1970-01-02 01:18:05,11979.01,124.80423,-58.574837,4.3787165,12.379425,314.44833
1970-01-02 01:18:06,12020.092,129.93617,-134.41139,3.2256665,-7.381006,314.78705
1970-01-02 01:18:07,12079.175,130.46034,458.31522,2.6764884,-3.4324048,314.3997
1970-01-02 01:18:08,11984.716,134.21007,-256.4055,0.90051097,1.4017605,314.09613
1970-01-02 01:18:09,11984.953,132.21933,82.994095,1.9241194,1.1777925,315.8577
1970-01-02 01:18:10,11915.541,132.3451,-221.82689,0.571787,-10.019602,316.4186
1970-01-02 01:18:11,11947.466,133.84991,215.82765,4.2680182,-2.2723718,315.60477
1970-01-02 01:18:12,11848.567,126.524826,-7.1266675,4.3597546,-7.8992734,314.98868
1970-01-02 01:18:13,11978.504,135.98851,57.148296,1.6763852,1.3947349,315.45398
1970-01-02 01:18:14,12000.92,135.03197,-105.99933,1.7696741,-5.4429646,314.8528
1970-01-02 01:18:15,12008.528,131.06229,-104.22288,1.2280872,-11.046663,314.03238
1970-01-02 01:18:16,11881.9795,140.62483,-210.39543,-0.86590344,4.806471,312.51337
1970-01-02 01:18:17,12002.263,131.25548,241.37271,-2.2381773,-0.05606449,312.22644
1970-01-02 01:18:18,11865.328,134.02081,-211.06497,-0.71428394,-10.546991,312.80685
1970-01-02 01:18:19,12016.2705,130.83112,237.74332,-1.4016818,-1.2712668,313.9054
1970-01-02 01:18:20,12092.359,138.0621,-87.45393,-0.93969727,8.585091,313.9216
1970-01-02 01:18:21,12162.845,127.34617,53.0913,-1.1808171,-13.032486,312.20673
1970-01-02 01:18:22,12102.017,129.69583,-16.211218,1.0921112,17.432241,311.42313
1970-01-02 01:18:23,11909.897,134.76819,222.56505,3.5200918,7.7550454,311.00815
1970-01-02 01:18:24,11895.916,137.57755,-114.8759,-4.0583057,-1.2209432,312.7409
1970-01-02 01:18:25,12147.549,130.74539,-63.927917,4.5460873,-3.4221435,313.728
1970-01-02 01:18:26,11828.713,133.34152,317.42535,2.9405248,-1.1699473,314.00916
1970-01-02 01:18:27,12021.156,135.78302,-243.40018,6.960782,-15.808761,312.59558
1970-01-02 01:18:28,12021.231,136.1443,166.5946,-3.235606,-9.271026,312.46515
1970-01-02 01:18:29,11986.302,132.35394,58.25336,0.38932383,7.640241,312.14102
1970-01-02 01:18:30,12051.888,135.43127,-107.26384,-0.71959895,-0.36852875,312.32208
1970-01-02 01:18:31,11871.447,128.45609,134.81673,-0.70316494,6.1941457,311.60458
1970-01-02 01:18:32,11949.462,126.31958,-283.05634,1.5630947,-5.000141,311.3026
1970-01-02 01:18:33,12025.105,132.53722,-114.926575,0.34116212,-14.429147,310.07703
1970-01-02 01:18:34,11912.352,127.395485,-225.82445,-0.34015548,6.0371575,310.52634
1970-01-02 01:18:35,12044.382,132.96939,119.17267,5.090193,-2.7231197,310.34573
1970-01-02 01:18:36,11843.484,139.13715,-94.991135,0.44586667,-7.273884,309.581
1970-01-02 01:18:37,11937.108,137.06612,-154.6218,6.298476,-18.678982,310.2863
1970-01-02 01:18:38,11964.83,136.6524,-24.022114,4.197287,12.792122,308.7181
1970-01-02 01:18:39,12021.425,131.084,-145.27252,2.613405,1.4483417,309.86548
1970-01-02 01:18:40,11926.729,129.53096,27.491636,3.67116,1.8419503,308.04013
1970-01-02 01:18:41,11935.849,133.08786,-119.4892,5.5779138,7.5855937,310.71503
1970-01-02 01:18:42,12092.739,134.50064,365.24295,2.8234575,-4.5985622,309.83774
1970-01-02 01:18:43,11949.667,131.40344,46.9483,6.4373503,-12.0318365,309.50745
1970-01-02 01:18:44,12085.601,130.75642,43.992302,-4.3132496,-1.6285344,309.31393
1970-01-02 01:18:45,11913.883,140.14037,-146.59215,4.814293,-1.9745526,309.64117
1970-01-02 01:18:46,11967.356,133.77594,139.79099,4.2699637,7.834856,309.032
1970-01-02 01:18:47,11896.644,136.63791,160.02176,2.220988,-2.283878,308.86557
1970-01-02 01:18:48,11966.304,132.71942,54.541573,2.4828305,4.6557145,307.9294
1970-01-02 01:18:49,11901.474,128.48615,-264.27213,3.447079,12.87523,307.2174
1970-01-02 01:18:50,12066.618,137.37164,169.706,4.0285435,4.8115654,307.89316
1970-01-02 01:18:51,11972.882,130.7176,48.016144,0.36811748,-6.368479,309.12814
1970-01-02 01:18:52,11918.025,132.36244,-24.722326,1.8909514,-19.30887,311.71268
1970-01-02 01:18:53,11976.009,137.19652,-62.884346,4.6085353,13.390375,311.5517
1970-01-02 01:18:54,12137.362,136.40688,275.5961,1.9607642,-26.201294,311.79517
1970-01-02 01:18:55,12042.501,134.05086,-164.93729,3.3905106,-2.8130968,313.21915
1970-01-02 01:18:56,12140.497,133.37787,-122.42299,4.2138696,-1.3052044,311.92715
1970-01-02 01:18:57,12097.414,135.52321,129.87605,0.57456374,-7.9718256,310.92444
1970-01-02 01:18:58,11960.204,134.19257,-30.548075,2.374308,3.638176,312.01706
1970-01-02 01:18:59,11969.071,137.44943,107.6376,1.1359218,14.737815,312.27548
1970-01-02 01:19:00,12028.961,136.50304,-101.6689,0.94582856,15.392339,311.80994
1970-01-02 01:19:01,11987.85,137.44571,414.502,0.23146625,4.4344416,314.45328
1970-01-02 01:19:02,12039.962,127.20268,-99.55495,0.19394213,-10.707018,314.93472
1970-01-02 01:19:03,12096.876,137.81477,187.92242,1.5396172,-18.551723,315.26965
1970-01-02 01:19:04,12119.438,132.04393,-68.71923,4.858942,-9.533673,316.72153
1970-01-02 01:19:05,11942.453,128.3494,165.19824,5.1153646,5.032276,315.1459
1970-01-02 01:19:06,11913.411,134.20714,-165.76547,0.9161287,-19.7725,314.99854
1970-01-02 01:19:07,11997.95,133.49919,-160.98308,2.737431,-10.481406,315.74466
1970-01-02 01:19:08,11929.829,132.0207,178.06306,3.1598039,-3.5109673,315.4134
1970-01-02 01:19:09,12044.852,135.58556,2.5516548,1.1332709,1.1836412,315.3
1970-01-02 01:19:10,11887.442,132.44785,114.79398,-1.1781715,-15.376069,315.1716
1970-01-02 01:19:11,12023.364,133.2267,275.28317,-5.5979486,-21.255695,316.65778
1970-01-02 01:19:12,12064.608,138.9693,-34.044746,9.697868,-7.510661,318.01987
1970-01-02 01:19:13,12032.001,132.09169,-307.81583,1.8763622,-7.3819194,318.37228
1970-01-02 01:19:14,11997.132,129.73627,58.170788,8.840352,2.0641458,317.5517
1970-01-02 01:19:15,12050.552,132.90933,234.1692,0.26085797,7.838751,316.84167
1970-01-02 01:19:16,12081.455,142.71829,80.15205,0.6239036,-11.97799,318.21164
1970-01-02 01:19:17,11970.329,138.30211,,2.95525,6.390355,317.32297
1970-01-02 01:19:18,12033.991,132.16846,-94.18252,1.5660467,-11.188783,318.5564
1970-01-02 01:19:19,12129.928,125.8209,-521.4262,2.6128612,2.8596206,319.8391
1970-01-02 01:19:20,12104.419,135.07236,246.20789,0.5768358,-1.5901014,320.6635
1970-01-02 01:19:21,12057.037,139.23769,131.54102,1.7564853,3.3466804,319.41916
1970-01-02 01:19:22,12163.977,131.2221,-197.58287,5.2961574,3.6633744,317.97864
1970-01-02 01:19:23,11856.939,131.96404,-179.27252,3.6095135,10.652905,318.8911
1970-01-02 01:19:24,12138.456,143.14006,65.32414,1.4972724,-3.8462873,319.42645
1970-01-02 01:19:25,11939.187,122.5947,109.70605,2.35044,-19.394722,321.15555
1970-01-02 01:19:26,11951.672,133.55713,174.08614,3.0830543,2.3993757,320.45184
1970-01-02 01:19:27,12062.362,132.45316,-19.17154,-1.5322675,5.6924686,320.72485
1970-01-02 01:19:28,11959.48,128.1144,-94.63807,2.3405159,10.392026,322.74518
1970-01-02 01:19:29,12083.9375,135.5195,142.9287,0.98214895,3.8401852,325.0172
1970-01-02 01:19:30,12039.45,133.94365,-187.63821,2.2288573,-12.954187,324.6499
1970-01-02 01:19:31,12069.4375,131.17992,37.015476,7.135501,11.063097,324.38004
1970-01-02 01:19:32,12110.126,134.3158,-302.9289,2.4709187,-2.1710706,324.5809
1970-01-02 01:19:33,12087.473,132.82715,-17.512218,4.5976124,-9.304482,325.1896
1970-01-02 01:19:34,12089.023,135.48375,29.259134,5.1279597,-1.8524737,325.10663
1970-01-02 01:19:35,12003.808,137.92169,197.37228,2.651504,-17.353456,325.0482
1970-01-02 01:19:36,11981.743,129.54472,2.8233051,3.3242302,11.1379795,323.7807
1970-01-02 01:19:37,12038.781,135.8498,13.986909,-2.7327747,-3.204692,324.58795
1970-01-02 01:19:38,11944.511,133.41881,-522.6435,-2.231701,-2.4836047,324.9005
1970-01-02 01:19:39,11948.585,135.0713,-165.99355,4.867567,12.0173,325.01514
1970-01-02 01:19:40,11856.824,138.41696,211.90242,6.7847867,-6.7424836,324.06314
1970-01-02 01:19:41,11966.347,134.44543,-126.98756,7.222388,-15.6350975,323.6699
1970-01-02 01:19:42,11942.208,133.55746,-101.86482,1.0384247,-12.998736,324.87555
1970-01-02 01:19:43,11904.112,134.59335,276.51306,3.6752806,7.292876,325.36072
1970-01-02 01:19:44,11831.39,134.04272,-430.61435,-3.841913,1.1355829,326.13736
1970-01-02 01:19:45,12052.824,136.10986,-121.18929,-4.572994,0.9366321,325.44968
1970-01-02 01:19:46,12018.699,130.93492,-157.02869,-3.681749,22.453087,323.75067
1970-01-02 01:19:47,12032.622,132.08876,114.979095,4.2558084,5.3595967,323.51883
1970-01-02 01:19:48,11985.375,129.64067,419.56747,3.7806232,4.7129817,323.42526
1970-01-02 01:19:49,11917.665,131.33847,-128.56337,4.7426243,4.02735,322.84012
1970-01-02 01:19:50,12046.447,134.23795,48.556572,1.0991089,-5.7065296,321.90482
1970-01-02 01:19:51,12052.287,140.17311,68.455025,4.6377277,-14.751409,321.13632
1970-01-02 01:19:52,12077.613,133.61949,-342.2188,-2.6388228,9.244774,319.3722
1970-01-02 01:19:53,11979.875,127.53433,-85.832016,2.8242953,-7.060075,319.95505
1970-01-02 01:19:54,11930.342,141.28792,23.386114,-0.6371169,-7.024197,319.50174
1970-01-02 01:19:55,11942.725,132.65047,-114.765076,6.4827228,-3.3539557,319.49802
1970-01-02 01:19:56,12080.848,137.20541,267.10678,9.152684,7.424077,319.87772
1970-01-02 01:19:57,12061.483,134.24324,-60.54359,4.0817647,15.755892,318.08322
1970-01-02 01:19:58,11931.042,131.644,-1.5392215,5.7811747,,317.04153
1970-01-02 01:19:59,12028.579,135.30504,-287.56183,2.0109618,-11.262923,318.46808
1970-01-02 01:20:00,11942.2295,135.99707,46.060684,1.6128974,4.6505837,317.1441
1970-01-02 01:20:01,12045.188,126.788185,-127.81277,8.356331,8.494838,318.72272
1970-01-02 01:20:02,11949.554,134.34041,216.52461,-1.6571672,-5.4593396,318.65247
1970-01-02 01:20:03,11927.772,137.64395,-450.2126,-1.8426687,-7.701972,320.12192
1970-01-02 01:20:04,,141.4209,139.94603,4.0238814,-1.9256923,320.50958
1970-01-02 01:20:05,12121.261,132.95401,256.03757,5.762538,0.96273077,319.90402
1970-01-02 01:20:06,11990.222,135.14226,119.377014,9.134947,-3.3998015,319.72018
1970-01-02 01:20:07,11952.679,128.67848,-114.89721,2.8188112,-21.021236,321.7057
1970-01-02 01:20:08,11935.918,135.05598,116.415985,1.5983454,8.22843,321.05643
1970-01-02 01:20:09,12103.343,134.6308,-71.33869,4.223051,7.7869487,323.08057
1970-01-02 01:20:10,11949.236,136.04172,6.47142,2.4880645,8.799978,321.06332
1970-01-02 01:20:11,11943.848,127.967995,-262.2295,8.89976,19.071201,321.954
1970-01-02 01:20:12,12005.1875,136.15717,196.21085,-1.2840265,-1.8475685,321.12033
1970-01-02 01:20:13,12051.609,131.86224,-495.86832,-1.1480937,-3.586741,321.08237
1970-01-02 01:20:14,12004.208,133.24106,132.5361,-0.26021457,13.622608,320.73547
1970-01-02 01:20:15,11805.075,131.8496,-35.476902,7.127709,-7.985421,320.6045
1970-01-02 01:20:16,12026.619,140.92862,-115.3687,0.78942966,-10.98773,319.86456
1970-01-02 01:20:17,12063.504,137.85414,11.360373,-3.8373723,-4.917411,319.92957
1970-01-02 01:20:18,11930.78,137.73882,249.10873,-2.7295938,0.34304374,319.33936
1970-01-02 01:20:19,12076.853,126.09807,-163.51779,2.2098472,-10.478869,319.55063
1970-01-02 01:20:20,11974.844,134.13622,175.86383,3.4631114,5.038006,318.36768
1970-01-02 01:20:21,11926.171,141.67578,76.920746,-1.8979961,-10.169861,317.2603
1970-01-02 01:20:22,12128.317,140.22432,-335.32166,1.0623825,4.9461975,315.69058
1970-01-02 01:20:23,11936.019,134.93376,-362.53766,2.081539,-22.093895,317.07477
1970-01-02 01:20:24,12185.243,137.21068,223.28232,1.6867443,-1.0185527,317.96674
1970-01-02 01:20:25,11919.833,135.20755,38.312107,-2.1386602,0.7758498,316.15573
1970-01-02 01:20:26,12132.38,128.9057,517.4369,0.8571485,-11.064514,315.752
1970-01-02 01:20:27,11958.41,135.9519,128.82857,-4.2245584,7.331515,316.6866
1970-01-02 01:20:28,11969.605,142.39963,42.06778,5.680822,-22.155996,317.751
1970-01-02 01:20:29,11833.749,137.03123,86.95892,-0.39603528,17.333345,318.44302
1970-01-02 01:20:30,11921.344,134.84671,135.26985,4.1846986,-2.7790167,318.40134
1970-01-02 01:20:31,11908.672,139.35115,-71.52604,5.544261,-10.97677,318.40714
1970-01-02 01:20:32,12032.0205,141.40248,338.03857,0.88458484,-10.746844,319.7308
1970-01-02 01:20:33,12003.895,137.99644,-6.893356,3.8891664,-7.1619835,318.97653
1970-01-02 01:20:34,12022.934,131.33878,238.46494,3.2700763,16.641808,319.08762
1970-01-02 01:20:35,12122.119,133.65108,-14.869519,4.368333,-1.2152557,318.51398
1970-01-02 01:20:36,12036.556,131.07877,-65.53083,-1.7385226,-13.188119,318.39468
1970-01-02 01:20:37,12125.407,133.79433,-14.153349,7.721938,0.98426926,318.37466
1970-01-02 01:20:38,11912.671,139.03233,-214.0565,2.8105419,11.063612,318.60468
1970-01-02 01:20:39,12114.435,134.76463,-24.633762,1.3806506,-0.8890084,319.3224
1970-01-02 01:20:40,11900.899,129.62247,-142.58969,2.668602,4.365568,316.45715
1970-01-02 01:20:41,12163.212,136.54066,-241.97835,1.5923648,-4.8248715,316.312
1970-01-02 01:20:42,12041.637,132.4226,-218.11021,-2.443945,-8.97381,316.5202
1970-01-02 01:20:43,11897.539,134.04929,-29.237307,-3.047568,5.720919,315.83545
1970-01-02 01:20:44,12140.967,141.87341,-209.51338,2.6897094,9.322769,314.08456
1970-01-02 01:20:45,11983.389,142.43764,-38.452477,4.760704,-8.600281,313.6945
1970-01-02 01:20:46,11960.191,129.02766,74.73995,-0.37002772,22.048544,312.23383
1970-01-02 01:20:47,11945.359,131.75223,75.17526,1.3740923,2.919442,312.6428
1970-01-02 01:20:48,12082.027,136.01933,39.910572,-1.3931379,-1.4833286,312.2926
1970-01-02 01:20:49,12044.624,135.66125,-191.8467,0.5300059,-10.768661,311.26657
1970-01-02 01:20:50,12023.57,129.65382,332.56348,-1.0026056,10.04413,312.20444
1970-01-02 01:20:51,11841.955,136.81114,-68.104965,0.65526825,1.1417398,311.22122
1970-01-02 01:20:52,11966.421,137.56819,76.9978,3.4461875,10.15774,310.8981
1970-01-02 01:20:53,11837.954,136.11124,-77.640366,-1.6948473,-8.895446,308.36908
1970-01-02 01:20:54,11917.249,133.28479,-16.267153,-0.17465965,-0.5018038,309.87445
1970-01-02 01:20:55,11928.413,135.83832,-40.86101,2.1256282,-8.724228,309.50177
1970-01-02 01:20:56,12001.485,130.31906,-28.39574,-0.90183276,0.66461754,308.99347
1970-01-02 01:20:57,12115.364,139.33546,90.89667,8.299637,-19.97614,309.74094
1970-01-02 01:20:58,12085.073,135.82863,42.611065,0.113921754,-0.9241347,308.7186
1970-01-02 01:20:59,12070.883,130.72543,163.48056,5.9057713,1.09322,308.09686
1970-01-02 01:21:00,12120.694,133.61668,-19.450321,2.2432745,-14.210832,307.391
1970-01-02 01:21:01,11965.048,134.23492,102.00537,3.3095982,6.749217,308.07925
1970-01-02 01:21:02,11929.657,133.7088,328.6208,4.529239,1.0403298,307.6439
1970-01-02 01:21:03,11983.194,131.3141,-75.4044,6.3736672,-11.0343075,308.80933
1970-01-02 01:21:04,11936.844,133.30153,269.31296,0.53267324,-4.70211,308.11862
1970-01-02 01:21:05,11968.328,142.21007,-288.49234,,-19.150814,305.8772
1970-01-02 01:21:06,12032.927,138.34991,317.261,2.670645,8.432738,304.6492
1970-01-02 01:21:07,11951.678,141.77625,261.5717,2.606284,-7.331768,305.78793
1970-01-02 01:21:08,12017.024,132.17967,12.480668,3.9627023,-14.0647545,306.6494
1970-01-02 01:21:09,11911.63,130.40724,47.632305,7.581281,5.869351,305.87366
1970-01-02 01:21:10,11939.405,145.68097,-272.3553,-2.6713266,15.26775,307.5176
1970-01-02 01:21:11,12029.565,136.53629,128.24054,2.9153614,-4.266563,305.53308
1970-01-02 01:21:12,12023.655,136.29587,278.50925,0.38086104,4.1362724,304.7884
1970-01-02 01:21:13,11935.45,139.02568,-17.981558,4.88887,13.328588,304.12204
1970-01-02 01:21:14,12167.868,141.61415,-100.70023,0.968126,-5.984418,303.4349
1970-01-02 01:21:15,12066.46,141.302,272.0868,1.6029062,-2.997277,302.42337
1970-01-02 01:21:16,12034.247,139.1124,367.94348,4.3672285,4.9819603,302.3743
1970-01-02 01:21:17,11925.496,132.3945,-237.07875,-3.385236,-5.8976035,302.47397
1970-01-02 01:21:18,11826.63,134.91623,-159.80432,0.7882559,-4.3438582,303.47452
1970-01-02 01:21:19,12024.463,137.05945,51.26456,5.4629054,4.582977,305.36777
1970-01-02 01:21:20,11973.241,131.08751,-108.97984,4.086635,-11.469626,303.34866
1970-01-02 01:21:21,12070.99,140.18936,-44.619595,2.9836743,3.122146,301.588
1970-01-02 01:21:22,11878.927,140.6993,175.58438,4.651455,-6.530499,301.18973
1970-01-02 01:21:23,12069.033,139.93156,-17.652397,-6.125753,-6.821607,302.0479
1970-01-02 01:21:24,12086.716,137.98763,-123.5106,7.0381575,8.7894945,301.68613
1970-01-02 01:21:25,12145.219,135.06065,-18.121115,0.84942734,15.361917,302.13577
1970-01-02 01:21:26,11880.711,136.13814,-90.08603,1.6505166,9.032471,303.55173
1970-01-02 01:21:27,11919.671,136.71234,-220.73117,0.43224484,-7.9339204,303.37473
1970-01-02 01:21:28,12131.439,142.80403,-228.05272,-0.31307042,0.36594298,304.05923
1970-01-02 01:21:29,12103.539,141.83789,-192.95769,1.6956174,-4.1912103,304.30823
1970-01-02 01:21:30,12111.69,136.42104,-341.31216,2.644358,-5.3809924,303.47668
1970-01-02 01:21:31,12116.094,132.75728,-100.175415,-2.7528424,-0.46127045,302.3739
1970-01-02 01:21:32,12151.425,127.63555,-154.8331,4.1977353,-6.337167,303.1723
1970-01-02 01:21:33,12135.879,135.58984,101.870285,1.2476658,-4.529798,304.7802
1970-01-02 01:21:34,11934.556,131.60448,240.95085,3.4490957,15.420958,304.7991
1970-01-02 01:21:35,11903.313,138.82545,80.90102,1.1363646,3.9084437,304.52237
1970-01-02 01:21:36,12142.682,137.05836,107.6645,4.357018,8.472775,306.6451
1970-01-02 01:21:37,11955.942,135.54396,143.70029,2.6899083,-10.542102,308.90994
1970-01-02 01:21:38,12041.644,134.89775,282.5926,-1.9703655,-27.865623,307.84006
1970-01-02 01:21:39,12137.534,138.1026,-22.937246,3.7060697,-2.3579285,308.95255
1970-01-02 01:21:40,12023.489,131.16275,-15.28706,4.175317,6.356374,311.34467
1970-01-02 01:21:41,11893.114,140.82635,-174.51636,6.3096223,1.315039,312.64297
1970-01-02 01:21:42,11853.049,135.84729,-71.58259,-1.6322113,-5.988009,312.49368
1970-01-02 01:21:43,11856.534,141.15843,165.0071,-4.273896,-1.9668971,311.1155
1970-01-02 01:21:44,11947.708,139.89949,239.11324,-0.085784264,1.1778488,313.12503
1970-01-02 01:21:45,12026.218,136.87708,-31.015326,4.789573,14.038307,313.25055
1970-01-02 01:21:46,11947.302,138.01248,163.8586,1.0664098,3.7885683,311.7589
1970-01-02 01:21:47,12009.439,135.70436,170.02434,5.1231985,-4.5508094,311.33752
1970-01-02 01:21:48,12058.498,143.59866,-148.39737,0.18968879,11.16674,310.69894
1970-01-02 01:21:49,12017.594,133.8902,-174.23605,,-1.9230968,310.7164
1970-01-02 01:21:50,11945.8125,135.45099,79.304146,2.4582577,11.312704,312.56268
1970-01-02 01:21:51,12010.222,139.22708,317.00214,1.4659725,-0.020219723,311.88724
1970-01-02 01:21:52,11913.59,136.11531,70.5031,3.8793855,-1.4715922,312.39008
1970-01-02 01:21:53,11947.868,138.14377,132.53668,1.5040629,-0.8790302,311.14648
1970-01-02 01:21:54,11961.942,138.25217,130.10095,2.7943976,-4.9577847,311.1754
1970-01-02 01:21:55,11902.15,143.11812,185.30656,-4.236172,22.452045,311.27142
1970-01-02 01:21:56,11925.686,138.82271,-145.53052,-0.501088,7.2449985,312.19498
1970-01-02 01:21:57,11926.361,138.52058,-325.4915,2.1894515,-11.5849905,314.3975
1970-01-02 01:21:58,11942.067,130.8556,-271.07956,-1.2330666,6.157227,313.0879
1970-01-02 01:21:59,11999.097,135.21603,-547.3012,2.7337704,-4.2313204,313.79346
1970-01-02 01:22:00,12042.63,144.68768,84.47622,-3.0168047,-8.568935,315.55316
1970-01-02 01:22:01,11837.532,133.8416,-146.59657,-2.664241,-16.997126,315.40735
1970-01-02 01:22:02,11948.471,135.38486,-199.37715,1.6309752,1.934788,315.8584
1970-01-02 01:22:03,12109.674,138.48857,123.29259,-2.7678864,-0.5380459,315.35248
1970-01-02 01:22:04,12046.236,140.76646,-21.110962,1.6813371,-11.281471,315.0506
1970-01-02 01:22:05,12001.796,137.67604,147.80011,5.333894,8.280673,314.36176
1970-01-02 01:22:06,12073.431,140.60556,80.76258,6.3041368,-3.7740996,313.25244
1970-01-02 01:22:07,11886.048,136.52652,176.9704,-3.1234822,-11.918444,311.63983
1970-01-02 01:22:08,11896.191,127.441086,132.60007,-1.1907936,9.067295,311.43887
1970-01-02 01:22:09,11909.49,132.79364,-432.90826,2.905682,18.574389,310.52335
1970-01-02 01:22:10,11979.452,139.40701,-457.17163,0.76655126,-6.256705,311.07687
1970-01-02 01:22:11,12001.563,135.4732,336.22614,1.1957797,-11.569105,313.47333
1970-01-02 01:22:12,12090.027,136.93442,-245.60435,8.75255,-12.652617,314.61972
1970-01-02 01:22:13,12034.266,144.10156,202.9034,-0.01913324,5.6538935,316.13364
1970-01-02 01:22:14,12020.907,136.84892,161.88167,1.8663069,8.668612,316.4637
1970-01-02 01:22:15,12028.468,142.12114,10.410093,-2.6938698,13.688313,315.33124
1970-01-02 01:22:16,11997.2705,135.70157,-42.193935,4.9087973,-1.4466702,314.68027
1970-01-02 01:22:17,12086.915,137.83624,-278.46045,5.0271134,-14.744511,313.857
1970-01-02 01:22:18,11977.249,136.40596,-39.178493,3.8589625,6.893478,315.10962
1970-01-02 01:22:19,12055.682,139.801,51.342648,2.322715,-7.0396442,315.01935
1970-01-02 01:22:20,11949.194,139.73935,-160.7673,3.8636181,10.2746315,315.94864
1970-01-02 01:22:21,12087.851,140.17793,-120.88817,7.508314,-18.387583,313.20187
1970-01-02 01:22:22,12116.747,134.91542,-109.456535,4.0248003,6.225983,313.64258
1970-01-02 01:22:23,12025.861,143.29488,22.409208,-0.122293346,12.116084,312.11093
1970-01-02 01:22:24,12037.72,139.81453,-42.648834,4.115962,-3.2054393,312.4566
1970-01-02 01:22:25,12196.221,143.47905,97.872894,0.290205,-8.915833,311.57748
1970-01-02 01:22:26,11983.224,136.07414,169.66426,3.403456,1.9215748,309.9775
1970-01-02 01:22:27,11812.13,140.06294,167.92262,-2.6272771,0.5382834,309.99213
1970-01-02 01:22:28,12018.3545,133.95686,103.296425,3.084737,3.0350854,311.32132
1970-01-02 01:22:29,11958.3125,144.34114,-147.57967,-2.5910845,0.6243973,313.28973
1970-01-02 01:22:30,11988.822,139.69853,120.81213,1.4191457,-4.729699,312.56058
1970-01-02 01:22:31,11948.1,141.68518,-483.29694,9.016911,4.6824913,312.0067
1970-01-02 01:22:32,12089.015,141.93219,375.25677,1.8982174,9.778365,311.83475
1970-01-02 01:22:33,11969.756,141.80135,-42.76609,-1.2271558,4.359123,313.5494
1970-01-02 01:22:34,12013.044,138.42761,88.9821,-1.3706719,-9.212423,313.88254
1970-01-02 01:22:35,11929.281,134.44121,334.1736,-2.2278926,-10.108051,313.46063
1970-01-02 01:22:36,11955.591,142.74199,247.7133,-2.694152,8.244457,312.52435
1970-01-02 01:22:37,11953.762,138.70496,-30.510077,-1.0578368,-20.974327,312.33615
1970-01-02 01:22:38,12013.619,,11.597393,7.0662274,-0.49141452,310.59106
1970-01-02 01:22:39,11966.265,142.2628,-99.83295,1.5453069,-7.3600097,312.24484
1970-01-02 01:22:40,12022.588,138.80197,-181.32207,3.213848,8.216598,310.25604
1970-01-02 01:22:41,12041.879,137.5748,221.42642,-1.7281116,-6.2751894,311.629
1970-01-02 01:22:42,11871.781,140.71416,-396.23987,1.1400821,4.655463,312.07074
1970-01-02 01:22:43,12140.225,137.90831,175.93956,8.576068,8.812119,312.39163
1970-01-02 01:22:44,11904.06,144.79463,79.08292,0.6880263,-3.9609265,311.43347
1970-01-02 01:22:45,11869.268,140.51672,344.17603,1.3357323,9.4106245,311.8456
1970-01-02 01:22:46,12079.037,135.41582,-115.743004,-0.31559038,9.864433,311.05777
1970-01-02 01:22:47,11907.843,146.81131,47.40954,4.6178203,1.924509,311.8297
1970-01-02 01:22:48,11963.662,144.02245,-12.845502,-0.6516742,-15.037579,310.66217
1970-01-02 01:22:49,11943.135,138.65231,68.49321,1.8945351,7.9747105,311.30923
1970-01-02 01:22:50,12040.825,135.51147,-200.26582,6.778575,11.13242,310.7939
1970-01-02 01:22:51,12033.513,146.92389,-177.54552,2.5759606,-5.520712,309.86597
1970-01-02 01:22:52,11961.298,138.62503,-216.62708,-0.9909994,9.826563,309.8557
1970-01-02 01:22:53,12070.621,142.26154,277.20435,0.24959223,11.121506,310.85278
1970-01-02 01:22:54,11978.75,136.88618,-269.5276,1.2329516,,310.1463
1970-01-02 01:22:55,11869.79,142.90492,-305.33905,-3.0959675,-2.8101788,309.50168
1970-01-02 01:22:56,12175.748,142.78424,-41.564617,7.0220284,2.027444,308.3599
1970-01-02 01:22:57,11987.247,139.81369,217.34973,1.1110415,-4.1739016,308.0722
1970-01-02 01:22:58,11988.862,141.57838,79.51333,4.3545146,0.63261884,308.79675
1970-01-02 01:22:59,12024.464,144.60289,228.75209,5.669943,-0.6694525,309.01428
1970-01-02 01:23:00,12078.922,138.00293,0.57327324,1.3540689,-19.890049,309.6695
1970-01-02 01:23:01,11900.311,137.33669,-16.18698,2.8676665,-9.219286,309.25632
1970-01-02 01:23:02,12052.378,143.35411,8.71833,1.1418084,7.3944306,307.97742
1970-01-02 01:23:03,11959.875,140.12334,-123.54311,6.746607,-1.4019935,306.1064
1970-01-02 01:23:04,12017.997,138.75644,-233.31882,6.3019266,-12.11571,307.6059
1970-01-02 01:23:05,12037.164,136.32434,74.12984,3.6428368,17.914158,307.1131
1970-01-02 01:23:06,11986.316,140.04494,5.3301744,1.0129358,-6.103007,307.43997
1970-01-02 01:23:07,11994.836,144.58029,-64.55106,2.0188417,-5.7723107,307.28864
1970-01-02 01:23:08,11945.542,142.975,-201.0148,-4.505203,2.9252918,307.10596
1970-01-02 01:23:09,12061.549,136.26659,-180.84132,0.39715213,-16.160206,308.87924
1970-01-02 01:23:10,11915.637,134.48499,151.12285,1.9891199,0.87295455,308.03006
1970-01-02 01:23:11,11916.648,140.70792,381.14178,10.968208,9.916393,308.27722
1970-01-02 01:23:12,11981.447,130.95676,-163.46335,3.5652378,7.055406,309.70926
1970-01-02 01:23:13,11928.684,139.88075,-107.34091,1.7505206,-1.1005965,308.05716
1970-01-02 01:23:14,12049.817,146.04579,-124.81971,3.7428904,6.4353733,307.84192
1970-01-02 01:23:15,12006.177,135.54767,297.7517,3.97024,-1.7988198,308.2284
1970-01-02 01:23:16,12057.4795,142.16536,11.061071,2.1664019,12.323311,309.08752
1970-01-02 01:23:17,11981.134,139.28416,210.71628,5.496634,-19.21122,309.02444
1970-01-02 01:23:18,12064.029,140.22725,209.70718,-3.9146252,-1.3354543,309.7448
1970-01-02 01:23:19,11983.715,142.63332,113.83542,0.11645868,1.6997633,310.1323
1970-01-02 01:23:20,11897.192,144.56377,-281.1234,0.63940513,-5.976367,310.06836
1970-01-02 01:23:21,11754.116,130.29843,-248.91312,0.7360586,0.938592,310.58868
1970-01-02 01:23:22,12023.093,141.39911,-190.89638,-2.1315534,-1.8236725,312.78226
1970-01-02 01:23:23,12021.338,136.28258,146.98453,1.8280232,18.32957,312.84485
1970-01-02 01:23:24,12078.478,140.50568,330.65402,4.9448533,-3.69699,313.74423
1970-01-02 01:23:25,11939.906,141.13284,68.669914,2.2609274,-3.6964054,312.7398
1970-01-02 01:23:26,11996.227,136.7531,10.1288805,-2.7590172,4.545689,313.3569
1970-01-02 01:23:27,11958.902,141.09377,-108.87408,6.065596,8.5674095,313.2408
1970-01-02 01:23:28,11942.477,148.56438,75.33766,-2.0246644,17.503765,312.82376
1970-01-02 01:23:29,11973.613,133.53087,157.1824,5.4118223,9.794188,314.30356
1970-01-02 01:23:30,11967.824,139.94373,-68.187126,5.725218,10.388801,315.80023
1970-01-02 01:23:31,11875.115,142.70966,32.11558,-1.2286655,-11.112467,316.8907
1970-01-02 01:23:32,12037.988,148.999,-33.630646,-1.7097923,4.1820726,316.87317
1970-01-02 01:23:33,11985.921,142.77588,-158.98128,7.199045,7.6236153,316.80167
1970-01-02 01:23:34,12090.098,135.16772,82.421425,-0.01632212,-7.1754813,316.79913
1970-01-02 01:23:35,12000.943,141.4288,-161.85619,-2.7201886,13.082409,318.30045
1970-01-02 01:23:36,12038.55,141.92366,167.03955,0.29903054,-8.087612,318.58582
1970-01-02 01:23:37,11986.526,136.84344,239.63614,-0.1818038,5.983978,318.26227
1970-01-02 01:23:38,12064.173,138.67865,-263.7293,6.642329,-6.354152,316.80508
1970-01-02 01:23:39,11914.559,142.8615,273.4548,-1.8957824,3.5317094,317.58255
1970-01-02 01:23:40,11845.592,136.38562,136.9088,1.8221264,-13.023766,315.37552
1970-01-02 01:23:41,12052.93,134.74405,121.267494,0.3784996,14.362545,314.7055
1970-01-02 01:23:42,12159.985,138.25569,67.78114,2.2879906,4.011828,315.30823
1970-01-02 01:23:43,11930.212,144.6239,-34.421585,2.8653197,4.126788,314.24646
1970-01-02 01:23:44,11957.572,130.62674,207.2189,-1.7001443,7.385701,316.60788
1970-01-02 01:23:45,11956.817,137.32942,196.43517,0.8421162,-13.88814,317.75226
1970-01-02 01:23:46,11931.9,143.31677,225.202,4.4096594,3.2846143,316.41248
1970-01-02 01:23:47,11930.383,138.50098,165.51997,-1.7661602,14.318466,314.43304
1970-01-02 01:23:48,11994.53,142.23285,-74.12063,-0.4286965,4.5504136,314.2638
1970-01-02 01:23:49,11933.441,140.52158,38.395885,-2.9293694,-11.903525,314.40692
1970-01-02 01:23:50,11889.031,138.10994,118.90952,-3.4314277,6.0213604,313.4909
1970-01-02 01:23:51,12079.364,141.73206,193.44418,0.63439214,9.697548,312.48642
1970-01-02 01:23:52,11946.308,138.91139,84.41075,1.5245891,-7.2933598,313.74612
1970-01-02 01:23:53,12089.088,137.20761,-7.0209045,3.0068955,-3.6938534,313.19083
1970-01-02 01:23:54,11844.549,136.52818,271.08005,3.6335678,-6.8577175,312.63766
1970-01-02 01:23:55,12088.127,137.06564,-69.27662,,-12.940824,311.95096
1970-01-02 01:23:56,12021.16,135.67455,-267.0491,3.5778303,-0.9129361,311.64722
1970-01-02 01:23:57,12119.581,144.30296,-26.179367,1.3127972,-8.884017,311.25046
1970-01-02 01:23:58,11919.967,133.8917,-62.248177,-1.9396391,2.7827888,310.76404
1970-01-02 01:23:59,11966.38,137.90416,-12.926431,-1.6821496,-10.203758,311.8674
1970-01-02 01:24:00,12043.608,141.37811,64.50895,-2.7149496,16.962511,312.4201
1970-01-02 01:24:01,11972.266,140.37932,152.05852,0.9391814,-21.694153,311.75092
1970-01-02 01:24:02,11989.44,137.8314,,-2.3872838,12.574509,312.66553
1970-01-02 01:24:03,12005.213,138.26472,-10.380885,2.610043,-12.612049,312.8439
1970-01-02 01:24:04,12066.919,145.39903,255.0008,3.8854408,-3.821076,311.89447
1970-01-02 01:24:05,11974.862,142.84166,448.986,3.704031,-6.261686,310.5335
1970-01-02 01:24:06,11974.905,143.52502,-24.6319,6.245126,6.2699056,310.68652
1970-01-02 01:24:07,11943.235,142.25673,-134.95052,2.1534612,1.4933318,309.63358
1970-01-02 01:24:08,11998.606,138.5821,324.0055,-1.3526317,8.886278,310.058
1970-01-02 01:24:09,12169.033,139.8064,232.11617,-1.43722,12.481395,310.34793
1970-01-02 01:24:10,12017.315,144.89554,387.4139,8.20466,17.953417,311.94604
1970-01-02 01:24:11,11912.063,144.13417,356.52417,-1.232264,6.315489,311.7473
1970-01-02 01:24:12,12008.647,148.52882,304.13565,-0.07971445,,312.11194
1970-01-02 01:24:13,11967.5625,137.47997,-15.742565,4.5206246,2.7183652,311.36017
1970-01-02 01:24:14,12005.461,144.4688,-216.47781,4.163132,-6.1617208,311.4427
1970-01-02 01:24:15,12010.292,136.83371,-302.68356,0.28505033,5.958369,311.18033
1970-01-02 01:24:16,12046.288,143.98868,-520.28094,0.91503626,13.075586,311.37283
1970-01-02 01:24:17,12054.135,143.12567,99.52941,2.1447291,4.852267,312.51965
1970-01-02 01:24:18,11915.519,147.80638,-464.46048,1.932488,-4.4131293,312.857
1970-01-02 01:24:19,11771.208,143.41899,-308.8104,5.8235893,13.386424,312.1317
1970-01-02 01:24:20,11930.319,137.22852,30.129915,8.215498,-9.484754,312.91742
1970-01-02 01:24:21,11973.348,145.65187,-11.455075,-1.4870203,-11.292232,313.09244
1970-01-02 01:24:22,11968.437,143.19585,-67.15914,1.9645329,1.8824673,312.72336
1970-01-02 01:24:23,11938.411,141.08755,54.896687,4.90828,-18.210432,313.00687
1970-01-02 01:24:24,12062.442,142.20935,104.16803,4.978772,3.4799194,313.69705
1970-01-02 01:24:25,12094.51,147.12134,131.15344,-3.492598,15.898941,312.34583
1970-01-02 01:24:26,12232.543,137.88896,-20.604305,-1.4656298,1.1114709,311.552
1970-01-02 01:24:27,12139.711,140.8243,-101.70269,-0.46191943,-5.4774256,311.03253
1970-01-02 01:24:28,12116.678,137.77676,261.4438,5.859803,-10.316877,311.28293
1970-01-02 01:24:29,12068.715,146.69499,585.4926,-0.45946002,-12.914203,312.2211
1970-01-02 01:24:30,11957.627,142.32553,241.74904,2.3144917,7.5380325,313.00604
1970-01-02 01:24:31,11986.258,136.14673,380.2121,5.403111,7.923894,312.89252
1970-01-02 01:24:32,12035.611,141.82883,110.84084,2.2343087,-0.16510972,311.66626
1970-01-02 01:24:33,12081.888,139.81792,-133.02481,0.14335135,7.764093,312.8517
1970-01-02 01:24:34,11997.593,138.45352,292.35086,3.578993,1.2702979,313.39877
1970-01-02 01:24:35,11957.291,149.19902,75.33931,1.70254,-5.060857,313.61298
1970-01-02 01:24:36,12010.054,142.63596,-407.45068,-0.47055227,-3.079022,313.7044
1970-01-02 01:24:37,12185.455,140.9317,153.96318,3.8145766,-11.027596,314.5928
1970-01-02 01:24:38,11922.194,141.57436,1.1109558,2.3586946,2.5413604,314.03262
1970-01-02 01:24:39,11749.119,149.36559,68.50126,2.8327339,2.5840898,312.78787
1970-01-02 01:24:40,12045.083,142.1089,191.21167,9.255486,-12.505572,312.7242
1970-01-02 01:24:41,11973.477,142.59503,222.00693,6.8587685,-7.8559346,311.25925
1970-01-02 01:24:42,11972.584,147.67012,-114.63735,1.0150057,11.035995,310.65555
1970-01-02 01:24:43,11968.391,145.9976,73.180786,1.1572634,-8.267887,309.90778
1970-01-02 01:24:44,11999.592,141.06592,63.49804,-0.37718964,6.5418625,311.36804
1970-01-02 01:24:45,11972.156,145.98848,-19.268875,0.18385133,6.373558,311.85727
1970-01-02 01:24:46,12003.216,149.25945,89.89648,-1.7066079,-1.7200888,311.18155
1970-01-02 01:24:47,12022.822,150.18845,-271.29282,2.9187317,-1.1305426,309.92584
1970-01-02 01:24:48,11928.503,139.1393,-232.80959,-1.7197415,-0.2764448,310.69998
1970-01-02 01:24:49,11969.644,140.3232,-163.85486,-1.015018,-0.33071852,311.91785
1970-01-02 01:24:50,12017.328,138.71086,56.133156,4.946452,-1.9452482,310.84854
1970-01-02 01:24:51,12006.207,146.27643,61.42826,1.2331507,0.34646282,308.60385
1970-01-02 01:24:52,11999.213,148.69728,-288.8542,3.3716333,-4.230446,307.61102
1970-01-02 01:24:53,11987.819,138.92184,215.1116,-2.3207798,-2.92757,308.30554
1970-01-02 01:24:54,11926.161,,226.47331,4.7427807,25.592184,308.06772
1970-01-02 01:24:55,12010.581,138.80022,-175.29202,0.49645323,14.483318,306.89725
1970-01-02 01:24:56,11957.542,146.39334,322.3508,3.8925202,1.8919779,306.99066
1970-01-02 01:24:57,11981.374,147.86595,-3.8923316,0.68619454,11.4558,306.67755
1970-01-02 01:24:58,11826.996,143.0467,-395.556,2.6333892,-14.337735,306.5858
1970-01-02 01:24:59,11956.469,142.52377,88.05845,5.6076164,1.6427023,307.1157
1970-01-02 01:25:00,11919.169,146.5794,-41.0492,4.726698,17.369503,306.07132
1970-01-02 01:25:01,12054.475,141.26035,-43.53194,0.77791876,2.8008645,307.01874
1970-01-02 01:25:02,12095.434,143.42877,490.3168,3.3395824,-7.240387,307.20966
1970-01-02 01:25:03,12051.693,142.68686,-405.0511,-3.2757692,-6.073719,308.06128
1970-01-02 01:25:04,11875.096,143.15393,-115.99288,-3.59716,-1.0089076,308.34988
1970-01-02 01:25:05,12032.971,141.60419,236.00414,-2.21875,11.024671,310.08847
1970-01-02 01:25:06,12044.813,139.92265,-262.0316,2.5197992,2.714665,310.17606
1970-01-02 01:25:07,11866.468,140.99261,177.82793,2.441146,15.064885,309.94394
1970-01-02 01:25:08,12118.698,146.68661,274.79013,2.5798295,-10.107289,309.73892
1970-01-02 01:25:09,11976.927,147.45877,65.61245,2.3290737,-20.357134,310.20493
1970-01-02 01:25:10,12063.662,142.37228,-236.40756,-0.8045289,13.916678,310.50406
1970-01-02 01:25:11,12004.719,141.61276,-17.873653,2.8043666,-13.103287,311.5291
1970-01-02 01:25:12,11996.361,144.47185,-79.15568,-5.0126348,21.950989,310.30948
1970-01-02 01:25:13,12030.297,148.70653,-63.96332,0.9057473,7.4426413,309.19733
1970-01-02 01:25:14,12093.516,135.23604,-409.2884,4.237991,-2.3256445,308.69034
1970-01-02 01:25:15,12075.808,144.09665,96.912125,0.8749227,5.0853252,308.96222
1970-01-02 01:25:16,12043.476,143.04045,452.0501,-3.590814,7.904129,309.51724
1970-01-02 01:25:17,12103.517,140.93819,-232.5842,4.824934,5.950638,310.22522
1970-01-02 01:25:18,12095.263,149.09364,114.745766,-1.4468486,-7.4274416,309.20868
1970-01-02 01:25:19,12053.66,145.22704,48.946873,7.50169,5.973656,308.74384
1970-01-02 01:25:20,12000.079,147.86755,165.34302,-4.1863213,-13.224932,307.66003
1970-01-02 01:25:21,11950.982,144.9495,-326.11273,-1.4345677,-1.2644699,307.64227
1970-01-02 01:25:22,12011.473,143.30844,-170.74533,1.8208688,3.3207386,306.7421
1970-01-02 01:25:23,12010.839,147.81532,-134.25366,1.9587579,-1.500316,306.49448
1970-01-02 01:25:24,12009.748,145.7545,-231.44547,1.3213556,4.79165,304.9008
1970-01-02 01:25:25,12097.41,141.26427,181.7776,1.0807265,6.8609514,306.65546
1970-01-02 01:25:26,12057.014,150.64404,165.52327,2.8843062,-12.941367,307.50317
1970-01-02 01:25:27,12108.348,141.08398,72.07123,3.1224,5.3327956,308.5298
1970-01-02 01:25:28,12012.639,140.80847,-74.615944,1.6271713,1.843334,308.23355
1970-01-02 01:25:29,11877.152,146.3844,47.70584,2.164944,1.1006215,308.34586
1970-01-02 01:25:30,11985.445,139.99179,-41.49998,1.4143806,-16.975061,310.57346
1970-01-02 01:25:31,12011.903,142.7901,-208.86212,0.9009896,-0.25705212,311.15448
1970-01-02 01:25:32,12010.335,139.86102,-124.59439,8.479107,-15.342782,313.4745
1970-01-02 01:25:33,12011.618,145.82376,134.53683,2.370731,15.196546,313.01398
1970-01-02 01:25:34,12075.855,140.0876,-143.21143,-0.9504965,-7.6874123,312.85272
1970-01-02 01:25:35,11908.181,142.90788,-91.360085,4.2260256,0.9058873,313.62796
1970-01-02 01:25:36,12020.947,151.27098,33.120686,-4.536269,-8.338249,311.67764
1970-01-02 01:25:37,12174.207,144.73564,119.70494,1.9128189,11.395785,311.3743
1970-01-02 01:25:38,12016.6875,145.69304,-450.05597,-4.6925077,-14.887338,311.81235
1970-01-02 01:25:39,11982.123,142.43747,-288.3241,3.5062613,-12.468733,312.7619
1970-01-02 01:25:40,12005.457,150.95265,-187.52951,1.7115555,6.5095305,311.8157
1970-01-02 01:25:41,11950.786,141.68266,39.530827,3.6283844,-3.774757,313.60672
1970-01-02 01:25:42,11865.056,143.7338,238.85448,0.0029057583,8.905365,311.83466
1970-01-02 01:25:43,12022.968,144.49799,28.930864,1.1525122,10.389618,311.06662
1970-01-02 01:25:44,11927.393,145.92455,-235.75835,6.2586384,15.49026,313.21594
1970-01-02 01:25:45,11998.879,148.64055,214.3863,-2.446168,,311.17325
1970-01-02 01:25:46,11897.035,142.13417,,3.8113563,-15.693159,309.17862
1970-01-02 01:25:47,12057.325,140.46016,269.69403,-1.4121195,19.199385,308.17813
1970-01-02 01:25:48,11958.0205,146.82806,-179.76183,3.358501,-26.455648,308.97705
1970-01-02 01:25:49,12000.383,138.29985,-110.18426,5.4609084,-0.20245351,308.56778
1970-01-02 01:25:50,12109.998,148.08748,-270.0252,-1.5731252,11.540871,308.058
1970-01-02 01:25:51,11916.082,144.08669,478.2272,0.5697067,-6.6229644,307.01074
1970-01-02 01:25:52,12027.542,142.3774,-104.30407,-2.6505332,2.8619173,306.03033
1970-01-02 01:25:53,12027.432,148.68384,238.91429,-1.5262214,-2.1551707,305.49365
1970-01-02 01:25:54,12045.695,146.8839,389.14896,2.7063968,-17.613281,306.44397
1970-01-02 01:25:55,12020.078,142.36397,-234.74323,-1.2192749,-13.196164,307.1817
1970-01-02 01:25:56,12072.69,145.0908,318.84518,-3.4785013,3.0595589,306.76157
1970-01-02 01:25:57,12012.111,143.075,180.48906,4.4136553,-5.983087,306.76434
1970-01-02 01:25:58,12093.93,148.37233,-73.724976,3.9405818,4.5032835,307.30005
1970-01-02 01:25:59,11878.767,139.0428,16.315203,1.6133521,-5.6167006,304.34668
1970-01-02 01:26:00,12017.707,145.70004,-308.78806,1.9449574,-3.7294686,303.71854
1970-01-02 01:26:01,11794.971,146.61818,50.833153,4.2836695,9.046079,304.32843
1970-01-02 01:26:02,12097.609,143.75595,-183.24385,0.6139122,-13.051915,302.28424
1970-01-02 01:26:03,11949.668,150.76996,54.896538,2.462126,-1.2228978,301.46982
1970-01-02 01:26:04,12029.777,143.08316,-347.8088,6.0380445,10.721418,302.54044
1970-01-02 01:26:05,11950.152,145.70227,28.26871,-2.8263252,1.5192546,303.01013
1970-01-02 01:26:06,12017.216,147.69281,,-1.5153946,-5.1932073,302.44202
1970-01-02 01:26:07,12153.723,142.29962,54.31589,0.98079866,-6.9690123,301.6824
1970-01-02 01:26:08,11994.85,145.6221,-105.50031,2.4151387,5.0756063,303.18915
1970-01-02 01:26:09,12064.707,143.46191,-211.53242,3.4423666,0.019424383,304.40756
1970-01-02 01:26:10,11908.471,144.59714,-108.26015,4.1828747,8.180073,304.86554
1970-01-02 01:26:11,11882.43,147.75633,-135.91821,-0.38721544,3.5239973,305.134
1970-01-02 01:26:12,12146.261,144.09302,-286.13104,6.98588,0.9150665,302.89337
1970-01-02 01:26:13,11975.725,143.92955,-148.16367,-1.1725416,-3.5103393,303.0087
1970-01-02 01:26:14,12040.84,141.69745,-492.36215,-0.10416186,-11.042644,303.68134
1970-01-02 01:26:15,12134.507,141.6449,244.29291,1.4677444,-20.88213,303.08957
1970-01-02 01:26:16,12034.329,144.45702,-159.75331,5.5361056,-20.487238,303.29092
1970-01-02 01:26:17,11904.542,141.92206,13.181691,6.8940926,10.015078,303.07953
1970-01-02 01:26:18,12041.608,147.04813,43.551598,1.6340214,-7.458535,303.58047
1970-01-02 01:26:19,12016.542,144.60316,-284.6609,3.5554948,5.7326403,303.50656
1970-01-02 01:26:20,11984.27,145.67172,-228.609,0.025200509,9.199014,302.2953
1970-01-02 01:26:21,11937.164,146.79985,0.93053985,3.8415747,-15.300716,303.32504
1970-01-02 01:26:22,12055.185,148.07486,-60.625294,-3.8738606,-13.0425625,304.49652
1970-01-02 01:26:23,12129.163,146.51216,544.9718,4.1813016,-6.545435,305.6434
1970-01-02 01:26:24,11953.182,146.75919,-59.97219,-0.6330461,-1.2768952,305.29922
1970-01-02 01:26:25,11949.982,153.88663,-45.064007,0.54176205,-25.798796,302.86713
1970-01-02 01:26:26,11939.251,144.57336,4.0758915,0.16036053,-5.217026,303.23334
1970-01-02 01:26:27,12072.822,147.84538,-218.80898,-2.0735252,3.1908572,303.6758
1970-01-02 01:26:28,11901.694,146.23137,-2.328903,2.321505,6.0241675,302.84982
1970-01-02 01:26:29,12013.176,142.2476,196.80061,6.9076476,13.096118,301.70334
1970-01-02 01:26:30,12109.545,142.50224,-243.35881,-1.7898407,-0.24856494,300.50568
1970-01-02 01:26:31,11979.789,148.42569,-207.00163,0.7969552,8.683647,298.78638
1970-01-02 01:26:32,11997.588,145.18816,82.585205,4.443515,1.6447917,297.3114
1970-01-02 01:26:33,11932.88,141.9612,148.83765,-1.8665271,1.6297907,296.14508
1970-01-02 01:26:34,12015.776,147.19737,250.89624,2.4228625,-2.7654684,295.43036
1970-01-02 01:26:35,11992.844,149.45293,-21.111708,-3.023196,-3.0721824,294.21664
1970-01-02 01:26:36,11952.172,144.65994,213.02304,-3.409866,1.6050017,294.88947
1970-01-02 01:26:37,11918.929,146.68094,-0.60462224,4.907426,13.229199,294.56
1970-01-02 01:26:38,11935.099,142.25064,413.25958,-0.1415112,-1.5007293,294.26956
1970-01-02 01:26:39,11890.323,146.8107,-61.498653,3.1339712,4.9919896,294.13187
1970-01-02 01:26:40,12107.195,139.15378,446.2731,2.4171753,8.56185,293.7113
1970-01-02 01:26:41,12120.56,145.55148,478.11395,3.9738898,-9.222888,292.70383
1970-01-02 01:26:42,11917.284,139.01808,89.10995,4.0095153,9.588074,290.47278
1970-01-02 01:26:43,11973.196,150.60995,-164.89606,2.603346,20.285524,291.3096
1970-01-02 01:26:44,12045.588,154.59001,267.98444,2.8500257,5.6787934,290.6953
1970-01-02 01:26:45,11918.398,136.94508,119.74556,6.967967,-3.8564537,294.26553
1970-01-02 01:26:46,11868.528,140.90086,92.008995,2.7241626,2.0935488,294.36343
1970-01-02 01:26:47,12031.671,145.21883,-3.7519455,2.087897,9.129035,293.98514
1970-01-02 01:26:48,11895.203,146.78394,-559.58276,-0.41832075,18.481596,294.5973
1970-01-02 01:26:49,12039.899,142.22975,-102.65355,0.148674,-21.589146,295.50323
1970-01-02 01:26:50,12100.6,145.8336,-118.27242,5.7617364,-3.0710561,294.91882
1970-01-02 01:26:51,11967.413,146.8454,-84.55829,3.8466938,1.6396691,295.24677
1970-01-02 01:26:52,12034.838,142.84503,48.94687,1.4744463,-6.8106112,293.15063
1970-01-02 01:26:53,12019.16,143.8915,145.2431,0.55676466,0.16222069,294.37622
1970-01-02 01:26:54,11925.776,144.8671,-84.307816,3.449068,10.471229,291.76672
1970-01-02 01:26:55,12045.262,143.07237,163.46396,-0.22168355,-7.262328,292.623
1970-01-02 01:26:56,12120.763,144.94269,-139.60411,2.8823814,-8.03942,293.44937
1970-01-02 01:26:57,11996.586,144.11293,0.8717868,1.1338423,0.92508316,293.90244
1970-01-02 01:26:58,12017.413,146.56732,-105.3909,8.756602,-6.6533833,292.40475
1970-01-02 01:26:59,11839.741,140.72626,23.946474,3.6233912,-4.0104437,292.43945
1970-01-02 01:27:00,11933.057,138.15768,-1.1133188,-4.162302,-4.925752,291.7315
1970-01-02 01:27:01,12108.844,148.39629,-23.532066,2.6643798,-13.388064,290.63803
1970-01-02 01:27:02,12066.816,153.00673,174.6499,7.612574,-5.2819986,289.25424
1970-01-02 01:27:03,11947.91,149.7692,17.257475,1.4406114,21.197731,288.99255
1970-01-02 01:27:04,12076.807,148.06548,62.41531,0.5142111,2.216026,289.76172
1970-01-02 01:27:05,11821.738,145.48654,162.67601,3.1372833,6.7363544,289.08105
1970-01-02 01:27:06,12030.936,147.08789,-138.78668,,2.8736446,289.75076
1970-01-02 01:27:07,11954.378,146.62831,-223.43375,3.2054527,-9.681013,290.21417
1970-01-02 01:27:08,12089.81,145.85138,-182.86775,5.109629,-8.742454,291.70483
1970-01-02 01:27:09,11991.671,149.62201,-84.661575,-0.064006306,0.6947129,291.17468
1970-01-02 01:27:10,12040.615,149.41182,-74.597305,-3.4930186,-8.031247,290.88736
1970-01-02 01:27:11,,145.15865,-375.4917,1.8468649,-1.690915,290.5145
1970-01-02 01:27:12,11941.1045,154.30336,-96.54102,2.8008935,,290.06268
1970-01-02 01:27:13,12150.373,141.6748,-158.65488,6.242258,0.19087656,291.6826
1970-01-02 01:27:14,12061.941,150.66254,-94.58736,-0.5822581,4.7263145,290.75992
1970-01-02 01:27:15,11990.165,146.68408,-13.316571,-0.83132833,1.8408461,290.16718
1970-01-02 01:27:16,11883.1455,148.75525,-178.10228,-0.91347796,14.616732,289.22266
1970-01-02 01:27:17,11962.161,143.49628,-112.00822,4.4198265,17.109777,289.2528
1970-01-02 01:27:18,12014.485,144.92755,46.81508,-0.9262105,4.7228546,290.14987
1970-01-02 01:27:19,12011.053,145.66988,77.69348,3.4909885,-1.7039865,291.10132
1970-01-02 01:27:20,12100.731,140.93822,-139.17111,-1.5312834,17.03844,291.33505
1970-01-02 01:27:21,11986.991,148.6147,-217.97191,5.216251,-0.11614448,291.71503
1970-01-02 01:27:22,11807.753,152.03438,-5.0594473,3.918298,6.9709926,291.76657
1970-01-02 01:27:23,12033.727,150.065,-78.47409,5.738948,12.515382,291.32922
1970-01-02 01:27:24,12175.78,152.86305,-92.354164,9.461849,-3.8920627,291.8026
1970-01-02 01:27:25,11967.236,148.50247,189.03151,-1.0979968,-12.964177,292.212
1970-01-02 01:27:26,12184.874,154.35141,117.48476,-2.1715798,11.77861,291.44913
1970-01-02 01:27:27,11954.538,146.6636,-16.963926,2.8558807,12.300194,292.5645
1970-01-02 01:27:28,12002.172,151.00145,-22.857311,-0.05390744,9.815491,292.35468
1970-01-02 01:27:29,11918.883,144.59494,-283.48688,5.740911,-1.1480653,292.23328
1970-01-02 01:27:30,12007.562,146.78635,13.8866,-2.6796792,-6.49123,292.37097
1970-01-02 01:27:31,12038.436,148.22658,110.419304,-1.6449242,12.406265,292.9719
1970-01-02 01:27:32,12090.883,153.99512,-41.89798,3.9629507,-2.9815073,292.23453
1970-01-02 01:27:33,12081.809,146.56865,72.67344,-0.2380392,-7.084472,292.60074
1970-01-02 01:27:34,12024.553,143.2273,165.3389,5.023793,-2.8795877,292.84186
1970-01-02 01:27:35,12056.135,147.77893,-177.03653,3.2366529,12.416728,293.98654
1970-01-02 01:27:36,12025.803,144.89958,82.940475,-0.42278445,6.0797687,293.11435
1970-01-02 01:27:37,11959.5,142.36833,-168.21574,-0.036280967,4.955628,295.37057
1970-01-02 01:27:38,12055.799,137.93224,-269.0072,-0.811205,3.0647128,296.38925
1970-01-02 01:27:39,12032.627,149.25337,-139.15707,2.6215873,20.235884,296.0066
1970-01-02 01:27:40,12088.503,151.3934,-129.47661,2.200127,13.686582,294.38647
1970-01-02 01:27:41,11842.784,145.9572,85.22325,-1.8935604,-3.21544,294.87503
1970-01-02 01:27:42,12035.479,146.31847,380.94736,3.8052635,-6.039932,295.29318
1970-01-02 01:27:43,11973.744,148.34593,361.24316,1.2050576,-3.0093808,296.9459
1970-01-02 01:27:44,11861.716,146.61702,-61.274055,3.650248,-8.050927,295.89575
1970-01-02 01:27:45,12022.588,145.04457,15.221457,2.0002184,-24.07798,296.07443
1970-01-02 01:27:46,11902.931,145.99696,72.97081,2.3045318,,296.3734
1970-01-02 01:27:47,12025.7705,143.75433,103.03545,-2.6081285,-3.2895243,294.1166
1970-01-02 01:27:48,12059.51,147.83736,93.50738,-1.2671725,-11.166197,291.84518
1970-01-02 01:27:49,11932.679,147.58391,-168.74841,2.4200048,4.4990835,292.42123
1970-01-02 01:27:50,11917.195,146.10614,-162.48248,5.203212,24.502,292.9434
1970-01-02 01:27:51,12098.437,144.64973,74.325836,-0.6925664,-10.264916,294.6809
1970-01-02 01:27:52,11816.406,144.42926,306.5517,-0.21398802,0.23521522,293.75415
1970-01-02 01:27:53,12084.427,155.02734,312.7153,-0.2307827,-12.880808,295.08124
1970-01-02 01:27:54,11937.863,153.6144,-148.99895,1.7299823,-11.983722,295.82483
1970-01-02 01:27:55,11973.68,144.71939,219.15047,-0.42708904,-3.7730918,295.91153
1970-01-02 01:27:56,12073.783,153.5103,-60.046055,2.3158257,-12.202773,296.27618
1970-01-02 01:27:57,12011.077,146.3086,221.30956,-3.3864927,1.2589176,296.00156
1970-01-02 01:27:58,11946.486,147.4073,412.95535,1.8671713,-11.50675,296.71732
1970-01-02 01:27:59,11914.965,149.59937,-426.41934,0.7052407,2.1215508,295.65744
1970-01-02 01:28:00,12098.668,156.19781,157.74239,1.6194959,8.895114,295.59225
1970-01-02 01:28:01,12135.858,154.29353,17.986446,4.6501184,4.7995253,295.81653
1970-01-02 01:28:02,11973.7295,145.34508,176.31749,-6.134543,-3.2719934,296.8334
1970-01-02 01:28:03,11820.109,152.44789,5.9598145,1.8370069,8.963385,297.92477
1970-01-02 01:28:04,12150.634,152.74916,-98.741554,4.9882884,2.692427,296.77008
1970-01-02 01:28:05,11919.687,145.48123,450.17834,-1.9254787,-1.4428056,297.58826
1970-01-02 01:28:06,12054.282,150.32492,11.269679,5.246546,-26.191359,297.28372
1970-01-02 01:28:07,12057.823,146.53444,-80.92814,-3.9273138,-22.264816,298.2363
1970-01-02 01:28:08,12022.265,141.84818,-15.834027,3.6192505,12.902899,297.889
1970-01-02 01:28:09,12040.859,149.76254,-274.75266,-0.9929616,-0.02315901,300.2312
1970-01-02 01:28:10,12009.915,142.28502,-200.3937,0.98594934,-2.1012232,302.19614
1970-01-02 01:28:11,11901.608,148.31947,32.46118,7.5186863,27.816984,303.0155
1970-01-02 01:28:12,11868.565,145.54156,-81.36066,1.9689627,19.869349,301.30667
1970-01-02 01:28:13,11919.833,148.87357,265.1436,0.604869,13.967077,300.44846
1970-01-02 01:28:14,11826.927,141.9025,46.42621,7.5077066,1.3860787,300.11356
1970-01-02 01:28:15,11956.851,150.91,94.795715,2.4374402,5.2075086,301.5283
1970-01-02 01:28:16,12145.141,149.5761,203.10141,-2.1807227,-7.033479,303.5955
1970-01-02 01:28:17,12059.683,147.34834,104.39894,-2.3552892,16.372307,305.70935
1970-01-02 01:28:18,11970.684,146.38666,-85.32202,-0.4829925,7.888884,306.2097
1970-01-02 01:28:19,11994.531,143.35233,620.51025,-5.3574777,-5.8528476,306.80847
1970-01-02 01:28:20,12011.81,146.27887,-366.00745,0.9749733,-3.053465,308.41895
1970-01-02 01:28:21,12100.072,145.26477,-227.18684,2.5506344,15.596721,308.88635
1970-01-02 01:28:22,11930.655,149.33047,-257.00745,2.4441578,-12.511407,309.90436
1970-01-02 01:28:23,12038.772,149.69148,-38.613976,3.0732074,-4.5711646,308.3825
1970-01-02 01:28:24,12063.539,150.6096,74.91923,2.6754322,1.65474,308.60205
1970-01-02 01:28:25,12064.322,149.50632,-224.94403,-1.826695,-3.614004,307.60626
1970-01-02 01:28:26,12122.678,149.85732,245.98244,4.761895,2.6881287,307.50732
1970-01-02 01:28:27,11993.381,152.36179,0.3503017,-0.5574201,16.723312,307.58237
1970-01-02 01:28:28,11986.81,141.34433,178.49254,2.349673,-5.764056,306.63007
1970-01-02 01:28:29,11952.556,146.30376,-53.91306,-2.393092,-10.38057,306.18686
1970-01-02 01:28:30,12027.026,151.96793,50.27176,-2.8412504,-9.962976,306.13275
1970-01-02 01:28:31,11966.789,146.2428,91.437546,2.9467525,10.514759,306.1128
1970-01-02 01:28:32,11952.83,152.19179,-21.314398,0.62488174,6.2898536,305.45996
1970-01-02 01:28:33,12058.679,153.22198,-420.21616,0.7921175,4.2766967,306.42245
1970-01-02 01:28:34,12111.239,152.95706,-279.8182,1.0397778,-1.6120105,306.2516
1970-01-02 01:28:35,12013.283,151.9478,-130.28305,6.670244,-13.472094,306.42148
1970-01-02 01:28:36,11926.555,149.5756,-7.5650883,1.8711739,4.901866,305.92798
1970-01-02 01:28:37,11950.215,149.72993,-137.67891,-0.41338015,-5.5349016,305.29855
1970-01-02 01:28:38,12071.305,150.85252,124.634605,-0.7434863,10.1349745,305.06558
1970-01-02 01:28:39,12000.857,144.52888,-191.64653,4.8431187,1.134397,306.40353
1970-01-02 01:28:40,11898.531,143.64792,176.77058,4.198809,-4.8170395,307.30038
1970-01-02 01:28:41,11863.894,147.50648,440.98602,3.4179475,-14.835183,305.36588
1970-01-02 01:28:42,12043.052,152.80518,-74.44269,1.6127584,2.5059001,305.57993
1970-01-02 01:28:43,11957.875,148.6751,-200.14539,3.725786,4.2492814,305.03967
1970-01-02 01:28:44,12025.885,147.65645,-68.63921,3.8000095,-0.19213432,304.45584
1970-01-02 01:28:45,11957.598,151.40857,144.69727,-1.7892774,11.898679,304.62982
1970-01-02 01:28:46,11979.113,147.53484,394.32968,-1.270284,-18.989899,304.88324
1970-01-02 01:28:47,12165.936,146.08447,-362.31546,3.212865,-5.0636573,303.41162
1970-01-02 01:28:48,11998.487,145.01332,-138.95447,5.7950044,2.4558387,303.9213
1970-01-02 01:28:49,12023.592,142.24205,-38.023956,0.73583406,-0.3362826,304.05023
1970-01-02 01:28:50,12130.383,147.31073,303.31152,-0.42094696,4.14401,301.7172
1970-01-02 01:28:51,11999.972,150.25464,272.04764,0.14026713,-16.992807,301.62936
1970-01-02 01:28:52,12083.695,150.94131,-75.01884,3.6574469,-12.859788,301.71124
1970-01-02 01:28:53,11868.156,145.50803,228.11034,2.5655844,0.8830534,302.93518
1970-01-02 01:28:54,11971.713,153.49649,-11.55239,1.7174107,-10.561485,302.1137
1970-01-02 01:28:55,11953.738,148.01537,-225.09859,6.534845,-9.381392,302.00845
1970-01-02 01:28:56,11982.649,151.74596,-193.53415,-2.1855972,-20.93939,302.39066
1970-01-02 01:28:57,12003.774,145.12488,6.792088,3.0403574,16.49126,301.5407
1970-01-02 01:28:58,11981.921,152.31218,312.48816,1.1461917,13.587873,301.94064
1970-01-02 01:28:59,11908.128,144.599,23.46834,1.5159649,-7.1954103,300.7498
1970-01-02 01:29:00,11996.258,158.05171,204.97485,-0.64072967,-2.0644186,302.4278
1970-01-02 01:29:01,12006.8125,145.4772,-74.198235,3.0710244,-19.675444,303.0373
1970-01-02 01:29:02,12040.766,146.75679,-422.72922,1.4374692,8.328416,302.43488
1970-01-02 01:29:03,12065.942,147.42601,-144.5879,-5.287415,-1.4173949,303.32886
1970-01-02 01:29:04,12012.035,146.43857,100.648224,-2.1306262,-1.667178,
1970-01-02 01:29:05,12006.3,151.35341,41.428204,1.850564,-8.3104315,302.78574
1970-01-02 01:29:06,11961.855,150.85622,-139.10089,0.59936494,7.361853,305.23523
1970-01-02 01:29:07,11931.658,149.83281,122.67271,5.8112035,-1.7083955,304.3684
1970-01-02 01:29:08,12036.097,148.49182,27.711655,4.0444407,-15.530035,304.04678
1970-01-02 01:29:09,11786.722,151.5046,-132.53091,-0.34328738,-16.101074,304.79196
1970-01-02 01:29:10,12016.094,146.18803,54.88499,-0.31342587,6.609299,304.12833
1970-01-02 01:29:11,11992.108,149.46643,-42.41732,-1.623419,-2.2809489,304.24493
1970-01-02 01:29:12,12114.377,145.18024,122.516014,3.2156334,0.17545615,304.70532
1970-01-02 01:29:13,12031.462,147.39203,-113.52892,2.1271584,-16.425638,303.83148
1970-01-02 01:29:14,11888.552,146.06943,49.55051,3.4304101,-1.6810111,304.19858
1970-01-02 01:29:15,12072.689,157.07445,-116.305435,3.0431774,8.27961,303.789
1970-01-02 01:29:16,12022.609,153.6991,12.962636,5.6740866,-10.220541,303.98093
1970-01-02 01:29:17,,149.66609,97.97084,4.946182,-7.1135793,303.3534
1970-01-02 01:29:18,12084.642,153.17323,-274.90817,4.261948,18.293959,301.71683
1970-01-02 01:29:19,11998.167,155.32227,222.49855,8.144729,16.636957,300.59375
1970-01-02 01:29:20,12003.092,145.69817,-184.92157,2.240927,-2.5243657,300.45404
1970-01-02 01:29:21,11980.606,146.0512,82.31165,-1.0331837,8.774576,303.7714
1970-01-02 01:29:22,12086.223,143.52986,29.079672,1.4451607,-10.187009,302.6361
1970-01-02 01:29:23,12023.206,151.56984,147.22057,6.158516,-3.4883838,304.2001
1970-01-02 01:29:24,11994.502,152.26674,-57.981297,2.1717882,9.335008,302.7309
1970-01-02 01:29:25,12079.535,144.69487,120.77932,1.2442626,4.162759,301.77103
1970-01-02 01:29:26,11904.053,146.5995,-238.28333,2.8460503,-15.992943,302.3165
1970-01-02 01:29:27,12027.699,145.40851,151.74878,5.2290835,-4.1346946,303.224
1970-01-02 01:29:28,11882.736,145.56227,-319.99298,3.663635,-19.747189,303.195
1970-01-02 01:29:29,11979.951,151.08333,-112.88213,2.6226962,-23.686832,302.4515
1970-01-02 01:29:30,12071.099,147.68507,-256.09354,-1.3962095,-4.395125,304.18845
1970-01-02 01:29:31,11980.489,148.66591,-384.27835,3.9374042,19.06667,305.16208
1970-01-02 01:29:32,11864.134,152.61267,39.37767,3.62726,3.1129923,304.73135
1970-01-02 01:29:33,11871.742,153.32623,109.24359,-3.6184545,-18.755728,303.7932
1970-01-02 01:29:34,11937.57,146.31078,-476.48026,3.0884917,-0.8423317,304.47232
1970-01-02 01:29:35,11918.676,155.56364,273.0437,-4.0134597,-14.367832,304.01068
1970-01-02 01:29:36,12077.07,149.08234,-257.59256,2.4044037,-6.7486014,304.49875
1970-01-02 01:29:37,11944.284,151.4214,-110.69284,-0.5111714,-2.770543,302.75732
1970-01-02 01:29:38,11896.21,152.36548,-153.1075,1.7709421,-8.764873,302.0109
1970-01-02 01:29:39,11972.89,142.23126,-373.34436,2.256957,21.998512,303.02985
1970-01-02 01:29:40,11794.168,156.21187,-189.17647,3.3747218,14.496373,301.29868
1970-01-02 01:29:41,11968.776,154.74887,-48.05123,-0.48596638,-0.3142796,301.7688
1970-01-02 01:29:42,12089.005,150.58855,-115.26233,4.4402475,12.305952,301.78806
1970-01-02 01:29:43,12008.946,144.28476,-83.755585,5.400593,25.247002,303.44547
1970-01-02 01:29:44,12095.206,148.40402,-245.8578,-5.456368,-0.96551967,303.75134
1970-01-02 01:29:45,11946.301,154.55362,-261.42755,0.7412597,-4.0352044,303.37753
1970-01-02 01:29:46,11967.288,151.47237,-299.36115,-0.14296389,-6.678762,303.37082
1970-01-02 01:29:47,12121.139,158.78828,191.58371,6.229394,-2.8772137,302.09357
1970-01-02 01:29:48,12045.597,148.44342,-220.07271,4.5687113,-0.41963607,303.41965
1970-01-02 01:29:49,11939.254,150.2489,-153.96913,0.25112396,-1.6072642,305.92404
1970-01-02 01:29:50,11984.385,145.37321,-322.42154,8.345154,-6.307435,305.6145
1970-01-02 01:29:51,11918.208,147.43341,210.46852,3.4765487,-6.104046,304.90555
1970-01-02 01:29:52,11976.376,153.85844,-193.23244,4.1964483,-3.4440904,304.9714
1970-01-02 01:29:53,12038.692,152.56396,-13.389134,3.4566655,-4.387901,305.1573
1970-01-02 01:29:54,12098.778,157.3541,-249.75633,1.0098208,11.467117,305.4313
1970-01-02 01:29:55,11992.66,160.26682,-167.38036,1.7404636,-7.5652037,304.1369
1970-01-02 01:29:56,12031.824,153.25009,-264.07233,0.3071833,5.635777,302.72406
1970-01-02 01:29:57,12091.008,152.83755,192.93863,-0.09526124,-11.930751,303.40027
1970-01-02 01:29:58,11966.35,154.49762,58.1279,-2.0052612,7.5764403,301.71146
1970-01-02 01:29:59,11892.535,145.46489,-338.43695,-2.9523666,-2.9892044,301.58862
1970-01-02 01:30:00,12051.634,149.18741,-16.946047,2.3744617,0.50350416,300.51147
1970-01-02 01:30:01,11960.403,150.04605,-253.60179,3.298599,-11.072776,300.31534
1970-01-02 01:30:02,11898.528,149.90363,312.87558,3.4262445,-9.180876,299.98505
1970-01-02 01:30:03,12101.39,159.85654,4.2522516,1.015298,4.9669247,301.14902
1970-01-02 01:30:04,11783.28,157.28487,-125.04591,2.170201,-1.0668907,300.5011
1970-01-02 01:30:05,11990.779,151.6912,348.274,4.1550965,-1.5086375,300.39203
1970-01-02 01:30:06,11990.448,153.24643,-350.19592,3.217337,5.248655,300.033
1970-01-02 01:30:07,11951.455,155.22905,-65.147385,5.8860726,25.450829,299.60532
1970-01-02 01:30:08,11775.667,155.88211,-2.6452925,4.4524584,-11.041933,300.66974
1970-01-02 01:30:09,12035.352,152.0357,315.72705,2.8294199,-3.7039306,299.788
1970-01-02 01:30:10,12001.374,150.77261,315.8294,-2.5604272,5.794723,300.5385
1970-01-02 01:30:11,12054.905,155.47795,-207.03528,1.79875,8.606671,299.82455
1970-01-02 01:30:12,12032.071,147.42545,46.82684,6.936514,-8.844387,298.7437
1970-01-02 01:30:13,12029.293,154.30594,-216.74484,-1.9118476,-4.024783,299.6284
1970-01-02 01:30:14,12006.59,160.41537,-56.32718,0.81137884,-14.103132,300.1175
1970-01-02 01:30:15,11927.394,154.89731,162.94676,4.0569687,3.0386722,300.15308
1970-01-02 01:30:16,11956.04,155.5701,-134.56769,2.062361,-11.244522,298.26147
1970-01-02 01:30:17,12165.841,152.82031,-77.17136,-0.70216644,30.461576,298.43384
1970-01-02 01:30:18,12096.847,147.38196,91.7663,-2.0641332,8.051153,296.84195
1970-01-02 01:30:19,12157.823,154.59308,194.97186,3.7684517,-7.104529,295.09756
1970-01-02 01:30:20,12075.321,152.072,-262.43448,3.4971483,-7.185648,295.28824
1970-01-02 01:30:21,11990.23,153.22775,-477.86475,-1.3306781,2.31604,295.19595
1970-01-02 01:30:22,11998.659,146.48279,-169.51967,,-15.803258,295.66602
1970-01-02 01:30:23,12033.442,150.88187,-195.00212,6.050376,3.2579882,295.31668
1970-01-02 01:30:24,12005.097,147.35362,-134.49075,2.5412967,-3.6687474,294.53625
1970-01-02 01:30:25,11915.474,145.37823,251.65117,2.5069463,8.092706,294.21246
1970-01-02 01:30:26,12013.875,154.91882,13.475435,5.638114,8.926357,294.12216
1970-01-02 01:30:27,12044.586,155.04387,298.19705,1.7910761,12.921722,294.01407
1970-01-02 01:30:28,12005.232,154.65334,-182.9859,-0.41580608,-16.359093,294.54883
1970-01-02 01:30:29,11934.129,151.9235,-133.19975,-0.70865446,-1.3535905,293.6874
1970-01-02 01:30:30,11952.018,151.86508,112.97435,-3.0216362,-6.6633344,292.55566
1970-01-02 01:30:31,12036.404,150.98476,-373.6602,4.8196597,-3.2556643,292.22916
1970-01-02 01:30:32,12008.487,150.2329,-325.43573,-0.42454818,2.714627,292.0653
1970-01-02 01:30:33,12108.557,156.42302,492.64496,1.6005963,-7.6928535,290.81924
1970-01-02 01:30:34,11900.884,153.95828,-395.92697,4.0458436,1.685012,291.09973
1970-01-02 01:30:35,11982.026,149.4627,85.66142,2.9574864,3.4546194,291.94534
1970-01-02 01:30:36,12023.221,152.70822,-32.545937,0.36738348,5.5984163,293.5235
1970-01-02 01:30:37,11968.599,151.05228,-311.97177,3.098173,-15.695427,294.6314
1970-01-02 01:30:38,12013.32,152.39806,121.40628,4.150932,-2.1953406,294.55893
1970-01-02 01:30:39,11910.1045,147.72258,150.83069,-1.8465089,8.50075,294.32822
1970-01-02 01:30:40,12069.542,149.23137,-739.0963,-1.0859072,1.2812502,294.06265
1970-01-02 01:30:41,11984.371,161.11414,-447.3586,0.48814994,19.340687,295.15878
1970-01-02 01:30:42,12036.543,151.58131,-743.02893,5.09538,9.516194,293.76874
1970-01-02 01:30:43,12055.285,152.2163,-753.4481,0.63853264,-1.0020552,291.9238
1970-01-02 01:30:44,11932.965,147.7703,-776.35785,2.1484666,11.006216,293.45728
1970-01-02 01:30:45,11964.095,151.60342,-621.89606,-1.1704725,-5.472648,293.6604
1970-01-02 01:30:46,12090.807,158.69637,-851.7753,1.7404305,-11.1533785,293.57916
1970-01-02 01:30:47,11877.794,149.74731,-982.38434,1.7911186,8.79337,292.4803
1970-01-02 01:30:48,11807.61,143.81906,-827.023,-0.833349,10.402268,293.07596
1970-01-02 01:30:49,11902.224,150.60489,-315.81003,4.47325,-19.97543,294.2736
1970-01-02 01:30:50,11831.8125,149.3056,-957.9821,8.518247,-6.9573655,294.39502
1970-01-02 01:30:51,11777.915,151.41222,-1043.1849,2.63213,-6.894174,294.40805
1970-01-02 01:30:52,11873.426,151.64888,-753.0805,-2.3872917,1.4580646,292.38925
1970-01-02 01:30:53,11964.751,150.66124,-724.8862,-0.8485021,-7.354501,292.1651
1970-01-02 01:30:54,11743.55,156.4072,-981.4077,-0.255299,9.827228,292.16418
1970-01-02 01:30:55,11750.298,153.8494,-472.10092,2.4355707,-16.146578,293.8456
1970-01-02 01:30:56,11785.934,152.00673,-751.6118,0.7402595,10.345768,293.0867
1970-01-02 01:30:57,11805.154,152.7058,-912.2,4.6302004,1.4503143,291.69202
1970-01-02 01:30:58,11784.749,153.06392,-1046.5648,4.649517,-19.471178,292.3543
1970-01-02 01:30:59,11758.817,150.28299,-758.73285,7.95089,-1.7062056,291.97903
1970-01-02 01:31:00,11760.298,150.5364,-684.7625,-2.0130455,-1.832596,292.95398
1970-01-02 01:31:01,11575.769,153.80844,-791.07446,8.300446,-0.945099,293.877
1970-01-02 01:31:02,11796.234,151.65225,-815.83624,0.29413235,-15.753214,293.9219
1970-01-02 01:31:03,11728.404,156.23479,-647.0702,-0.16024466,-1.7828367,295.45267
1970-01-02 01:31:04,11790.264,150.48428,-327.8997,0.6547345,-4.207399,295.93427
1970-01-02 01:31:05,11604.654,151.76292,-516.43286,-0.45018342,1.8830843,295.52057
1970-01-02 01:31:06,11659.997,152.62689,-601.16125,1.2367946,1.9767017,295.70224
1970-01-02 01:31:07,11716.7705,153.76645,-510.89737,3.8697674,15.244801,296.95227
1970-01-02 01:31:08,11657.038,151.51492,-869.2596,3.1964915,-1.0886554,296.6799
1970-01-02 01:31:09,11510.105,143.76135,-865.3926,7.0638514,6.080077,297.2912
1970-01-02 01:31:10,11706.34,153.35596,-981.57587,-3.9004638,-9.487266,297.36377
1970-01-02 01:31:11,11747.029,148.74173,-994.404,3.170827,-10.257082,297.25763
1970-01-02 01:31:12,11614.234,155.45752,-1000.8527,1.0830411,-9.082686,297.62244
1970-01-02 01:31:13,11611.089,151.29686,-954.5819,3.0689125,1.4455812,297.20773
1970-01-02 01:31:14,11596.447,149.68974,-787.36945,-1.6973361,-16.878378,296.79846
1970-01-02 01:31:15,11725.0,162.47197,-748.1773,3.144381,-5.5040455,295.3387
1970-01-02 01:31:16,11521.438,147.299,-948.8549,0.8796914,-7.8106723,294.4339
1970-01-02 01:31:17,11683.352,156.43967,-424.64188,0.16863687,3.1921983,293.9332
1970-01-02 01:31:18,11501.16,151.45282,-906.5247,7.850585,-4.362966,294.64502
1970-01-02 01:31:19,11482.362,155.50253,-817.4495,4.1478324,-8.364331,293.357
1970-01-02 01:31:20,11512.863,156.85803,-822.46326,0.5537818,4.166981,294.61475
1970-01-02 01:31:21,11567.4,146.01587,-465.5005,2.181544,-3.7150342,295.4525
1970-01-02 01:31:22,11477.492,151.36478,-675.7676,2.461804,14.9936905,296.97256
1970-01-02 01:31:23,11297.966,150.23296,-674.0012,2.447532,5.3972254,297.41965
1970-01-02 01:31:24,11559.746,151.68486,-572.0673,2.7073889,7.334956,299.1014
1970-01-02 01:31:25,11487.109,149.5555,-681.01514,-0.8058864,-15.35405,299.29037
1970-01-02 01:31:26,11553.549,161.39555,-1016.84,2.7964334,-4.670542,300.54245
1970-01-02 01:31:27,11446.871,153.71674,-612.3401,0.470212,16.362865,301.14993
1970-01-02 01:31:28,11446.986,160.94763,-846.06323,3.388934,3.4960341,300.26685
1970-01-02 01:31:29,11378.356,160.1704,-1098.8119,-0.09120682,-10.392316,301.80447
1970-01-02 01:31:30,11466.594,145.91182,-537.989,1.8226281,1.154783,302.53772
1970-01-02 01:31:31,11358.44,156.14192,-790.0463,5.2757597,-7.213784,303.24014
1970-01-02 01:31:32,11413.214,155.4306,-1234.2017,-0.24409382,-2.4651394,302.70627
1970-01-02 01:31:33,11338.276,150.42361,-893.1304,-1.8165483,19.322584,302.57428
1970-01-02 01:31:34,11359.142,150.99345,-715.70264,2.9830415,5.684475,302.68207
1970-01-02 01:31:35,11312.446,151.23186,-766.4669,-0.5027037,-10.621954,303.58643
1970-01-02 01:31:36,11355.477,158.90207,-907.089,4.465681,-6.956428,302.28625
1970-01-02 01:31:37,11424.8125,153.62672,-984.3886,4.369942,10.682071,302.83017
1970-01-02 01:31:38,11352.971,156.80632,-695.7435,2.1884878,-2.2213082,302.091
1970-01-02 01:31:39,,162.32379,-905.9631,0.7981171,-1.4257439,301.5223
1970-01-02 01:31:40,11221.385,151.84183,-954.8751,4.655986,10.662501,300.67178
1970-01-02 01:31:41,11383.182,156.38718,-791.9093,2.455432,0.6426058,301.12918
1970-01-02 01:31:42,11097.049,156.5737,-940.7148,-1.6956207,7.692372,301.51474
1970-01-02 01:31:43,11288.115,149.86772,-777.7661,3.72673,2.428034,300.65445
1970-01-02 01:31:44,11205.759,149.19553,-708.7089,-1.7788445,3.3957517,301.12665
1970-01-02 01:31:45,11111.624,153.95055,-882.26465,-4.496537,12.226732,299.9694
1970-01-02 01:31:46,11131.427,153.38573,-804.5808,1.4186467,13.206074,300.30954
1970-01-02 01:31:47,11256.343,152.11624,-703.9365,6.770864,-3.787973,300.05963
1970-01-02 01:31:48,11112.443,154.95778,-291.8908,3.0502155,-2.2418187,302.96118
1970-01-02 01:31:49,11167.051,162.395,-931.96954,-0.6918535,8.250127,302.11816
1970-01-02 01:31:50,11203.352,152.81596,-729.86053,1.217361,5.766964,302.4441
1970-01-02 01:31:51,11084.495,156.05206,-672.26447,0.83264107,-14.209228,303.21667
1970-01-02 01:31:52,11100.102,158.092,-728.5768,-1.9650472,8.054305,302.8371
1970-01-02 01:31:53,11251.428,154.58913,-1039.7124,4.2451715,-9.897959,303.2638
1970-01-02 01:31:54,11062.19,154.7601,-767.78546,3.525853,6.370348,301.45047
1970-01-02 01:31:55,11099.591,152.2148,-613.8039,-0.7091221,7.8423324,301.17633
1970-01-02 01:31:56,11180.731,152.72643,-720.0699,6.630416,-0.9836828,300.68817
1970-01-02 01:31:57,10893.981,153.88228,-603.629,1.1384346,1.2982587,300.65085
1970-01-02 01:31:58,11163.802,152.72917,-1040.2072,3.7045662,-3.4112768,300.34415
1970-01-02 01:31:59,11128.424,147.75443,-860.08154,1.9112922,-1.2286531,299.1892
1970-01-02 01:32:00,11075.956,155.29333,-992.79584,2.1578963,13.403687,298.12137
1970-01-02 01:32:01,10970.897,152.76219,-802.1215,-1.233651,-8.838861,297.4458
1970-01-02 01:32:02,10942.314,153.07869,-844.46,1.8489779,3.9429338,297.84445
1970-01-02 01:32:03,11093.862,151.5112,-915.0594,-0.34444457,-9.159259,297.80103
1970-01-02 01:32:04,10940.56,158.76036,-734.304,1.6373162,1.8467764,297.53043
1970-01-02 01:32:05,11052.204,150.41472,-669.7493,-2.1269498,1.4319575,296.7552
1970-01-02 01:32:06,10990.566,153.98022,-716.8628,0.7342433,-12.556937,298.26
1970-01-02 01:32:07,10852.265,154.45119,-747.5291,-0.49945328,4.993197,297.11374
1970-01-02 01:32:08,10971.056,147.7688,-779.6497,0.44191998,20.325315,296.87033
1970-01-02 01:32:09,11016.621,153.91876,-691.9177,3.3299892,-7.476717,297.65167
1970-01-02 01:32:10,10862.072,147.98686,-864.97626,5.5316863,8.328928,298.39667
1970-01-02 01:32:11,10781.12,155.83502,-676.1004,3.0301914,-20.65637,297.71527
1970-01-02 01:32:12,10998.968,147.11305,-729.36,3.951877,-0.90022224,297.99005
1970-01-02 01:32:13,10812.149,151.31374,-641.9783,6.6871576,-4.326658,299.10626
1970-01-02 01:32:14,10934.097,155.12476,-712.6134,-2.9661663,-5.0358005,298.82114
1970-01-02 01:32:15,10914.495,154.91353,-815.4256,3.8342345,4.7185698,299.40735
1970-01-02 01:32:16,10756.306,153.20813,-827.08777,2.8485427,2.9626024,299.02066
1970-01-02 01:32:17,10732.825,151.62402,-758.29767,-0.22354005,-13.917488,297.7446
1970-01-02 01:32:18,10708.905,150.47968,-838.98474,-4.852156,-3.72555,298.52353
1970-01-02 01:32:19,10782.193,152.34421,-777.90283,0.9197513,-3.372298,299.86957
1970-01-02 01:32:20,10812.855,157.78316,-683.8381,0.1500594,-9.285988,300.91745
1970-01-02 01:32:21,10827.337,151.37651,-1079.1985,1.4147514,25.853365,300.0072
1970-01-02 01:32:22,10714.071,151.15634,-717.68225,-0.21588963,-15.817095,300.73596
1970-01-02 01:32:23,10722.187,152.52962,-1209.561,1.4374645,1.9829197,300.96887
1970-01-02 01:32:24,10866.868,151.79755,-878.85187,2.576217,-4.745179,300.91284
1970-01-02 01:32:25,10745.437,152.29495,-912.6876,-0.13542397,-10.359778,301.56415
1970-01-02 01:32:26,10805.253,158.28653,-832.319,3.6326163,-7.739264,301.34897
1970-01-02 01:32:27,10856.259,156.32289,-737.0479,-0.76540744,-8.786563,301.5301
1970-01-02 01:32:28,10847.189,147.3022,-656.92804,4.647766,20.738222,304.11026
1970-01-02 01:32:29,10799.549,156.3768,-766.5644,7.767079,-8.151531,303.8211
1970-01-02 01:32:30,10664.6875,145.92734,-1110.2609,0.4665026,-16.224964,303.28265
1970-01-02 01:32:31,10590.961,149.90283,-861.07556,-3.77709,15.61901,303.75696
1970-01-02 01:32:32,10647.614,150.75922,-649.11273,3.4662526,3.5273998,304.3323
1970-01-02 01:32:33,10665.566,149.03532,-981.7827,1.7849308,5.9462056,304.80283
1970-01-02 01:32:34,10711.616,152.1425,-928.58813,0.90578353,14.2682705,305.86368
1970-01-02 01:32:35,10655.672,147.62091,-511.588,1.4422644,0.9823167,303.68793
1970-01-02 01:32:36,10682.841,150.25493,-300.8577,-2.3812134,-0.9094866,305.14578
1970-01-02 01:32:37,10601.689,149.49255,-548.0548,2.2348137,-2.779561,305.30157
1970-01-02 01:32:38,10596.323,153.17957,-785.8874,2.0600526,10.621676,303.6906
1970-01-02 01:32:39,10534.733,155.46742,-594.6732,-0.16200311,-1.144473,302.36053
1970-01-02 01:32:40,10490.716,152.58975,-977.8171,,-0.17332149,301.67297
1970-01-02 01:32:41,10567.843,153.75017,-435.25797,3.349808,3.5668685,302.94446
1970-01-02 01:32:42,10720.097,154.56104,-819.0186,4.043263,-3.747101,303.2043
1970-01-02 01:32:43,10437.629,151.87413,-886.0739,4.945583,-4.9462485,306.24628
1970-01-02 01:32:44,10466.036,159.19298,-519.3638,-0.47111216,4.790441,304.3612
1970-01-02 01:32:45,10505.631,151.24606,-635.8903,4.4648056,3.4984307,304.7243
1970-01-02 01:32:46,10527.401,149.59389,-1111.6593,-1.5608267,6.65094,305.35968
1970-01-02 01:32:47,10467.441,156.8116,-508.25037,-0.39928523,11.503679,306.3884
1970-01-02 01:32:48,10436.444,153.09496,-539.3021,2.724524,-10.597307,306.07086
1970-01-02 01:32:49,10477.539,150.87494,-892.14685,2.2046595,9.183179,306.8287
1970-01-02 01:32:50,10286.202,156.48233,-719.7657,3.0095344,2.9550314,307.0518
1970-01-02 01:32:51,10549.56,150.23685,-661.4912,-1.5960037,-1.533886,308.40906
1970-01-02 01:32:52,10397.337,148.60149,-886.37305,2.3899813,5.8063483,307.29382
1970-01-02 01:32:53,10423.102,156.3808,-805.8287,-0.7162015,0.8499046,308.75027
1970-01-02 01:32:54,10473.157,152.93875,-617.3914,-0.053066336,10.86121,310.36032
1970-01-02 01:32:55,10445.889,155.23555,-844.5499,1.0031834,-10.321395,310.8452
1970-01-02 01:32:56,10471.33,150.38495,-995.902,-3.4651601,1.3243636,309.78845
1970-01-02 01:32:57,10431.937,156.42072,-796.17365,1.5473095,-9.0695,308.83838
1970-01-02 01:32:58,10379.116,158.16995,-1055.6182,2.7618718,3.484167,310.36365
1970-01-02 01:32:59,10213.03,151.75185,-1019.7079,-1.6242764,4.3460937,310.28528
1970-01-02 01:33:00,10491.165,158.35846,-781.5833,0.07145826,-10.279537,310.4077
1970-01-02 01:33:01,10185.1875,144.20023,-529.0969,1.506298,-17.329468,311.10904
1970-01-02 01:33:02,10257.571,152.90605,-759.4477,1.682145,-12.594182,309.54596
1970-01-02 01:33:03,10354.7,156.45319,-761.8518,-1.9143388,-2.961927,308.97772
1970-01-02 01:33:04,10207.453,145.13559,-766.4548,6.975223,-7.4127316,310.37177
1970-01-02 01:33:05,10273.381,159.37509,-661.0244,-1.0601329,-4.4917846,310.6527
1970-01-02 01:33:06,10131.362,155.86063,-1041.2482,2.0981624,-13.662696,311.02274
1970-01-02 01:33:07,10190.734,148.46315,-1203.8743,4.2063675,10.195383,311.66815
1970-01-02 01:33:08,10188.32,156.00821,-788.8631,-1.0972595,-4.3322806,311.78064
1970-01-02 01:33:09,10288.651,147.76584,-526.9346,0.7550561,-2.3376696,313.38165
1970-01-02 01:33:10,10166.465,153.30461,-728.8187,0.5414329,-13.151076,313.19208
1970-01-02 01:33:11,10314.512,157.06541,-637.146,3.1412573,-12.867708,311.09537
1970-01-02 01:33:12,10127.186,151.31,-463.508,-0.93353325,-9.738077,311.58023
1970-01-02 01:33:13,10133.072,160.8307,-521.10077,0.04333678,11.222981,311.3912
1970-01-02 01:33:14,10125.608,149.2814,-780.5096,0.5858894,13.1200905,311.90692
1970-01-02 01:33:15,10132.977,153.0156,-399.6691,1.8519951,3.5166595,313.17645
1970-01-02 01:33:16,10227.42,142.6031,-588.6878,-2.7371047,-8.114216,313.6598
1970-01-02 01:33:17,10105.558,149.86458,-349.74036,-0.5959255,1.3837138,
1970-01-02 01:33:18,10050.893,158.7325,-920.14966,2.0487843,-17.028173,314.95584
1970-01-02 01:33:19,10183.28,155.63954,-539.7541,0.6915494,-3.365809,313.96753
1970-01-02 01:33:20,10108.651,150.31122,-510.47104,-0.35414073,-5.4774427,313.9374
1970-01-02 01:33:21,10256.045,153.50076,-1029.0792,-2.2496045,2.3345277,313.94098
1970-01-02 01:33:22,9915.115,155.64854,-850.5975,-0.44646356,-2.6003475,315.27225
1970-01-02 01:33:23,10042.163,151.89235,-956.21716,3.6154447,-9.571189,314.2415
1970-01-02 01:33:24,10000.774,151.8746,-875.433,-2.047565,13.346255,312.7135
1970-01-02 01:33:25,9958.971,154.03609,-949.96796,4.2613525,-1.6110394,311.8504
1970-01-02 01:33:26,9908.916,155.67328,-639.9134,6.115921,3.4340706,311.04556
1970-01-02 01:33:27,9963.726,153.23581,-1115.5707,-3.2280583,-10.719546,311.50925
1970-01-02 01:33:28,10052.106,149.5895,-650.0031,-2.651158,14.91905,309.32797
1970-01-02 01:33:29,10075.169,151.62894,-747.512,2.716599,2.8078337,310.7297
1970-01-02 01:33:30,10027.892,150.97072,-870.3319,5.6872516,-6.982399,311.3822
1970-01-02 01:33:31,10138.016,155.5517,-605.3433,2.7449636,-4.4111104,312.03284
1970-01-02 01:33:32,9924.272,154.9231,-1024.0026,6.296083,-14.328825,312.11365
1970-01-02 01:33:33,9857.448,146.04239,-909.2135,4.0074277,12.210638,312.86166
1970-01-02 01:33:34,9892.004,154.6467,-674.03357,1.6968619,1.7518626,313.03412
1970-01-02 01:33:35,9925.941,154.6578,-640.6493,4.3525424,-5.5046406,314.86713
1970-01-02 01:33:36,9946.921,154.75848,-731.01245,4.278521,-7.2918963,317.38718
1970-01-02 01:33:37,9772.799,155.6893,-892.5735,2.2532148,14.820246,319.02292
1970-01-02 01:33:38,9925.44,156.32507,-631.45264,-1.4079609,7.4852347,317.88733
1970-01-02 01:33:39,9733.91,155.46976,-645.2607,-3.0219567,-0.84714663,317.65848
1970-01-02 01:33:40,9861.486,148.5181,-1096.9154,2.1250067,-6.267121,318.47925
1970-01-02 01:33:41,9790.818,145.79341,-678.322,-0.16949962,-10.973466,317.76447
1970-01-02 01:33:42,9951.628,149.81177,-975.8482,0.062017635,-6.6347523,318.87466
1970-01-02 01:33:43,9794.312,156.03929,-1103.4364,6.7319283,6.6946106,319.31808
1970-01-02 01:33:44,9894.285,149.83447,-887.03,2.0635717,4.025628,320.2298
1970-01-02 01:33:45,9769.191,154.60988,-512.66986,4.5372505,12.384704,318.733
1970-01-02 01:33:46,9692.459,157.68799,-966.34503,1.5772417,-3.6246498,318.1367
1970-01-02 01:33:47,9775.895,155.84312,-967.1265,-1.5995896,-0.17698784,317.3709
1970-01-02 01:33:48,9568.406,152.13838,-848.1561,2.9825482,-11.963669,316.42032
1970-01-02 01:33:49,9658.345,160.06181,-859.09766,0.9202411,-13.425052,316.84692
1970-01-02 01:33:50,9693.368,159.48764,-577.3845,2.8143797,12.390391,318.72076
1970-01-02 01:33:51,9773.068,154.54529,-1094.2008,4.2781973,-1.8467602,318.66818
1970-01-02 01:33:52,9895.634,151.5011,-927.5916,0.10135467,15.72215,319.76855
1970-01-02 01:33:53,9525.587,153.6085,-598.5831,0.020503424,-2.2454038,318.8574
1970-01-02 01:33:54,9599.26,155.46657,-993.9393,9.218273,-9.247668,319.04105
1970-01-02 01:33:55,9641.726,157.62047,-627.6785,-7.3540373,20.215124,318.00244
1970-01-02 01:33:56,9639.716,150.04558,-478.73672,0.90324634,24.404413,320.55493
1970-01-02 01:33:57,9605.182,155.63364,-328.04047,10.016966,17.729248,321.1504
1970-01-02 01:33:58,9720.349,157.11646,-805.04486,0.16312657,-1.8064358,322.18488
1970-01-02 01:33:59,9731.874,150.72078,-984.6084,-2.6669679,-3.8572025,320.57028
1970-01-02 01:34:00,9634.662,150.85611,-708.7624,0.7191097,-12.015302,319.60577
1970-01-02 01:34:01,9586.777,156.32057,-857.29736,0.28047577,-0.042309746,317.63617
1970-01-02 01:34:02,9644.222,162.17337,-1013.914,0.51959485,-7.441622,316.76358
1970-01-02 01:34:03,9560.2295,155.73508,-779.3893,-0.8878746,-19.406178,316.42038
1970-01-02 01:34:04,9537.37,150.45346,-644.02484,1.7989281,3.2233562,315.04068
1970-01-02 01:34:05,9536.233,152.79073,-939.5103,-0.89627683,2.6874654,314.1755
1970-01-02 01:34:06,9483.886,154.01384,-857.7202,-2.3648586,14.391754,312.69232
1970-01-02 01:34:07,9454.589,160.00552,-725.26373,2.262037,-10.78952,311.91364
1970-01-02 01:34:08,9610.579,154.78802,-804.77997,2.4795308,-21.841782,312.91058
1970-01-02 01:34:09,9611.174,154.2948,-878.6736,9.176549,14.181206,312.42508
1970-01-02 01:34:10,9578.012,158.42969,-872.45953,-2.5670993,21.109894,313.14664
1970-01-02 01:34:11,9396.453,156.18146,-703.64874,-4.577922,-3.0469854,312.83224
1970-01-02 01:34:12,9582.431,158.21944,-642.74854,3.9581556,4.9387603,313.80756
1970-01-02 01:34:13,9400.095,153.66852,-620.7036,4.6476912,-9.585487,313.83792
1970-01-02 01:34:14,9366.888,160.51848,-1131.9271,4.7114477,-8.00817,314.56592
1970-01-02 01:34:15,9412.218,158.42842,-785.54285,-3.7764595,-1.4021641,
1970-01-02 01:34:16,9417.935,155.33878,-961.8907,0.19411136,-2.1641235,315.35297
1970-01-02 01:34:17,9534.682,151.67203,-737.71356,1.270755,8.4727,315.79556
1970-01-02 01:34:18,9454.034,155.4702,-805.1263,3.060988,8.679302,315.4936
1970-01-02 01:34:19,9295.365,153.10966,-527.5202,-1.51672,17.29581,316.18134
1970-01-02 01:34:20,9336.804,154.33891,-878.56836,-0.9491026,-3.580897,315.35782
1970-01-02 01:34:21,9452.658,152.41895,-781.0022,5.298151,12.073725,316.0831
1970-01-02 01:34:22,9436.923,156.44965,-536.75073,-1.4069916,6.571471,314.62427
1970-01-02 01:34:23,9325.493,154.56358,-866.7308,6.9161954,-6.2393365,315.46548
1970-01-02 01:34:24,9428.007,161.85214,-1045.4487,-1.9073564,7.9179525,315.5853
1970-01-02 01:34:25,9341.627,158.1114,-542.71814,6.7589626,13.550392,315.67294
1970-01-02 01:34:26,9247.655,156.75829,-980.41986,-4.212092,11.986873,316.50702
1970-01-02 01:34:27,9275.953,161.35309,-846.0881,-2.509999,-20.883816,316.99557
1970-01-02 01:34:28,,152.43523,-443.3806,2.8853362,-30.024305,315.8008
1970-01-02 01:34:29,9075.468,163.50682,-801.6991,-3.5384347,3.857812,317.35117
1970-01-02 01:34:30,9225.62,163.06647,-769.33905,3.7111592,15.733495,317.0234
1970-01-02 01:34:31,9289.474,156.86461,-958.38715,4.312133,6.30633,315.69443
1970-01-02 01:34:32,9179.295,159.55922,-845.5598,4.0732427,9.623442,316.74042
1970-01-02 01:34:33,9302.447,156.80307,-723.52515,1.2156334,-2.894051,316.11368
1970-01-02 01:34:34,9067.636,152.11409,-699.1028,0.7289115,10.9494915,317.15515
1970-01-02 01:34:35,9159.082,151.06766,-1020.37897,-0.99434245,-5.7281556,317.7194
1970-01-02 01:34:36,9145.682,157.78247,-482.1066,0.75474215,7.187377,317.246
1970-01-02 01:34:37,9225.5625,155.3913,-723.70734,5.3187184,-18.201235,318.3714
1970-01-02 01:34:38,9163.393,155.48561,-764.1556,3.763737,1.1811216,319.1767
1970-01-02 01:34:39,9113.411,159.7555,-874.64026,-5.6711845,24.30211,318.96695
1970-01-02 01:34:40,9239.756,157.60674,-836.26807,-2.652079,6.412799,319.3397
1970-01-02 01:34:41,9297.926,161.1818,-681.0016,2.8463118,6.818394,318.7221
1970-01-02 01:34:42,8956.912,154.74341,-545.2566,1.5933157,-7.6414394,318.4845
1970-01-02 01:34:43,9139.132,150.12772,-774.013,0.7742859,-0.056178223,318.6456
1970-01-02 01:34:44,9136.135,158.22655,-914.40485,-2.1864808,12.64611,319.32712
1970-01-02 01:34:45,9041.075,159.76427,-419.8511,3.702633,-8.730117,319.82428
1970-01-02 01:34:46,9079.365,153.43596,-1018.251,4.184948,-6.886382,320.7011
1970-01-02 01:34:47,9107.443,155.59666,,-0.5076528,15.702547,321.45734
1970-01-02 01:34:48,9049.866,146.70764,-1072.2942,0.4227215,-2.5145228,321.03952
1970-01-02 01:34:49,9054.423,156.22336,-902.8676,4.161769,-6.4072075,319.40137
1970-01-02 01:34:50,8944.59,151.31508,-452.0896,2.5268188,-5.705346,318.02606
1970-01-02 01:34:51,9017.449,158.20564,-1030.0426,1.7844324,-4.3631077,318.72556
1970-01-02 01:34:52,9040.111,158.86873,-692.3434,1.8292681,13.697844,316.7633
1970-01-02 01:34:53,8858.703,157.27147,-696.25714,4.169028,1.3104906,315.49182
1970-01-02 01:34:54,8964.1875,158.09036,-802.32587,-2.8559005,0.13827242,314.86075
1970-01-02 01:34:55,8981.553,156.15996,-1079.1327,-0.6049116,0.5669699,314.47208
1970-01-02 01:34:56,9016.751,157.02385,-1187.6766,0.7691452,-6.6846423,315.8817
1970-01-02 01:34:57,8854.224,155.39636,-681.71387,6.6004076,-6.8958097,315.16135
1970-01-02 01:34:58,9104.078,152.00092,-840.04175,1.7010016,10.501261,316.0787
1970-01-02 01:34:59,9014.949,156.07411,-777.30164,1.5351549,8.310118,316.73407
1970-01-02 01:35:00,9069.328,146.1721,-786.3033,1.5412046,-6.4402523,316.78046
1970-01-02 01:35:01,9021.29,149.4118,-1014.8035,-0.58814454,-7.4066687,315.76035
1970-01-02 01:35:02,8915.617,156.5637,-413.49713,2.4778605,10.04152,315.71448
1970-01-02 01:35:03,8826.063,163.34465,-923.2864,1.0984839,20.290993,315.61523
1970-01-02 01:35:04,8899.618,153.9583,-653.44116,-1.8576218,12.38677,315.89743
1970-01-02 01:35:05,8691.713,152.32945,-1032.6118,6.0257854,-7.4683995,316.1957
1970-01-02 01:35:06,8779.644,160.51048,-989.28503,2.0795193,-2.0894167,315.1994
1970-01-02 01:35:07,8795.134,153.39099,-439.7322,-0.7789367,-5.868158,315.62045
1970-01-02 01:35:08,8930.47,154.90654,-786.6147,-4.873819,13.346152,315.96838
1970-01-02 01:35:09,8883.763,156.05524,-708.95404,3.4923909,10.775038,314.5838
1970-01-02 01:35:10,8727.435,157.21529,-878.642,-0.29716188,0.08837138,315.03497
1970-01-02 01:35:11,8683.791,152.00978,-608.06976,-0.7734778,5.8859787,316.06326
1970-01-02 01:35:12,8820.911,151.28984,-567.7983,3.3506641,-5.799365,315.77597
1970-01-02 01:35:13,8739.972,148.69902,-889.4243,-0.6496864,14.759002,316.21347
1970-01-02 01:35:14,8708.303,152.69958,-1053.8063,1.0320834,-3.7765472,316.58008
1970-01-02 01:35:15,8605.011,157.02048,-661.7794,-1.0707691,7.65437,316.49994
1970-01-02 01:35:16,8642.143,150.5749,-821.41394,1.0366871,16.636839,316.61502
1970-01-02 01:35:17,8525.453,160.58539,-804.7227,-2.6737928,13.423059,317.76877
1970-01-02 01:35:18,8707.603,159.15932,-443.02246,1.8001975,-4.8669333,316.07404
1970-01-02 01:35:19,8659.334,158.10072,-913.6229,-1.2784528,-19.824007,317.1544
1970-01-02 01:35:20,8691.741,156.17389,-770.1066,1.0528651,-4.4991293,316.08017
1970-01-02 01:35:21,8616.474,158.1995,-583.10455,0.59452975,-1.9322673,315.13406
1970-01-02 01:35:22,8541.973,151.11765,-382.02527,5.6056623,8.492098,315.40417
1970-01-02 01:35:23,8718.576,154.54498,-928.1778,-2.6713998,-12.703483,314.74387
1970-01-02 01:35:24,8771.629,156.07204,-1133.0723,8.189377,-9.276954,313.36096
1970-01-02 01:35:25,8511.167,159.01152,-979.7365,2.5022786,12.308928,312.40137
1970-01-02 01:35:26,8607.7705,156.62485,-1182.6713,8.607505,8.431202,310.5089
1970-01-02 01:35:27,8524.101,148.5485,-798.7762,1.7477808,-6.0690465,309.47403
1970-01-02 01:35:28,8709.6,148.52876,-641.0764,0.6677189,-8.033682,309.90637
1970-01-02 01:35:29,8514.04,154.43611,-539.23926,3.8444972,-19.49278,311.3529
1970-01-02 01:35:30,8678.955,149.67265,-690.17285,3.3758132,-16.453823,311.62747
1970-01-02 01:35:31,8458.882,159.89694,-700.45483,1.0837289,-8.074412,313.06915
1970-01-02 01:35:32,8537.357,156.91809,-932.0286,2.1622999,6.0591297,
1970-01-02 01:35:33,8396.437,150.63873,-748.276,-4.2842474,12.972193,311.75583
1970-01-02 01:35:34,8432.349,159.93568,-576.1548,2.607954,5.1668997,312.7983
1970-01-02 01:35:35,8506.417,155.69983,-915.1982,3.0259554,21.265621,313.7701
1970-01-02 01:35:36,8422.902,156.49257,-569.83344,3.2923691,5.303197,314.20416
1970-01-02 01:35:37,8462.546,152.17757,-394.92545,-4.1721478,-1.776041,313.68753
1970-01-02 01:35:38,8396.644,154.96791,-393.15604,2.460497,-16.130953,314.65067
1970-01-02 01:35:39,8419.533,157.03488,-565.8447,0.9151735,16.253038,311.07196
1970-01-02 01:35:40,8411.811,163.48924,-1069.7074,-0.39233354,0.5461585,312.48257
1970-01-02 01:35:41,8431.162,161.2,-642.73425,-5.362067,-3.2337468,312.1906
1970-01-02 01:35:42,8361.1045,158.99217,-1002.5378,-0.25287074,6.438712,312.75424
1970-01-02 01:35:43,8322.578,157.05081,-1068.3899,2.97008,8.720534,314.20956
1970-01-02 01:35:44,8423.059,150.33266,-713.0271,6.322007,6.7366004,314.23544
1970-01-02 01:35:45,8339.646,156.2608,-963.5478,3.0173228,-3.023722,313.9029
1970-01-02 01:35:46,8371.987,153.90033,-820.2393,-4.3333826,-15.502716,313.64438
1970-01-02 01:35:47,8314.355,155.0963,-1033.4288,-2.8478484,14.830897,313.45267
1970-01-02 01:35:48,8382.717,150.62576,-587.4921,-1.7953523,8.495941,314.13736
1970-01-02 01:35:49,8240.705,151.3314,-847.6741,5.6085515,-5.5562177,316.63684
1970-01-02 01:35:50,8216.673,161.60638,-821.35333,3.7841733,-10.085146,317.17862
1970-01-02 01:35:51,8354.879,162.68333,-814.8185,1.0611697,-10.51284,317.44662
1970-01-02 01:35:52,8204.85,161.59343,-1044.163,2.6423728,3.9529176,316.51343
1970-01-02 01:35:53,8252.737,151.19003,-451.80743,4.459575,-3.1701205,317.46533
1970-01-02 01:35:54,8227.628,157.06381,-923.4915,0.4278916,-3.352534,317.1841
1970-01-02 01:35:55,8199.611,158.60246,-518.6987,-3.3189547,-10.6806965,316.33072
1970-01-02 01:35:56,8302.4375,163.17209,-719.8245,4.6822386,-7.059707,317.05475
1970-01-02 01:35:57,8280.847,157.15573,-805.1783,1.0194732,-8.378607,316.89496
1970-01-02 01:35:58,8172.035,154.34238,-719.7226,1.3165685,-2.3473916,316.1929
1970-01-02 01:35:59,8121.8647,154.82693,-687.60034,-0.51131606,7.0506315,314.59064
1970-01-02 01:36:00,8216.282,159.10516,-773.2231,9.593252,-4.7453322,314.30334
1970-01-02 01:36:01,8156.717,159.8847,-1036.2313,0.05816989,-9.382658,312.9413
1970-01-02 01:36:02,8143.548,151.13525,-635.9806,4.4761424,-2.4602473,313.8308
1970-01-02 01:36:03,8107.908,164.12662,-1108.8295,1.9978724,3.6242867,315.0699
1970-01-02 01:36:04,8054.649,155.42032,-993.3206,-1.7055446,12.547725,315.58386
1970-01-02 01:36:05,8127.0903,152.75668,-711.74054,3.667965,0.7330989,316.6003
1970-01-02 01:36:06,8216.224,157.5071,-1072.0931,4.4830756,-12.617117,315.81543
1970-01-02 01:36:07,8035.528,149.88525,-885.08984,-1.0634604,9.170745,316.1752
1970-01-02 01:36:08,8070.0522,152.6508,-702.29456,5.7190933,-4.2897077,315.78665
1970-01-02 01:36:09,8057.4595,155.94543,-968.4818,5.223164,10.205242,315.12238
1970-01-02 01:36:10,8180.6963,154.69061,-878.0798,4.561118,-0.91611207,313.54324
1970-01-02 01:36:11,8165.1074,153.9038,-1079.7852,3.9048626,22.143942,313.35977
1970-01-02 01:36:12,7987.315,153.63144,-537.38916,1.3776534,9.325845,313.97595
1970-01-02 01:36:13,7926.9663,157.61436,-1028.0035,4.8329287,8.66415,314.18225
1970-01-02 01:36:14,7994.7715,160.8504,-1228.6606,7.66632,10.904014,314.4747
1970-01-02 01:36:15,8004.309,157.62804,-343.3099,4.7915335,8.353926,314.9294
1970-01-02 01:36:16,8080.479,149.5623,-683.184,1.8784274,26.697153,313.97357
1970-01-02 01:36:17,8102.079,152.54486,-943.3777,1.9813427,12.731055,314.115
1970-01-02 01:36:18,7986.216,158.00551,-701.5694,1.0655656,-8.094368,313.80493
1970-01-02 01:36:19,7904.374,157.54526,-954.55975,1.357657,4.634568,314.28387
1970-01-02 01:36:20,7893.7886,156.63586,-683.24915,3.7825036,4.1014276,312.97122
1970-01-02 01:36:21,7880.221,150.25435,-742.22375,0.0884017,1.3364111,313.22293
1970-01-02 01:36:22,7725.629,157.23198,-786.0582,2.3940017,-0.41712877,313.0789
1970-01-02 01:36:23,7928.8916,159.22719,-892.03864,-0.07101561,2.952596,310.5768
1970-01-02 01:36:24,7836.043,159.7842,-1125.7382,-4.537898,-13.74024,310.68735
1970-01-02 01:36:25,7881.541,154.04489,-600.43463,2.7779572,14.556003,309.27756
1970-01-02 01:36:26,7778.0625,159.56572,-1240.7036,0.14600952,6.3661146,309.16162
1970-01-02 01:36:27,7778.627,155.70467,-582.6439,4.32623,-10.620241,308.9549
1970-01-02 01:36:28,7905.0654,155.1512,-870.89,0.74425054,5.842185,308.4406
1970-01-02 01:36:29,7870.2007,160.10403,-779.9182,5.1427803,-0.9719434,305.57684
1970-01-02 01:36:30,7797.5425,160.19267,-662.90216,0.43175805,-11.62749,306.16272
1970-01-02 01:36:31,7753.572,157.35825,-1110.7682,1.8421928,-6.737132,305.94324
1970-01-02 01:36:32,,154.56514,-740.27423,7.5798078,8.310917,306.29465
1970-01-02 01:36:33,7682.6846,163.30132,-918.8003,2.2644484,-3.3422482,305.7286
1970-01-02 01:36:34,7718.745,156.87157,-344.49582,3.0173028,3.0601559,305.10052
1970-01-02 01:36:35,7617.231,158.6822,-414.6354,3.2675352,9.94456,304.97067
1970-01-02 01:36:36,7779.718,154.74661,-658.375,1.7090071,-4.672278,302.576
1970-01-02 01:36:37,7744.702,153.7291,-1031.1167,5.789461,19.08966,303.84888
1970-01-02 01:36:38,7580.5474,158.15004,-774.06104,-0.9884503,22.684874,303.9557
1970-01-02 01:36:39,7705.0684,160.33136,-698.90753,-1.3233004,-9.641135,303.16074
1970-01-02 01:36:40,7600.992,152.4973,-654.1807,6.5068827,-10.511,303.19962
1970-01-02 01:36:41,7738.067,154.45653,-762.6744,-0.5161194,-0.048885282,304.1013
1970-01-02 01:36:42,7602.0586,157.5101,-609.33154,2.7983868,14.448308,304.87335
1970-01-02 01:36:43,7679.786,156.3878,-815.1778,4.4898677,0.8412594,305.47336
1970-01-02 01:36:44,7550.05,152.69821,-842.08704,0.50373083,-9.235788,306.56183
1970-01-02 01:36:45,7652.0034,158.13513,-609.2638,4.317774,,308.1528
1970-01-02 01:36:46,7619.6006,155.53322,-721.69763,2.195376,-3.7905056,308.87155
1970-01-02 01:36:47,7495.382,161.27486,-767.8053,2.850528,7.9505544,310.36032
1970-01-02 01:36:48,7497.3354,152.80049,-898.34705,-1.1768616,-3.6738482,310.06357
1970-01-02 01:36:49,7728.25,164.1447,-1255.8867,0.3390135,-30.418125,309.90985
1970-01-02 01:36:50,7510.5615,158.58075,-1083.8506,6.1119604,-6.7538533,308.62305
1970-01-02 01:36:51,7625.9614,148.1782,-772.2747,0.9519761,15.884087,307.11996
1970-01-02 01:36:52,7564.9644,152.50505,-962.38916,3.2216961,2.502132,307.1898
1970-01-02 01:36:53,7536.856,158.66289,-877.8371,4.0475864,-10.073106,308.77322
1970-01-02 01:36:54,7492.895,161.9741,-777.47284,0.21146575,1.5086433,308.8993
1970-01-02 01:36:55,7435.6865,149.62228,-836.9682,-1.658192,0.26685578,308.96805
1970-01-02 01:36:56,7611.428,153.53699,-1126.7719,-0.17010541,-13.859494,307.8529
1970-01-02 01:36:57,7421.3716,153.36275,-712.47925,9.0823765,-6.953192,306.3629
1970-01-02 01:36:58,7540.539,160.41534,-941.2385,0.32597762,-4.957276,306.22076
1970-01-02 01:36:59,7435.4077,154.8086,-915.2698,1.0505264,7.2473993,304.316
1970-01-02 01:37:00,7393.0693,154.7352,-1319.7222,3.689044,-2.9458926,302.68646
1970-01-02 01:37:01,7478.735,156.30621,-1146.4639,2.4474719,-6.894525,303.20526
1970-01-02 01:37:02,7359.158,,-553.266,1.3250164,16.538864,302.9858
1970-01-02 01:37:03,7390.501,149.87878,-755.24084,1.1479614,-11.692208,303.22955
1970-01-02 01:37:04,7396.52,164.0271,-817.56055,3.471362,8.343836,301.62698
1970-01-02 01:37:05,7512.331,158.54532,-878.4238,1.6744665,-22.000715,302.2608
1970-01-02 01:37:06,7427.969,156.77304,-1183.7511,0.65781313,-3.5345001,301.84253
1970-01-02 01:37:07,7341.5674,159.45372,-533.166,1.7219328,15.946926,301.50677
1970-01-02 01:37:08,7387.953,162.19841,-636.6134,2.070239,-5.2369933,302.57144
1970-01-02 01:37:09,7301.2915,156.22305,-828.6277,2.7653,-5.338199,301.1509
1970-01-02 01:37:10,7399.8096,154.59586,-617.1104,4.3912,-13.726449,300.80118
1970-01-02 01:37:11,7313.882,158.48251,-1001.42303,2.701401,-13.42212,301.82
1970-01-02 01:37:12,7307.149,163.0626,-955.3699,0.7171587,-5.6201982,301.6209
1970-01-02 01:37:13,7233.682,160.90813,-990.3819,7.1519957,-1.7495598,302.1896
1970-01-02 01:37:14,7387.3076,160.6616,-279.66907,3.285733,-3.0182111,301.31497
1970-01-02 01:37:15,7319.4316,155.36725,-995.75244,5.340985,-3.2017186,300.40588
1970-01-02 01:37:16,7220.2373,157.57936,-853.17847,6.0038776,-4.1623325,301.06708
1970-01-02 01:37:17,7303.4487,157.37708,-1129.079,1.085598,6.1379457,301.26083
1970-01-02 01:37:18,7254.761,154.90219,-880.5971,1.8520981,-6.155989,302.4344
1970-01-02 01:37:19,7196.4146,160.85135,-918.79517,5.063351,4.370944,302.44205
1970-01-02 01:37:20,6985.7036,147.47456,-592.4685,-2.9040782,5.346607,303.43536
1970-01-02 01:37:21,7224.987,160.22911,-737.03326,-5.07809,13.329393,303.73358
1970-01-02 01:37:22,7151.3887,160.6971,-823.0977,-6.578207,-4.3846984,303.26422
1970-01-02 01:37:23,7208.079,156.76395,-932.13605,3.0410495,-11.481155,301.38544
1970-01-02 01:37:24,7230.0967,158.90727,-897.38794,-1.2421557,18.130348,302.6321
1970-01-02 01:37:25,7163.0054,159.99161,-394.0513,7.9932942,6.1706724,304.39932
1970-01-02 01:37:26,7258.9175,151.80461,-810.3069,-2.1346393,-10.010746,304.10657
1970-01-02 01:37:27,7064.2495,162.46292,-839.185,0.3146453,5.7474384,301.90607
1970-01-02 01:37:28,7091.8247,161.53152,-901.9493,0.96981966,4.9903154,
1970-01-02 01:37:29,7020.0693,162.50365,-566.5507,1.9862527,6.122614,303.86642
1970-01-02 01:37:30,7134.442,159.75894,-848.87054,5.709118,-16.576708,303.816
1970-01-02 01:37:31,7076.95,157.82458,-472.70023,-1.8899462,13.8738575,302.006
1970-01-02 01:37:32,6954.236,150.59392,-651.5362,-6.144623,-2.5047307,302.05008
1970-01-02 01:37:33,7189.0605,159.14932,-701.08167,5.5118732,40.764202,303.25815
1970-01-02 01:37:34,7017.725,152.29573,-952.4998,2.390471,3.2664604,303.24185
1970-01-02 01:37:35,7114.9673,153.34697,-1077.478,-0.57064104,12.2993765,303.85843
1970-01-02 01:37:36,6956.118,146.80702,-958.52234,6.2491655,15.621476,302.79514
1970-01-02 01:37:37,6925.9688,160.38411,-666.2099,4.980351,5.9672194,302.43353
1970-01-02 01:37:38,7057.6074,157.1632,-596.6505,-3.5950139,-6.3508706,301.86884
1970-01-02 01:37:39,7107.204,156.85442,-1016.4537,-2.456761,-4.544294,303.69617
1970-01-02 01:37:40,7011.9385,153.93285,-972.66187,2.9385588,-0.4657124,303.6353
1970-01-02 01:37:41,7017.1846,156.06293,-754.7339,-0.8029766,1.5649693,303.70792
1970-01-02 01:37:42,7003.4463,158.56381,-788.0706,8.341258,3.4342656,303.3932
1970-01-02 01:37:43,6962.144,158.49164,-703.83044,4.8716803,5.6343417,301.41498
1970-01-02 01:37:44,7012.0347,164.2762,-838.95795,0.6700762,6.374085,301.12622
1970-01-02 01:37:45,6826.2485,158.19319,-632.85547,4.245683,2.3952634,301.45834
1970-01-02 01:37:46,6969.4985,156.49559,-1084.8865,3.2643285,-6.409863,299.92502
1970-01-02 01:37:47,6948.4863,163.47498,-1035.9318,3.498733,10.9841795,298.65494
1970-01-02 01:37:48,6871.4956,154.61485,-1170.0465,5.1831436,0.6326319,298.39484
1970-01-02 01:37:49,6929.484,164.97894,-807.62537,5.3187304,-6.0886345,296.61685
1970-01-02 01:37:50,6828.2656,164.36833,-786.2619,3.5980775,4.178119,299.6471
1970-01-02 01:37:51,6880.736,152.20323,-753.7586,-2.0872514,-2.7230132,300.5316
1970-01-02 01:37:52,6755.9536,166.27315,,0.2746532,4.129482,300.8726
1970-01-02 01:37:53,6815.7812,158.25874,-925.86584,10.442002,-3.9480448,300.80594
1970-01-02 01:37:54,6958.431,150.32542,-888.4713,6.1513133,11.852383,300.38916
1970-01-02 01:37:55,6812.708,158.11191,-880.65955,-1.2711518,14.11955,301.7369
1970-01-02 01:37:56,6742.9307,156.89815,-979.8918,5.614793,-1.3044726,301.92075
1970-01-02 01:37:57,6795.925,165.00174,-709.11945,-0.45685515,-20.986889,301.70065
1970-01-02 01:37:58,6655.68,154.1847,-906.7763,10.477235,22.634003,302.35757
1970-01-02 01:37:59,6759.749,157.40259,-568.86316,0.067625806,10.31076,
1970-01-02 01:38:00,6706.5425,154.16696,-937.211,2.4960005,7.150973,303.22696
1970-01-02 01:38:01,6749.51,160.79836,-850.9267,1.1962543,-7.745375,303.38577
1970-01-02 01:38:02,6612.9556,159.02043,-509.81558,2.218794,-1.0079218,303.68805
1970-01-02 01:38:03,6787.757,159.78793,-1384.5677,2.3955476,3.5296926,303.1665
1970-01-02 01:38:04,6797.758,156.92393,-553.1625,5.1843014,-6.015941,302.17523
1970-01-02 01:38:05,6598.246,153.64026,-541.3591,1.317442,6.937231,303.07843
1970-01-02 01:38:06,6578.623,150.61609,-519.67957,0.68966234,9.772427,302.4988
1970-01-02 01:38:07,6708.7485,160.45682,-602.0426,3.0797682,-7.1318426,302.4458
1970-01-02 01:38:08,6599.963,156.75244,-1084.0656,0.7242147,-6.7525215,299.87643
1970-01-02 01:38:09,6597.0547,155.24228,-985.9809,1.5216098,-4.318631,300.47916
1970-01-02 01:38:10,6547.8125,160.42918,-900.9545,5.1692395,-24.406578,300.37192
1970-01-02 01:38:11,6704.11,160.36005,-720.4164,3.1989756,7.2586646,300.2558
1970-01-02 01:38:12,6519.635,157.70662,-913.3504,-0.19736111,-17.954342,298.16248
1970-01-02 01:38:13,6577.1636,166.24367,-763.3898,1.3377076,-6.0794754,297.61133
1970-01-02 01:38:14,6412.639,160.972,-547.4393,-0.30242804,11.365467,297.0899
1970-01-02 01:38:15,6610.0986,161.63486,-853.2011,3.159728,15.355598,297.15875
1970-01-02 01:38:16,6590.749,158.72491,-695.5194,2.9581342,4.80218,299.4674
1970-01-02 01:38:17,6448.146,156.04141,-1133.8098,4.215783,-11.772715,300.42358
1970-01-02 01:38:18,6503.786,160.28134,-1225.1956,-1.7512468,-2.8348463,301.38733
1970-01-02 01:38:19,6539.9414,156.80125,-969.8881,-3.4262712,12.20376,300.4445
1970-01-02 01:38:20,6553.449,154.3283,-490.24118,4.1936293,-9.260399,301.20483
1970-01-02 01:38:21,6500.719,159.32614,-961.85596,0.55934966,13.410001,299.35632
1970-01-02 01:38:22,6458.6113,159.36386,-721.6309,4.090152,1.2663927,298.64713
1970-01-02 01:38:23,6596.5054,151.569,-1177.6642,6.1353216,11.082968,298.2444
1970-01-02 01:38:24,6503.5312,163.7153,-955.06824,0.85461694,-4.3787236,298.38766
1970-01-02 01:38:25,6522.2256,150.47963,-1003.85535,-2.2819636,9.431225,297.67996
1970-01-02 01:38:26,6387.163,162.75893,-717.0836,6.047532,1.0036101,297.41208
1970-01-02 01:38:27,6531.2603,158.63187,-830.87585,4.038156,11.855549,296.6758
1970-01-02 01:38:28,6597.9575,156.65778,-797.70465,-0.82663035,5.714157,297.83694
1970-01-02 01:38:29,6372.551,148.63728,-764.9055,-2.01403,2.6764448,297.9432
1970-01-02 01:38:30,6441.178,152.61732,-859.7949,5.73706,13.035836,296.70816
1970-01-02 01:38:31,6498.798,155.42465,-850.5547,1.1015286,5.378227,296.61978
1970-01-02 01:38:32,6397.1187,156.68398,-553.8947,4.7435985,-3.8735156,296.5553
1970-01-02 01:38:33,6390.749,153.10767,-883.9365,7.845853,-1.8963975,295.87433
1970-01-02 01:38:34,6264.5225,161.62132,-524.931,2.6305091,2.9981742,294.72495
1970-01-02 01:38:35,6380.484,158.4753,-1014.4069,2.4390051,-32.40231,295.08682
1970-01-02 01:38:36,6238.708,160.72157,-970.7666,2.239772,-13.464409,295.297
1970-01-02 01:38:37,6188.824,156.99236,-967.3755,4.1358476,-4.3716664,295.6222
1970-01-02 01:38:38,6313.5605,153.94142,-513.2605,5.173271,3.3006203,294.0461
1970-01-02 01:38:39,6296.171,156.28549,-956.9609,4.998657,-0.8035911,295.29672
1970-01-02 01:38:40,6153.606,158.57263,-782.3315,6.2944336,-6.324877,296.0323
1970-01-02 01:38:41,6303.007,163.38322,-984.41583,2.3959255,15.453851,295.49576
1970-01-02 01:38:42,6245.468,153.23416,-939.17804,0.32203078,-12.924636,293.9078
1970-01-02 01:38:43,6265.2563,156.01225,-828.17,0.56742823,-3.6376889,293.68863
1970-01-02 01:38:44,6190.533,156.87852,-796.65546,-2.4955885,,293.53577
1970-01-02 01:38:45,6153.0625,159.85742,-614.6554,5.072483,5.4974318,294.95428
1970-01-02 01:38:46,6282.3823,158.50119,-456.19797,1.2431437,9.239173,294.4304
1970-01-02 01:38:47,6069.5054,158.74638,-748.23596,2.249709,6.2740192,293.82336
1970-01-02 01:38:48,6118.6606,158.96216,-818.30176,0.19178367,-5.5903044,294.68503
1970-01-02 01:38:49,5988.778,159.73312,-821.0122,6.0181623,-4.8634944,295.60468
1970-01-02 01:38:50,5939.105,160.45544,-1034.5663,4.956706,-11.48049,297.14774
1970-01-02 01:38:51,6112.325,160.27469,-954.4024,0.9850766,-13.629197,297.6627
1970-01-02 01:38:52,6149.3564,157.74959,-697.6328,1.3076395,-3.310218,296.76056
1970-01-02 01:38:53,5977.202,166.4761,-804.60504,2.9697096,7.116749,298.03165
1970-01-02 01:38:54,6050.8774,165.56613,-599.54297,4.8870935,7.183007,297.7281
1970-01-02 01:38:55,6222.391,165.23598,-855.698,0.05531848,-2.7617726,296.98962
1970-01-02 01:38:56,6002.4062,156.89563,-713.11127,0.96727073,-8.789156,296.61176
1970-01-02 01:38:57,6209.7036,156.33067,-105.095604,-3.6020117,23.709803,296.00714
1970-01-02 01:38:58,6225.002,158.50961,-670.2849,-5.2119403,22.12731,296.5079
1970-01-02 01:38:59,6065.1855,147.05934,-683.4271,0.93975025,1.8749285,295.75143
1970-01-02 01:39:00,6077.2437,164.31161,-572.2103,3.552146,-21.586407,295.80322
1970-01-02 01:39:01,6018.9663,155.1399,-826.8795,0.40183276,-12.573923,297.36786
1970-01-02 01:39:02,6007.8345,157.27426,-765.5548,-1.0263442,4.6250024,298.05197
1970-01-02 01:39:03,5982.942,150.67609,-636.9036,3.5438857,-1.171655,295.78986
1970-01-02 01:39:04,5914.8193,164.79706,-939.83887,3.9623344,-17.862656,296.46613
1970-01-02 01:39:05,5897.2344,156.56796,-769.0748,2.216897,17.380802,296.14856
1970-01-02 01:39:06,5947.4614,151.04938,-496.33984,2.7291052,-6.5212665,297.2069
1970-01-02 01:39:07,5880.344,150.95325,-859.44604,1.1925937,3.1019974,298.33362
1970-01-02 01:39:08,5924.1064,154.20769,-814.2608,3.8265934,8.70057,298.69476
1970-01-02 01:39:09,5962.6514,153.26263,-809.0197,1.6733072,-5.2996526,298.9739
1970-01-02 01:39:10,6065.1675,157.14793,-642.86676,1.7779168,-2.059754,298.425
1970-01-02 01:39:11,5877.014,150.52293,-714.1697,-0.43919584,6.5742626,299.74582
1970-01-02 01:39:12,5708.6133,162.28775,-1576.3302,,-4.124479,301.50803
1970-01-02 01:39:13,5839.0605,159.82158,-1159.2496,1.0128285,-12.756568,301.48227
1970-01-02 01:39:14,5868.3564,155.22122,-766.61017,3.9983695,2.69136,301.58862
1970-01-02 01:39:15,5987.192,162.32712,-434.13263,8.068489,2.9755433,301.91748
1970-01-02 01:39:16,5745.567,158.32874,-747.5112,0.74295133,1.0433167,300.6692
1970-01-02 01:39:17,5751.276,150.77206,-1091.5647,1.719266,-6.260025,300.7829
1970-01-02 01:39:18,5641.464,159.41522,-970.81354,3.9950912,3.470714,301.676
1970-01-02 01:39:19,5694.2656,160.77399,-905.16693,1.6903212,-6.7188373,301.4112
1970-01-02 01:39:20,5801.4297,152.37683,-605.9003,-1.4786032,2.74237,300.28238
1970-01-02 01:39:21,5852.5815,160.16733,-727.8409,,-4.09191,300.08173
1970-01-02 01:39:22,5735.3506,155.87366,-857.1747,1.8376707,-12.911105,300.06253
1970-01-02 01:39:23,5653.406,154.40784,-1026.9868,7.099497,-5.3128004,299.65155
1970-01-02 01:39:24,5792.1167,160.28543,-902.9961,0.20138349,-8.608914,298.74487
1970-01-02 01:39:25,5875.0415,157.32492,-1225.5139,0.9611867,-15.805005,298.34225
1970-01-02 01:39:26,5724.2886,163.32307,-1091.8636,-0.26596537,-3.0442243,300.31284
1970-01-02 01:39:27,5691.362,157.65192,-846.6168,4.7049136,6.0311913,300.22714
1970-01-02 01:39:28,5786.8877,154.68417,-539.97076,3.6147823,-1.4075766,298.3622
1970-01-02 01:39:29,5702.3564,150.18465,-693.64465,2.3569388,7.1193576,298.4373
1970-01-02 01:39:30,5770.5625,156.75478,-525.002,2.846338,9.601959,300.22562
1970-01-02 01:39:31,5515.1177,159.5275,-607.49963,3.781213,3.4583993,300.85464
1970-01-02 01:39:32,5707.0713,165.0671,-1073.763,0.4376389,15.291121,301.0082
1970-01-02 01:39:33,5638.997,152.64244,-1158.4316,-3.8750844,11.337058,302.16522
1970-01-02 01:39:34,5632.6113,155.63953,-1133.3529,4.935836,17.397018,302.35266
1970-01-02 01:39:35,5655.4346,155.78847,-781.827,2.1406677,10.589354,303.06683
1970-01-02 01:39:36,5599.072,152.72557,-696.6892,0.47188336,-6.487549,302.49817
1970-01-02 01:39:37,5559.147,159.50893,-651.17725,-0.045877587,-8.835388,302.3913
1970-01-02 01:39:38,5651.694,156.58981,-1032.7488,1.9944159,-19.779541,302.10477
1970-01-02 01:39:39,5604.0874,154.1148,-774.8607,-0.3185989,-9.325799,303.30167
1970-01-02 01:39:40,5445.656,167.83307,-848.751,1.7985474,-5.636451,303.64148
1970-01-02 01:39:41,5457.149,156.6981,-873.9136,2.6552293,6.418983,303.70407
1970-01-02 01:39:42,5581.5103,159.9846,-771.1685,0.44068727,5.63967,303.20123
1970-01-02 01:39:43,5624.674,163.72633,-865.45184,-2.8614225,-8.073423,301.98813
1970-01-02 01:39:44,5450.965,158.08832,-596.07056,5.524676,-3.6695237,302.52716
1970-01-02 01:39:45,5434.394,154.50584,-443.5678,1.5359612,1.3964306,303.1329
1970-01-02 01:39:46,5395.673,154.69246,-859.317,0.5205521,-10.667171,304.3527
1970-01-02 01:39:47,5491.9688,153.28542,-991.0992,2.9562151,3.8899486,302.07068
1970-01-02 01:39:48,5509.636,156.13153,-950.3557,-0.6815574,20.508558,301.53775
1970-01-02 01:39:49,5495.02,164.19385,-782.7236,0.9369914,-9.682991,303.05075
1970-01-02 01:39:50,5343.1177,154.298,-847.67303,7.6193132,8.011022,303.4741
1970-01-02 01:39:51,5428.7944,161.62996,-830.6771,-0.85192484,4.434075,303.41943
1970-01-02 01:39:52,5584.3364,150.2573,-577.0042,2.8361404,-3.5723991,304.20776
1970-01-02 01:39:53,5424.996,165.25389,-1287.8386,3.1106436,-7.814005,304.36118
1970-01-02 01:39:54,5463.149,159.06747,-401.9545,3.4397082,-12.31178,305.0718
1970-01-02 01:39:55,5422.3315,150.70453,-977.80316,-1.4180788,8.290261,305.96207
1970-01-02 01:39:56,5439.641,152.99384,-665.85345,1.6506854,4.0631824,306.16293
1970-01-02 01:39:57,5324.357,157.54485,-699.19836,-1.750642,9.849822,307.7685
1970-01-02 01:39:58,5398.3022,157.94807,-659.1395,4.601449,-10.87603,308.0962
1970-01-02 01:39:59,5412.482,160.30426,-900.869,2.6433146,-12.895347,307.83887
1970-01-02 01:40:00,5322.609,155.8575,-981.16705,-1.5721427,9.953064,306.51022
1970-01-02 01:40:01,5224.685,159.65535,-614.41504,3.2394922,15.746471,306.49368
1970-01-02 01:40:02,5368.2676,161.3499,-855.9812,8.5743065,0.80655587,306.59113
1970-01-02 01:40:03,5300.88,154.33249,-578.92267,,6.7685,306.15286
1970-01-02 01:40:04,5264.1597,158.44656,-777.9121,-2.0537326,-4.748675,304.60864
1970-01-02 01:40:05,5231.588,155.5891,-859.2849,-3.73127,1.6249894,305.7443
1970-01-02 01:40:06,5072.916,156.19359,-648.548,6.0563164,-5.328385,305.87268
1970-01-02 01:40:07,5291.5166,155.09727,-846.1323,2.5624843,-9.11716,307.11337
1970-01-02 01:40:08,5148.1216,161.3118,-1093.9946,5.6464148,-10.984444,307.34137
1970-01-02 01:40:09,5306.156,159.08156,-694.2675,2.5504258,7.8058367,307.44852
1970-01-02 01:40:10,5247.5986,158.46819,-666.41296,0.151228,-22.292032,307.14008
1970-01-02 01:40:11,5042.2437,158.98032,-915.6288,3.0863307,13.126851,308.18024
1970-01-02 01:40:12,5211.434,161.56956,-922.1228,2.2547004,13.636151,307.13797
1970-01-02 01:40:13,5048.4985,165.93391,-1014.6582,5.756897,-9.799319,306.96786
1970-01-02 01:40:14,5225.141,159.81514,-816.7508,7.478075,-20.299505,307.02942
1970-01-02 01:40:15,5213.6016,162.72443,-623.98047,4.9553,1.8305637,306.19528
1970-01-02 01:40:16,5199.9736,167.80034,-978.9041,2.4204848,-4.1731334,306.7784
1970-01-02 01:40:17,5097.424,156.1324,-234.21275,2.2397766,2.1371825,305.82083
1970-01-02 01:40:18,5078.1797,161.07306,-1214.9291,4.3349857,-18.420527,304.5851
1970-01-02 01:40:19,5187.6665,160.12863,-877.5698,-0.48137462,-2.7677038,305.1907
1970-01-02 01:40:20,5016.1636,159.3071,-799.3627,4.4497485,-19.833784,307.0248
1970-01-02 01:40:21,5121.3774,154.56319,-1068.8854,5.387157,-3.1879463,306.84448
1970-01-02 01:40:22,4951.8247,153.0144,-905.545,0.36167496,10.500631,306.925
1970-01-02 01:40:23,4908.588,165.12961,-1162.8562,-1.5889859,-5.563861,307.03555
1970-01-02 01:40:24,5035.022,153.69977,-867.11316,-0.7572493,-0.59607947,307.906
1970-01-02 01:40:25,5039.3022,150.12076,-740.45575,5.727695,-3.2236211,307.77808
1970-01-02 01:40:26,4942.2935,156.43253,,4.179999,12.690389,307.43967
1970-01-02 01:40:27,4927.855,157.09738,-867.53064,4.741524,-12.420002,307.91885
1970-01-02 01:40:28,4904.5806,154.27495,-992.7363,-3.1199644,20.337862,306.651
1970-01-02 01:40:29,4949.954,160.29953,-800.6097,0.3264905,-3.497734,304.59375
1970-01-02 01:40:30,4964.2974,159.24254,-367.07245,0.21301669,-2.7814558,303.82364
1970-01-02 01:40:31,4984.7793,152.41849,-788.7801,-0.95995575,-6.5028453,303.08105
1970-01-02 01:40:32,4920.934,158.17293,-405.74435,2.0986235,3.8507924,303.9767
1970-01-02 01:40:33,4849.228,162.82129,-677.43695,-4.9430327,-6.975626,303.17136
1970-01-02 01:40:34,5019.8555,158.95816,-518.1278,1.4051635,3.3455036,303.8348
1970-01-02 01:40:35,4702.467,157.34529,-963.346,-0.027496122,-0.06205106,305.19464
1970-01-02 01:40:36,4804.2476,153.56735,-805.70105,6.126296,6.067443,305.01645
1970-01-02 01:40:37,4873.935,153.02798,-799.66907,1.3426261,-13.069019,304.3173
1970-01-02 01:40:38,4959.1,159.91464,-732.25934,-3.0287156,11.388431,304.38068
1970-01-02 01:40:39,4739.4834,154.45055,-594.4157,0.2590315,-10.229353,304.50122
1970-01-02 01:40:40,4804.5586,,-883.961,-0.19869706,2.8575194,303.80722
1970-01-02 01:40:41,,156.90962,-793.5325,4.4145136,-17.388775,305.02237
1970-01-02 01:40:42,4716.7573,161.98848,-520.29456,1.7081649,5.3166,306.3958
1970-01-02 01:40:43,4770.608,156.16196,-564.3267,1.4053986,-11.401194,305.4216
1970-01-02 01:40:44,4638.394,157.40785,-331.6833,5.526112,-8.605885,306.1179
1970-01-02 01:40:45,,158.9173,-915.4145,3.5188591,-4.5824084,306.49673
1970-01-02 01:40:46,4780.1143,160.40157,-506.56107,3.1309981,-4.5039616,306.99722
1970-01-02 01:40:47,4718.1553,159.66522,-781.52844,1.6752751,-0.68123585,307.23224
1970-01-02 01:40:48,4694.37,155.4551,-629.3528,-0.95330036,0.99897176,308.18192
1970-01-02 01:40:49,4681.3354,153.40717,-903.1448,3.2391624,9.572866,307.96768
1970-01-02 01:40:50,4618.6934,154.14726,-698.0522,3.8638065,1.2491604,308.35065
1970-01-02 01:40:51,4690.56,154.95152,-1219.8707,2.0484703,-1.173399,309.3006
1970-01-02 01:40:52,4705.23,159.53896,-686.52185,1.9010769,-14.541986,308.87616
1970-01-02 01:40:53,4741.5513,154.74121,-839.64154,8.384864,-0.7622299,309.41135
1970-01-02 01:40:54,4604.0205,160.56543,-775.1721,7.145698,9.66453,309.5104
1970-01-02 01:40:55,4743.4707,164.0062,-808.43976,8.096036,6.0554624,308.92432
1970-01-02 01:40:56,4635.6035,164.91098,-957.6305,0.5640784,-4.865547,308.37076
1970-01-02 01:40:57,4655.8813,160.94388,-721.3392,0.86965364,0.8344462,308.33826
1970-01-02 01:40:58,4706.454,153.03651,-932.786,-2.0106723,2.030915,307.33508
1970-01-02 01:40:59,4526.967,160.92876,-418.10632,-1.735461,1.4547558,307.07144
1970-01-02 01:41:00,4672.6494,158.17474,-721.9311,3.412612,-4.62388,306.97583
1970-01-02 01:41:01,4528.034,156.81519,-797.1192,3.013615,-11.960689,306.13318
1970-01-02 01:41:02,4487.6514,161.37929,-961.76056,1.416321,-20.39383,
1970-01-02 01:41:03,4450.9536,158.06273,-778.23157,2.2236001,3.2902284,305.36685
1970-01-02 01:41:04,4583.379,157.19127,-942.15045,3.0218277,-22.898586,305.62317
1970-01-02 01:41:05,4492.664,152.5833,-723.6771,2.2674713,-20.246315,306.0885
1970-01-02 01:41:06,4479.8213,153.67535,-932.26526,3.4894843,-7.120201,306.12503
1970-01-02 01:41:07,4408.2646,152.79144,-831.0376,1.7071416,-6.166738,306.2607
1970-01-02 01:41:08,4496.73,159.43616,-973.9226,2.8475132,5.9738526,305.8576
1970-01-02 01:41:09,4465.42,161.89609,-624.65704,3.7390497,5.182631,304.8309
1970-01-02 01:41:10,4567.0977,151.63922,-934.5811,6.4433923,10.660119,304.06805
1970-01-02 01:41:11,4400.7017,162.48956,-842.52814,4.3202677,,303.89777
1970-01-02 01:41:12,4433.301,150.84038,-760.59326,1.088328,-2.398393,303.0399
1970-01-02 01:41:13,4440.111,150.51218,-939.7458,2.1895576,-3.1879241,303.39465
1970-01-02 01:41:14,4418.682,160.29663,-869.1405,1.956066,2.6790776,302.99005
1970-01-02 01:41:15,4412.2275,153.35362,-1148.92,-0.697068,4.4563556,301.50217
1970-01-02 01:41:16,4400.113,158.9957,-1051.8499,-1.1738905,-8.863157,300.13953
1970-01-02 01:41:17,4515.891,164.00618,-908.89026,7.522388,-2.5851614,299.1897
1970-01-02 01:41:18,4343.063,166.1814,-572.9424,-1.9243945,5.226074,297.65164
1970-01-02 01:41:19,4157.383,157.11568,-858.7711,-0.2981594,-5.843231,296.83145
1970-01-02 01:41:20,4341.041,156.10541,-559.1499,0.81033814,-9.462957,296.98495
1970-01-02 01:41:21,4269.038,163.47386,-670.94025,-0.74267673,-6.6195464,297.44226
1970-01-02 01:41:22,4272.3267,162.71187,-717.67926,2.7861528,-11.395409,297.45032
1970-01-02 01:41:23,4313.68,155.4114,-739.2015,3.9039426,-8.65732,297.9934
1970-01-02 01:41:24,,153.12367,-767.8053,1.1358551,-2.7570179,298.4252
1970-01-02 01:41:25,4308.348,154.01953,-839.6175,1.0552435,0.7677331,298.83563
1970-01-02 01:41:26,4277.0444,162.38269,-822.1814,4.402787,3.2731512,299.55905
1970-01-02 01:41:27,4314.702,161.1688,-733.7768,-2.3519886,-7.882087,298.2428
1970-01-02 01:41:28,4210.3906,161.85747,-935.4719,-0.505078,-7.4918694,299.5642
1970-01-02 01:41:29,4343.813,157.54863,-274.17496,-0.2810332,1.717248,299.69138
1970-01-02 01:41:30,4270.0703,158.37856,-540.9905,5.5296264,-11.91417,298.16675
1970-01-02 01:41:31,4034.4316,151.2393,-720.7457,1.19852,13.901976,298.43637
1970-01-02 01:41:32,4201.2056,159.09747,-911.39484,3.5174754,12.898142,297.70526
1970-01-02 01:41:33,4051.6172,161.9775,-704.66614,0.6406488,1.3674505,297.50385
1970-01-02 01:41:34,4113.3477,160.23618,-333.80807,1.9158385,13.456467,298.09695
1970-01-02 01:41:35,4258.9863,165.51935,-952.264,-4.1506205,3.1467345,297.83847
1970-01-02 01:41:36,4153.5654,161.97527,-1162.5062,1.0416384,3.459276,297.8437
1970-01-02 01:41:37,4158.645,162.7628,-481.09933,-1.6847438,-3.4135323,298.63467
1970-01-02 01:41:38,4014.9194,155.76173,-716.88214,-5.1999846,6.1862426,298.97583
1970-01-02 01:41:39,4014.2322,158.63945,-477.901,2.2114203,-26.660954,300.69034
1970-01-02 01:41:40,3999.4106,153.3224,-659.3191,5.890631,-1.4484664,300.92874
1970-01-02 01:41:41,4156.3545,157.26709,-1034.0244,2.9119918,12.027911,302.0475
1970-01-02 01:41:42,4033.22,163.68307,-950.1916,3.312094,0.19744885,300.29773
1970-01-02 01:41:43,4180.224,158.90364,-664.9148,-0.823108,-10.194307,299.4486
1970-01-02 01:41:44,4096.8936,153.47987,-715.6622,-0.17432463,6.5350766,298.2489
1970-01-02 01:41:45,3934.2878,158.76695,-920.07776,0.06585607,-5.5304403,298.33408
1970-01-02 01:41:46,4053.935,159.23787,-408.9916,-0.014058478,-5.120946,300.13577
1970-01-02 01:41:47,4103.3887,154.87149,-984.4881,7.6589556,-2.6067324,300.6803
1970-01-02 01:41:48,3910.9492,161.41495,-505.13898,-5.108865,-12.9982,297.5613
1970-01-02 01:41:49,3997.2825,160.93828,-901.55884,3.8205361,-8.000207,297.1572
1970-01-02 01:41:50,3887.1401,157.42342,-593.8824,2.605774,-11.751444,296.35547
1970-01-02 01:41:51,3952.8752,160.21582,-1193.4652,3.3647332,-7.154048,295.6164
1970-01-02 01:41:52,3994.3896,163.19627,-770.58386,-5.06306,-3.578674,295.8498
1970-01-02 01:41:53,4061.0283,163.15236,-531.14923,3.1916196,3.3639812,294.8874
1970-01-02 01:41:54,3766.1406,157.96683,-972.5455,2.6683362,10.624956,295.76025
1970-01-02 01:41:55,3956.9036,158.61087,-1125.014,-3.2981355,10.317561,295.42218
1970-01-02 01:41:56,3698.6216,157.50154,-494.57516,,6.66551,294.39288
1970-01-02 01:41:57,3941.3416,159.30382,-791.7514,-0.12730454,-5.822769,293.83942
1970-01-02 01:41:58,3823.5166,155.48941,-663.2487,0.8925603,-13.509144,293.22858
1970-01-02 01:41:59,3864.591,152.75354,-883.1984,1.1079321,-11.064726,292.41476
1970-01-02 01:42:00,3777.3552,155.52222,-972.3727,-3.9553838,-1.1950912,291.13168
1970-01-02 01:42:01,3815.3118,159.27402,-885.7603,0.5396157,-0.3905065,291.48727
1970-01-02 01:42:02,3780.366,160.30418,-882.3358,2.9826365,8.958289,291.1572
1970-01-02 01:42:03,3774.5222,158.91008,-548.3385,-2.5882497,-1.8512706,292.27048
1970-01-02 01:42:04,3795.1206,157.76335,-722.7599,1.8772798,-7.956474,290.99716
1970-01-02 01:42:05,3919.0737,163.77779,-779.87476,-0.6754552,0.26518163,290.8436
1970-01-02 01:42:06,3775.069,153.16142,-570.26807,0.24997346,-0.9579885,291.56656
1970-01-02 01:42:07,3894.075,159.67053,-289.33948,3.1682372,-17.924551,292.43448
1970-01-02 01:42:08,3670.2842,156.79718,-823.8573,4.388132,0.19391799,291.68292
1970-01-02 01:42:09,3779.542,161.47032,-997.4218,3.6769383,-0.3769033,290.43246
1970-01-02 01:42:10,3760.8696,165.57277,-702.5281,0.74809265,4.194936,293.34882
1970-01-02 01:42:11,3673.288,151.17944,-655.68427,0.5426295,8.013918,293.37393
1970-01-02 01:42:12,3786.4236,153.724,-806.52325,2.62095,-3.9830847,293.62518
1970-01-02 01:42:13,3503.4827,157.56168,-960.5191,,-7.228096,293.7881
1970-01-02 01:42:14,3708.1667,160.02359,-846.04456,-2.3375928,12.320509,293.2089
1970-01-02 01:42:15,3646.7449,158.34601,-900.4751,3.2920477,-1.9333868,293.17413
1970-01-02 01:42:16,3756.7627,162.2992,-939.7526,1.9187413,9.925762,292.70343
1970-01-02 01:42:17,3608.498,162.01913,-984.6988,-1.1801693,2.9381826,292.59424
1970-01-02 01:42:18,3588.7314,153.98483,-993.0861,2.6061966,14.133284,292.24545
1970-01-02 01:42:19,3565.2263,156.68042,-982.0502,1.7086759,0.7320852,291.07855
1970-01-02 01:42:20,3666.5032,150.79448,-508.65207,0.5404328,4.7207603,290.7861
1970-01-02 01:42:21,3665.8804,159.4042,-829.15045,4.222502,-3.3521018,289.967
1970-01-02 01:42:22,3687.0789,153.71469,-506.01508,5.327303,3.5007393,288.29715
1970-01-02 01:42:23,3497.6433,159.09279,-1129.1567,-1.8668498,,289.5815
1970-01-02 01:42:24,3547.671,158.23685,-674.886,0.6679341,8.801178,289.97766
1970-01-02 01:42:25,3619.7134,162.1534,-963.2637,1.2427549,,289.56924
1970-01-02 01:42:26,3580.4612,156.10374,-948.1681,8.153557,-20.123466,289.91388
1970-01-02 01:42:27,3610.8376,156.63101,-1016.34033,0.98219615,-7.8993273,290.43906
1970-01-02 01:42:28,3416.6182,153.49927,-575.4532,4.158032,12.038326,289.2575
1970-01-02 01:42:29,3512.446,159.36414,-532.8827,3.6563263,19.58978,289.55753
1970-01-02 01:42:30,3531.6248,158.44978,-468.63297,5.7781467,-11.3170595,288.29266
1970-01-02 01:42:31,3504.5547,160.46068,-587.7702,-0.44150645,-3.1949656,286.1763
1970-01-02 01:42:32,3509.4675,157.87083,-680.5271,-2.478593,,286.4074
1970-01-02 01:42:33,3468.6274,159.26366,-1071.4952,7.7214174,4.521096,287.1845
1970-01-02 01:42:34,3373.2522,161.76944,-781.01355,2.9492235,12.402297,288.67346
1970-01-02 01:42:35,3587.7583,155.93985,-851.32306,0.9043301,4.627871,289.15326
1970-01-02 01:42:36,3374.9514,157.61534,-840.3435,0.9758902,2.195586,289.55914
1970-01-02 01:42:37,3471.3816,161.38522,-742.54553,2.111736,-2.9225144,289.97076
1970-01-02 01:42:38,3397.9373,158.56706,-780.1236,4.668572,6.0075603,289.43323
1970-01-02 01:42:39,3252.8857,163.36217,-626.95416,-0.51917875,4.3810735,289.025
1970-01-02 01:42:40,3320.3657,156.37315,-1122.7148,3.7719574,12.722263,288.09918
1970-01-02 01:42:41,3513.2305,166.77577,-782.5478,-0.06283659,-1.5641317,289.0915
1970-01-02 01:42:42,3354.5576,159.45493,-445.2552,0.45165488,-11.97138,289.82263
1970-01-02 01:42:43,3372.2915,166.36993,-980.31085,4.9210205,1.9652568,289.15128
1970-01-02 01:42:44,3308.9924,160.3544,-508.53485,3.045369,-4.5996413,290.51938
1970-01-02 01:42:45,3463.4255,163.93959,-888.9333,-1.4274775,-1.2575052,290.07422
1970-01-02 01:42:46,3359.9102,160.79735,-1031.3068,6.865917,12.562627,290.74664
1970-01-02 01:42:47,3271.948,163.31769,-681.77783,-0.95301753,5.3288817,291.42288
1970-01-02 01:42:48,3296.7915,155.69853,-818.3462,-0.16311255,10.979036,292.33237
1970-01-02 01:42:49,3491.5554,165.34364,-978.12866,-2.4012985,8.732311,291.0491
1970-01-02 01:42:50,3222.046,162.8546,-783.0534,,10.645313,292.65726
1970-01-02 01:42:51,3186.833,154.73366,-1246.1624,4.9094768,0.5198377,292.2143
1970-01-02 01:42:52,3307.5366,151.69702,-716.6662,-2.0762959,-5.1732273,290.86053
1970-01-02 01:42:53,3183.1794,156.64258,-633.04816,2.5693889,6.649448,289.36722
1970-01-02 01:42:54,3274.194,159.56161,-871.8721,4.2819476,2.6224136,291.11035
1970-01-02 01:42:55,3198.72,166.20734,-1016.9808,3.7773182,-10.739873,292.22543
1970-01-02 01:42:56,3192.9133,153.91505,-657.7077,-2.0292118,4.7390623,292.05273
1970-01-02 01:42:57,3270.9204,156.36833,-548.55414,6.756071,0.5641065,293.1924
1970-01-02 01:42:58,3138.1233,158.5012,-852.4784,3.690279,-7.422547,292.5986
1970-01-02 01:42:59,3084.8264,155.57867,-569.91895,5.190365,12.313401,291.78793
1970-01-02 01:43:00,3175.3625,160.76779,-789.4955,0.28017446,-5.504938,291.21024
1970-01-02 01:43:01,3238.6843,153.13806,-861.8358,-3.7486115,-15.456395,290.1834
1970-01-02 01:43:02,3040.0615,157.21878,-807.184,-0.5351574,-1.976473,291.15137
1970-01-02 01:43:03,3182.1086,152.07716,-512.36444,3.3947625,-16.983057,293.52765
1970-01-02 01:43:04,3135.7253,155.0694,-543.2518,3.3271565,6.4028835,293.37036
1970-01-02 01:43:05,2876.5742,160.33284,-1080.3312,2.5404692,10.486502,292.9583
1970-01-02 01:43:06,3143.4888,161.67146,-520.5414,1.0536643,-1.6722218,292.12592
1970-01-02 01:43:07,2999.6943,,-919.91235,2.3615632,1.3696736,291.71707
1970-01-02 01:43:08,3031.4216,164.18605,-737.28595,2.4076483,-9.795911,291.96912
1970-01-02 01:43:09,2922.458,162.21281,-724.35956,3.5064473,-10.255407,291.23535
1970-01-02 01:43:10,2887.4688,153.068,-941.63214,-0.07288964,21.910234,290.7589
1970-01-02 01:43:11,2897.589,159.41022,-747.7152,-0.16089624,-9.744469,291.41785
1970-01-02 01:43:12,3011.0862,157.16153,-881.4633,4.920272,15.074049,292.17892
1970-01-02 01:43:13,2994.4934,157.9869,-891.83624,4.1452866,18.959839,292.2751
1970-01-02 01:43:14,2953.1165,162.81718,-582.3648,1.3081907,-14.177348,292.62573
1970-01-02 01:43:15,2996.2876,156.81888,-819.55994,2.1182501,-5.5750365,295.01425
1970-01-02 01:43:16,3095.2427,156.12056,-716.0008,-0.15700874,-5.9230943,295.15262
1970-01-02 01:43:17,2872.187,158.08344,-1130.2898,2.1863787,0.0417517,294.98755
1970-01-02 01:43:18,2937.9878,156.37498,-653.4047,-4.7871585,-2.8355446,293.3973
1970-01-02 01:43:19,2989.2385,159.67867,-882.31384,2.7093427,22.20434,292.45105
1970-01-02 01:43:20,2862.1099,158.20511,-1203.6865,-0.8116173,15.195649,293.99707
1970-01-02 01:43:21,2874.1738,161.17393,-1035.2018,2.6872053,1.7949083,292.80457
1970-01-02 01:43:22,2685.8604,160.26979,-744.6376,1.2581818,-0.5475304,293.41934
1970-01-02 01:43:23,2855.519,161.8458,-704.02606,1.4467216,6.157556,293.62933
1970-01-02 01:43:24,2866.696,160.24664,-852.3647,0.6022946,1.4895736,295.662
1970-01-02 01:43:25,2792.8823,158.84752,-743.6863,1.7958193,0.3212496,293.90198
1970-01-02 01:43:26,2942.9734,159.8844,-824.43945,1.5682956,13.477689,295.06866
1970-01-02 01:43:27,3036.922,160.82874,-522.9583,1.4983085,-4.7778435,294.17575
1970-01-02 01:43:28,2787.1619,151.36707,-631.8583,4.335826,7.59476,293.42993
1970-01-02 01:43:29,2698.0068,158.08511,-1065.0466,2.8268528,6.4022036,293.63153
1970-01-02 01:43:30,2810.855,158.58797,-611.56366,2.814024,4.498944,292.98538
1970-01-02 01:43:31,2847.7527,165.96196,-806.0819,3.7823017,17.30916,292.49103
1970-01-02 01:43:32,2671.598,158.05954,-920.85944,3.1352053,-4.8416266,292.15756
1970-01-02 01:43:33,2687.8948,155.70209,-453.02716,4.7189817,-8.21857,290.96475
1970-01-02 01:43:34,2781.9648,157.83157,-1069.9938,2.62467,-12.061739,290.36612
1970-01-02 01:43:35,2640.2559,159.13051,-796.4197,0.42537346,-6.198066,290.5169
1970-01-02 01:43:36,2717.1377,169.29405,-1082.717,-1.2210628,6.553715,288.41806
1970-01-02 01:43:37,2836.346,153.98074,-932.1973,1.4254073,10.342669,288.38223
1970-01-02 01:43:38,2775.4746,158.13402,-770.2453,6.1346226,0.34264418,290.18158
1970-01-02 01:43:39,2604.4753,154.01566,-723.90125,-0.6445785,12.274984,290.77286
1970-01-02 01:43:40,2787.2026,162.80843,-1275.5013,4.6268888,17.090261,291.01694
1970-01-02 01:43:41,2664.78,161.24062,-921.35944,8.008459,4.5633383,289.6738
1970-01-02 01:43:42,2532.699,154.86255,-1164.1244,1.2533884,5.0897393,290.139
1970-01-02 01:43:43,2519.4683,159.68298,-885.11346,6.1797767,-10.656948,288.9986
1970-01-02 01:43:44,2532.8894,162.21739,-918.0269,7.189879,-10.421861,288.60342
1970-01-02 01:43:45,2603.6243,158.87302,-532.0176,2.009751,8.0570345,290.37085
1970-01-02 01:43:46,2632.4387,161.86949,-991.0508,-1.5061965,1.3330503,288.2999
1970-01-02 01:43:47,,164.76144,-604.50745,-1.9147567,5.3566914,287.9262
1970-01-02 01:43:48,2510.1697,158.83583,-505.04166,4.043227,-2.276401,287.45505
1970-01-02 01:43:49,2554.079,161.4323,-604.1018,-4.420505,2.7557297,287.2322
1970-01-02 01:43:50,2609.0671,159.1872,-788.01825,2.0626771,-15.672247,286.54523
1970-01-02 01:43:51,2652.1853,159.1108,-735.6257,-0.9708438,13.381569,286.78726
1970-01-02 01:43:52,2509.8225,156.49257,-776.12665,,6.3962235,286.95663
1970-01-02 01:43:53,2349.5066,158.2902,-594.0101,2.0061102,-17.174753,286.64423
1970-01-02 01:43:54,2589.224,162.23213,-390.12323,3.4899387,-5.4033875,287.40912
1970-01-02 01:43:55,2500.6716,160.17366,-1189.9199,7.7315474,-4.2244363,286.1651
1970-01-02 01:43:56,2442.3337,163.40334,-615.22156,1.027432,-1.8533585,284.49265
1970-01-02 01:43:57,2431.738,157.18343,-526.0095,-3.688499,7.654907,282.93066
1970-01-02 01:43:58,2632.172,166.13257,-1122.2035,5.3433204,-0.8077891,280.6272
1970-01-02 01:43:59,2426.4563,156.6249,-665.22565,0.5328697,-1.8327905,281.5878
1970-01-02 01:44:00,2368.1113,153.09068,-720.04626,0.11304332,-2.3180254,281.4092
1970-01-02 01:44:01,2510.7993,148.70874,-722.22906,0.56974196,-5.451048,280.23044
1970-01-02 01:44:02,2421.712,157.1161,-668.80176,5.7624545,17.143038,280.57187
1970-01-02 01:44:03,2274.7012,158.21448,-816.0764,1.1064754,8.47062,280.84848
1970-01-02 01:44:04,2447.7573,156.73616,-551.6387,-2.5834732,0.6156572,280.6293
1970-01-02 01:44:05,2470.1746,164.34166,-920.8335,6.947318,-1.5674211,280.32983
1970-01-02 01:44:06,2304.2598,153.9894,-948.35785,-0.13941097,-5.098794,280.3897
1970-01-02 01:44:07,2218.112,158.5064,-836.5863,3.7961953,-3.4765527,280.11255
1970-01-02 01:44:08,2352.2375,157.74365,-851.7769,0.41582572,-18.118818,279.99927
1970-01-02 01:44:09,2239.3853,155.6869,-609.7017,,-0.29591265,279.76215
1970-01-02 01:44:10,2201.1062,158.87314,-720.49475,6.3872256,4.8137302,279.38458
1970-01-02 01:44:11,2237.6738,166.5547,-763.3033,-0.78133315,8.794253,278.96896
1970-01-02 01:44:12,2198.962,160.06573,-707.5511,-2.5601509,-13.377299,279.28424
1970-01-02 01:44:13,2286.6702,161.6229,-734.18915,0.1204237,1.9385928,279.02136
1970-01-02 01:44:14,2293.8833,157.00017,-890.7341,4.8779488,1.5372822,279.5162
1970-01-02 01:44:15,2394.3206,166.72504,-635.58466,7.2887673,1.1938343,278.92108
1970-01-02 01:44:16,2261.2466,155.16548,-901.50854,2.3456986,12.248818,279.5115
1970-01-02 01:44:17,2123.9944,165.12184,-630.46027,3.0301466,-17.922039,278.55875
1970-01-02 01:44:18,2165.7202,160.80824,-692.38,2.2406952,-6.7826138,278.1161
1970-01-02 01:44:19,2140.4902,156.23434,-920.83704,4.214823,-8.375599,277.1407
1970-01-02 01:44:20,2110.5957,161.22615,-982.8394,5.2369494,-5.7263536,279.17572
1970-01-02 01:44:21,2119.399,158.92322,-526.85657,0.8981915,-6.9037256,280.20984
1970-01-02 01:44:22,2194.5483,164.396,-619.50287,0.55122477,-14.779343,281.04703
1970-01-02 01:44:23,2169.7046,156.00186,-583.1181,6.2177014,1.0808784,279.93964
1970-01-02 01:44:24,2164.4846,166.58818,-600.0334,4.891745,-1.7075922,280.5305
1970-01-02 01:44:25,1954.5386,165.00453,-599.40765,0.8248937,6.2527037,279.41144
1970-01-02 01:44:26,1954.2192,162.74178,-484.36508,4.9627767,-18.376541,279.47406
1970-01-02 01:44:27,2270.9119,161.8095,-699.457,1.7693728,-8.916124,279.22412
1970-01-02 01:44:28,2119.0715,161.94481,-1069.4751,2.0811436,11.369536,280.74686
1970-01-02 01:44:29,1958.3241,159.60823,-964.06433,-2.9608228,-24.325438,278.2237
1970-01-02 01:44:30,2170.4531,164.49895,-647.06903,,10.039454,278.4833
1970-01-02 01:44:31,2157.5576,160.59093,-708.4776,6.701322,10.061823,278.4963
1970-01-02 01:44:32,2078.395,168.61444,-724.9834,2.5752358,13.009451,278.1568
1970-01-02 01:44:33,2052.303,159.95294,-897.3926,4.427267,0.8941651,278.71332
1970-01-02 01:44:34,2110.818,157.1867,-882.3181,2.7233138,10.290057,280.0484
1970-01-02 01:44:35,1984.6738,161.13657,-832.5731,-2.651198,-2.6524272,278.17462
1970-01-02 01:44:36,1938.8402,157.5886,-1021.21387,4.842532,3.8889234,277.00565
1970-01-02 01:44:37,1868.2081,161.55487,-826.13715,-1.9518417,-5.1146502,277.53027
1970-01-02 01:44:38,2055.9795,159.4774,-930.6114,4.988669,0.24325866,277.65686
1970-01-02 01:44:39,2096.2976,158.77428,-980.6865,1.9281425,22.863768,277.67307
1970-01-02 01:44:40,1945.2225,163.0919,-507.90305,0.9226091,-14.200177,276.56216
1970-01-02 01:44:41,1905.5317,157.9243,-732.55347,4.323753,8.637013,277.5592
1970-01-02 01:44:42,2041.9053,160.25104,-773.9463,3.1629403,2.5032775,279.34296
1970-01-02 01:44:43,1927.8032,157.05453,-1269.4329,0.20791624,-13.372129,279.6292
1970-01-02 01:44:44,1999.6665,154.7787,-720.908,0.29439107,-12.250572,280.36615
1970-01-02 01:44:45,2009.082,154.47191,-922.90015,0.4083982,-4.5447197,281.6455
1970-01-02 01:44:46,2022.4106,157.97296,-924.01874,8.533816,18.27793,281.4733
1970-01-02 01:44:47,1887.2327,162.31525,-691.2474,9.906483,-1.8211284,282.05298
1970-01-02 01:44:48,1771.651,154.29396,-903.9888,4.7609234,4.113212,281.66718
1970-01-02 01:44:49,1880.8177,161.00632,-831.77234,0.4356433,5.534052,279.72488
1970-01-02 01:44:50,1925.9591,150.10349,-613.9455,3.0758045,-5.1210628,279.27322
1970-01-02 01:44:51,1818.5619,164.68503,-723.71375,-2.7297096,2.198141,279.83
1970-01-02 01:44:52,1619.3164,161.11691,-881.0738,-0.30915532,-3.000024,278.3339
1970-01-02 01:44:53,1839.8551,161.83192,-1019.96124,0.09537099,9.648022,278.79135
1970-01-02 01:44:54,1729.7518,152.16508,-710.94653,2.0672724,-0.918384,278.74542
1970-01-02 01:44:55,1815.1044,153.77097,-660.0116,5.4753227,-4.005549,278.78452
1970-01-02 01:44:56,1805.6539,166.74722,-889.12317,-5.292328,-2.3541956,278.39304
1970-01-02 01:44:57,1612.974,160.38126,-884.2456,-1.6143048,-1.2297671,277.11633
1970-01-02 01:44:58,1711.852,157.75154,-673.0295,2.3156915,-1.123187,278.40808
1970-01-02 01:44:59,1758.5835,163.53893,-824.8675,-2.586256,1.0170864,279.1317
1970-01-02 01:45:00,1662.7212,154.28041,-876.30457,0.26462293,-5.940003,278.63678
1970-01-02 01:45:01,1754.089,159.39479,-828.5522,2.1581855,-9.528999,278.70227
1970-01-02 01:45:02,1554.2615,159.64896,-802.2401,0.36782262,-19.176382,278.95084
1970-01-02 01:45:03,1621.7137,149.84398,-728.35504,0.47240612,5.116222,279.52914
1970-01-02 01:45:04,1637.8918,167.3138,-596.53107,3.2658713,-6.772178,278.4095
1970-01-02 01:45:05,1487.1729,157.8931,-660.2637,7.7797117,15.734266,278.9511
1970-01-02 01:45:06,1641.2506,156.05449,-846.7273,0.317282,-6.8037825,279.09583
1970-01-02 01:45:07,1602.2543,149.02888,-640.1276,3.4202278,4.320015,278.30988
1970-01-02 01:45:08,1712.7798,157.41171,-702.038,0.5076899,4.490505,278.16827
1970-01-02 01:45:09,1531.4727,160.67874,-890.4978,-0.7750127,0.39672884,277.7751
1970-01-02 01:45:10,1544.5256,159.6408,-978.7723,-3.223188,13.166587,278.08066
1970-01-02 01:45:11,1765.1022,160.90486,-1051.3999,2.7112818,5.044357,277.62476
1970-01-02 01:45:12,1568.1416,165.01369,-624.5006,3.337691,4.580801,276.05258
1970-01-02 01:45:13,1411.0071,158.90112,-996.1851,8.911723,-0.041983873,277.1269
1970-01-02 01:45:14,1678.9225,162.35526,-568.4103,4.7117186,1.8445351,277.13828
1970-01-02 01:45:15,1684.533,156.26253,-696.23987,0.022818988,7.527079,278.17062
1970-01-02 01:45:16,1529.3795,154.6887,-978.28107,3.2143497,-4.5612607,277.9198
1970-01-02 01:45:17,1543.6779,157.30548,-982.40137,2.58105,-15.19254,276.97278
1970-01-02 01:45:18,1545.4767,152.29834,-741.8265,2.9796164,-0.76169384,276.89355
1970-01-02 01:45:19,1425.0802,157.04468,-857.6011,-1.4956775,-9.660553,276.17865
1970-01-02 01:45:20,1517.6267,152.63942,-495.51334,1.94764,7.560078,277.3917
1970-01-02 01:45:21,1487.0359,159.75194,-968.8585,5.204571,8.703703,276.43747
1970-01-02 01:45:22,1495.2494,162.15079,-859.3654,3.7147608,7.8891444,276.23468
1970-01-02 01:45:23,1273.8765,153.72543,-498.67752,1.8039439,-29.28871,275.4535
1970-01-02 01:45:24,1380.1063,165.187,-1215.5533,1.9781749,-20.050236,274.11734
1970-01-02 01:45:25,1270.1936,155.20268,-1167.3868,2.8043137,11.764737,274.5568
1970-01-02 01:45:26,1353.8813,156.39302,-1136.6482,5.1559668,14.081497,273.59766
1970-01-02 01:45:27,1313.938,161.64726,-937.7716,4.810265,-0.04441198,274.22244
1970-01-02 01:45:28,1452.5498,164.90144,-702.54333,4.9865775,14.101641,276.2119
1970-01-02 01:45:29,1402.3899,159.11678,-580.3896,4.952962,-0.0925053,275.51895
1970-01-02 01:45:30,1214.0422,164.84973,-1314.5653,1.9567796,-9.42034,276.6993
1970-01-02 01:45:31,1057.7076,155.29272,-514.5163,-1.888959,-5.5876994,278.09787
1970-01-02 01:45:32,1368.1039,160.02364,-588.3136,0.756248,4.2062035,278.1903
1970-01-02 01:45:33,1356.1461,159.10265,-917.3286,2.1738472,0.25207272,279.59497
1970-01-02 01:45:34,1412.0597,158.01556,-812.2224,-0.17372543,7.211444,280.12115
1970-01-02 01:45:35,1324.4791,155.78824,-759.58826,3.855772,-5.0704885,280.78525
1970-01-02 01:45:36,1255.2725,154.34937,-998.9503,-4.012858,10.440582,279.84253
1970-01-02 01:45:37,1395.4551,156.24979,-1024.1741,7.4364576,-0.8525307,280.63605
1970-01-02 01:45:38,1266.9463,157.90521,-585.2699,4.0063143,13.664936,278.65768
1970-01-02 01:45:39,1494.7947,164.63017,-528.23236,10.150478,-2.379185,279.87317
1970-01-02 01:45:40,1195.0297,157.44452,-967.0957,4.701764,0.3110628,280.24564
1970-01-02 01:45:41,1234.3438,162.04343,-708.0314,5.566494,2.158079,278.74515
1970-01-02 01:45:42,1185.845,157.93475,-632.6527,-1.5252379,2.6281855,277.89157
1970-01-02 01:45:43,1150.3241,164.3541,-934.26324,-1.1728339,1.0045314,278.23264
1970-01-02 01:45:44,1136.6879,158.34413,-786.36487,4.7919765,-8.045918,279.85873
1970-01-02 01:45:45,1242.7206,166.725,-533.15674,3.4594104,2.670886,279.23126
1970-01-02 01:45:46,1241.6367,159.73889,-730.96747,0.77607113,-0.81345725,279.30746
1970-01-02 01:45:47,1101.4344,162.66148,-1047.7593,1.996511,5.521174,277.85834
1970-01-02 01:45:48,1286.2759,168.62155,-481.3012,2.922056,0.67824095,277.31454
1970-01-02 01:45:49,1282.0736,161.64532,-710.5998,0.75952834,11.468528,277.29858
1970-01-02 01:45:50,1044.3386,160.86935,-1012.2939,4.248244,-10.981036,276.34674
1970-01-02 01:45:51,1036.9315,161.91855,-589.9891,-3.1855874,-5.409087,276.51245
1970-01-02 01:45:52,1149.0063,159.66992,-1099.1147,-1.0166082,-10.3970585,277.18744
1970-01-02 01:45:53,1121.9988,156.79063,-522.4979,-4.020938,7.9182687,278.00586
1970-01-02 01:45:54,1003.25714,156.1303,-591.11304,3.3588479,3.996146,278.7783
1970-01-02 01:45:55,1006.6285,156.71498,-744.1272,3.5685833,7.0338335,279.03772
1970-01-02 01:45:56,1080.5396,160.58914,-699.0351,0.6006259,-12.719299,280.02133
1970-01-02 01:45:57,963.01483,157.11139,-1009.40265,-0.6410865,-8.764305,278.93497
1970-01-02 01:45:58,997.1409,156.09177,-575.49774,1.3540908,-3.175351,278.32278
1970-01-02 01:45:59,1060.8932,165.4713,-485.253,-1.8897554,10.048996,277.86374
