timestamp,altmsl,ias,vspd,pitch,roll,hdg
1970-01-01 16:40:00,-85.98078,117.752655,,4.511203,-4.4163613,359.9454
1970-01-01 16:40:01,86.577896,126.88683,418.5791,1.2480414,3.0845776,0.85063434
1970-01-01 16:40:02,-41.47413,119.44235,969.19977,3.7152934,-4.462748,0.3759179
1970-01-01 16:40:03,150.41942,117.156456,686.62524,4.283696,-10.107318,0.19457173
1970-01-01 16:40:04,47.86655,116.97868,247.51367,0.4111168,-2.5459564,359.9399
1970-01-01 16:40:05,8.698765,125.7343,690.44543,-0.56105465,-7.6768665,359.64722
1970-01-01 16:40:06,18.374678,116.21716,494.35007,3.8829045,-17.290455,358.0327
1970-01-01 16:40:07,20.306635,118.22414,574.85345,3.028057,20.37527,357.44354
1970-01-01 16:40:08,221.86339,124.97727,751.9838,5.52753,-8.1765,357.94196
1970-01-01 16:40:09,94.985886,124.023994,587.0218,-2.1085443,0.28553525,357.12827
1970-01-01 16:40:10,129.46976,115.442726,836.15985,4.9782176,21.503916,357.8004
1970-01-01 16:40:11,168.82323,124.03166,1064.8011,-3.3344686,17.294052,356.9383
1970-01-01 16:40:12,148.75937,113.95238,934.6125,3.6760464,-7.854642,355.12323
1970-01-01 16:40:13,237.84818,120.58551,751.14404,2.3582299,-3.3692849,353.7598
1970-01-01 16:40:14,402.4139,117.73672,823.27313,1.2538396,1.0554851,354.21027
1970-01-01 16:40:15,228.48491,119.35658,707.7531,-3.0591648,-10.150167,352.89185
1970-01-01 16:40:16,150.87231,120.78095,725.1134,4.3985543,-15.375333,351.09253
1970-01-01 16:40:17,447.12888,120.738556,892.1356,5.8842936,-18.641163,350.30017
1970-01-01 16:40:18,287.1036,117.762695,782.8629,3.9505262,9.076183,349.66022
1970-01-01 16:40:19,414.37366,125.77932,908.2352,2.7380471,8.180203,351.42346
1970-01-01 16:40:20,237.08817,125.297745,584.1716,-1.2268907,-1.9859838,350.1763
1970-01-01 16:40:21,453.45062,120.18774,935.65125,2.984565,-5.468871,349.6427
1970-01-01 16:40:22,436.98938,113.37475,689.71326,2.8271956,-4.571712,351.31845
1970-01-01 16:40:23,326.6486,126.90026,477.00385,3.3192532,-10.774798,351.76718
1970-01-01 16:40:24,412.7077,116.921005,670.831,-0.4663595,17.269205,351.751
1970-01-01 16:40:25,543.85785,118.473045,771.9208,2.8835006,10.439933,350.56326
1970-01-01 16:40:26,459.5872,120.38652,1101.2338,5.022951,0.87561685,351.4984
1970-01-01 16:40:27,478.2692,120.56363,460.3632,5.833687,-3.117807,351.77426
1970-01-01 16:40:28,558.37836,119.06827,665.0643,-1.4826335,-3.6030548,351.63336
1970-01-01 16:40:29,510.30048,124.51397,717.99945,2.9230783,-20.72105,351.90057
1970-01-01 16:40:30,539.1395,116.48164,947.2252,4.209746,14.0599575,351.46118
1970-01-01 16:40:31,571.7438,119.4512,735.0469,0.9036757,4.0127163,351.61536
1970-01-01 16:40:32,574.0961,122.393814,733.76056,-0.007028288,22.03957,352.13458
1970-01-01 16:40:33,608.05634,123.01196,725.0388,3.3020873,-27.817692,351.43665
1970-01-01 16:40:34,610.6238,128.5984,991.14575,0.7042299,6.0344677,352.65637
1970-01-01 16:40:35,713.38763,111.27516,758.9762,-0.5699996,7.2992153,353.6041
1970-01-01 16:40:36,780.1454,125.066414,673.1045,2.1471622,6.9212575,354.4167
1970-01-01 16:40:37,579.2002,127.048164,645.5448,8.562509,-1.524372,355.208
1970-01-01 16:40:38,784.45715,117.557724,922.50244,-3.054469,-6.1671495,355.41083
1970-01-01 16:40:39,695.70685,119.11333,901.3688,4.6521397,-6.175312,352.29126
1970-01-01 16:40:40,786.0232,127.45533,713.16376,3.6622586,3.125958,354.44357
1970-01-01 16:40:41,641.1514,123.416534,564.54156,-0.97248334,-3.0824106,355.7497
1970-01-01 16:40:42,604.35956,120.57222,800.5261,6.7305956,-8.168804,357.97433
1970-01-01 16:40:43,689.7395,131.10925,1031.0977,0.19330253,5.2710967,358.79007
1970-01-01 16:40:44,964.64795,126.75838,422.77475,4.0373254,4.947606,358.81903
1970-01-01 16:40:45,873.2698,127.03961,267.34448,9.2343445,9.726392,359.45142
1970-01-01 16:40:46,883.1689,125.15683,745.46027,3.477427,-11.988441,0.81684256
1970-01-01 16:40:47,845.9331,119.019745,748.31256,4.144947,9.609348,1.1335304
1970-01-01 16:40:48,843.6494,,885.1868,-2.8716419,-7.140997,1.7151524
1970-01-01 16:40:49,914.3576,128.61171,820.20874,-3.9630277,-4.7068324,
1970-01-01 16:40:50,885.99664,122.45713,824.76935,3.9734862,7.380611,1.2668973
1970-01-01 16:40:51,953.0279,121.81687,1112.5966,-3.7000575,1.0065968,1.690779
1970-01-01 16:40:52,980.45874,119.88846,474.9474,0.37104705,7.649271,2.5810738
1970-01-01 16:40:53,1035.3746,120.038925,666.7584,1.2228948,-0.13468666,2.1917908
1970-01-01 16:40:54,960.0361,114.81868,884.8367,5.8257914,-8.433997,3.3282351
1970-01-01 16:40:55,1194.4442,121.22461,583.92566,2.272202,2.627458,2.749691
1970-01-01 16:40:56,970.8978,120.36657,577.84546,-0.4920208,3.7141807,3.6766477
1970-01-01 16:40:57,1203.1161,124.49474,930.1578,-2.16658,-4.223405,3.5559113
1970-01-01 16:40:58,1049.5917,120.54993,839.3849,-2.91304,-12.347179,2.7399435
1970-01-01 16:40:59,991.96533,119.7505,767.5588,4.302261,2.564729,1.9184034
1970-01-01 16:41:00,1028.4437,119.987526,575.3585,6.755345,-1.4632975,3.5874796
1970-01-01 16:41:01,1242.9318,122.528786,898.27136,-3.7004435,5.2765975,2.353053
1970-01-01 16:41:02,1234.6421,116.85509,936.75476,5.553716,-12.036541,2.3855162
1970-01-01 16:41:03,1241.3619,120.76542,908.4912,3.9731426,6.888353,3.5139132
1970-01-01 16:41:04,1206.8025,117.6387,1252.396,3.0894032,-6.646309,3.8709269
1970-01-01 16:41:05,1254.8566,116.58977,671.70465,7.907379,24.289335,1.4445583
1970-01-01 16:41:06,1234.6388,115.42951,954.41864,-2.1241212,18.059519,359.64163
1970-01-01 16:41:07,1265.4927,126.99278,871.7184,5.1923733,-2.6694338,358.34833
1970-01-01 16:41:08,1145.8218,121.17375,386.48782,0.04140988,-1.7424219,359.9017
1970-01-01 16:41:09,1293.3297,115.36211,643.7711,0.99383855,8.759909,358.4505
1970-01-01 16:41:10,1351.0815,126.83031,721.1115,1.9848732,20.312977,359.82642
1970-01-01 16:41:11,1336.3439,123.59034,964.28546,2.830021,-5.3508673,1.1589661
1970-01-01 16:41:12,1271.0817,132.60123,702.5028,5.0892715,-17.476377,1.3571162
1970-01-01 16:41:13,1362.6272,123.7702,385.7907,2.6021178,-16.339027,0.5402741
1970-01-01 16:41:14,1367.158,116.17307,681.3141,4.183279,-7.4456687,1.0814601
1970-01-01 16:41:15,1351.2888,122.13645,699.7112,3.1106064,-5.9049687,2.2444513
1970-01-01 16:41:16,1406.9796,127.14093,868.7282,-1.3888261,-0.080363594,2.206185
1970-01-01 16:41:17,1493.967,119.37451,1278.3488,2.441099,0.6324435,0.79205173
1970-01-01 16:41:18,1441.3701,123.52309,942.0521,0.09926933,-0.8146296,1.5756358
1970-01-01 16:41:19,1584.4738,125.309975,311.8427,-1.0243487,-9.517722,2.097512
1970-01-01 16:41:20,1407.6686,118.998375,1209.4615,2.1356716,6.564193,2.159877
1970-01-01 16:41:21,1547.2734,116.576164,677.2205,-3.1884897,-4.3283567,2.2810168
1970-01-01 16:41:22,1497.6229,117.34363,695.5697,-2.5524838,3.3418796,1.8784615
1970-01-01 16:41:23,1571.9631,117.74896,522.37897,6.1655664,-4.5432057,2.7240443
1970-01-01 16:41:24,1588.7062,118.0295,933.0356,0.20140368,1.6416322,2.7728276
1970-01-01 16:41:25,1550.4707,122.48782,908.50507,4.9090247,1.9722136,2.9383621
1970-01-01 16:41:26,1628.6602,121.94867,951.57056,3.9178963,-11.274542,3.1773708
1970-01-01 16:41:27,1664.4352,115.82031,969.7163,2.9202993,4.489662,2.1922007
1970-01-01 16:41:28,1759.07,121.29584,697.5774,-1.1616346,-19.166151,1.6060823
1970-01-01 16:41:29,1535.725,124.15641,841.9568,4.9494376,-3.3029127,2.7963154
1970-01-01 16:41:30,1601.1433,124.07231,589.41626,0.43086544,-2.7590365,4.175329
1970-01-01 16:41:31,1813.3698,122.68608,695.8784,10.012213,-4.5266247,3.9752672
1970-01-01 16:41:32,1634.3514,123.868935,508.72372,-3.8708472,-10.122611,3.2630641
1970-01-01 16:41:33,1691.5001,124.79613,699.1014,0.441652,-0.4483539,4.336264
1970-01-01 16:41:34,1736.5332,115.51963,561.2622,3.6864533,-7.3873825,5.2705407
1970-01-01 16:41:35,1862.0099,122.62401,813.28015,1.9352536,3.0426164,5.4920993
1970-01-01 16:41:36,1713.4187,117.71217,746.2077,2.4456806,8.465438,5.658003
1970-01-01 16:41:37,1775.4054,118.39771,694.035,6.5122256,9.74024,7.217752
1970-01-01 16:41:38,1878.9265,120.934296,621.1406,4.7531743,9.0736475,4.903352
1970-01-01 16:41:39,1783.366,122.61875,1096.5768,2.271977,11.432511,4.083339
1970-01-01 16:41:40,1953.2479,122.02007,661.4995,0.022821443,-2.730228,3.3453238
1970-01-01 16:41:41,1984.0427,122.50679,730.9932,1.1226314,9.937164,2.4080136
1970-01-01 16:41:42,1844.4578,119.56986,761.4209,5.5777726,-7.698314,2.998468
1970-01-01 16:41:43,1968.7188,121.499664,,-0.5247,11.031481,2.367077
1970-01-01 16:41:44,1974.8158,132.84473,676.9689,3.3355277,-11.613123,3.1543505
1970-01-01 16:41:45,2000.7101,117.17049,724.7385,7.4050274,-11.790415,3.68235
1970-01-01 16:41:46,1989.9185,124.242645,694.4325,-1.1391995,-8.228457,3.1185946
1970-01-01 16:41:47,2044.0118,120.09781,1005.56903,-1.2028534,6.093592,4.350549
1970-01-01 16:41:48,2049.278,121.8635,972.5206,-0.96181536,-6.4529696,3.199461
1970-01-01 16:41:49,1985.4203,120.11303,705.44305,4.134225,1.8778604,5.41489
1970-01-01 16:41:50,2032.806,122.10573,787.34265,-2.5066922,-3.9583244,5.5142856
1970-01-01 16:41:51,2029.2759,121.02454,893.4506,-0.8916226,-2.368491,6.1153746
1970-01-01 16:41:52,2110.5273,119.149506,478.33765,-0.2821095,-7.5642905,6.342976
1970-01-01 16:41:53,2138.6475,125.44242,966.64014,1.215201,6.9894295,4.4036508
1970-01-01 16:41:54,2076.1392,118.810936,1031.2803,-1.9182912,-2.3247035,5.54793
1970-01-01 16:41:55,2193.2964,127.29697,1059.398,-2.9225714,-16.663324,6.1639833
1970-01-01 16:41:56,2175.6006,117.83011,1269.0227,4.3430614,13.74634,6.396591
1970-01-01 16:41:57,2190.1162,120.61277,968.1578,1.9716948,8.623513,6.5365057
1970-01-01 16:41:58,2264.76,113.49263,458.32077,7.4526434,-4.9616413,6.64859
1970-01-01 16:41:59,2240.7976,122.50709,802.2973,5.934546,7.352775,5.6105905
1970-01-01 16:42:00,2136.2417,121.01316,684.5334,0.55789244,-5.6884637,6.457008
1970-01-01 16:42:01,2202.717,119.93047,1180.4817,-1.6890672,1.3794675,6.590443
1970-01-01 16:42:02,2184.7588,116.7349,728.48926,2.0692878,1.0211806,5.432463
1970-01-01 16:42:03,2125.7107,120.77456,838.9614,-0.8314177,27.389467,4.521446
1970-01-01 16:42:04,2355.4229,115.24065,777.812,5.072442,-2.529081,3.4146006
1970-01-01 16:42:05,2368.2654,113.06115,650.7885,1.6036643,9.742795,3.7517264
1970-01-01 16:42:06,2232.7178,124.52839,1103.3074,5.9949374,0.7844431,3.2106984
1970-01-01 16:42:07,2314.9116,120.87029,785.03564,3.589229,-0.19062564,3.7419693
1970-01-01 16:42:08,2360.352,119.57058,993.8998,2.72314,-18.261206,4.9780636
1970-01-01 16:42:09,2354.9658,120.373184,877.86127,4.4682455,-7.5817494,4.567287
1970-01-01 16:42:10,2494.9226,128.90154,1319.2794,4.8869543,-6.0798855,3.7854388
1970-01-01 16:42:11,2479.1548,128.50421,763.23956,6.961809,18.622675,3.1860988
1970-01-01 16:42:12,2661.4033,126.68544,831.46545,4.462888,4.2827854,3.7711947
1970-01-01 16:42:13,2535.0593,123.138336,649.8025,3.4013157,-1.1014957,4.568698
1970-01-01 16:42:14,2591.1497,118.955605,521.09326,1.7059695,2.8099496,3.1972144
1970-01-01 16:42:15,2601.2908,126.59877,973.2183,-2.3076587,-10.382843,4.0817146
1970-01-01 16:42:16,2466.4023,115.48891,671.93207,-3.3846133,-3.7418365,2.7374682
1970-01-01 16:42:17,2614.5906,119.26904,800.2775,-0.27249387,8.72792,4.1341386
1970-01-01 16:42:18,2590.301,119.12413,753.57983,3.6355894,12.265821,3.5655549
1970-01-01 16:42:19,2717.9773,118.515854,953.96844,1.7134793,8.125624,3.9710083
1970-01-01 16:42:20,2594.8127,122.444336,816.3232,4.4281774,15.176651,4.2228904
1970-01-01 16:42:21,2549.7424,120.4728,937.1101,4.2710633,-0.6373678,5.093039
1970-01-01 16:42:22,2615.2136,126.98491,798.9778,0.31234133,-15.68878,6.4518075
1970-01-01 16:42:23,2537.6272,119.7634,875.56714,3.5562825,4.3482246,5.323614
1970-01-01 16:42:24,2710.5618,117.27461,940.2052,0.94257647,-7.276769,5.818006
1970-01-01 16:42:25,2809.3254,117.05487,816.53735,5.088371,-7.118329,5.968791
1970-01-01 16:42:26,2682.829,117.21557,846.5906,2.6437407,7.189191,5.539302
1970-01-01 16:42:27,2698.7778,124.207054,1046.5288,-2.4109845,-7.8478446,5.9060407
1970-01-01 16:42:28,2764.2869,121.71146,907.53186,1.2433437,5.159854,6.548049
1970-01-01 16:42:29,2840.3591,128.64954,709.7259,3.6069627,-12.874307,7.038411
1970-01-01 16:42:30,2860.246,119.736984,849.13275,4.743912,-3.0353878,8.659258
1970-01-01 16:42:31,2785.967,116.93215,885.469,-0.07052888,5.649038,7.448335
1970-01-01 16:42:32,2913.6145,121.45201,800.01044,6.1964846,1.2096723,8.907731
1970-01-01 16:42:33,2735.2217,115.618416,878.23486,0.46652824,-8.493989,9.349823
1970-01-01 16:42:34,2884.494,118.052666,1070.5295,3.030503,4.409786,11.262598
1970-01-01 16:42:35,2898.7573,121.4104,787.96027,1.2878859,-3.2937536,12.796898
1970-01-01 16:42:36,2914.5237,119.87582,794.72754,0.26520836,-7.109086,11.073879
1970-01-01 16:42:37,3030.7217,115.87908,1115.0736,1.0631001,5.486273,10.577801
1970-01-01 16:42:38,2968.4348,126.3811,669.5482,-1.100827,-7.9310775,12.405702
1970-01-01 16:42:39,2951.1904,116.53579,721.91675,3.0565994,-12.22219,12.625086
1970-01-01 16:42:40,3036.2134,117.83108,649.4364,4.713453,4.021604,13.128787
1970-01-01 16:42:41,3089.5654,121.460556,693.6343,7.101046,-0.9021151,13.171132
1970-01-01 16:42:42,3061.0837,122.09101,686.48645,-0.27231586,6.2745996,12.444648
1970-01-01 16:42:43,3123.4321,125.94686,628.8382,1.054237,-17.817493,12.83226
1970-01-01 16:42:44,3138.967,121.54412,411.4082,2.0548372,6.652769,13.128325
1970-01-01 16:42:45,3001.4448,119.783,789.9022,-1.4777527,2.4141026,11.982945
1970-01-01 16:42:46,3161.0781,124.63113,879.92847,5.2598844,-8.198024,12.16922
1970-01-01 16:42:47,3093.094,125.3122,1171.0216,0.52838576,-5.766645,10.921583
1970-01-01 16:42:48,3156.2085,124.17134,791.23065,2.9088018,-2.7319777,9.963797
1970-01-01 16:42:49,3149.5266,117.865486,618.0402,1.2432973,11.45506,10.04315
1970-01-01 16:42:50,3176.5464,115.60293,693.2404,,-9.588194,9.421057
1970-01-01 16:42:51,3150.9385,124.33183,1010.56256,8.3021345,-0.86905426,8.427594
1970-01-01 16:42:52,3206.4705,120.50398,887.46484,2.9220529,11.414892,10.345721
1970-01-01 16:42:53,3267.9666,128.81802,626.47894,5.950449,-8.470383,10.03824
1970-01-01 16:42:54,3224.4988,121.473755,757.87134,2.3955815,-14.071762,8.822671
1970-01-01 16:42:55,3259.1643,119.4148,873.9069,4.6380258,-6.322457,9.000302
1970-01-01 16:42:56,3474.5461,121.29931,672.2818,7.175221,-13.568532,
1970-01-01 16:42:57,3295.385,119.234566,650.0896,3.7175026,,6.4381256
1970-01-01 16:42:58,3301.027,123.07908,1151.3911,7.386074,7.5406823,5.8898053
1970-01-01 16:42:59,3476.1833,122.715614,636.4558,-0.7564764,-19.38491,5.439747
1970-01-01 16:43:00,3270.9238,117.32455,629.3767,-0.8630673,6.8592,5.5518312
1970-01-01 16:43:01,3329.5024,117.858826,865.23553,3.8710375,0.47642252,5.0560575
1970-01-01 16:43:02,3483.5596,,764.0351,-1.5703014,10.633911,4.8337717
1970-01-01 16:43:03,3393.864,118.42407,716.4427,4.781449,2.1478739,3.918888
1970-01-01 16:43:04,3408.4202,121.40719,850.2342,-1.9368931,-0.5406507,2.4148238
1970-01-01 16:43:05,3582.242,120.910965,1090.3785,-0.27456096,-15.540301,2.8647053
1970-01-01 16:43:06,3569.751,119.73414,596.40106,-0.5104746,8.308586,4.033227
1970-01-01 16:43:07,3512.6147,124.50225,1157.3384,-0.883038,3.7431881,4.670328
1970-01-01 16:43:08,3545.6582,121.23286,1118.0126,1.6989529,15.205136,4.7063475
1970-01-01 16:43:09,3638.4854,126.300125,763.9713,3.6459572,-9.581169,3.3701742
1970-01-01 16:43:10,3467.065,123.406555,783.0076,0.43746656,-8.958957,4.3377957
1970-01-01 16:43:11,3616.3606,117.79311,561.73004,-2.1425633,-3.2147872,5.7776127
1970-01-01 16:43:12,3701.203,121.94261,796.77325,-1.2286801,6.1665673,6.5401187
1970-01-01 16:43:13,3632.5781,125.999306,571.69525,0.7861375,-3.2429082,6.7338357
1970-01-01 16:43:14,3560.533,117.306465,706.7057,-0.16447383,12.568045,8.712907
1970-01-01 16:43:15,3525.8335,124.50754,697.92365,2.2824547,-1.291059,8.4749775
1970-01-01 16:43:16,3671.7742,119.64917,713.43976,0.6906384,6.1822395,9.03583
1970-01-01 16:43:17,3680.433,128.39427,1242.6073,-3.871399,-1.6834105,10.941493
1970-01-01 16:43:18,3787.0515,123.61096,739.7858,0.06046853,-3.8459973,10.578883
1970-01-01 16:43:19,3640.026,121.539635,757.95776,7.166697,-2.128063,10.268867
1970-01-01 16:43:20,3758.0073,121.827156,1092.6218,-0.17232507,9.777446,11.683535
1970-01-01 16:43:21,3897.8306,122.217316,696.46155,-0.090368204,4.3137817,12.219265
1970-01-01 16:43:22,3648.688,121.80377,637.4113,3.2184117,11.104374,10.837246
1970-01-01 16:43:23,3779.9177,120.60892,1144.6058,2.671253,4.1145186,12.835573
1970-01-01 16:43:24,3941.5916,127.719246,707.327,1.8571212,23.897549,12.607243
1970-01-01 16:43:25,3863.3113,119.4712,882.3067,8.393317,-12.6868925,12.676165
1970-01-01 16:43:26,3853.577,117.26216,820.964,3.1574943,11.185931,12.040678
1970-01-01 16:43:27,3809.314,119.44339,703.85675,4.183033,7.182976,12.067807
1970-01-01 16:43:28,4003.739,132.38902,893.94745,3.8304048,-8.892773,10.67315
1970-01-01 16:43:29,3924.6392,126.48824,862.31165,2.7180498,-16.731247,11.623003
1970-01-01 16:43:30,3951.1853,116.9219,701.3532,3.6665103,-2.7426405,10.84709
1970-01-01 16:43:31,3914.7117,114.167595,763.5593,5.5759,1.4435968,10.926971
1970-01-01 16:43:32,3854.271,124.10152,597.0758,1.8382497,-2.1834004,10.376596
1970-01-01 16:43:33,3950.3274,113.84378,1200.6033,5.2090855,-6.264394,12.215081
1970-01-01 16:43:34,4001.4114,121.74675,864.0266,0.68223596,-5.6905794,12.937302
1970-01-01 16:43:35,4123.7085,121.82697,812.0157,2.0219986,-11.347652,13.523353
1970-01-01 16:43:36,4067.3022,125.09421,993.3681,6.7990317,-2.6997082,13.583544
1970-01-01 16:43:37,4122.4263,127.79137,861.45166,0.051247824,14.553656,13.404965
1970-01-01 16:43:38,4072.4954,115.43342,1001.0518,-4.2469687,-6.9451003,14.662165
1970-01-01 16:43:39,4071.0725,110.655945,1043.4579,-3.3983686,1.3141218,14.876569
1970-01-01 16:43:40,4047.363,123.64224,553.6593,1.9065436,23.513186,14.729703
1970-01-01 16:43:41,4087.4749,128.34662,985.93475,5.631301,-7.568482,15.394291
1970-01-01 16:43:42,4286.6465,116.687256,923.7858,2.8900242,-20.148603,15.603248
1970-01-01 16:43:43,4021.682,118.518295,1022.86646,-0.47148198,-9.007034,16.893557
1970-01-01 16:43:44,4098.68,116.80816,569.8727,0.9016054,-6.867254,15.09562
1970-01-01 16:43:45,4324.7026,121.50131,628.2873,-3.4019997,-15.302481,15.762869
1970-01-01 16:43:46,4328.0576,124.207565,651.18585,10.897821,-0.7495201,17.500751
1970-01-01 16:43:47,4199.1714,119.5129,1058.2064,-1.7673073,3.2889206,17.590769
1970-01-01 16:43:48,4323.664,130.02016,1130.5223,-1.3239906,-20.327877,17.06484
1970-01-01 16:43:49,4318.895,125.43717,919.22485,2.531225,-12.212739,16.03745
1970-01-01 16:43:50,4305.6953,122.3743,656.6392,1.3556348,-14.158899,15.882837
1970-01-01 16:43:51,4373.263,124.91942,1073.424,5.1544228,-15.519908,16.876558
1970-01-01 16:43:52,4368.69,117.159355,427.73294,-2.3992975,1.3796841,18.080486
1970-01-01 16:43:53,4443.1426,121.089424,813.63074,5.298023,12.036459,17.952671
1970-01-01 16:43:54,4491.4316,122.82327,966.70526,3.5006325,20.449095,19.42819
1970-01-01 16:43:55,4444.4917,124.471245,546.53467,5.7058125,-13.373509,20.00752
1970-01-01 16:43:56,4407.0513,123.450035,998.20636,2.973674,-7.2358856,18.966005
1970-01-01 16:43:57,4401.0728,125.78955,742.33344,3.0054317,2.5779078,18.72407
1970-01-01 16:43:58,4441.0034,125.27784,858.7582,2.6580935,4.1335855,19.400673
1970-01-01 16:43:59,4526.115,,550.90625,1.3722715,5.5001163,20.088493
1970-01-01 16:44:00,4515.749,126.29274,653.7614,8.005878,-17.43573,21.201689
1970-01-01 16:44:01,4541.4287,121.669685,1038.4396,6.134086,1.7161664,21.37838
1970-01-01 16:44:02,4560.5195,118.31662,969.7186,-2.5261261,-15.115911,21.762321
1970-01-01 16:44:03,4665.56,126.48009,687.4811,3.5191145,-2.7395976,22.419794
1970-01-01 16:44:04,4551.115,126.92878,608.213,-1.0975637,-4.3348823,23.259901
1970-01-01 16:44:05,4617.302,114.06209,705.9189,2.0084436,-2.8104086,22.7086
1970-01-01 16:44:06,4643.2803,119.29595,679.121,5.1247745,1.5129212,23.037334
1970-01-01 16:44:07,4574.864,118.20528,876.4937,3.6694589,1.2501055,22.351791
1970-01-01 16:44:08,4644.9365,126.30004,798.64484,-3.5847094,1.4887933,
1970-01-01 16:44:09,4557.08,119.694244,790.39996,-3.5593872,11.359537,21.33492
1970-01-01 16:44:10,4738.425,129.02347,1020.7395,2.081644,-2.2362907,22.423773
1970-01-01 16:44:11,4719.336,123.701904,747.4743,1.640847,-11.738659,21.624002
1970-01-01 16:44:12,4669.4575,120.19638,1010.6728,-0.019398566,-15.699533,19.999367
1970-01-01 16:44:13,4801.7744,124.326866,1033.4972,-0.26555166,6.551509,19.93276
1970-01-01 16:44:14,4672.0254,115.93161,888.95514,-3.3916543,3.7269235,20.270344
1970-01-01 16:44:15,4699.7026,117.236534,655.39844,3.1560562,-1.3665247,20.496428
1970-01-01 16:44:16,4844.1753,123.77992,1000.42084,1.3129773,1.3691467,21.81606
1970-01-01 16:44:17,4831.915,118.243256,901.2063,0.17836799,-1.5865282,20.37463
1970-01-01 16:44:18,4806.0967,128.376,617.9093,2.9665184,-1.6105243,20.785067
1970-01-01 16:44:19,4743.774,129.41356,534.39703,0.38024098,-13.019693,19.691956
1970-01-01 16:44:20,4901.3994,119.788704,1078.9188,1.1595833,1.4644834,20.22494
1970-01-01 16:44:21,4944.124,124.19241,1074.6584,-2.6443439,12.626082,20.002953
1970-01-01 16:44:22,5007.4023,117.83775,658.4156,6.6010427,2.431828,20.834002
1970-01-01 16:44:23,4933.2295,122.5862,1014.6961,1.1776688,10.751368,19.69947
1970-01-01 16:44:24,4982.7163,113.84946,843.25446,5.2284737,-11.199942,21.379654
1970-01-01 16:44:25,5054.853,125.49162,722.2743,2.8032792,-1.1173965,22.505806
1970-01-01 16:44:26,5074.6963,122.51726,1189.7893,7.142235,4.2464504,24.12878
1970-01-01 16:44:27,5002.9805,122.267914,863.965,-0.22915314,-6.923271,22.683369
1970-01-01 16:44:28,4965.2827,123.085396,732.98376,8.524752,17.67955,22.127401
1970-01-01 16:44:29,4992.2354,127.61061,971.7674,2.5329018,-25.384727,20.105873
1970-01-01 16:44:30,5086.754,123.26915,891.7628,2.8720927,9.5660715,19.235788
1970-01-01 16:44:31,5245.728,130.12122,925.84,3.217419,19.32201,18.000969
1970-01-01 16:44:32,5319.9165,123.95937,413.28616,1.4234997,-3.1215022,18.229227
1970-01-01 16:44:33,5132.4673,119.711914,795.73395,-1.0668343,-9.157834,17.594475
1970-01-01 16:44:34,5112.8135,127.343834,1218.007,-2.0384636,2.0269113,16.609016
1970-01-01 16:44:35,5175.0107,124.52967,491.64896,1.5803661,-7.7117176,16.68317
1970-01-01 16:44:36,5114.9785,123.18546,891.76086,3.4847963,5.6160245,17.483734
1970-01-01 16:44:37,5304.053,131.99553,737.08704,1.1009315,-0.9156075,17.33666
1970-01-01 16:44:38,5299.0073,120.86944,1329.77,-0.5958797,16.104034,16.417767
1970-01-01 16:44:39,5281.926,120.48285,413.86145,6.4057508,-13.540644,17.070837
1970-01-01 16:44:40,5124.653,122.72115,764.51495,2.3905864,1.5776321,17.264334
1970-01-01 16:44:41,5181.2505,118.04311,1151.8158,6.855935,-0.7530772,16.7754
1970-01-01 16:44:42,5262.047,122.638435,931.63464,-3.2930157,5.1459346,18.18059
1970-01-01 16:44:43,5319.942,119.19874,677.51355,2.9927413,-6.951194,16.473274
1970-01-01 16:44:44,5367.5073,125.6061,642.63477,0.5048036,2.4820123,16.226198
1970-01-01 16:44:45,5462.6694,125.25229,1013.59784,1.3596545,-5.7841864,16.333899
1970-01-01 16:44:46,5280.864,119.47271,582.01746,-1.2497969,6.154903,17.868273
1970-01-01 16:44:47,5317.6235,112.01794,412.99518,2.7840998,1.236849,18.256115
1970-01-01 16:44:48,5432.5547,129.65027,844.16095,10.703659,-21.430862,18.43669
1970-01-01 16:44:49,5356.3794,122.66777,1000.02264,-0.58658314,-11.828232,18.552696
1970-01-01 16:44:50,5387.08,122.37132,681.79504,-2.1557114,12.759596,18.977486
1970-01-01 16:44:51,5499.283,126.913155,671.17163,5.1319575,-4.724016,17.862926
1970-01-01 16:44:52,5558.697,123.97512,518.91284,-2.3218186,-20.298965,18.301355
1970-01-01 16:44:53,5427.7627,119.986626,911.93787,-0.16016497,-17.97337,17.346737
1970-01-01 16:44:54,5577.6724,123.43657,665.4424,-0.55411047,-6.038186,16.0323
1970-01-01 16:44:55,5532.913,121.36978,598.72876,-1.5835485,16.37503,17.69173
1970-01-01 16:44:56,5476.6978,121.9497,695.0541,4.689142,1.8747275,18.704714
1970-01-01 16:44:57,5512.1934,125.097374,560.6871,2.5808268,-16.059956,19.249247
1970-01-01 16:44:58,5586.9897,123.68623,620.84576,0.98314154,-9.058176,17.350067
1970-01-01 16:44:59,5631.584,120.53814,673.45374,4.176337,16.820835,17.01454
1970-01-01 16:45:00,5683.174,124.06149,690.58246,4.0718265,-0.27661029,17.323965
1970-01-01 16:45:01,5740.849,122.200905,1142.1995,-2.4873712,2.966571,17.226763
1970-01-01 16:45:02,5769.681,116.76906,1267.3301,5.337078,5.7508554,15.986641
1970-01-01 16:45:03,5751.515,124.77871,693.1324,2.5441992,6.2129817,16.098188
1970-01-01 16:45:04,5609.4673,127.98606,737.0889,3.2217379,0.3039073,15.884126
1970-01-01 16:45:05,5830.5674,119.56624,766.15106,-0.17004962,-1.0254792,15.301169
1970-01-01 16:45:06,5742.0264,117.0801,791.29144,5.5633607,-14.202986,16.661402
1970-01-01 16:45:07,5821.362,127.58991,920.09076,-0.88305026,-8.116486,14.882567
1970-01-01 16:45:08,5893.8667,118.88718,781.25885,7.0288963,-0.15100491,15.523215
1970-01-01 16:45:09,5857.08,125.677124,777.13495,2.60804,2.6233342,16.043627
1970-01-01 16:45:10,5733.0996,133.22342,309.61584,5.533353,8.762942,16.359522
1970-01-01 16:45:11,5851.4424,125.72066,639.4249,2.019222,3.1705801,14.805063
1970-01-01 16:45:12,5809.3506,118.55816,771.6666,2.5053794,-9.2829485,15.105681
1970-01-01 16:45:13,5885.26,116.12479,906.96747,0.13821533,-19.693638,15.641268
1970-01-01 16:45:14,5956.247,122.11413,,3.1778905,-13.652304,14.604266
1970-01-01 16:45:15,5972.1626,122.951935,549.9058,4.7987676,1.319501,14.494545
1970-01-01 16:45:16,5892.0576,128.72769,684.3975,-7.5756145,-5.7961216,13.419405
1970-01-01 16:45:17,5960.052,126.78842,1015.5031,-0.8113014,-6.6931796,12.789379
1970-01-01 16:45:18,6025.924,114.792595,741.65094,1.8517083,2.923882,12.603894
1970-01-01 16:45:19,5864.847,119.38063,857.26245,-1.6156722,-4.1557245,14.149163
1970-01-01 16:45:20,6035.821,,780.7294,0.6259774,8.324611,13.098439
1970-01-01 16:45:21,5944.1597,128.63379,508.2219,3.8149822,-6.9904275,12.807135
1970-01-01 16:45:22,5916.6484,123.499825,748.53064,-5.0749364,-6.6011195,11.511801
1970-01-01 16:45:23,6080.04,124.31,974.8138,-0.27091777,-4.5569534,10.690041
1970-01-01 16:45:24,5957.771,118.15729,670.95306,3.7167463,6.818918,9.890732
1970-01-01 16:45:25,6099.7666,121.75139,712.1145,1.306467,5.7449045,9.828095
1970-01-01 16:45:26,6222.7573,121.96989,1018.61847,2.4767566,27.894611,9.242615
1970-01-01 16:45:27,6199.469,119.28733,477.45975,-0.2244077,8.445179,8.900634
1970-01-01 16:45:28,6174.794,126.23048,1008.24164,2.0723007,0.110848665,9.831617
1970-01-01 16:45:29,6305.996,119.633766,772.67773,-2.6493676,18.09487,9.906616
1970-01-01 16:45:30,6050.6987,127.967575,911.3197,-5.349376,-8.519777,7.758445
1970-01-01 16:45:31,6180.5044,127.555534,758.4501,-1.1638212,-4.033641,6.863408
1970-01-01 16:45:32,6146.9663,121.035194,680.52045,2.5385182,-11.46159,6.0558586
1970-01-01 16:45:33,6267.483,126.03199,835.6587,-1.526724,2.9749656,6.2691245
1970-01-01 16:45:34,6172.8364,120.91905,730.661,-4.247228,-7.880616,6.0865993
1970-01-01 16:45:35,6273.952,128.15082,545.84015,-3.3528814,12.08628,7.069715
1970-01-01 16:45:36,6256.67,127.31878,600.0867,3.5837138,2.6546104,6.8348937
1970-01-01 16:45:37,6325.79,126.1908,1003.2325,3.0757873,3.2746274,6.345243
1970-01-01 16:45:38,6322.074,116.9552,1032.047,4.9115305,3.191913,7.1577973
1970-01-01 16:45:39,6491.5093,119.03701,765.81726,0.7306049,-1.1310617,5.6654325
1970-01-01 16:45:40,6351.4526,127.992134,805.768,3.635658,-22.058058,4.5959845
1970-01-01 16:45:41,6398.16,120.94614,974.5643,5.7942557,7.961524,3.4674819
1970-01-01 16:45:42,6438.468,130.50726,977.65125,0.36766338,6.221151,2.8742576
1970-01-01 16:45:43,6525.2344,121.73544,774.14764,10.635157,4.567475,3.705514
1970-01-01 16:45:44,6396.482,122.13162,1194.5726,5.902225,-12.607443,3.1309648
1970-01-01 16:45:45,6490.623,118.498116,1126.3567,2.4539578,5.283559,3.6884255
1970-01-01 16:45:46,6343.9614,120.65177,1062.4396,0.055999,2.5109475,4.880098
1970-01-01 16:45:47,6563.153,120.82411,1395.8746,3.476319,-6.0099397,4.202608
1970-01-01 16:45:48,6666.3286,121.72918,1036.4675,1.6073073,4.3673906,4.332812
1970-01-01 16:45:49,6633.5776,119.817924,673.2726,-1.3513019,0.7896626,4.39496
1970-01-01 16:45:50,6586.2065,114.699776,972.24884,2.4815676,-0.7402883,2.612095
1970-01-01 16:45:51,6587.2227,128.87871,697.2801,2.9841032,25.087204,3.0786648
1970-01-01 16:45:52,6505.3174,122.74325,1014.49445,3.6028078,-6.060661,2.0352943
1970-01-01 16:45:53,6607.5,121.51234,891.5564,-2.6393218,-0.9444857,1.7700264
1970-01-01 16:45:54,6527.3687,118.52321,1072.069,6.187071,12.627852,1.8231645
1970-01-01 16:45:55,6596.736,124.534676,843.04614,2.6503994,-14.135448,0.9455159
1970-01-01 16:45:56,6655.1714,126.882,593.04236,3.8764122,12.946495,0.44634193
1970-01-01 16:45:57,6818.7695,123.16799,1105.6526,0.26143456,-3.4910595,0.8397036
1970-01-01 16:45:58,6716.7363,125.496704,939.11505,5.7579083,10.17226,1.5901535
1970-01-01 16:45:59,6829.4717,122.616066,964.9166,4.5913887,-0.8492142,3.2020252
1970-01-01 16:46:00,6720.066,122.51343,898.5374,6.505117,10.28238,4.009941
1970-01-01 16:46:01,6942.8574,125.26157,976.06665,2.454421,12.370893,3.147206
1970-01-01 16:46:02,6719.6494,127.62095,634.80835,-2.6144605,-16.033257,3.1718743
1970-01-01 16:46:03,6791.0522,126.2582,752.20465,2.008627,2.4401665,3.1733127
1970-01-01 16:46:04,6782.863,121.782104,749.6949,0.44408262,-9.842689,3.749452
1970-01-01 16:46:05,6808.07,123.973656,936.1938,0.78152007,1.814022,4.6550546
1970-01-01 16:46:06,6940.081,121.5064,681.71893,1.9580748,-19.07933,5.5883064
1970-01-01 16:46:07,6897.0835,120.52081,919.25903,2.0166137,8.07955,6.0509157
1970-01-01 16:46:08,6880.918,114.866844,,1.8584093,5.436939,5.220907
1970-01-01 16:46:09,6832.6074,124.3044,1058.6696,5.057789,11.566287,6.2750416
1970-01-01 16:46:10,6932.354,124.64328,846.2051,4.4312997,-19.407803,7.0310555
1970-01-01 16:46:11,7084.0063,121.99028,427.34317,0.56347847,-10.19768,8.096456
1970-01-01 16:46:12,6831.958,123.56901,744.0035,0.6382406,-2.7789733,6.72404
1970-01-01 16:46:13,7038.08,130.56905,736.2487,7.9037466,-9.990073,5.46546
1970-01-01 16:46:14,6953.2275,129.74829,878.8394,2.0996222,-1.3665872,4.027543
1970-01-01 16:46:15,7145.792,125.52248,699.0154,-2.8978207,-2.4433599,4.094372
1970-01-01 16:46:16,6996.281,129.84637,769.2264,2.7732792,2.796832,2.8891883
1970-01-01 16:46:17,7051.9365,123.845276,660.5733,5.14743,-4.649357,3.0152087
1970-01-01 16:46:18,7131.1826,128.01727,831.0817,2.1887364,0.9106278,4.169694
1970-01-01 16:46:19,7189.648,124.678764,579.6087,4.711486,0.6581262,2.8929596
1970-01-01 16:46:20,7181.83,131.57758,789.8893,-2.3325114,-1.1615976,1.1649177
1970-01-01 16:46:21,7181.9707,117.37118,848.25665,2.8257525,-25.315489,0.9726269
1970-01-01 16:46:22,7284.4497,126.10152,801.38745,-2.3130789,4.6203594,0.28845137
1970-01-01 16:46:23,7213.4834,127.41063,792.8632,3.871003,-10.683442,1.5179846
1970-01-01 16:46:24,7161.6694,126.53873,878.4233,7.157516,14.601784,1.1436576
1970-01-01 16:46:25,7069.2153,124.44995,757.1581,4.3114247,6.8847294,0.13237269
1970-01-01 16:46:26,7173.662,126.1566,877.9116,1.4762759,1.6399983,1.2744994
1970-01-01 16:46:27,7160.287,118.22172,580.32965,7.0723367,8.785892,2.0043688
1970-01-01 16:46:28,7338.096,116.672516,934.03705,0.79031926,-3.0893009,1.8245238
1970-01-01 16:46:29,7426.0728,128.0697,1198.4054,1.8542873,14.72649,2.7042353
1970-01-01 16:46:30,7237.076,128.23753,644.50665,3.1806211,-18.222137,3.7122145
1970-01-01 16:46:31,7267.723,119.06156,821.2185,5.1304016,13.057194,3.439607
1970-01-01 16:46:32,7359.1445,123.778824,928.501,6.4832196,-2.2202687,4.2326508
1970-01-01 16:46:33,7381.093,125.14114,699.74066,4.426542,-9.915556,4.2710576
1970-01-01 16:46:34,7489.4253,127.10156,1015.39966,1.918154,27.335228,3.6180453
1970-01-01 16:46:35,7378.366,123.265366,652.7356,-0.39041075,-27.555597,3.50421
1970-01-01 16:46:36,7442.245,119.8964,684.3708,2.0889506,7.25992,3.832123
1970-01-01 16:46:37,7413.8477,126.51261,806.70483,-0.12518805,-8.16978,3.1756184
1970-01-01 16:46:38,7346.2524,125.61234,560.98865,4.539079,-8.780852,3.2514877
1970-01-01 16:46:39,7493.464,129.61934,1130.551,2.6148357,5.2220783,4.1802773
1970-01-01 16:46:40,7417.501,125.981926,678.50287,4.2062902,-9.611807,3.0504656
1970-01-01 16:46:41,7526.6484,122.96952,874.4768,1.8453202,9.156333,3.5662575
1970-01-01 16:46:42,7618.4873,118.98861,919.9186,7.805748,-4.4648485,3.2489262
1970-01-01 16:46:43,7518.8364,122.454895,384.71844,-1.6431524,-5.0601163,3.665809
1970-01-01 16:46:44,7583.5195,122.06577,840.2383,1.1499391,-16.483564,3.1617165
1970-01-01 16:46:45,7457.8555,131.48419,783.51776,-2.9498007,6.5322413,3.4836183
1970-01-01 16:46:46,7599.8994,125.488304,820.6089,2.3986435,12.754531,5.170749
1970-01-01 16:46:47,7648.913,113.23014,720.6436,2.2080786,15.111979,6.4725356
1970-01-01 16:46:48,7763.074,126.49411,930.6622,-2.0797033,10.918657,6.6020203
1970-01-01 16:46:49,7775.7573,126.34368,609.6913,-1.3224496,-7.8174634,6.80743
1970-01-01 16:46:50,7725.8438,118.041084,912.9423,5.4722047,-8.74733,8.067027
1970-01-01 16:46:51,7786.4126,124.37289,259.88202,4.520545,-1.2967407,9.377337
1970-01-01 16:46:52,7639.753,128.7995,650.59814,-3.1215177,-0.08378317,8.376499
1970-01-01 16:46:53,7685.274,123.40871,795.3357,0.68530405,22.090122,8.590551
1970-01-01 16:46:54,7611.76,131.05927,464.68756,,-17.503878,7.7208533
1970-01-01 16:46:55,7931.8745,122.61634,915.5676,3.6571002,0.3126204,7.566543
1970-01-01 16:46:56,7800.0586,127.407104,786.1464,1.044494,-3.1160336,7.9394345
1970-01-01 16:46:57,7877.7544,118.379845,564.3846,1.1059728,0.7558589,8.350034
1970-01-01 16:46:58,7782.734,119.79156,704.0238,-1.8797349,3.8823025,9.174929
1970-01-01 16:46:59,7710.481,118.96685,480.8687,1.0506637,3.080552,11.11981
1970-01-01 16:47:00,7837.951,119.79679,501.9183,1.699634,26.431417,10.142593
1970-01-01 16:47:01,7883.817,122.07427,779.0449,1.7736962,0.46880886,9.000382
1970-01-01 16:47:02,7926.961,122.64965,902.9897,0.38252246,0.4581014,8.546609
1970-01-01 16:47:03,8049.081,122.96966,1159.3235,2.0516777,-3.5498505,8.79649
1970-01-01 16:47:04,8004.0273,123.35067,1008.9926,5.7535,7.2958927,9.531963
1970-01-01 16:47:05,8113.1895,124.22884,808.6009,-2.0260258,-6.756527,10.088473
1970-01-01 16:47:06,7862.5093,123.762985,735.12085,2.9779685,-4.823386,11.262337
1970-01-01 16:47:07,7938.124,124.09913,891.0043,4.8903337,1.0589658,11.614696
1970-01-01 16:47:08,8018.0986,122.30242,860.6744,3.2701135,-1.6388745,11.107774
1970-01-01 16:47:09,8131.3525,124.0312,931.8087,1.3607287,-6.602192,11.168914
1970-01-01 16:47:10,7863.771,129.28474,749.00964,-0.92176044,-8.864086,9.776883
1970-01-01 16:47:11,8128.672,126.60804,1065.8707,-0.17475602,24.05913,12.549755
1970-01-01 16:47:12,7945.243,128.27237,783.0846,-4.048363,10.004766,15.052944
1970-01-01 16:47:13,8070.1978,119.945206,1286.9686,7.4332404,-18.327766,15.458047
1970-01-01 16:47:14,8104.887,125.08844,923.6524,-1.5505587,1.2680669,14.50765
1970-01-01 16:47:15,8217.503,122.83483,640.3309,1.5314978,-20.009298,13.621699
1970-01-01 16:47:16,8223.747,128.58177,1027.268,-1.4867098,1.8065208,15.034058
1970-01-01 16:47:17,8139.2886,119.85221,554.8077,6.069753,21.768454,14.062769
1970-01-01 16:47:18,8162.214,127.52338,876.33923,2.9429276,6.117502,14.803309
1970-01-01 16:47:19,8231.019,128.5296,673.01447,3.577914,0.5735349,14.905937
1970-01-01 16:47:20,8188.07,113.873764,849.7007,0.5227418,-15.989249,15.328771
1970-01-01 16:47:21,8157.361,119.209946,706.7019,-2.5956059,4.992848,14.2170925
1970-01-01 16:47:22,8350.2705,116.68981,678.579,-6.0494413,4.649598,13.015263
1970-01-01 16:47:23,8304.433,114.573494,959.37274,5.159637,-3.097575,13.843511
1970-01-01 16:47:24,8372.337,128.74387,968.6373,10.186432,-2.0256767,14.687821
1970-01-01 16:47:25,8465.816,127.12591,786.59625,3.7711847,-6.880992,14.073395
1970-01-01 16:47:26,8307.828,123.61411,746.70996,1.2352358,6.50245,15.533966
1970-01-01 16:47:27,8266.611,118.431015,975.2489,4.0942736,11.641795,14.1233225
1970-01-01 16:47:28,8459.7,,828.56976,5.440253,15.215013,14.8688
1970-01-01 16:47:29,8387.574,114.89311,1086.1449,-0.09414667,8.736029,14.7462
1970-01-01 16:47:30,8493.486,125.86922,830.3446,1.7606901,8.030234,13.1736765
1970-01-01 16:47:31,8450.128,124.012474,868.471,2.7194035,-0.09884422,12.015221
1970-01-01 16:47:32,8545.858,125.44363,758.32666,-1.7624412,3.3216584,11.89289
1970-01-01 16:47:33,8526.078,134.13678,993.2948,4.323882,-0.17687863,12.855143
1970-01-01 16:47:34,8529.304,123.3422,647.83563,-1.7097569,-13.628719,12.842942
1970-01-01 16:47:35,8577.735,128.62129,1030.7283,-1.4817449,1.144764,12.32053
1970-01-01 16:47:36,8541.038,126.81308,825.2409,2.9731607,7.0544157,13.493763
1970-01-01 16:47:37,8517.976,135.833,772.73627,2.1131527,-3.5102184,14.151543
1970-01-01 16:47:38,8597.936,127.803535,640.49817,0.814658,1.772181,16.285965
1970-01-01 16:47:39,8606.984,124.917984,892.40576,2.9491458,2.201949,15.184801
1970-01-01 16:47:40,8572.264,120.903435,712.23755,-0.24385409,9.942478,17.119394
1970-01-01 16:47:41,8643.413,119.8584,834.43915,-1.880631,-7.873386,17.982727
1970-01-01 16:47:42,8610.874,122.91171,756.9492,4.75105,8.985099,17.852444
1970-01-01 16:47:43,8674.003,131.2392,752.52057,4.2385426,-4.150528,17.05192
1970-01-01 16:47:44,8845.815,123.982925,832.1262,0.36518747,3.9449162,16.22857
1970-01-01 16:47:45,8580.062,125.3201,606.5192,5.5739822,3.832726,17.259506
1970-01-01 16:47:46,8511.046,122.68091,749.66284,1.9367341,-17.949184,18.601448
1970-01-01 16:47:47,8777.074,123.00198,569.9234,3.9525754,21.187527,19.84868
1970-01-01 16:47:48,8795.982,123.75228,648.9905,8.115457,-2.503643,20.490242
1970-01-01 16:47:49,8523.628,121.775826,814.1349,5.519669,-13.117815,22.529137
1970-01-01 16:47:50,8908.822,117.11727,478.0678,1.8227055,-3.4621382,23.281397
1970-01-01 16:47:51,8602.131,131.2417,687.06555,-1.1296794,-7.248631,23.757193
1970-01-01 16:47:52,8861.926,127.46344,748.14355,-3.2503426,11.312105,23.876917
1970-01-01 16:47:53,8946.592,122.01189,953.15015,3.5801687,-5.8287687,23.810225
1970-01-01 16:47:54,8878.698,128.60649,977.4749,-0.03744499,-5.1132565,22.634163
1970-01-01 16:47:55,9008.692,123.38582,780.7158,0.18144652,-1.6628466,23.084732
1970-01-01 16:47:56,9032.747,125.074455,953.83704,-0.8298433,-3.519809,22.24201
1970-01-01 16:47:57,8950.125,123.77744,512.1625,3.552704,24.191984,22.598648
1970-01-01 16:47:58,9108.412,124.67493,942.4891,2.345378,-3.740682,21.5062
1970-01-01 16:47:59,8903.985,127.008865,930.14557,2.8545945,-14.2846985,22.369831
1970-01-01 16:48:00,8937.799,121.33261,548.86993,7.116094,0.9544312,23.745579
1970-01-01 16:48:01,8991.257,117.3419,525.5687,3.378331,-3.7456892,22.181702
1970-01-01 16:48:02,9120.807,120.570145,736.642,-2.1201046,-17.556528,21.805466
1970-01-01 16:48:03,9009.398,124.93731,626.7391,4.211775,11.6514435,22.360891
1970-01-01 16:48:04,8988.025,123.74167,1214.4171,4.192992,6.0003586,22.849773
1970-01-01 16:48:05,9071.438,129.31105,954.8732,1.4840034,13.8279505,21.1975
1970-01-01 16:48:06,9149.851,125.2117,956.2338,-2.2511492,-5.9396224,20.764605
1970-01-01 16:48:07,9113.4,120.96488,1013.6638,7.83078,25.94004,21.206238
1970-01-01 16:48:08,9206.977,127.49173,911.51514,4.0226703,-8.456637,21.138025
1970-01-01 16:48:09,9159.557,126.692894,695.84186,2.3614838,-10.128664,21.975496
1970-01-01 16:48:10,9166.638,121.17771,801.38196,4.1837935,7.955481,22.100311
1970-01-01 16:48:11,9293.409,122.26998,809.39026,,6.6474943,22.32696
1970-01-01 16:48:12,9237.645,116.96985,879.81,0.9529771,13.84569,22.018934
1970-01-01 16:48:13,9268.028,121.69508,968.92236,-4.654683,17.363623,22.070633
1970-01-01 16:48:14,9340.967,123.884575,997.7449,1.3339049,-8.34167,21.631264
1970-01-01 16:48:15,9322.52,121.169365,888.30334,1.1876869,-6.423596,20.384138
1970-01-01 16:48:16,9205.981,124.26487,660.94543,-4.568547,8.926169,20.79172
1970-01-01 16:48:17,9375.073,125.17145,760.96936,2.7058952,9.910367,20.48045
1970-01-01 16:48:18,9398.345,116.80727,488.15536,2.4682677,8.49216,19.465935
1970-01-01 16:48:19,9264.274,131.29381,825.96313,9.865023,-20.857613,18.999088
1970-01-01 16:48:20,9414.865,128.17938,852.36554,1.0905843,-3.4473805,19.229403
1970-01-01 16:48:21,9472.87,119.23704,755.0909,-2.5354009,-10.242655,17.746912
1970-01-01 16:48:22,9495.943,125.91831,734.27563,0.9876251,-1.694903,18.30238
1970-01-01 16:48:23,9306.91,127.181465,817.5782,-0.38346034,-2.0370574,18.105085
1970-01-01 16:48:24,9410.466,126.26819,834.8902,3.1039863,-5.106222,17.17103
1970-01-01 16:48:25,9450.721,114.65585,1139.4271,6.2355375,-9.803513,16.384235
1970-01-01 16:48:26,9570.302,130.15714,658.7541,-1.225375,3.2589982,16.171272
1970-01-01 16:48:27,9617.365,119.8396,922.62946,2.5777638,-6.3933916,16.470892
1970-01-01 16:48:28,9536.335,121.49324,752.8162,0.22492309,12.643764,16.291761
1970-01-01 16:48:29,9525.821,126.41475,1129.1434,-0.93423206,9.301079,16.815851
1970-01-01 16:48:30,9593.96,125.45859,660.2591,-2.2895114,-15.930298,17.528105
1970-01-01 16:48:31,9593.616,127.139465,902.75916,6.4582505,-11.02795,18.345184
1970-01-01 16:48:32,9689.811,125.126045,835.7756,4.77926,-20.574078,18.227783
1970-01-01 16:48:33,9499.04,128.06935,972.4351,2.0060053,-4.848321,17.408264
1970-01-01 16:48:34,9595.398,126.12881,519.3087,-0.46397325,-10.481466,16.60256
1970-01-01 16:48:35,9502.722,126.06113,287.663,2.9070492,7.069913,17.773699
1970-01-01 16:48:36,9654.441,129.35239,780.1544,0.2157866,-9.298197,18.5379
1970-01-01 16:48:37,9794.421,134.41707,866.2676,11.915071,-5.837029,19.079315
1970-01-01 16:48:38,9751.718,121.24556,1084.0028,-1.6285837,14.312338,19.056913
1970-01-01 16:48:39,9757.995,122.09973,760.6014,3.7790341,0.04063036,18.906366
1970-01-01 16:48:40,9900.92,131.69305,680.67993,2.1710699,-1.9179002,19.659824
1970-01-01 16:48:41,9686.961,124.25862,1049.0853,1.4796247,12.547111,18.301264
1970-01-01 16:48:42,9786.56,120.03515,832.695,-5.5100374,-10.828321,17.677689
1970-01-01 16:48:43,9859.258,125.14999,692.35846,3.5069025,-0.6805105,17.976467
1970-01-01 16:48:44,9810.072,126.65264,800.2041,-3.771618,-0.44835404,18.828709
1970-01-01 16:48:45,9859.272,121.280945,816.2509,4.6705604,10.850225,19.794796
1970-01-01 16:48:46,9879.728,120.41063,469.77356,5.1760283,-5.164509,19.690191
1970-01-01 16:48:47,9780.894,123.42515,733.0544,2.568812,-5.579584,18.404919
1970-01-01 16:48:48,9781.041,132.98297,813.003,-0.77262217,12.6544895,19.353151
1970-01-01 16:48:49,10043.087,126.37427,875.7157,5.1893673,18.868265,19.472418
1970-01-01 16:48:50,9959.454,125.20827,742.8156,4.071339,20.975613,18.509506
1970-01-01 16:48:51,9931.618,128.70227,1069.6195,8.408051,,18.147968
1970-01-01 16:48:52,9963.855,122.85814,893.45984,4.1669083,-6.020262,17.98118
1970-01-01 16:48:53,10034.169,126.597176,997.1931,7.5320926,16.826332,17.50631
1970-01-01 16:48:54,9953.73,127.06645,733.96985,5.265469,-1.9185908,17.365005
1970-01-01 16:48:55,10045.611,114.402565,1078.0674,-2.2260325,-4.8792596,18.101545
1970-01-01 16:48:56,10172.696,133.31735,893.8175,3.619978,-1.1748867,16.074633
1970-01-01 16:48:57,10068.555,120.920525,671.1248,5.366349,8.285365,16.181856
1970-01-01 16:48:58,10132.457,120.070465,763.84534,-1.47917,6.567178,14.706671
1970-01-01 16:48:59,10044.867,127.940315,1239.2102,-2.2604017,-4.07404,14.693868
1970-01-01 16:49:00,10174.12,129.78304,760.33844,-0.59146076,-12.686077,14.611366
1970-01-01 16:49:01,10164.589,124.08465,805.2512,2.4841607,-12.891085,14.098997
1970-01-01 16:49:02,10314.343,119.860245,935.77014,1.2889209,-17.71643,12.215832
1970-01-01 16:49:03,10323.404,129.85837,671.5861,4.460808,3.088916,10.180855
1970-01-01 16:49:04,10240.082,120.77487,572.8869,4.1665926,-3.3965032,10.364778
1970-01-01 16:49:05,10267.186,129.13245,728.91437,-1.043228,-7.4891696,10.731215
1970-01-01 16:49:06,10247.962,125.77024,753.6015,2.3820877,6.308707,11.112067
1970-01-01 16:49:07,10256.939,129.91562,975.5616,0.78232324,1.9050319,10.970445
1970-01-01 16:49:08,10253.4,129.64043,,-2.760292,-2.4325395,10.532243
1970-01-01 16:49:09,10258.455,129.55019,634.5722,1.590811,-21.150312,11.626032
1970-01-01 16:49:10,10385.347,125.60948,1060.5194,-0.38986924,-1.6316814,13.975806
1970-01-01 16:49:11,10239.784,123.11894,533.84174,5.861604,-16.342833,13.966737
1970-01-01 16:49:12,10328.144,129.28061,1269.1986,1.7011541,6.119071,12.36277
1970-01-01 16:49:13,10359.645,132.70917,362.969,4.705191,-7.083666,12.447323
1970-01-01 16:49:14,10261.737,124.419716,706.682,0.4261308,-3.9444802,12.955927
1970-01-01 16:49:15,10420.444,122.59575,698.1565,5.0298867,12.539106,13.344191
1970-01-01 16:49:16,10573.302,129.82658,686.51416,6.089421,2.7930098,13.628915
1970-01-01 16:49:17,10484.022,127.570946,1117.886,2.2436392,0.627996,11.591812
1970-01-01 16:49:18,10477.47,120.21424,843.8227,-0.99120003,1.5813028,12.837115
1970-01-01 16:49:19,10591.282,121.7728,686.984,6.884054,6.0202074,12.205908
1970-01-01 16:49:20,10481.359,130.8168,,-8.872785,6.2624106,12.210035
1970-01-01 16:49:21,10533.465,121.55669,584.3749,-2.0415058,-13.2437525,12.815766
1970-01-01 16:49:22,10591.714,124.18092,902.7577,-4.6788793,3.5031147,11.88742
1970-01-01 16:49:23,10660.01,123.532684,698.88654,-0.60642576,-10.983039,11.660209
1970-01-01 16:49:24,10514.836,129.6432,380.93155,3.6429935,-13.897649,12.517346
1970-01-01 16:49:25,10487.161,123.762764,682.23334,4.4162674,-2.0862105,13.43445
1970-01-01 16:49:26,10529.431,127.26398,875.6057,1.4265038,7.0229926,13.644009
1970-01-01 16:49:27,10649.681,128.4139,1118.7806,7.25601,-5.5168695,13.084565
1970-01-01 16:49:28,10633.274,120.211334,725.7511,6.206917,-6.0240135,14.424075
1970-01-01 16:49:29,10794.732,128.82916,587.3881,3.3624477,14.177152,14.100417
1970-01-01 16:49:30,10697.027,128.3124,1029.5035,0.19454023,-4.7869315,14.439527
1970-01-01 16:49:31,10692.101,122.33245,861.97437,0.23333317,3.357916,15.206153
1970-01-01 16:49:32,10710.6875,124.63878,979.20514,2.9031875,-15.676689,15.867103
1970-01-01 16:49:33,10844.245,121.71122,749.26276,4.4645553,9.42512,14.5034485
1970-01-01 16:49:34,10789.088,124.42704,461.93512,-4.672271,-8.692292,14.952607
1970-01-01 16:49:35,10686.342,131.16997,742.26135,4.2908196,-3.6878924,14.1951885
1970-01-01 16:49:36,10853.904,125.69053,942.4109,3.9316823,-4.4652314,15.162288
1970-01-01 16:49:37,11011.036,121.77704,819.52686,,7.837332,14.563739
1970-01-01 16:49:38,10933.915,127.43235,1108.6998,1.5171552,-3.9527826,14.470531
1970-01-01 16:49:39,10800.3,131.59178,872.4446,0.9291741,0.06476199,15.007364
1970-01-01 16:49:40,11007.825,129.9525,606.2724,3.1525447,-7.7419653,15.864976
1970-01-01 16:49:41,10960.308,127.088524,796.16595,-2.3666437,-6.9722157,17.245695
1970-01-01 16:49:42,11012.404,130.2997,1116.8402,6.0193496,6.910881,17.99479
1970-01-01 16:49:43,11001.621,127.33974,782.7784,3.9944248,-5.9014673,18.89679
1970-01-01 16:49:44,10853.692,124.22721,659.2037,4.4470296,-5.155149,18.862045
1970-01-01 16:49:45,10900.68,124.47337,934.33,2.4618068,-2.320165,17.334587
1970-01-01 16:49:46,11109.994,127.87166,819.7733,1.0316249,-7.5018697,16.609953
1970-01-01 16:49:47,11000.125,126.632416,964.95074,-3.428329,-3.0177765,16.285246
1970-01-01 16:49:48,10955.76,131.11888,1028.1243,2.9587448,1.0608954,14.533911
1970-01-01 16:49:49,10969.162,,786.0668,2.8567533,-3.085255,13.529163
1970-01-01 16:49:50,11014.802,131.1868,614.5973,2.1739821,10.39256,12.894653
1970-01-01 16:49:51,11249.031,137.72054,620.07825,3.1582122,-0.77913976,13.007365
1970-01-01 16:49:52,11064.681,119.22046,703.6164,5.646773,0.9139898,12.510646
1970-01-01 16:49:53,11164.641,124.454865,948.9617,4.2155013,-7.8304086,12.091395
1970-01-01 16:49:54,11207.621,126.6031,722.16736,4.9479003,2.0998552,11.176906
1970-01-01 16:49:55,11193.521,129.59267,939.6659,5.1971555,28.499325,12.95205
1970-01-01 16:49:56,11124.382,118.14877,966.59753,5.3872957,-3.9842048,12.718927
1970-01-01 16:49:57,11258.308,128.0916,969.20776,1.2848631,-7.9369736,11.911468
1970-01-01 16:49:58,11204.626,119.04313,1003.4467,2.291173,-3.249421,12.66982
1970-01-01 16:49:59,11151.252,133.18904,990.26025,-1.1702415,4.8066607,12.411316
1970-01-01 16:50:00,11252.879,134.26701,789.931,-0.3665576,0.80740273,12.573685
1970-01-01 16:50:01,11306.237,128.36243,842.705,2.688741,3.5671513,11.671078
1970-01-01 16:50:02,11313.369,128.49216,493.50656,3.8574364,-13.106791,13.562564
1970-01-01 16:50:03,11346.448,131.95879,542.2869,1.4064691,2.373918,13.619399
1970-01-01 16:50:04,11377.403,129.38957,1070.4286,-0.053691827,8.064554,13.80805
1970-01-01 16:50:05,11405.351,128.25043,974.4365,-3.2767177,2.9260027,14.807053
1970-01-01 16:50:06,11344.611,126.216705,625.7723,-0.5784497,-9.481284,13.2661495
1970-01-01 16:50:07,11437.616,116.854164,980.7683,3.882192,-16.355562,15.2169285
1970-01-01 16:50:08,11363.609,128.30617,1100.5011,3.77392,-1.2849159,14.333053
1970-01-01 16:50:09,11553.715,131.06255,821.7766,0.15262242,3.8837614,13.276475
1970-01-01 16:50:10,11394.069,133.0138,894.6919,4.0419073,2.3116019,13.692351
1970-01-01 16:50:11,11371.335,128.49156,518.0643,3.9422507,3.911845,12.063259
1970-01-01 16:50:12,11445.196,128.9989,705.2471,-0.8664199,-2.131482,11.842672
1970-01-01 16:50:13,11501.047,122.545975,529.934,3.5082626,-4.1208134,10.975795
1970-01-01 16:50:14,11570.189,126.994415,832.05865,-3.8905406,1.5540631,9.133913
1970-01-01 16:50:15,11276.246,122.52714,593.4063,4.97692,-10.054123,10.300987
1970-01-01 16:50:16,11560.099,131.2627,770.4573,2.5315847,-8.653075,8.722823
1970-01-01 16:50:17,11501.867,126.74671,879.7543,-1.8293065,0.00750542,7.5620475
1970-01-01 16:50:18,11438.915,132.61389,571.28674,-1.3125962,-12.785766,8.131593
1970-01-01 16:50:19,11747.732,129.28026,735.37305,4.828504,-5.9173074,7.4904637
1970-01-01 16:50:20,11707.707,126.20981,792.39105,1.6156996,-0.8415029,7.6802807
1970-01-01 16:50:21,11565.45,131.23907,1080.2021,5.9731894,-14.247698,9.179879
1970-01-01 16:50:22,11696.173,122.96784,630.1975,4.7292833,-0.834608,11.197555
1970-01-01 16:50:23,11705.958,134.18158,822.7412,5.477631,-12.501632,12.299177
1970-01-01 16:50:24,11750.97,131.78273,386.89478,3.2197337,0.8348779,10.910772
1970-01-01 16:50:25,11937.641,130.28682,954.5952,0.60966915,2.0774364,11.730755
1970-01-01 16:50:26,11754.655,128.51146,1051.1376,0.9958691,-4.0826445,12.769643
1970-01-01 16:50:27,11714.575,132.12424,1134.5479,5.91542,-1.3592982,14.053818
1970-01-01 16:50:28,11740.481,125.832054,999.6623,2.3828213,3.676125,13.967065
1970-01-01 16:50:29,11730.122,129.10144,557.92334,0.6493641,4.8279705,
1970-01-01 16:50:30,11932.766,125.78142,900.3256,1.0908045,-5.7994204,13.18286
1970-01-01 16:50:31,11790.943,126.1853,1034.6893,0.0019346247,-17.818047,12.970607
1970-01-01 16:50:32,11763.922,132.18175,603.4089,-0.029829592,-13.634323,13.412738
1970-01-01 16:50:33,11721.788,130.1999,582.9528,2.3503463,-13.1593895,12.514301
1970-01-01 16:50:34,11817.953,130.60211,803.1897,7.516732,-2.779197,11.768968
1970-01-01 16:50:35,11899.274,130.24889,669.87714,0.65631396,15.322683,11.225487
1970-01-01 16:50:36,11891.203,132.79022,753.63025,3.7716331,-4.4655137,9.521401
1970-01-01 16:50:37,12124.45,131.4664,552.3854,5.775107,5.103335,9.850426
1970-01-01 16:50:38,12064.387,126.76436,1104.8915,4.2744913,-14.414831,10.628371
1970-01-01 16:50:39,12052.765,127.30998,612.6542,1.0039896,11.030303,9.44395
1970-01-01 16:50:40,12010.44,135.36015,66.56401,5.527914,4.3443284,9.539924
1970-01-01 16:50:41,12015.295,125.92975,221.85408,4.5850925,5.7348666,9.796712
1970-01-01 16:50:42,11840.983,127.49006,422.17935,2.630859,4.941629,10.667993
1970-01-01 16:50:43,12025.932,129.24376,-119.17229,8.928369,3.6844103,11.02018
1970-01-01 16:50:44,12098.17,128.27037,-226.02853,1.3989332,-15.493082,11.872006
1970-01-01 16:50:45,12043.254,125.92651,109.063614,-2.3948226,6.913065,12.53394
1970-01-01 16:50:46,11970.177,135.46706,-265.1847,0.72039354,11.484897,12.260464
1970-01-01 16:50:47,12051.602,124.37931,170.87405,-1.9814476,4.7735023,11.980815
1970-01-01 16:50:48,11950.586,124.44078,-101.99185,4.7696004,-5.787909,11.614419
1970-01-01 16:50:49,11919.101,122.438446,-78.98332,1.3949754,-0.47082996,11.607936
1970-01-01 16:50:50,11979.155,134.00108,26.35698,2.1699555,4.1024814,9.765621
1970-01-01 16:50:51,12085.317,128.73502,129.81718,2.3718486,-0.43277612,10.22269
1970-01-01 16:50:52,11993.79,124.62736,59.472015,2.389853,-23.184603,9.643897
1970-01-01 16:50:53,11998.279,131.87047,81.90433,1.4739708,3.279085,9.349904
1970-01-01 16:50:54,11880.14,133.37178,132.86343,3.2498002,-4.1822352,8.78927
1970-01-01 16:50:55,11961.503,137.96681,135.29456,5.7110534,2.3047624,8.452692
1970-01-01 16:50:56,12171.389,120.98935,49.087185,4.0297065,-28.670229,9.270187
1970-01-01 16:50:57,11973.9,125.66274,-152.67084,3.1721509,-7.8139133,10.516479
1970-01-01 16:50:58,11971.387,126.81291,16.155144,2.773383,-2.9118116,11.91883
1970-01-01 16:50:59,11922.663,123.81023,-112.04954,4.1601996,5.020461,12.391539
1970-01-01 16:51:00,11987.429,124.986046,-135.40306,6.3606224,-2.4443998,13.606703
1970-01-01 16:51:01,12094.609,128.13211,-341.93796,3.099616,13.110947,12.347044
1970-01-01 16:51:02,12041.711,130.27007,-210.08627,0.112134464,-11.721491,10.4243965
1970-01-01 16:51:03,11890.261,125.43256,388.70273,3.7480648,-8.257993,8.691912
1970-01-01 16:51:04,11909.927,129.3245,18.166744,3.2724159,2.3241708,10.216719
1970-01-01 16:51:05,12006.951,124.073235,51.41283,3.4578638,9.22204,11.890717
1970-01-01 16:51:06,12009.7,128.82478,5.4532075,-2.3955517,-5.467935,12.1677265
1970-01-01 16:51:07,12090.212,126.79044,-69.432816,7.1203237,16.399857,11.093413
1970-01-01 16:51:08,12033.962,135.75989,-169.08913,0.1273835,-2.5533333,12.269303
1970-01-01 16:51:09,11970.262,132.37637,-49.299465,0.20753218,-17.893183,11.212721
1970-01-01 16:51:10,11981.412,132.76404,-191.44788,7.394201,-15.923992,10.914604
1970-01-01 16:51:11,11946.849,133.92221,-100.824646,3.0709765,-3.8552704,9.728532
1970-01-01 16:51:12,12124.177,132.65498,-5.6621685,-3.1955407,-9.963157,11.022241
1970-01-01 16:51:13,11919.893,127.40477,114.29796,3.6709309,20.546652,13.632203
1970-01-01 16:51:14,11966.083,121.106,-20.139912,-2.1622977,12.44454,14.751579
1970-01-01 16:51:15,12012.884,123.029816,-254.89075,4.7169604,1.5625743,14.09199
1970-01-01 16:51:16,12005.387,130.16559,365.34036,-1.9294783,-8.163618,11.967083
1970-01-01 16:51:17,12157.09,133.21843,118.25047,-1.6734219,14.121506,13.53334
1970-01-01 16:51:18,12045.951,127.68823,-5.533101,2.9970467,18.157452,12.611406
1970-01-01 16:51:19,12017.391,129.0786,221.58667,0.97301,15.999969,11.931652
1970-01-01 16:51:20,12152.715,131.37743,57.31152,6.357547,13.794437,10.577175
1970-01-01 16:51:21,12103.5205,131.62103,58.050205,-0.7127097,-0.6516397,9.886769
1970-01-01 16:51:22,11883.242,125.11239,-143.15211,-1.2808554,3.5954323,11.418231
1970-01-01 16:51:23,11932.56,126.60414,241.17921,-2.4964075,-8.188113,10.94383
1970-01-01 16:51:24,11991.636,129.5043,-72.702576,-1.0776705,-6.1244197,12.02425
1970-01-01 16:51:25,12088.833,119.51929,262.6404,-0.30084553,12.616232,12.428322
1970-01-01 16:51:26,12042.894,125.0222,-132.09232,5.7774186,17.719532,13.136745
1970-01-01 16:51:27,12002.449,132.86588,-134.28531,4.156337,-4.013527,12.9013815
1970-01-01 16:51:28,12082.311,125.644875,-44.74835,1.3962674,13.908534,13.443636
1970-01-01 16:51:29,12073.893,130.84349,263.41498,3.1376238,18.362955,12.807064
1970-01-01 16:51:30,11974.197,133.89963,-53.707832,-0.22902118,6.0062833,14.35699
1970-01-01 16:51:31,12089.783,126.64258,-82.39047,-1.9267751,-8.351043,15.701796
1970-01-01 16:51:32,11931.665,137.05775,-69.70353,1.1199374,-3.7404535,15.853892
1970-01-01 16:51:33,11970.3955,130.76689,-24.715206,3.6337082,2.7277749,16.195232
1970-01-01 16:51:34,12046.969,133.22551,38.244934,-1.1553324,9.925923,16.411358
1970-01-01 16:51:35,11989.851,135.23674,-37.935062,0.9634562,-11.943322,18.021564
1970-01-01 16:51:36,11917.294,122.63973,-16.009075,1.5057653,10.604848,17.874096
1970-01-01 16:51:37,11903.438,129.45181,-350.58054,1.5285171,7.089764,17.842327
1970-01-01 16:51:38,12019.818,124.64906,-282.039,4.765075,1.1738913,16.943604
1970-01-01 16:51:39,12111.237,128.7494,216.30614,5.757515,-3.2160277,17.706257
1970-01-01 16:51:40,11974.532,127.07172,276.9149,6.261612,5.3300543,17.16101
1970-01-01 16:51:41,12041.186,130.32483,145.50131,3.3201323,3.5546384,16.070742
1970-01-01 16:51:42,12043.268,136.42076,-84.76242,0.974742,-9.932509,14.703652
1970-01-01 16:51:43,11947.873,137.2854,-231.76067,5.5728016,-8.538261,14.813927
1970-01-01 16:51:44,12028.194,120.21221,-314.6809,-2.3720193,6.4817724,14.928817
1970-01-01 16:51:45,12034.564,123.246735,,-3.8369565,-0.8615397,15.957068
1970-01-01 16:51:46,12012.456,125.13911,574.4156,,-0.2375022,15.533712
1970-01-01 16:51:47,12058.258,136.96967,-55.130375,7.635837,-2.728964,16.73019
1970-01-01 16:51:48,12039.213,131.68591,70.37145,-0.20700425,9.345777,17.715595
1970-01-01 16:51:49,12023.266,124.0027,147.78992,6.477412,14.332102,16.447208
1970-01-01 16:51:50,11965.2705,133.19798,-148.23409,6.556198,-2.7682157,17.0011
1970-01-01 16:51:51,12007.162,130.61029,333.2557,-0.18621321,-19.933044,16.086601
1970-01-01 16:51:52,11876.616,133.8224,279.9158,4.631052,17.198202,15.911319
1970-01-01 16:51:53,12010.802,129.12541,319.5102,7.716176,0.7604514,16.059204
1970-01-01 16:51:54,11937.478,,76.26164,0.5000663,-8.413532,16.013563
1970-01-01 16:51:55,12002.656,128.87407,-173.40817,7.21854,-5.313677,15.573034
1970-01-01 16:51:56,11952.411,130.85806,53.209553,6.5650606,1.8449373,16.450087
1970-01-01 16:51:57,12062.599,133.14803,-8.324931,5.731666,6.032438,15.864069
1970-01-01 16:51:58,11907.166,133.16954,-332.13782,0.64687926,-11.304405,15.191826
1970-01-01 16:51:59,12016.135,136.6504,123.72113,4.30607,3.0745697,15.497118
1970-01-01 16:52:00,12081.161,130.06396,-275.10846,-1.1477685,-3.2031603,15.688924
1970-01-01 16:52:01,12024.259,126.36942,84.50248,3.3040755,5.582172,15.650468
1970-01-01 16:52:02,12030.851,129.66972,63.02724,3.920174,-10.355958,18.639725
1970-01-01 16:52:03,12069.901,128.69899,43.174294,-1.4685966,7.76777,18.972845
1970-01-01 16:52:04,12076.94,133.79878,142.02762,8.409509,9.990709,18.17149
1970-01-01 16:52:05,11957.201,124.83598,-21.722887,0.6720876,-1.4205807,18.531883
1970-01-01 16:52:06,12064.618,123.73183,306.93222,-2.2950623,-9.854834,18.921995
1970-01-01 16:52:07,12032.33,134.51166,167.87747,3.1469767,-0.3999845,19.031458
1970-01-01 16:52:08,11992.528,131.17422,13.198014,9.174219,12.254421,18.75186
1970-01-01 16:52:09,12138.251,126.81694,-217.03638,5.345985,,17.430183
1970-01-01 16:52:10,11846.802,127.58366,89.821075,5.9419284,5.27592,16.497852
1970-01-01 16:52:11,12059.3125,122.7656,96.53207,-4.072575,3.8899782,14.595404
1970-01-01 16:52:12,12123.85,131.15584,221.08524,0.48854664,5.1722217,13.123174
1970-01-01 16:52:13,11970.168,124.38085,72.07992,-0.82196295,-1.539169,13.575417
1970-01-01 16:52:14,11923.696,135.26279,246.43114,3.6434944,-6.9766765,11.583269
1970-01-01 16:52:15,12058.57,135.67235,-15.427265,-1.0078586,-5.6620026,12.955269
1970-01-01 16:52:16,12120.391,131.47836,-433.23123,-1.7065983,3.7186358,11.184197
1970-01-01 16:52:17,12024.643,136.53949,-400.36066,3.8331885,-13.960338,12.420697
1970-01-01 16:52:18,12095.831,134.44102,-142.24779,-2.9782357,-14.01706,12.154943
1970-01-01 16:52:19,11846.591,138.05379,432.8592,2.1533144,16.11386,12.935201
1970-01-01 16:52:20,12052.976,135.89645,-310.3462,-1.3589591,1.6213703,12.57943
1970-01-01 16:52:21,11884.286,136.6736,145.26788,-0.8476964,6.6617513,12.079515
1970-01-01 16:52:22,12024.304,131.03693,-187.0922,0.9889571,10.091844,11.4391985
1970-01-01 16:52:23,11915.758,135.25414,-106.505295,4.023893,4.7803817,12.636612
1970-01-01 16:52:24,11989.28,130.90225,-164.68094,0.2673972,7.0199137,12.423257
1970-01-01 16:52:25,12018.305,134.57207,-44.712234,1.4562299,16.44601,12.186172
1970-01-01 16:52:26,12033.425,135.33131,23.02302,-0.0288062,-15.631537,11.365151
1970-01-01 16:52:27,12026.668,127.947105,-296.20718,-2.721014,-14.969705,12.31162
1970-01-01 16:52:28,11981.555,139.17778,-147.1968,1.6344943,-2.0442052,11.851739
1970-01-01 16:52:29,11992.377,131.40665,-144.961,1.0867255,-3.4761195,11.410325
1970-01-01 16:52:30,11984.899,134.47827,-365.1133,2.1028388,10.919618,10.933028
1970-01-01 16:52:31,12014.295,137.6368,-41.17488,-0.23176345,-3.6430347,10.369509
1970-01-01 16:52:32,11983.408,135.59828,-180.32494,5.081801,10.971818,9.0298
1970-01-01 16:52:33,11958.031,127.3426,-7.8982005,3.0536573,5.645613,7.081981
1970-01-01 16:52:34,11883.3545,133.04628,-275.10284,3.5759566,12.82143,6.385839
1970-01-01 16:52:35,11982.835,133.57103,31.686213,5.1151686,6.0372148,6.348902
1970-01-01 16:52:36,12058.697,127.82684,227.38313,3.197149,-15.303488,6.233153
1970-01-01 16:52:37,11894.184,133.46478,346.853,0.7344843,-1.8636066,5.302554
1970-01-01 16:52:38,11926.837,131.42735,-71.274055,-0.27876407,-6.030341,5.6370597
1970-01-01 16:52:39,12055.755,128.76898,64.4029,2.3772855,1.3367033,4.8925624
1970-01-01 16:52:40,11865.624,138.6211,374.34378,-0.08955944,18.053501,3.0702143
1970-01-01 16:52:41,12103.453,131.69629,,0.2634671,0.7775995,4.752616
1970-01-01 16:52:42,12015.989,135.20386,485.6852,2.0133936,21.36245,5.1550064
1970-01-01 16:52:43,11863.864,132.70192,70.618904,1.4956403,22.256674,5.6140885
1970-01-01 16:52:44,12003.458,125.11302,-298.31464,5.6593795,-4.17786,4.938941
1970-01-01 16:52:45,11813.398,135.22635,65.58729,1.159496,-0.62812936,3.4232442
1970-01-01 16:52:46,11976.393,133.80225,-321.80887,0.97293824,-5.1508117,3.7393274
1970-01-01 16:52:47,12066.905,132.0939,-23.985409,0.17661773,-9.913236,4.7749453
1970-01-01 16:52:48,11983.544,131.57162,258.27502,-2.8982794,-12.774794,3.923912
1970-01-01 16:52:49,11934.758,132.66127,-48.36049,4.5344467,12.750496,3.1750097
1970-01-01 16:52:50,12039.838,133.11368,-510.38422,6.688646,4.316255,4.3726635
1970-01-01 16:52:51,11976.043,125.22914,204.67058,0.86815816,-4.9301043,5.635933
1970-01-01 16:52:52,11952.204,128.62509,-350.8986,6.6234527,-5.199596,5.3222303
1970-01-01 16:52:53,12009.115,134.27376,412.5105,2.2900956,-3.939382,2.5662746
1970-01-01 16:52:54,12059.02,129.14998,-438.70224,-0.045334786,-14.719094,1.7099541
1970-01-01 16:52:55,11908.829,141.89513,-105.75157,1.8398746,11.061794,0.61939216
1970-01-01 16:52:56,11954.059,131.86359,-68.92702,-0.8180735,-18.3509,1.49291
1970-01-01 16:52:57,12069.47,132.71083,78.44891,0.95832217,9.927327,1.9552143
1970-01-01 16:52:58,12011.135,128.26448,-64.73565,2.7633097,-10.045071,1.4511743
1970-01-01 16:52:59,11876.106,129.12671,185.9265,1.8061115,-6.5670514,1.7340049
1970-01-01 16:53:00,12026.837,134.2355,42.885815,-1.5722319,3.059837,2.536673
1970-01-01 16:53:01,12022.041,131.45898,223.28035,5.730461,-5.73498,4.2413263
1970-01-01 16:53:02,11991.454,133.65216,383.11716,0.4734551,-13.935545,2.4843035
1970-01-01 16:53:03,12081.723,134.92436,-297.60516,-2.7959216,-12.484856,2.0987802
1970-01-01 16:53:04,11970.275,130.69966,-63.800156,1.6126121,-8.179699,1.9674703
1970-01-01 16:53:05,12081.169,136.3847,163.46452,2.4291022,1.041493,2.257856
1970-01-01 16:53:06,12042.196,132.02306,99.80095,1.2712065,5.622113,2.5454824
1970-01-01 16:53:07,12065.664,124.39036,80.52914,5.4570203,-6.8899045,0.18044223
1970-01-01 16:53:08,12033.513,137.67001,-16.040474,1.4498652,1.7922169,1.03402
1970-01-01 16:53:09,11905.555,137.44293,-139.44539,-0.6088422,-6.680003,2.1056385
1970-01-01 16:53:10,12010.014,137.4624,-54.734333,6.33943,0.15312164,3.038025
1970-01-01 16:53:11,12178.74,143.92226,-317.94516,4.199038,2.5561314,2.677401
1970-01-01 16:53:12,12037.1045,123.42507,155.91582,3.3595679,-9.644922,2.9259937
1970-01-01 16:53:13,12079.87,130.89618,160.85873,4.478797,-17.344887,4.28233
1970-01-01 16:53:14,12026.021,129.17531,266.5492,7.5015073,-5.4472666,2.8738668
1970-01-01 16:53:15,12062.15,134.40639,-253.43808,8.4581175,5.1512623,2.6726422
1970-01-01 16:53:16,11972.697,133.67598,62.10101,3.8106425,-6.2390385,1.6130089
1970-01-01 16:53:17,11897.546,132.07927,139.76538,6.1596856,-2.1308703,0.3689206
1970-01-01 16:53:18,11986.052,129.82582,280.50906,4.231757,-6.1112933,0.54758155
1970-01-01 16:53:19,11995.592,133.32037,243.79997,-2.413415,-8.002383,1.6841756
1970-01-01 16:53:20,11887.414,138.54759,-42.47793,0.17693672,-6.823213,4.2031345
1970-01-01 16:53:21,11969.78,135.0206,33.897823,-1.2298297,-6.0389266,3.302164
1970-01-01 16:53:22,12032.431,133.87224,103.7469,0.7583027,-6.52781,2.7990224
1970-01-01 16:53:23,12000.409,135.24756,-31.292007,0.5011819,-12.794852,4.2960854
1970-01-01 16:53:24,12050.088,137.03767,47.793938,4.276852,-0.78226656,4.887427
1970-01-01 16:53:25,11907.637,133.81932,-91.36263,0.030975452,2.8709457,4.5300736
1970-01-01 16:53:26,12083.109,132.70747,439.88278,3.1513755,6.4415407,3.6406565
1970-01-01 16:53:27,12074.547,136.2099,215.94359,-5.7920384,-16.237759,2.8613896
1970-01-01 16:53:28,11968.753,137.14148,164.43027,4.1966686,6.1581783,2.295132
1970-01-01 16:53:29,12017.59,132.16765,245.21529,1.315571,3.3870616,2.2871635
1970-01-01 16:53:30,11875.509,133.37701,-90.065,3.3422394,-6.092182,1.2803738
1970-01-01 16:53:31,11913.76,135.67456,150.4612,3.972108,-1.0571164,1.7262259
1970-01-01 16:53:32,12037.868,134.41646,-317.9753,3.7036583,-3.2741675,1.2719382
1970-01-01 16:53:33,11960.101,135.37091,-148.53,1.30743,-11.383101,0.35876992
1970-01-01 16:53:34,11918.777,135.59581,-177.38469,2.4608984,10.533089,1.0644813
1970-01-01 16:53:35,12101.524,132.9939,-62.961494,0.8758397,16.332909,2.9044552
1970-01-01 16:53:36,11948.013,134.50935,316.52673,0.698137,-9.065741,4.9521165
1970-01-01 16:53:37,12080.005,131.24577,-144.74973,2.1426938,22.423582,5.195927
1970-01-01 16:53:38,12014.298,132.79126,144.66568,-2.6851938,6.863733,4.816456
1970-01-01 16:53:39,11935.381,134.73703,109.118515,5.302286,7.490644,3.6101854
1970-01-01 16:53:40,11844.975,137.1559,-76.67398,3.8057756,5.945347,2.9047768
1970-01-01 16:53:41,11954.07,141.0404,-62.162533,-0.65124303,1.0252002,2.9473069
1970-01-01 16:53:42,11999.068,133.78783,-15.769911,3.7550657,1.9678239,1.9430017
1970-01-01 16:53:43,12022.468,129.90681,-60.80431,8.428194,-2.2444425,2.892989
1970-01-01 16:53:44,12005.243,131.16061,-168.84491,1.9464574,9.540325,2.444401
1970-01-01 16:53:45,12029.703,130.47472,-215.81953,2.1037195,-11.065235,2.4875457
1970-01-01 16:53:46,11891.087,137.57274,-115.52655,2.4393919,11.593854,3.8524785
1970-01-01 16:53:47,12032.231,134.09753,-495.83487,3.7748668,5.942516,3.7372477
1970-01-01 16:53:48,12094.658,135.0332,-180.62463,2.9790704,3.81372,4.792313
1970-01-01 16:53:49,11958.511,128.77843,74.37898,7.6978784,33.717014,5.1338086
1970-01-01 16:53:50,11973.559,130.53485,173.462,1.5502192,5.147858,7.126404
1970-01-01 16:53:51,11970.15,134.72165,-41.93138,3.1387084,8.873311,9.415209
1970-01-01 16:53:52,11993.427,132.47746,-6.3516345,0.4325849,7.9453754,10.400826
1970-01-01 16:53:53,12202.214,132.64146,-446.71045,-7.1536307,3.6347601,8.865655
1970-01-01 16:53:54,11966.405,129.12733,-334.92593,-1.4521158,-15.786947,7.660567
1970-01-01 16:53:55,12022.092,134.33469,-103.646194,-2.2370143,-7.569317,9.296621
1970-01-01 16:53:56,12046.136,141.03918,-536.81757,-3.8504527,-0.061903365,9.943157
1970-01-01 16:53:57,11975.487,129.0722,148.18924,3.9138691,-9.248998,9.770258
1970-01-01 16:53:58,12079.51,129.90909,-67.16031,2.5696437,15.655296,9.045314
1970-01-01 16:53:59,11984.443,136.97029,-342.5749,-0.40192884,4.80432,8.969944
1970-01-01 16:54:00,11858.612,140.34642,430.91986,2.8486016,-1.8049743,9.438535
1970-01-01 16:54:01,11910.313,131.97443,-122.98497,1.3261999,15.705251,10.175026
1970-01-01 16:54:02,12084.647,138.35112,322.59564,4.761586,1.5939378,9.919713
1970-01-01 16:54:03,11879.527,134.23514,-509.63763,-0.0058485353,-5.451375,10.627097
1970-01-01 16:54:04,11877.652,140.68811,40.39206,-1.858355,14.550951,10.578893
1970-01-01 16:54:05,12142.429,129.78487,227.47981,-1.2615557,-17.043766,11.080495
1970-01-01 16:54:06,11993.847,136.59915,163.5256,2.5087636,-23.596437,12.97465
1970-01-01 16:54:07,12036.863,126.896576,77.47049,1.2659827,1.2604822,12.41079
1970-01-01 16:54:08,11980.61,130.14996,-314.31348,0.52436376,5.722438,9.787889
1970-01-01 16:54:09,12051.114,136.51707,-37.694912,2.2120101,-0.30846095,9.194592
1970-01-01 16:54:10,11916.633,132.8808,156.52791,8.960284,15.720153,10.138913
1970-01-01 16:54:11,12010.723,127.28457,67.8959,0.51547515,-17.300545,11.388172
1970-01-01 16:54:12,11999.382,136.50995,128.52086,2.2643454,-20.56809,10.868774
1970-01-01 16:54:13,12032.015,130.85893,2.468748,1.0905696,11.723344,11.279403
1970-01-01 16:54:14,11965.38,134.99933,-161.8264,1.3842703,12.110334,12.948706
1970-01-01 16:54:15,11899.778,136.91873,214.35005,-3.13123,10.791176,12.595952
1970-01-01 16:54:16,12004.934,132.81683,127.906845,-1.4459713,12.164849,10.707643
1970-01-01 16:54:17,11928.395,129.18655,-87.25871,2.1455204,2.9237885,9.499488
1970-01-01 16:54:18,12084.71,132.3507,146.52927,-2.8133056,21.312754,9.572476
1970-01-01 16:54:19,11926.196,133.24629,-229.62877,2.2391574,-9.961318,9.303025
1970-01-01 16:54:20,12090.865,136.96884,-345.02246,1.6694791,17.03456,9.618147
1970-01-01 16:54:21,12008.032,132.69952,-123.1626,-2.1134505,1.6200739,10.67159
1970-01-01 16:54:22,12008.852,139.3807,-71.63882,5.552183,0.46056828,8.846373
1970-01-01 16:54:23,11858.382,134.42114,-36.137486,2.4736743,-10.121745,7.2087765
1970-01-01 16:54:24,12005.247,137.18921,149.1801,-0.4038629,0.80004287,5.9838467
1970-01-01 16:54:25,11953.22,141.88751,-293.71838,-0.34644312,-8.040595,6.166108
1970-01-01 16:54:26,12027.413,130.1781,-46.62251,2.0083904,-0.56151164,5.7370205
1970-01-01 16:54:27,11946.211,142.0962,246.01506,0.3965152,10.301942,6.601938
1970-01-01 16:54:28,12078.025,135.44943,-123.27538,3.3786068,18.215416,6.0998526
1970-01-01 16:54:29,11985.299,132.95494,-325.67908,6.2455425,-9.01629,4.965986
1970-01-01 16:54:30,11951.821,131.90535,-102.89006,1.2149264,0.47467983,6.8166986
1970-01-01 16:54:31,11983.391,142.11192,236.63174,6.554894,17.275291,5.365419
1970-01-01 16:54:32,11995.426,139.53891,318.06717,3.3381634,2.0982594,6.245992
1970-01-01 16:54:33,12082.114,144.63658,-231.48836,1.6108853,12.600513,6.4854474
1970-01-01 16:54:34,12111.435,133.36664,39.176304,6.3653083,4.3844147,7.104153
1970-01-01 16:54:35,11978.983,137.26704,-247.63336,0.87201434,12.581232,8.752285
1970-01-01 16:54:36,11940.005,132.38779,-8.763728,2.0758388,-2.201289,8.436403
1970-01-01 16:54:37,11935.0,136.66498,14.855411,0.14541459,4.321889,8.195137
1970-01-01 16:54:38,11958.25,136.0548,53.73046,4.8510957,-17.623167,7.7779
1970-01-01 16:54:39,12011.696,140.9275,64.76691,-2.40641,15.155281,8.172796
1970-01-01 16:54:40,11979.589,146.51248,-160.15372,1.9874464,4.400424,9.196832
1970-01-01 16:54:41,12053.919,133.79395,-182.01642,2.069465,-8.375612,9.324981
1970-01-01 16:54:42,12005.411,137.9773,83.21841,-1.5491744,6.5668416,9.134812
1970-01-01 16:54:43,12000.581,133.89699,428.05627,4.5812163,-7.4889216,10.646739
1970-01-01 16:54:44,12130.358,130.58844,195.1132,3.4459999,5.776995,12.365006
1970-01-01 16:54:45,11937.545,135.92809,340.41116,1.4479634,-5.224659,12.4942
1970-01-01 16:54:46,12018.182,138.7131,33.64079,-1.0031431,1.9299442,13.521563
1970-01-01 16:54:47,12122.683,140.86589,-136.70958,2.8467822,4.2300296,11.736347
1970-01-01 16:54:48,12033.564,131.28706,147.03914,3.8229525,11.195985,11.707467
1970-01-01 16:54:49,12144.689,140.69229,-313.55176,2.829735,11.8527355,11.703738
1970-01-01 16:54:50,11869.554,135.75099,176.5637,-1.9222711,-2.5752318,10.675576
1970-01-01 16:54:51,12089.304,138.73775,-286.96823,5.455565,1.0916723,10.212071
1970-01-01 16:54:52,11994.218,135.7864,178.94171,-0.21566217,11.208888,8.940828
1970-01-01 16:54:53,12025.704,139.80605,-355.32794,6.7300506,-5.1932225,9.253165
1970-01-01 16:54:54,11971.028,132.93855,34.961895,-0.8431881,-1.5714854,10.99121
1970-01-01 16:54:55,12033.627,138.44406,-311.09586,5.0674167,5.3245993,9.445473
1970-01-01 16:54:56,12024.209,131.40002,-378.65213,2.687867,3.4267864,9.516677
1970-01-01 16:54:57,11948.306,135.7528,-9.65247,0.18859223,-11.805216,12.045507
1970-01-01 16:54:58,12068.846,136.94331,67.95155,3.7062707,12.3870125,13.417734
1970-01-01 16:54:59,11956.04,137.49904,23.854137,-1.133978,-2.8605669,13.740355
1970-01-01 16:55:00,11973.589,145.95247,35.106636,1.237058,2.95265,15.233391
1970-01-01 16:55:01,11911.747,138.79903,-137.82207,5.5382853,-9.519631,14.974794
1970-01-01 16:55:02,11926.145,142.00108,196.42503,3.1203213,-13.448629,14.517648
1970-01-01 16:55:03,12065.306,140.02676,199.5049,-0.56647277,5.1313605,14.48546
1970-01-01 16:55:04,12030.006,142.03766,64.9885,0.8022503,-6.0564275,14.563063
1970-01-01 16:55:05,11887.306,130.74712,254.07333,-0.20450376,3.305861,12.909666
1970-01-01 16:55:06,12030.981,131.53545,120.10884,2.0240734,2.6710596,11.423852
1970-01-01 16:55:07,11981.133,135.55803,-25.406273,0.045789186,-1.8522283,10.638454
1970-01-01 16:55:08,12001.637,133.03386,-511.57504,0.44800976,-4.4036837,12.182298
1970-01-01 16:55:09,11954.987,134.39555,-374.09293,2.8436599,-1.2442796,11.708757
1970-01-01 16:55:10,12110.828,143.5899,-445.3832,-3.562452,7.892927,12.092642
1970-01-01 16:55:11,11994.604,129.65875,-77.155,4.011316,-6.4071937,11.999556
1970-01-01 16:55:12,12074.588,137.97377,45.426838,1.6198258,-21.164478,10.399798
1970-01-01 16:55:13,12074.005,140.08308,-192.28906,3.8443193,-2.7257166,9.989392
1970-01-01 16:55:14,12038.17,134.0128,52.94604,-1.3111715,-18.542217,10.721271
1970-01-01 16:55:15,12022.709,137.83966,-118.385445,3.4030526,-13.777497,9.757844
1970-01-01 16:55:16,12027.877,136.79045,-223.26898,-4.3980064,5.674267,10.18034
1970-01-01 16:55:17,12084.587,141.36874,64.5307,2.87741,30.399624,10.426568
1970-01-01 16:55:18,11994.869,139.76799,117.53647,-0.9104883,-3.7292407,9.939689
1970-01-01 16:55:19,11981.673,135.48947,34.551342,0.5496656,26.172493,9.846717
1970-01-01 16:55:20,12105.307,135.17606,-428.90045,2.092345,-6.7306604,10.455658
1970-01-01 16:55:21,12056.478,137.51903,-221.29512,6.4123807,4.8342085,12.603589
1970-01-01 16:55:22,12147.69,133.05917,328.55515,-0.9505687,-3.7177029,11.046167
1970-01-01 16:55:23,12019.046,135.3936,-38.47039,3.7357342,2.1467438,11.0289135
1970-01-01 16:55:24,12067.491,134.67354,-3.2637575,-0.632896,9.005578,12.752378
1970-01-01 16:55:25,11994.932,131.17577,185.2833,1.3687731,-19.873451,14.007527
1970-01-01 16:55:26,11915.223,135.0675,10.19175,-0.73655874,8.423852,13.858546
1970-01-01 16:55:27,11959.751,149.31596,7.314417,3.836099,13.661855,14.852135
1970-01-01 16:55:28,11997.951,134.84486,278.53915,6.5213203,-5.5164037,15.388803
1970-01-01 16:55:29,12035.421,136.3781,-317.58517,0.6455864,5.6256723,16.795986
1970-01-01 16:55:30,11822.15,139.10178,182.87239,2.4418213,-2.1247838,15.857187
1970-01-01 16:55:31,12095.788,137.12059,-102.36766,6.8099504,14.891363,14.5782995
1970-01-01 16:55:32,11898.345,139.81769,-196.23024,-0.98525137,0.7930951,13.809147
1970-01-01 16:55:33,11980.197,135.55386,-76.81596,0.5165408,-4.440093,11.430972
1970-01-01 16:55:34,12108.523,136.07521,169.20465,4.7769036,-4.973352,11.587993
1970-01-01 16:55:35,12025.944,133.62498,60.09956,0.65372276,8.5404825,11.364084
1970-01-01 16:55:36,12124.738,142.673,-80.45846,1.8427473,-4.221132,11.213065
1970-01-01 16:55:37,11989.428,136.51598,-101.55311,2.1065674,3.7336211,9.933192
1970-01-01 16:55:38,12047.665,138.78624,-216.18068,2.8509011,-3.988105,7.6357455
1970-01-01 16:55:39,11876.654,127.201225,-105.06017,0.80570287,-9.64519,7.1737094
1970-01-01 16:55:40,12001.26,142.32324,-135.29594,1.0828793,-0.26658693,7.023769
1970-01-01 16:55:41,11851.907,133.61551,-244.86514,3.3339996,27.455717,8.025076
1970-01-01 16:55:42,11975.323,135.05556,-239.99763,2.1747413,4.27265,7.958508
1970-01-01 16:55:43,12199.536,140.80608,43.711853,5.4865117,-0.9682829,7.633365
1970-01-01 16:55:44,12028.384,148.57248,18.900251,6.240379,-17.673439,6.9553537
1970-01-01 16:55:45,12075.791,130.39308,-127.457085,1.885203,6.17081,6.494915
1970-01-01 16:55:46,12034.538,138.34528,-324.28378,1.3752867,4.0657363,6.3451557
1970-01-01 16:55:47,11966.686,137.82018,539.629,-1.3334625,15.125272,7.073399
1970-01-01 16:55:48,11986.555,137.71075,-107.57447,-4.587967,-10.2462225,8.07629
1970-01-01 16:55:49,12030.893,144.33052,81.05079,-2.4989603,-13.543092,7.7333074
1970-01-01 16:55:50,12121.852,140.76607,399.411,2.7030535,-2.7728238,8.128389
1970-01-01 16:55:51,11891.957,136.85628,-310.6781,7.201587,1.1950872,7.4553633
1970-01-01 16:55:52,12017.619,143.74321,-210.41917,-1.9393309,4.273267,7.407252
1970-01-01 16:55:53,12075.148,140.30838,-393.0625,-3.6621716,-0.3360624,6.31919
1970-01-01 16:55:54,11903.623,143.44385,-48.428402,1.5931456,-8.494762,5.543869
1970-01-01 16:55:55,11953.692,143.29695,-146.53407,6.5546184,-10.006367,3.3196125
1970-01-01 16:55:56,12110.491,136.6267,436.87244,3.7012725,1.4499214,4.5195737
1970-01-01 16:55:57,11896.16,130.46094,250.22807,-0.7593713,-3.5264988,3.1379018
1970-01-01 16:55:58,11979.868,139.89633,-156.32477,2.5355332,5.5643654,2.9600565
1970-01-01 16:55:59,11817.295,139.47264,80.07711,-6.695057,7.7397275,3.8180866
1970-01-01 16:56:00,11987.685,135.79672,-80.00724,5.8424873,-5.7337275,1.9427133
1970-01-01 16:56:01,11938.153,147.24753,250.4579,2.2814739,5.4964423,1.7705264
1970-01-01 16:56:02,11949.407,140.77446,-148.61536,-1.8718907,-5.353159,2.1166818
1970-01-01 16:56:03,11800.233,136.64377,-103.05142,-2.5844052,-8.336929,2.1408715
1970-01-01 16:56:04,12058.607,142.78592,-76.36957,1.5859209,-1.4108802,0.78470916
1970-01-01 16:56:05,12049.883,148.02869,-105.65654,-2.899322,-20.617393,0.1338531
1970-01-01 16:56:06,11922.453,141.71599,37.619694,1.4916097,12.815662,0.6910209
1970-01-01 16:56:07,11973.244,143.83296,-194.00189,0.9842417,-2.9979243,358.78287
1970-01-01 16:56:08,11806.702,130.80641,-451.0327,1.4834064,4.1540256,359.0383
1970-01-01 16:56:09,11937.155,141.41338,-214.45366,3.5071802,18.274157,359.3385
1970-01-01 16:56:10,12140.01,143.68709,244.18736,4.1213217,-6.613465,357.10074
1970-01-01 16:56:11,12109.194,143.41739,33.47759,-0.5281165,16.229456,358.24393
1970-01-01 16:56:12,12089.994,141.65271,,4.9092813,-13.705179,358.52423
1970-01-01 16:56:13,11968.096,136.42722,-96.42546,5.2044625,20.147314,358.27655
1970-01-01 16:56:14,12088.242,139.13312,422.69284,5.0236144,-15.969558,359.91324
1970-01-01 16:56:15,12106.711,136.35292,-118.19338,0.36080855,-9.397079,1.1355329
1970-01-01 16:56:16,12121.448,144.39134,-188.88264,2.2212255,8.569506,1.3649571
1970-01-01 16:56:17,12008.562,135.4361,355.7626,7.144988,18.029284,1.6201226
1970-01-01 16:56:18,11998.635,135.78523,141.18182,-2.2013774,3.3344784,359.70804
1970-01-01 16:56:19,12068.289,140.59749,52.80981,2.8529074,18.044897,359.93024
1970-01-01 16:56:20,12086.368,145.3101,118.44493,6.7106895,5.072736,0.7495858
1970-01-01 16:56:21,11996.912,140.38,-9.8673315,1.3880266,7.7137704,0.7552796
1970-01-01 16:56:22,12247.582,137.43338,63.255974,6.3503833,-0.009802452,0.04434132
1970-01-01 16:56:23,11862.661,135.09322,47.84691,-3.260903,-6.109703,1.1196885
1970-01-01 16:56:24,12075.016,136.49994,494.911,-2.6482027,10.538098,2.657975
1970-01-01 16:56:25,12024.31,146.10477,4.6135116,,6.6284328,2.2452629
1970-01-01 16:56:26,12151.625,144.78374,14.819543,-0.18456316,0.8528103,2.8801186
1970-01-01 16:56:27,11988.28,140.05116,323.20312,4.199395,-2.5904515,1.3517967
1970-01-01 16:56:28,11948.032,141.12254,25.18389,-3.594937,-4.2165313,1.3838825
1970-01-01 16:56:29,12039.911,143.65137,93.761856,0.24418063,-7.8194633,2.292295
1970-01-01 16:56:30,11971.7,140.45953,8.011567,4.478284,2.2331567,3.709936
1970-01-01 16:56:31,11927.469,139.77718,-165.80916,3.1486337,14.448403,3.2423902
1970-01-01 16:56:32,11840.555,136.94023,-165.1137,1.0985147,-12.440032,3.3911316
1970-01-01 16:56:33,12130.751,138.67746,-403.87405,-2.5153058,3.7929308,4.046368
1970-01-01 16:56:34,11988.97,144.32797,-83.62865,-0.5890133,-18.388456,4.113479
1970-01-01 16:56:35,12021.671,138.43376,-121.74434,1.7377092,-2.5225906,3.582784
1970-01-01 16:56:36,12052.366,141.03125,-186.32161,3.4525735,2.36505,4.695612
1970-01-01 16:56:37,11917.732,138.08151,-306.68784,3.421507,11.924229,4.4575257
1970-01-01 16:56:38,12003.962,137.70392,-256.61316,6.7978735,1.4678711,3.6011634
1970-01-01 16:56:39,11908.948,142.38518,119.39564,-1.5179795,4.9499397,3.1017995
1970-01-01 16:56:40,12101.851,141.79002,89.93347,6.508386,4.2006645,2.7496011
1970-01-01 16:56:41,11951.314,140.30074,-187.44537,1.1394981,5.730096,3.744992
1970-01-01 16:56:42,11921.451,137.61505,-26.276543,-0.9745558,13.214791,3.4327374
1970-01-01 16:56:43,12059.917,138.56378,106.2342,6.897815,9.30419,3.166224
1970-01-01 16:56:44,11938.484,145.11372,52.39867,1.1328518,10.807134,
1970-01-01 16:56:45,12014.648,143.6756,-149.31754,2.570696,-9.758486,3.9400852
1970-01-01 16:56:46,12069.684,140.52985,136.94403,-0.20291738,-6.1316485,5.720445
1970-01-01 16:56:47,12076.205,141.6735,77.85398,2.7437568,2.2204988,5.1595273
1970-01-01 16:56:48,12049.098,145.57014,35.502785,0.3008574,25.674044,5.5141563
1970-01-01 16:56:49,12060.659,138.56738,309.09497,-0.20329337,10.987808,5.979802
1970-01-01 16:56:50,11999.343,146.12839,-127.864494,4.767355,-3.6417232,6.470089
1970-01-01 16:56:51,11995.406,146.50809,20.638983,0.16311601,-12.8047695,6.0311756
1970-01-01 16:56:52,12089.508,140.8529,-10.1492,-1.7467295,-7.430935,6.433893
1970-01-01 16:56:53,11808.729,139.31706,-19.954641,0.12149885,-13.351222,6.3164144
1970-01-01 16:56:54,,150.60759,-5.226969,2.5160775,-11.947601,5.8347936
1970-01-01 16:56:55,11919.419,143.59909,151.8148,0.45316038,8.860259,4.909927
1970-01-01 16:56:56,11856.515,134.97217,-115.34985,-0.5017818,7.8932524,4.460377
1970-01-01 16:56:57,11960.082,142.94331,219.04776,2.0778337,2.429724,4.5651026
1970-01-01 16:56:58,12046.862,140.31857,-77.12502,-1.0095124,1.3059242,6.223809
1970-01-01 16:56:59,11920.001,147.15585,45.793026,0.31299287,-7.803738,5.106591
1970-01-01 16:57:00,11944.25,149.84267,67.52615,3.371024,-17.800882,5.6587996
1970-01-01 16:57:01,12000.485,140.40361,-103.8707,-0.74589974,-0.21927553,6.077279
1970-01-01 16:57:02,11809.777,143.89297,-243.37112,-0.826065,12.433905,6.9497614
1970-01-01 16:57:03,11920.418,141.4384,-216.05725,5.075541,15.993565,6.111485
1970-01-01 16:57:04,12121.561,151.64136,210.468,7.3366604,-2.8522017,4.7111397
1970-01-01 16:57:05,12029.811,143.50168,-132.14479,2.697368,-16.63844,4.3091097
1970-01-01 16:57:06,12008.372,,-153.88498,3.399451,4.4243994,5.123398
1970-01-01 16:57:07,12058.383,132.70299,-124.09239,-7.1002097,3.440579,3.8152258
1970-01-01 16:57:08,12108.191,144.21849,-78.786156,3.7551126,13.497238,3.5056112
1970-01-01 16:57:09,11901.791,130.05644,6.8377476,5.741504,-5.780922,5.1961
1970-01-01 16:57:10,12098.806,143.36014,-90.53166,7.7677274,14.2702875,5.652242
1970-01-01 16:57:11,12065.03,140.12486,-175.14919,1.4984022,22.58079,4.459256
1970-01-01 16:57:12,11910.665,145.39293,-46.894398,2.2580123,-10.999289,5.470966
1970-01-01 16:57:13,12060.278,143.00502,-415.77386,4.7648015,25.221334,4.8063955
1970-01-01 16:57:14,12249.976,145.58571,-139.59915,0.9655498,6.352586,5.6756706
1970-01-01 16:57:15,12053.131,141.48509,132.38277,3.3302999,,4.4728074
1970-01-01 16:57:16,11994.31,136.93304,21.602758,5.5726705,-3.8052437,4.525042
1970-01-01 16:57:17,11967.295,142.87782,90.229546,1.0649194,0.7714571,3.3702059
1970-01-01 16:57:18,12131.784,137.03203,-125.166176,2.6574674,-5.2820168,5.488924
1970-01-01 16:57:19,11953.998,143.5427,-82.15875,2.9353795,25.181784,5.267363
1970-01-01 16:57:20,12034.202,144.92389,-444.64902,2.3286207,-2.143217,5.998526
1970-01-01 16:57:21,11986.735,147.99336,-173.557,2.1400716,8.817912,3.2710896
1970-01-01 16:57:22,12168.681,146.98604,-408.10864,4.774315,-13.88947,2.7648947
1970-01-01 16:57:23,11951.057,141.49182,47.323456,3.0023644,-10.565215,3.5016263
1970-01-01 16:57:24,11897.488,138.70987,-40.896465,4.7517595,1.5740792,5.1398406
1970-01-01 16:57:25,12081.91,142.61717,-270.55,0.09200631,2.5196955,3.7492774
1970-01-01 16:57:26,12015.613,139.316,34.113464,-3.4024754,-5.597132,4.21087
1970-01-01 16:57:27,11903.32,141.12035,-145.08353,1.1087624,0.7230262,4.04229
1970-01-01 16:57:28,11936.765,144.88365,-100.18875,5.1408176,2.8275604,3.166281
1970-01-01 16:57:29,12054.439,142.6991,-2.812728,0.93550086,-5.6315103,3.4165776
1970-01-01 16:57:30,12142.172,141.84958,400.60428,-1.1587462,-5.1786637,3.8172507
1970-01-01 16:57:31,11908.996,148.4906,-128.01927,3.3072312,4.737128,2.36058
1970-01-01 16:57:32,12093.87,142.42021,-48.618557,2.135168,-14.330394,1.1623851
1970-01-01 16:57:33,11918.745,135.53702,-405.56534,2.6340156,-6.214604,2.512342
1970-01-01 16:57:34,11835.13,138.0691,-390.12228,2.5954242,0.47988737,1.3817703
1970-01-01 16:57:35,12025.926,144.52643,-97.27054,1.241694,15.530251,1.2925985
1970-01-01 16:57:36,11997.5205,143.32948,-191.05458,0.1436685,-5.295809,2.9006793
1970-01-01 16:57:37,12030.688,140.36028,-103.23612,-0.2707273,3.7982368,3.3372345
1970-01-01 16:57:38,12023.015,146.14215,65.01482,-1.7406163,1.1843611,4.0732794
1970-01-01 16:57:39,11895.342,141.87582,-49.748646,4.508578,-15.83919,5.0770707
1970-01-01 16:57:40,12152.074,148.33163,308.69775,3.0528395,-1.6510649,3.8886132
1970-01-01 16:57:41,12127.335,153.90381,-207.0018,8.5186825,-11.459398,3.0796807
1970-01-01 16:57:42,11956.3955,151.38202,-84.61699,-0.4200985,-6.244331,1.4561522
1970-01-01 16:57:43,12044.457,144.82954,-42.102024,-0.4084271,16.005608,0.8995002
1970-01-01 16:57:44,12001.397,144.07143,346.80075,4.1655965,13.778895,359.28082
1970-01-01 16:57:45,12042.963,138.6347,-75.59807,3.4808383,-25.361832,356.88782
1970-01-01 16:57:46,11968.299,145.81937,275.8503,1.8374724,22.87281,356.88095
1970-01-01 16:57:47,11830.91,149.70856,-300.84366,2.238623,11.476254,359.65546
1970-01-01 16:57:48,11917.778,142.66643,-398.65384,4.8829136,5.275811,359.3564
1970-01-01 16:57:49,11867.966,142.15164,68.06987,2.0831087,7.402486,359.4514
1970-01-01 16:57:50,11922.084,143.21964,7.196505,4.632019,-1.4226769,0.16890305
1970-01-01 16:57:51,12001.05,143.7592,-116.75271,1.7467761,-16.168802,0.070771605
1970-01-01 16:57:52,11883.524,148.25822,94.205025,3.4889448,-12.74697,0.29625124
1970-01-01 16:57:53,12048.727,141.95088,279.311,4.9569874,-8.392736,0.564366
1970-01-01 16:57:54,11908.768,143.2438,-9.675701,1.0390612,-4.7551346,0.67410684
1970-01-01 16:57:55,12107.302,151.70518,-291.3552,-1.720065,-21.394732,2.4744742
1970-01-01 16:57:56,12057.631,146.14131,142.56648,5.013684,-19.97316,1.2594066
1970-01-01 16:57:57,11879.0625,142.76271,-349.4387,5.5563912,-10.464958,1.5105127
1970-01-01 16:57:58,11979.835,146.51015,405.99448,1.2347833,-3.6364532,2.5935721
1970-01-01 16:57:59,11922.138,147.3796,1.9807655,2.786006,-12.647736,2.498884
1970-01-01 16:58:00,12021.931,145.68874,200.00084,5.465448,-8.50345,3.6550286
1970-01-01 16:58:01,,139.36615,-139.46005,1.3030126,5.8920135,3.9158149
1970-01-01 16:58:02,12149.136,145.63268,-1.8140624,0.40566996,-1.9072535,3.273087
1970-01-01 16:58:03,12114.421,141.68506,-163.96695,1.0241203,-13.670761,1.8011609
1970-01-01 16:58:04,12016.173,141.5415,-30.406586,-2.6027975,8.025923,2.0479147
1970-01-01 16:58:05,11959.341,144.91702,-51.047256,1.3152916,-16.98733,3.0258842
1970-01-01 16:58:06,12009.277,141.8047,246.42319,3.443882,-15.112371,1.707065
1970-01-01 16:58:07,11944.988,147.79971,292.44528,0.77319396,-4.890876,1.748192
1970-01-01 16:58:08,11921.392,140.32236,-424.32715,-3.5900493,-8.81769,1.9117143
1970-01-01 16:58:09,11804.924,150.35876,59.260605,-4.1774163,10.581687,1.2362059
1970-01-01 16:58:10,11948.491,145.35124,-378.04044,0.65839946,-7.9958906,359.17996
1970-01-01 16:58:11,11969.432,143.3621,3.4234042,0.174813,20.603071,0.03255685
1970-01-01 16:58:12,11851.289,135.18042,-66.58089,0.67405117,11.546377,359.46323
1970-01-01 16:58:13,11919.878,140.45538,272.19238,1.3193742,12.387112,358.67505
1970-01-01 16:58:14,11977.737,143.17851,-260.56348,-2.0605693,7.9981017,359.10342
1970-01-01 16:58:15,12127.301,136.77345,369.45224,0.5875613,6.250502,359.2023
1970-01-01 16:58:16,11928.462,139.10036,164.7225,-0.32963637,-10.745833,0.5066279
1970-01-01 16:58:17,12142.778,142.09547,-367.46915,-3.5314314,8.787423,359.20682
1970-01-01 16:58:18,11951.041,142.0804,-405.74594,4.134437,6.3445663,358.53513
1970-01-01 16:58:19,12093.824,141.66112,-156.13466,0.40564927,1.7572007,358.73367
1970-01-01 16:58:20,11808.116,141.40096,217.55476,0.84841275,-4.2605147,358.3663
1970-01-01 16:58:21,11992.966,142.87437,37.01507,1.8644131,3.7503142,359.62814
1970-01-01 16:58:22,11871.882,147.74869,-514.71375,-2.6280437,21.697084,0.1579291
1970-01-01 16:58:23,12140.951,137.30354,274.8415,1.247943,-6.396494,359.71
1970-01-01 16:58:24,11922.9795,142.69496,-260.22342,4.1485157,7.76292,359.85437
1970-01-01 16:58:25,12046.441,143.74254,-16.160349,5.0919976,9.528464,2.0003924
1970-01-01 16:58:26,11862.495,140.05452,190.1677,2.2073526,-8.682313,2.5768116
1970-01-01 16:58:27,11924.252,141.0505,-82.09934,-1.5452766,18.111103,2.5839713
1970-01-01 16:58:28,11887.509,148.17264,-166.40224,,-18.58399,1.979668
1970-01-01 16:58:29,11904.368,149.01625,32.79345,0.20563735,-7.682514,1.9339186
1970-01-01 16:58:30,12107.447,149.81491,235.51758,5.856275,-3.2012467,0.8849182
1970-01-01 16:58:31,12054.471,134.9411,109.954445,3.802864,-5.8407435,1.8105137
1970-01-01 16:58:32,11998.421,143.2465,-53.049145,2.2611597,5.875518,2.4944782
1970-01-01 16:58:33,12066.787,148.23218,375.46826,4.465327,5.4313645,1.777326
1970-01-01 16:58:34,12044.79,151.43373,283.1276,6.6795754,12.534641,3.3633301
1970-01-01 16:58:35,12041.288,141.24525,77.48703,0.6700657,6.5703835,3.3277764
1970-01-01 16:58:36,11938.463,146.26631,155.55763,10.405579,22.172392,4.3866296
1970-01-01 16:58:37,12004.673,146.76964,-223.67885,3.9525611,2.760185,3.6129658
1970-01-01 16:58:38,12015.593,139.42216,-243.93048,1.0029521,3.8987758,3.5712671
1970-01-01 16:58:39,12062.167,146.8857,299.8943,2.44138,4.717027,4.7624536
1970-01-01 16:58:40,12124.865,145.43295,-41.13173,-1.4108146,5.4771132,5.64098
1970-01-01 16:58:41,11922.53,151.61841,35.504005,8.073296,11.915454,6.8232446
1970-01-01 16:58:42,12136.536,146.08417,81.53777,-1.2680166,7.6125565,8.121678
1970-01-01 16:58:43,11848.264,144.13857,-50.411446,-1.7068462,-11.31173,8.046284
1970-01-01 16:58:44,12015.314,142.0381,-34.478813,-0.26185453,-1.5434122,8.301738
1970-01-01 16:58:45,12113.545,145.49211,-245.17319,-4.5785203,4.0571365,9.169481
1970-01-01 16:58:46,11897.758,151.49022,-315.64932,0.6167083,-1.2030121,8.740692
1970-01-01 16:58:47,12074.134,147.88937,-156.34276,-4.399464,15.6626215,9.809943
1970-01-01 16:58:48,12061.277,140.30138,-23.9503,1.1589568,10.364168,7.4181776
1970-01-01 16:58:49,11824.164,147.44969,-93.31561,5.506749,6.7591095,5.010304
1970-01-01 16:58:50,11746.565,142.10669,73.00975,0.11982901,15.389106,4.7411327
1970-01-01 16:58:51,12011.53,154.23274,-58.353283,-0.1259709,-23.020111,4.3423605
1970-01-01 16:58:52,12160.824,144.61526,364.1192,3.9642627,0.6188437,5.4477344
1970-01-01 16:58:53,12013.072,145.7446,110.30127,4.3885875,-4.3384867,6.712086
1970-01-01 16:58:54,11937.398,146.2015,-340.62427,3.043561,-11.441783,7.1515703
1970-01-01 16:58:55,12094.161,145.31873,-226.50575,3.1276908,-4.3728538,6.64908
1970-01-01 16:58:56,12121.384,150.88737,399.81265,-0.010209738,10.653592,8.12619
1970-01-01 16:58:57,11858.638,148.05333,168.02493,7.6256185,-0.6509159,8.120926
1970-01-01 16:58:58,12031.655,148.29126,-179.08342,5.147671,11.766567,8.58828
1970-01-01 16:58:59,12109.9,152.05533,374.6006,6.2396374,-1.3467604,9.249166
1970-01-01 16:59:00,12077.216,140.43272,52.675026,3.1248841,20.141268,9.443474
1970-01-01 16:59:01,12128.03,146.77065,195.84834,-2.1701639,4.2314405,10.868132
1970-01-01 16:59:02,12001.375,147.71869,9.803229,0.47805187,4.378162,10.579013
1970-01-01 16:59:03,12005.073,145.55667,-171.58397,4.6307344,14.242285,12.057498
1970-01-01 16:59:04,11983.974,152.67383,103.75629,2.5607314,-6.7627625,9.690161
1970-01-01 16:59:05,12101.301,141.23576,-20.74873,1.5672277,1.1313164,9.3717165
1970-01-01 16:59:06,11914.273,155.48904,-184.00165,1.3347384,-4.7742596,8.544244
1970-01-01 16:59:07,11996.176,143.80104,-372.09464,5.394219,-15.863706,8.414132
1970-01-01 16:59:08,12028.82,151.14348,288.88098,3.7839377,-13.415122,9.499919
1970-01-01 16:59:09,12002.035,146.00722,122.952965,-1.1231829,,8.675561
1970-01-01 16:59:10,12143.331,146.90497,383.91446,4.7617364,-3.818089,7.299993
1970-01-01 16:59:11,12146.774,142.8375,118.452385,4.3199663,12.154376,6.443353
1970-01-01 16:59:12,12009.603,144.75354,-44.502457,4.3233104,6.3385797,6.764158
1970-01-01 16:59:13,12161.597,150.65378,-16.796873,-4.233286,18.290894,5.584559
1970-01-01 16:59:14,11956.584,138.60417,294.459,-4.047707,-14.242162,4.6715
1970-01-01 16:59:15,11936.705,146.43019,-192.5122,2.408633,8.24412,4.462382
1970-01-01 16:59:16,12115.294,150.16277,-113.32509,1.4414595,3.1551468,3.836507
1970-01-01 16:59:17,12008.364,142.17972,-179.43558,6.102825,-11.509173,3.1386693
1970-01-01 16:59:18,12165.134,144.2317,-175.03516,-2.9506063,-15.418568,3.7268486
1970-01-01 16:59:19,12058.279,152.97827,-334.58722,0.5355935,-11.142358,3.315107
1970-01-01 16:59:20,12063.404,141.53777,116.33864,2.4305897,5.3800163,2.2515984
1970-01-01 16:59:21,12026.202,150.7975,-175.1143,-1.796819,13.740082,3.2553172
1970-01-01 16:59:22,12028.493,145.96382,-57.85202,4.170578,-0.3689674,2.2795541
1970-01-01 16:59:23,12040.147,144.73317,-134.47702,-1.7421159,16.274632,3.3367162
1970-01-01 16:59:24,11923.367,149.51111,20.237902,-0.3416792,-8.369921,5.365183
1970-01-01 16:59:25,12001.288,148.28452,193.94164,1.9691173,-4.767664,6.8386884
1970-01-01 16:59:26,11867.059,143.30925,-131.6756,7.1534843,12.932035,7.98316
1970-01-01 16:59:27,12014.675,142.4001,136.74622,1.5448347,3.1827595,9.124682
1970-01-01 16:59:28,12051.944,149.14366,58.390697,-2.7581608,6.8755994,8.448508
1970-01-01 16:59:29,11993.788,159.01947,-264.74982,1.5070797,-2.2169554,9.278777
1970-01-01 16:59:30,11907.649,140.36613,316.99014,1.9850587,-6.486541,8.446674
1970-01-01 16:59:31,11979.803,145.12735,62.680843,4.183194,-15.848771,8.687519
1970-01-01 16:59:32,12023.831,150.60066,-115.62486,4.9855328,3.2413616,8.406556
1970-01-01 16:59:33,12127.15,145.10551,31.973492,3.187066,-9.266373,7.474351
1970-01-01 16:59:34,12063.02,147.00456,-333.68607,3.1894948,-24.082489,7.737268
1970-01-01 16:59:35,12036.385,143.7911,-112.23288,0.6747526,-6.7028527,7.0566373
1970-01-01 16:59:36,11913.608,155.22693,-296.05612,2.6627767,4.830062,7.044435
1970-01-01 16:59:37,11854.687,,20.739582,-2.7150404,1.97672,7.738103
1970-01-01 16:59:38,11976.057,153.97015,-137.81644,6.071533,5.3290863,7.394521
1970-01-01 16:59:39,12028.058,153.36063,-33.969482,4.331471,4.9736714,7.2232456
1970-01-01 16:59:40,12020.828,154.35492,-210.9556,-0.47664207,-1.6657146,7.1536436
1970-01-01 16:59:41,12125.828,145.6582,-140.53777,4.1047807,-6.5292435,5.9886937
1970-01-01 16:59:42,12074.398,149.20857,-4.097853,2.2566757,3.866856,7.1496725
1970-01-01 16:59:43,11897.801,152.19707,67.67955,6.221034,-17.01287,8.731872
1970-01-01 16:59:44,12012.141,149.16434,21.534023,-1.9286895,-25.357676,7.9670663
1970-01-01 16:59:45,11900.966,147.03522,60.10588,5.010567,1.5879425,7.14828
1970-01-01 16:59:46,12060.982,152.74738,-274.5004,1.4544362,26.687897,6.902798
1970-01-01 16:59:47,11859.068,146.0897,-66.81797,0.778572,18.326162,4.610423
1970-01-01 16:59:48,12039.267,151.58878,,7.8689065,-6.3374248,4.968745
1970-01-01 16:59:49,11877.305,153.3536,570.65955,-0.6769917,-12.560805,5.3663645
1970-01-01 16:59:50,11868.434,147.88298,443.56845,0.13266982,-8.404969,6.592119
1970-01-01 16:59:51,12039.835,149.81189,-111.25708,-1.331298,-2.0311716,6.176836
1970-01-01 16:59:52,11952.47,148.50685,-80.16784,2.3460598,12.592394,6.5525136
1970-01-01 16:59:53,12050.374,149.29941,137.21005,-1.6143696,-19.52078,5.905659
1970-01-01 16:59:54,12079.111,152.99312,-196.68513,1.6751418,-4.2349477,4.565514
1970-01-01 16:59:55,11975.12,146.58994,-124.49801,1.1424562,3.3950756,3.4247246
1970-01-01 16:59:56,12111.533,151.17366,-198.00487,1.0137564,3.9753869,2.9875603
1970-01-01 16:59:57,12220.004,152.83232,231.90457,6.0525374,-2.596487,3.2063572
1970-01-01 16:59:58,11908.979,148.36299,-117.47403,1.9768095,11.221782,0.7968792
1970-01-01 16:59:59,11952.555,152.26033,219.29642,5.362037,17.058329,1.2849326
1970-01-01 17:00:00,11951.572,147.58163,-86.59811,-1.0358652,9.92224,0.484553
1970-01-01 17:00:01,11933.791,149.896,-13.475981,6.93479,15.918144,357.98358
1970-01-01 17:00:02,11988.255,151.74612,36.414047,1.6614075,2.663104,357.9975
1970-01-01 17:00:03,12066.777,148.65848,-241.12209,3.5304065,3.7772975,0.4700173
1970-01-01 17:00:04,11850.09,151.24825,166.91223,1.0544814,5.5176277,0.31845397
1970-01-01 17:00:05,12071.084,154.85226,-75.15667,5.0763936,8.334852,0.25752705
1970-01-01 17:00:06,11981.581,151.92911,-244.03743,0.019744953,-9.555094,0.6821623
1970-01-01 17:00:07,12081.806,145.33495,-270.14273,-1.3728659,10.184086,0.6970631
1970-01-01 17:00:08,12029.105,141.92757,-143.68524,9.550958,-12.040203,1.2324178
1970-01-01 17:00:09,12082.713,147.25604,-69.33774,-1.0803531,5.0413117,1.8585681
1970-01-01 17:00:10,11973.48,149.67027,-265.31284,2.4700708,4.896418,0.8608309
1970-01-01 17:00:11,12040.665,146.26135,-134.13602,-3.0023944,-5.664598,2.2306666
1970-01-01 17:00:12,12020.596,148.89748,164.19443,1.1158224,-4.9292583,3.188584
1970-01-01 17:00:13,11990.689,150.91185,447.57108,0.15387677,-2.4845853,3.1925154
1970-01-01 17:00:14,12143.364,150.86269,-79.64965,5.180115,4.1873484,3.7359557
1970-01-01 17:00:15,11945.82,146.76588,-389.82724,-3.91013,0.9347213,3.4564054
1970-01-01 17:00:16,12060.371,150.15654,-383.62387,3.1854072,8.171186,4.215194
1970-01-01 17:00:17,11989.815,145.9341,94.953705,11.392636,7.304825,4.298531
1970-01-01 17:00:18,11918.544,147.89578,-138.0441,1.5541145,-6.1392345,4.4296303
1970-01-01 17:00:19,12099.713,155.60023,-147.73656,6.8757057,2.0916646,5.403693
1970-01-01 17:00:20,12059.745,155.48671,246.66414,4.134911,12.746837,4.8397903
1970-01-01 17:00:21,12017.786,145.3659,-65.16858,2.1836138,8.548185,3.8808854
1970-01-01 17:00:22,11869.298,158.60709,158.67389,4.9373937,8.054137,3.4912806
1970-01-01 17:00:23,11907.19,143.0435,113.60952,2.0238369,-2.3401148,3.4793012
1970-01-01 17:00:24,12103.721,149.98227,-56.421867,1.3589966,-5.287554,6.5507402
1970-01-01 17:00:25,12022.718,154.26915,-273.1834,4.294661,9.752243,5.7226477
1970-01-01 17:00:26,11913.062,150.05539,126.63831,3.534535,4.3957324,5.3733444
1970-01-01 17:00:27,12091.85,146.9553,-16.128862,-0.6641354,-6.127105,4.043952
1970-01-01 17:00:28,12055.664,147.7708,-71.91405,3.4818761,17.523006,5.3427343
1970-01-01 17:00:29,12010.795,149.15657,-226.97853,0.66867006,2.4496346,6.252639
1970-01-01 17:00:30,12096.344,151.75395,106.80641,1.6793562,-7.726516,8.6258135
1970-01-01 17:00:31,11982.972,149.41428,377.50308,4.0547924,11.487327,10.362304
1970-01-01 17:00:32,11902.758,153.25377,-118.17443,2.679046,-2.3494732,10.13572
1970-01-01 17:00:33,11928.246,153.38086,59.86608,4.9175935,18.785833,10.042216
1970-01-01 17:00:34,11929.219,152.38095,-283.65225,3.1915536,-16.203667,10.431126
1970-01-01 17:00:35,11953.188,157.44417,436.47803,-1.3506628,-22.259434,10.174251
1970-01-01 17:00:36,11984.579,145.45401,-234.02074,0.6439214,3.6971111,9.719037
1970-01-01 17:00:37,12082.243,153.04617,113.47984,3.5382926,-8.548646,9.446368
1970-01-01 17:00:38,11869.619,152.18622,151.63414,3.2201898,1.1321745,10.014612
1970-01-01 17:00:39,12023.626,148.828,51.96527,-0.14710605,11.997117,9.940299
1970-01-01 17:00:40,12089.222,146.64563,-118.466156,4.4904175,1.4349691,10.32675
1970-01-01 17:00:41,12001.264,,-132.28857,5.2460065,10.495763,9.685873
1970-01-01 17:00:42,11994.229,147.7698,-140.07729,0.66494966,-5.694139,7.998345
1970-01-01 17:00:43,11890.137,144.09631,149.65056,-0.24761936,-4.3312607,6.3427305
1970-01-01 17:00:44,12027.848,152.09056,-211.83919,2.9983292,-9.257355,6.506646
1970-01-01 17:00:45,11986.74,151.29352,-167.0418,5.362557,12.584436,5.2495313
1970-01-01 17:00:46,11916.855,152.9943,-339.33905,0.30327016,16.055704,5.0521383
1970-01-01 17:00:47,12006.427,148.99117,248.81813,-4.8362823,7.8557625,3.761724
1970-01-01 17:00:48,11915.099,152.41054,67.40335,3.6188307,-0.82633996,3.2608647
1970-01-01 17:00:49,11936.214,150.67198,-288.66406,4.0285335,5.7119527,3.0047889
1970-01-01 17:00:50,12093.307,146.13483,-314.80676,1.2069006,-2.1140306,3.1368828
1970-01-01 17:00:51,12011.771,156.97708,98.34154,9.8452425,-9.829548,2.5467982
1970-01-01 17:00:52,11897.567,153.36241,-54.633045,5.3467793,-1.0626272,3.3746634
1970-01-01 17:00:53,12093.691,145.0491,106.56306,6.6520376,23.973223,4.159665
1970-01-01 17:00:54,12098.255,149.0556,-62.662056,1.5161523,4.218816,4.6666937
1970-01-01 17:00:55,11960.378,151.50517,33.769764,0.89856577,-3.6548638,5.4334087
1970-01-01 17:00:56,11904.842,151.99757,1.1503235,2.0496755,-7.8514156,4.69389
1970-01-01 17:00:57,12072.533,151.70985,221.44185,7.3438234,5.7959323,4.2679405
1970-01-01 17:00:58,11821.123,153.6068,159.16678,1.2128283,9.836407,5.40603
1970-01-01 17:00:59,11941.78,151.9363,-61.462334,1.5858232,2.7805488,5.001527
1970-01-01 17:01:00,11973.8125,143.11992,314.58182,-0.73983914,2.6012185,5.665523
1970-01-01 17:01:01,11961.705,151.1874,375.90167,1.6723796,12.968971,5.6797986
1970-01-01 17:01:02,11958.067,153.00385,353.72656,2.5904021,13.44277,5.1279607
1970-01-01 17:01:03,11974.59,151.58632,399.78543,0.7567824,3.1661277,4.9771223
1970-01-01 17:01:04,12011.498,148.1992,-100.12931,4.14179,14.486942,8.204611
1970-01-01 17:01:05,12070.627,156.16762,-20.744997,2.1202528,-15.811643,9.307883
1970-01-01 17:01:06,12025.922,148.19377,-171.54361,3.78825,9.0227375,8.762302
1970-01-01 17:01:07,11994.823,151.13821,422.147,5.7238755,-8.592947,7.91171
1970-01-01 17:01:08,12000.9375,154.51927,27.835077,-0.3329887,1.0073842,9.154107
1970-01-01 17:01:09,12022.751,147.86914,223.20834,4.5063033,2.0083737,6.827199
1970-01-01 17:01:10,11922.357,154.21896,120.33702,-3.388643,-10.295948,8.086364
1970-01-01 17:01:11,11979.209,147.23389,-293.39502,0.75894237,26.619352,8.039566
1970-01-01 17:01:12,11992.464,159.9553,315.63852,1.1283292,0.5169856,6.59834
1970-01-01 17:01:13,11893.249,150.22757,92.54774,-5.274504,-22.173557,6.475042
1970-01-01 17:01:14,12183.705,158.48552,214.87503,-2.247161,13.872908,7.425252
1970-01-01 17:01:15,12035.329,153.13223,143.70102,4.6748013,7.4595313,8.637786
1970-01-01 17:01:16,12071.411,149.80702,-97.03691,-0.02599343,-29.452507,8.477159
1970-01-01 17:01:17,11913.53,150.85114,200.08208,4.3680716,6.121422,8.5039
1970-01-01 17:01:18,12119.021,151.42183,181.92029,2.6086676,3.513795,7.7788863
1970-01-01 17:01:19,12131.819,147.42165,239.50812,-0.5595149,5.493261,7.471942
1970-01-01 17:01:20,12024.523,155.74983,-929.2153,2.6636567,-1.558894,6.9941435
1970-01-01 17:01:21,11953.248,159.2269,-636.9068,3.55652,9.727324,6.896635
1970-01-01 17:01:22,12068.51,152.10011,-672.2236,5.863428,3.6889684,6.399823
1970-01-01 17:01:23,11929.578,154.41757,-630.7154,0.6016611,-16.571957,5.612497
1970-01-01 17:01:24,12015.997,151.41808,-754.40247,2.5992918,-3.1883955,5.6074796
1970-01-01 17:01:25,11773.386,151.42207,-662.03107,1.6442022,-4.4869037,6.173063
1970-01-01 17:01:26,11895.616,152.97012,-1162.8192,5.007176,-7.737943,5.36208
1970-01-01 17:01:27,12137.612,147.8701,-1016.1275,-0.16428502,-9.775492,6.3538394
1970-01-01 17:01:28,11905.109,155.32407,-548.745,7.743454,-3.688771,6.703494
1970-01-01 17:01:29,11821.383,153.12648,-705.2498,2.934713,18.111195,6.061773
1970-01-01 17:01:30,11831.2705,155.22151,-1163.1775,3.0122893,-10.184865,7.395364
1970-01-01 17:01:31,11690.977,155.03252,-386.77823,-1.373323,-9.951335,8.831732
1970-01-01 17:01:32,11761.587,147.15909,-774.9427,5.409055,15.233902,8.114215
1970-01-01 17:01:33,11787.928,154.19713,-895.1395,2.5093458,-15.346229,8.457009
1970-01-01 17:01:34,11883.721,156.74669,-866.36,7.1641917,-24.430367,7.059727
1970-01-01 17:01:35,11689.416,148.3433,-1060.5474,0.46835482,8.33357,8.153754
1970-01-01 17:01:36,11727.444,151.28166,-710.3059,2.8861926,23.342447,6.1816506
1970-01-01 17:01:37,11730.765,144.94781,-725.85944,1.3207767,13.954076,7.275561
1970-01-01 17:01:38,11698.674,143.2946,-1065.4689,9.628805,10.422826,6.8797655
1970-01-01 17:01:39,11730.013,150.71748,-1007.3997,0.7875603,-19.034079,6.9088373
1970-01-01 17:01:40,11669.956,152.34573,-736.9651,4.8096666,0.79687345,5.773404
1970-01-01 17:01:41,11560.916,146.90239,-1086.4977,4.633198,5.639533,6.181918
1970-01-01 17:01:42,11541.772,155.36734,-1084.3153,-0.34122726,3.111446,6.978766
1970-01-01 17:01:43,11488.842,145.29317,-610.002,-2.283133,-23.767206,6.328342
1970-01-01 17:01:44,11620.549,149.44722,-709.35626,-1.99664,21.050514,6.411212
1970-01-01 17:01:45,11613.609,146.8254,-493.33768,6.8057704,-2.6843257,4.4301605
1970-01-01 17:01:46,11654.029,150.94626,-797.8492,3.9832528,17.415094,3.748286
1970-01-01 17:01:47,11509.931,154.71936,-706.2645,4.348871,13.773162,3.1251702
1970-01-01 17:01:48,11612.011,149.98354,-756.64056,3.6833098,-2.6778164,2.6683996
1970-01-01 17:01:49,11645.484,148.96964,-941.4763,3.5011127,-1.4610662,4.553692
1970-01-01 17:01:50,11560.413,156.2653,-812.8043,-1.3831202,3.1624377,4.096526
1970-01-01 17:01:51,11522.944,149.43526,-832.9176,-1.6841955,-10.351819,5.3010206
1970-01-01 17:01:52,11389.855,157.88165,-987.4464,,1.5277678,4.674629
1970-01-01 17:01:53,11425.235,155.60513,-368.7528,3.4037519,-7.1870985,4.6049085
1970-01-01 17:01:54,11552.126,147.07802,-811.6093,4.7935085,5.2450004,3.9075873
1970-01-01 17:01:55,11510.938,145.14044,-928.43353,1.832939,-14.945046,3.604422
1970-01-01 17:01:56,11422.027,154.40027,-786.43494,0.5776709,-6.701193,4.1347303
1970-01-01 17:01:57,11450.506,151.49333,-802.6844,2.6866262,-10.936163,4.653483
1970-01-01 17:01:58,11216.106,151.12582,-1069.2725,0.44919172,-4.145685,6.829907
1970-01-01 17:01:59,11225.479,151.97311,-658.31665,0.67977554,-11.4779215,8.10519
1970-01-01 17:02:00,11442.986,145.58517,-816.67694,2.9185023,12.4261875,7.172106
1970-01-01 17:02:01,11289.641,154.84494,-866.81244,1.2765516,7.1999965,6.9450746
1970-01-01 17:02:02,11401.726,155.53877,-626.90326,3.6044636,2.027456,6.9893947
1970-01-01 17:02:03,11260.826,147.89006,-784.0964,0.2823611,23.333908,7.6147933
1970-01-01 17:02:04,11171.221,153.4604,-808.6592,3.1824589,12.09279,8.125203
1970-01-01 17:02:05,11145.993,146.29938,-596.00665,6.894208,-13.226736,7.1769624
1970-01-01 17:02:06,11181.04,150.12517,-674.2015,3.161598,-16.992622,6.133755
1970-01-01 17:02:07,11088.269,156.08171,-737.478,1.8874897,-5.0556984,6.4373507
1970-01-01 17:02:08,11380.256,156.0596,-799.6228,0.24007258,16.497257,4.2029552
1970-01-01 17:02:09,11034.206,156.87823,-965.8871,1.2515769,12.994357,4.710502
1970-01-01 17:02:10,11000.489,151.3045,-1040.5587,0.5859308,-9.842576,5.7436876
1970-01-01 17:02:11,11014.098,150.90851,-859.34924,8.847558,6.711869,4.20174
1970-01-01 17:02:12,11212.264,155.59848,-635.23315,-0.13339537,-3.077819,3.8891323
1970-01-01 17:02:13,11091.721,145.12386,-792.23566,2.0886722,-13.417823,1.8825172
1970-01-01 17:02:14,11178.044,151.76564,-728.8145,0.7709169,-0.46114698,1.7911683
1970-01-01 17:02:15,11122.157,151.73926,-836.2056,-1.4322271,-5.3557677,359.92755
1970-01-01 17:02:16,11038.77,152.71172,-784.7652,1.2473954,-4.115744,359.482
1970-01-01 17:02:17,10893.723,159.40292,-1145.1277,4.0289645,16.285988,0.059931494
1970-01-01 17:02:18,10924.401,151.531,-565.70026,2.1611817,-16.220806,1.4058276
1970-01-01 17:02:19,11163.571,147.53085,-666.9079,1.4972254,-4.9732823,2.1091707
1970-01-01 17:02:20,11020.515,152.23257,-957.85645,0.5398363,7.3468623,1.4670668
1970-01-01 17:02:21,10917.126,161.85226,-608.85046,-3.0853558,-19.129421,0.19765134
1970-01-01 17:02:22,10836.279,155.3948,-438.9631,1.7758108,-6.2783,359.54114
1970-01-01 17:02:23,11077.853,153.52876,-777.7895,1.3489923,-3.69058,358.98218
1970-01-01 17:02:24,10948.25,160.0148,-929.8009,-1.7488341,2.4723065,0.15062039
1970-01-01 17:02:25,10995.216,150.32812,-809.8482,2.521539,-6.8189945,359.2648
1970-01-01 17:02:26,10760.941,158.44473,-678.8125,1.7707067,0.24046296,357.72818
1970-01-01 17:02:27,10973.605,146.41176,-803.55286,2.960247,3.7804005,358.208
1970-01-01 17:02:28,10777.958,161.21106,-882.3602,-2.6721494,-1.1293355,358.6152
1970-01-01 17:02:29,10682.229,151.08722,-724.1272,4.756383,-11.337435,0.71813136
1970-01-01 17:02:30,10787.659,153.5319,-862.7199,1.1463099,11.943895,1.1199037
1970-01-01 17:02:31,10770.223,156.55241,-369.4938,-1.5035688,0.51365745,1.4091703
1970-01-01 17:02:32,10838.422,147.0939,-734.9665,2.2009988,-8.670695,1.7026417
1970-01-01 17:02:33,10733.096,160.08185,-911.86316,3.6362586,6.3086066,0.61271757
1970-01-01 17:02:34,10772.321,153.26994,-622.3896,2.9925656,2.3993332,0.08639599
1970-01-01 17:02:35,10655.461,146.09354,-670.7183,-1.2262846,8.596697,0.3381467
1970-01-01 17:02:36,10819.622,154.46742,-826.983,4.4991655,9.631949,359.42584
1970-01-01 17:02:37,10654.388,155.66711,-1034.2616,0.8318098,-7.3298235,0.29266587
1970-01-01 17:02:38,10707.183,151.3243,-361.82312,2.0936086,0.07563234,0.2822027
1970-01-01 17:02:39,10619.703,144.77219,-841.08215,2.434043,14.090421,358.242
1970-01-01 17:02:40,10560.165,150.82797,-938.12616,-2.374568,2.0526774,359.22778
1970-01-01 17:02:41,10589.055,153.21162,-824.39514,-0.133188,29.443073,359.73474
1970-01-01 17:02:42,10656.88,160.90054,-1134.3428,1.0095332,-4.965351,0.2811725
1970-01-01 17:02:43,10515.933,153.91997,-838.4774,7.7409782,-7.3570704,0.76358527
1970-01-01 17:02:44,10682.02,157.318,-609.13153,0.2962062,-24.850193,359.56915
1970-01-01 17:02:45,10684.41,151.32825,-873.2999,0.04422051,16.272345,357.9268
1970-01-01 17:02:46,10632.558,156.53615,-719.019,-6.1745505,-10.980225,357.00882
1970-01-01 17:02:47,10567.015,152.2396,-924.5243,-2.062767,2.4334536,356.63715
1970-01-01 17:02:48,10382.797,152.88931,-864.8937,1.7124602,18.730837,357.25323
1970-01-01 17:02:49,10442.435,152.49281,-624.1277,0.23586522,1.7335083,355.40137
1970-01-01 17:02:50,10542.408,147.23871,-874.6605,2.8915968,-3.819771,354.5783
1970-01-01 17:02:51,10391.905,153.16612,-864.22986,0.7393173,8.574322,354.9108
1970-01-01 17:02:52,10495.7705,153.91695,-823.1175,1.5189657,-1.6321706,356.05304
1970-01-01 17:02:53,10290.967,152.36339,-899.1704,10.249988,1.8017894,356.53745
1970-01-01 17:02:54,10506.525,146.32114,-871.4082,4.431545,4.043868,357.9323
1970-01-01 17:02:55,10292.899,156.66525,-727.30273,9.913278,14.573445,357.715
1970-01-01 17:02:56,10471.139,148.12538,-899.20605,2.4783974,9.294515,358.18344
1970-01-01 17:02:57,10312.587,153.14026,-685.4582,-1.2417078,9.660289,357.42938
1970-01-01 17:02:58,10289.552,160.34943,-719.79755,4.8571663,12.043417,357.31503
1970-01-01 17:02:59,10328.221,149.7986,-485.03558,0.31773224,-4.054147,357.3454
1970-01-01 17:03:00,10160.076,148.3509,-573.79895,2.928241,-11.07403,358.98962
1970-01-01 17:03:01,10277.015,156.96648,-538.3712,2.1744914,8.004809,358.63422
1970-01-01 17:03:02,10250.48,151.42093,-374.4336,1.6484691,-13.022,357.4655
1970-01-01 17:03:03,10135.995,153.10858,-998.06586,-3.5225701,-11.0186825,357.86862
1970-01-01 17:03:04,10202.333,150.4798,-678.0912,5.4901752,-11.123731,356.82147
1970-01-01 17:03:05,10249.063,152.0958,-797.2765,4.1985993,-12.033227,356.9178
1970-01-01 17:03:06,10131.844,160.50766,-301.47836,0.46487892,3.2397668,356.46838
1970-01-01 17:03:07,10288.4795,159.00563,-822.2331,3.167965,1.1381285,357.0738
1970-01-01 17:03:08,10240.127,151.70338,-1017.9342,5.6686516,-4.136073,357.97595
1970-01-01 17:03:09,10264.209,152.36502,-1002.5717,2.876985,0.100794524,357.55725
1970-01-01 17:03:10,10272.808,154.62431,-513.75366,2.0215306,-1.418367,356.59546
1970-01-01 17:03:11,10075.846,149.76225,-759.36505,-0.6683325,1.3400924,356.51108
1970-01-01 17:03:12,10166.151,154.57341,-638.0574,-0.29500544,-10.194652,355.37677
1970-01-01 17:03:13,10053.559,159.17302,-356.50305,4.9655414,11.659928,355.6411
1970-01-01 17:03:14,9967.515,149.9888,-726.0195,3.1651492,-20.937141,355.06314
1970-01-01 17:03:15,10013.698,150.77603,-916.2059,2.6238985,-6.7461996,353.6899
1970-01-01 17:03:16,10056.611,153.7906,-884.7939,6.0837812,16.647148,353.6584
1970-01-01 17:03:17,9982.144,153.22829,-1389.701,0.74807245,1.8546573,353.444
1970-01-01 17:03:18,10090.681,159.86691,-658.50586,2.1900835,1.4236032,354.49167
1970-01-01 17:03:19,9898.428,152.93384,-888.3743,-0.31243593,-3.4528892,355.23126
1970-01-01 17:03:20,9951.479,155.4146,-682.97156,-0.012768419,-19.259768,355.92215
1970-01-01 17:03:21,9853.089,158.21373,-746.4412,2.035362,-10.579457,353.53818
1970-01-01 17:03:22,9858.826,161.52522,-644.4417,4.8076534,-4.525685,353.20947
1970-01-01 17:03:23,9881.218,152.26324,-642.5787,2.8426518,-9.153461,351.68057
1970-01-01 17:03:24,9723.772,158.36925,-922.15643,-1.5923424,16.709845,350.45984
1970-01-01 17:03:25,9909.117,155.28677,-662.42206,4.9765754,4.8161693,352.24976
1970-01-01 17:03:26,9881.261,152.19292,-502.53607,4.4297004,-18.227253,352.01288
1970-01-01 17:03:27,,152.20732,-711.51276,6.9665303,-1.0063822,350.71338
1970-01-01 17:03:28,9788.687,153.0321,-1104.9119,5.016781,1.105722,352.6888
1970-01-01 17:03:29,9843.991,146.3539,-869.2785,3.1733365,16.251127,352.42712
1970-01-01 17:03:30,9785.585,151.66725,-998.5443,1.2232773,-0.82806355,351.47
1970-01-01 17:03:31,9784.048,154.8289,-866.2466,0.6287151,11.3799305,350.68765
1970-01-01 17:03:32,9663.493,165.46048,-517.31134,-3.0519822,-2.9110086,349.34586
1970-01-01 17:03:33,9608.866,160.19609,-665.5006,-0.80594814,-8.5023575,349.2515
1970-01-01 17:03:34,9763.654,149.7972,-681.70734,-2.0369766,-11.612475,350.31644
1970-01-01 17:03:35,9679.695,155.01776,-1030.2817,-2.0223908,27.59108,349.834
1970-01-01 17:03:36,9717.433,148.3234,-673.9835,1.1672956,-1.7562771,348.71875
1970-01-01 17:03:37,9696.855,155.20073,-603.37024,0.51110184,-23.33571,349.56107
1970-01-01 17:03:38,9621.555,159.11057,-512.31146,-1.3128895,1.9454652,349.8426
1970-01-01 17:03:39,9613.8955,155.0981,-810.0104,-1.0195769,-24.76103,349.00067
1970-01-01 17:03:40,9725.187,153.4042,-838.0206,0.563252,-3.7180533,348.55554
1970-01-01 17:03:41,9584.059,156.20262,-898.001,3.8678615,-11.104606,348.7175
1970-01-01 17:03:42,9575.077,158.29646,-527.8117,9.700733,12.921439,349.31024
1970-01-01 17:03:43,9426.425,145.5132,-664.51764,-0.17382443,2.0001104,348.52667
1970-01-01 17:03:44,9421.072,155.13878,-751.0517,1.7845792,-2.382565,349.01233
1970-01-01 17:03:45,9443.418,152.87685,-530.793,3.8783937,7.115201,348.85864
1970-01-01 17:03:46,9612.391,157.36528,-676.3934,4.8637733,-5.7612367,349.99713
1970-01-01 17:03:47,9377.865,164.77686,-692.73724,0.15990055,-0.6453549,349.76913
1970-01-01 17:03:48,9447.808,155.99413,-800.8564,1.3825157,3.4593945,349.5684
1970-01-01 17:03:49,9496.369,153.66417,-540.89685,3.06897,-19.100428,351.12817
1970-01-01 17:03:50,9480.691,161.88362,-588.36414,0.20263815,-8.7258005,350.98624
1970-01-01 17:03:51,9441.174,155.05518,-645.9081,-3.1066158,-11.996178,349.84424
1970-01-01 17:03:52,9574.006,158.37663,-921.9919,0.18509983,14.097858,351.30548
1970-01-01 17:03:53,9417.041,160.35388,-451.3292,-2.925164,-1.9337128,351.58258
1970-01-01 17:03:54,9209.735,156.95563,-638.24225,-0.5928321,25.52189,352.39767
1970-01-01 17:03:55,9389.323,150.04329,-779.8939,-0.028335994,0.6602247,351.13907
1970-01-01 17:03:56,9371.734,156.82501,-1131.9375,5.4573445,-3.983875,352.2427
1970-01-01 17:03:57,9379.078,161.3789,-515.69696,0.2789341,20.351816,351.4147
1970-01-01 17:03:58,9130.974,150.13449,-933.4148,2.343399,10.671599,351.503
1970-01-01 17:03:59,9179.494,159.69196,-638.5982,1.1811079,-10.800322,351.97113
1970-01-01 17:04:00,9378.458,157.42464,-588.3775,5.106673,-0.52362794,352.12918
1970-01-01 17:04:01,9139.322,158.6095,-917.1708,3.1905603,-11.732575,350.75348
1970-01-01 17:04:02,9318.753,153.91873,-804.2191,-0.85343796,0.04603758,350.27246
1970-01-01 17:04:03,9139.749,153.37843,-973.60693,2.5873547,24.297153,350.49973
1970-01-01 17:04:04,9072.982,151.96059,-992.74817,-2.0236664,-8.857497,350.02078
1970-01-01 17:04:05,9191.2,156.57593,-809.59937,3.4853435,13.087062,351.11212
1970-01-01 17:04:06,9161.007,146.7365,-789.4887,0.45488697,18.069721,350.96826
1970-01-01 17:04:07,8996.221,150.09148,-877.162,-1.6952372,-8.920172,350.2396
1970-01-01 17:04:08,8978.65,153.61995,-680.5901,1.5135603,4.5874934,353.0978
1970-01-01 17:04:09,9111.62,154.08145,-936.97534,5.2090964,-7.330351,352.82257
1970-01-01 17:04:10,8845.068,156.482,-789.33795,-0.6220655,4.6120815,352.49188
1970-01-01 17:04:11,9058.529,148.89479,-747.58417,-3.0412502,-1.4229568,352.74167
1970-01-01 17:04:12,9091.754,156.28317,-1032.9789,-3.5156214,-1.3106018,353.12024
1970-01-01 17:04:13,8926.504,152.6463,-837.1884,-1.1657548,-1.8014123,353.75073
1970-01-01 17:04:14,9008.606,152.29257,-734.5003,-1.1198866,-6.4032397,354.50882
1970-01-01 17:04:15,9152.783,158.17595,-736.02686,2.3343801,-6.7979627,355.10257
1970-01-01 17:04:16,9027.388,159.69403,-823.4609,-0.5452037,,354.36343
1970-01-01 17:04:17,8822.791,157.38684,-813.4111,8.213377,-14.846842,355.1213
1970-01-01 17:04:18,8867.558,148.0087,-1141.3751,1.760177,-19.061506,354.97162
1970-01-01 17:04:19,8959.879,152.91147,-632.1117,0.9131582,10.958359,356.50204
1970-01-01 17:04:20,8891.895,168.71126,-588.4745,5.9695835,-20.88854,356.11496
1970-01-01 17:04:21,8759.313,157.44797,-507.88547,0.38437423,7.4005837,355.91718
1970-01-01 17:04:22,8773.228,154.22267,-1011.7747,-5.8183303,4.231632,356.77057
1970-01-01 17:04:23,8834.931,157.865,-589.11316,4.2184486,1.8470316,358.36893
1970-01-01 17:04:24,8849.142,145.46223,-982.6356,-1.3354379,-4.6946487,358.54523
1970-01-01 17:04:25,8983.113,157.54652,-641.8888,-0.3132745,3.5915043,359.76187
1970-01-01 17:04:26,8739.665,154.73984,-995.55695,4.0531693,11.878605,1.1678421
1970-01-01 17:04:27,8807.185,157.3906,-951.8186,3.3805535,-2.4744427,1.5786701
1970-01-01 17:04:28,8786.119,157.64088,-909.63434,0.7742566,-7.9449234,1.6274072
1970-01-01 17:04:29,8781.155,153.74556,-1014.38116,-0.98201257,,2.209246
1970-01-01 17:04:30,8731.27,164.38457,-708.89,2.7397833,-0.00048076417,2.3114464
1970-01-01 17:04:31,8785.593,156.58151,-1233.2131,3.0502465,-10.420121,2.1311023
1970-01-01 17:04:32,8725.67,159.48454,-1002.0992,0.8984924,-6.789722,359.6716
1970-01-01 17:04:33,8649.388,158.0981,-765.54877,2.9674845,-1.4291439,358.1064
1970-01-01 17:04:34,8674.187,152.25423,-665.7854,8.950991,-4.1541295,357.75824
1970-01-01 17:04:35,8684.304,155.84688,-727.63196,3.7039094,2.3836718,357.59332
1970-01-01 17:04:36,8596.396,149.54796,-963.9801,1.6547414,-5.285104,358.886
1970-01-01 17:04:37,8679.865,159.8416,-811.83203,3.0748446,3.01755,358.165
1970-01-01 17:04:38,8591.252,157.93042,-859.1548,6.900778,-6.6452227,358.09283
1970-01-01 17:04:39,8671.906,158.24779,-1037.4124,3.2840362,-7.3547597,358.54074
1970-01-01 17:04:40,8566.441,154.07188,-492.55197,9.6490345,-5.9609165,357.72534
1970-01-01 17:04:41,8451.158,153.96408,-883.4761,-0.7581476,3.4386845,358.53854
1970-01-01 17:04:42,8538.005,157.88103,-1121.8862,-0.72866803,-1.847879,357.77036
1970-01-01 17:04:43,8520.647,162.9202,-696.2365,1.4349841,10.024586,357.9904
1970-01-01 17:04:44,8286.623,149.24225,-1062.8003,0.15939167,-15.490918,358.94766
1970-01-01 17:04:45,8451.565,143.37631,-868.4596,3.2402236,17.67956,359.35922
1970-01-01 17:04:46,8544.088,154.56094,-217.0283,2.7871084,2.845313,358.22968
1970-01-01 17:04:47,8354.036,154.76392,-801.6864,2.709031,2.3141317,357.8409
1970-01-01 17:04:48,8262.737,158.27135,-847.46716,1.635115,-0.36839896,356.32635
1970-01-01 17:04:49,8282.736,154.55179,-402.10797,-1.7052388,-1.6322056,357.5552
1970-01-01 17:04:50,8282.945,156.38681,-819.17444,7.7185154,-15.428053,356.562
1970-01-01 17:04:51,8344.804,152.99036,-896.95917,-0.92133033,1.9556504,355.65283
1970-01-01 17:04:52,8232.194,152.95792,-923.05273,6.1582065,1.4031272,356.16208
1970-01-01 17:04:53,8297.911,153.99573,-804.09174,-3.5503404,9.4440775,355.48706
1970-01-01 17:04:54,8386.263,158.98912,-706.072,3.481599,6.2596173,355.13312
1970-01-01 17:04:55,8199.51,158.3697,-1011.29645,0.41364002,26.809238,356.00885
1970-01-01 17:04:56,8448.322,158.34625,-1123.2252,-1.2067528,-25.496922,355.4135
1970-01-01 17:04:57,8295.262,156.30495,-1136.185,-2.5267348,12.640137,356.35275
1970-01-01 17:04:58,8281.79,153.21983,-737.1768,0.63236076,-0.9675793,357.0727
1970-01-01 17:04:59,8247.34,158.51062,-522.3635,1.9890057,-11.858377,355.84256
1970-01-01 17:05:00,8163.397,158.45976,-798.9637,5.4650006,-0.10566116,357.74603
1970-01-01 17:05:01,8237.422,151.433,-617.4374,-0.45292115,17.484215,358.10065
1970-01-01 17:05:02,8245.582,152.02164,-722.08484,1.7550851,-13.310678,358.16443
1970-01-01 17:05:03,8200.078,152.83087,-906.9583,5.049868,-6.835206,357.05533
1970-01-01 17:05:04,8067.375,148.1854,-702.4536,1.9872339,-4.3533087,356.35614
1970-01-01 17:05:05,8299.028,162.21529,-1136.0941,-1.5928762,28.10476,356.0557
1970-01-01 17:05:06,8088.678,155.12196,-1005.9996,8.479556,-1.1909329,357.3448
1970-01-01 17:05:07,8094.368,152.71965,-856.61224,0.94432163,-2.6266963,356.9414
1970-01-01 17:05:08,8100.563,153.76451,-737.2876,-3.4587893,5.2787623,358.8337
1970-01-01 17:05:09,8045.573,157.75851,-734.46844,6.3110447,3.8068407,358.74042
1970-01-01 17:05:10,8097.9404,148.22716,-830.0176,5.527957,-17.791819,358.4483
1970-01-01 17:05:11,8062.377,157.74974,-883.5567,-0.11843515,-9.180447,358.74777
1970-01-01 17:05:12,8117.6865,151.7262,-782.76324,2.826186,7.7608113,359.09
1970-01-01 17:05:13,7964.972,154.3637,-1031.1696,5.850195,-6.1674223,0.259331
1970-01-01 17:05:14,7849.938,159.17479,-630.1989,0.7472415,-7.825978,0.5872758
1970-01-01 17:05:15,8010.6016,163.76826,-737.9904,3.700594,4.610326,1.7964429
1970-01-01 17:05:16,7809.145,155.22923,-1156.0148,3.0532768,8.945607,2.0516465
1970-01-01 17:05:17,7886.464,155.21779,-989.6366,3.2219822,0.20246412,1.0767738
1970-01-01 17:05:18,7940.0947,158.8325,-1050.8162,-1.9107494,19.62852,1.6611727
1970-01-01 17:05:19,7838.3457,154.05516,-677.0281,0.89773446,-11.699265,2.654481
1970-01-01 17:05:20,7768.965,154.70676,-735.6819,8.110428,-17.281527,3.5060017
1970-01-01 17:05:21,7730.7236,157.07642,-1019.308,6.563292,-5.2388926,4.8485174
1970-01-01 17:05:22,7864.2646,156.14082,-508.1106,2.9528484,16.917187,3.5823956
1970-01-01 17:05:23,7795.9155,152.35968,-818.6571,2.1652045,-3.1939087,4.232645
1970-01-01 17:05:24,7636.616,155.16035,-822.367,-1.0175653,6.42023,4.10841
1970-01-01 17:05:25,7741.8164,154.00452,-713.3498,6.4691987,-5.316268,4.071622
1970-01-01 17:05:26,7878.9263,152.17978,-704.67975,3.342703,-6.310742,5.7228117
1970-01-01 17:05:27,7674.2134,158.53651,-1000.8468,1.7356607,-15.918995,6.9769855
1970-01-01 17:05:28,7746.9194,154.45566,-671.4622,-0.011298474,-11.628954,8.174407
1970-01-01 17:05:29,7730.6426,158.24323,-795.3943,1.3590233,-11.479172,7.449211
1970-01-01 17:05:30,7541.0264,164.37166,-718.05084,1.3576689,8.478675,7.2343073
1970-01-01 17:05:31,7696.7217,155.14711,-1013.6547,1.0847218,-4.508678,7.758348
1970-01-01 17:05:32,7673.553,162.58595,-831.01965,4.780969,1.4630009,8.383025
1970-01-01 17:05:33,7631.4507,157.32373,-969.20215,-1.3840448,-3.79372,9.011801
1970-01-01 17:05:34,7703.833,159.43039,-178.84186,-2.5895283,8.063826,7.835886
1970-01-01 17:05:35,7560.35,155.32863,-759.58655,2.6112783,-9.434492,8.675546
1970-01-01 17:05:36,7572.7637,156.21443,-954.8819,2.1058216,-4.4311066,8.307697
1970-01-01 17:05:37,7513.867,159.6478,-1007.7294,0.17182769,-7.9678745,7.0321465
1970-01-01 17:05:38,7521.782,154.84436,-723.89624,3.5675316,0.5527715,5.493249
1970-01-01 17:05:39,7640.9023,159.75848,-757.54517,3.4705534,-5.9127946,5.858885
1970-01-01 17:05:40,7482.1953,158.2285,-393.5039,1.2788016,16.042154,4.7460756
1970-01-01 17:05:41,7595.997,159.48174,-1531.0287,0.5890634,14.233724,5.2509837
1970-01-01 17:05:42,7456.095,157.48457,-424.82257,-0.41927364,-3.1479795,5.910055
1970-01-01 17:05:43,7565.525,163.23299,-736.8864,0.03292448,3.3200784,5.579159
1970-01-01 17:05:44,7457.33,159.125,-792.4925,0.51686543,0.3649654,4.4214315
1970-01-01 17:05:45,7474.004,157.88835,-1266.3872,3.2783685,14.650882,4.7005672
1970-01-01 17:05:46,7358.7466,154.33118,-766.65497,3.0695899,13.251897,5.502777
1970-01-01 17:05:47,7468.575,156.80737,-772.444,2.1169326,21.308353,6.379952
1970-01-01 17:05:48,7421.203,161.77466,-909.78705,-0.11237622,7.0100727,4.7785006
1970-01-01 17:05:49,7325.775,158.08713,-444.28986,0.3919368,-15.232896,4.1436453
1970-01-01 17:05:50,7312.7715,156.19467,-752.5135,5.029159,-16.371443,3.4398878
1970-01-01 17:05:51,7130.5527,155.9868,-787.5869,0.13080123,0.92329603,3.0459058
1970-01-01 17:05:52,7308.1416,152.80067,-976.99976,1.8629613,4.4359093,4.4236474
1970-01-01 17:05:53,7166.7905,158.15373,-385.20898,-5.665096,-8.383565,5.3298893
1970-01-01 17:05:54,7176.1196,160.3974,-1067.4552,8.112919,18.111265,3.7522643
1970-01-01 17:05:55,7212.1235,161.49251,-916.71313,3.208237,-3.0690966,3.8490088
1970-01-01 17:05:56,7250.597,158.00546,-486.52438,3.5141418,-15.662297,4.5744815
1970-01-01 17:05:57,7309.3853,158.2247,-673.16583,3.519727,-0.8227333,3.9922354
1970-01-01 17:05:58,7174.6807,162.7905,-425.46564,5.4025693,-3.809268,6.20082
1970-01-01 17:05:59,7122.604,159.60991,-418.51868,4.882065,-7.1815667,8.7260475
1970-01-01 17:06:00,7333.2905,156.9779,-957.24963,0.80422175,0.04549816,10.17662
1970-01-01 17:06:01,7128.011,157.35548,-734.36707,3.010461,7.042085,8.177732
1970-01-01 17:06:02,7213.3228,156.46729,-1154.3446,1.0917981,-4.4696317,8.606988
1970-01-01 17:06:03,7198.683,160.31595,-960.6582,4.2027926,4.106343,8.766666
1970-01-01 17:06:04,7184.8384,157.21126,-917.1634,-2.161086,-11.084419,7.1435084
1970-01-01 17:06:05,7016.003,158.57803,-567.6517,-2.6088643,13.902769,6.002107
1970-01-01 17:06:06,6966.326,157.7331,-675.7285,2.8036015,-14.992171,5.890893
1970-01-01 17:06:07,7008.6855,155.9534,-815.7379,1.1459619,-9.314311,5.1078043
1970-01-01 17:06:08,7071.2183,154.47789,-696.462,-1.4339159,1.0740942,5.427822
1970-01-01 17:06:09,6976.1816,154.98857,-953.2273,-3.6986103,8.489741,4.7040896
1970-01-01 17:06:10,6968.3867,162.31938,-996.4406,3.6317713,-26.041216,5.8136196
1970-01-01 17:06:11,7112.557,158.77309,-674.64435,-0.75551695,-9.71179,4.989657
1970-01-01 17:06:12,6954.973,155.05583,-725.2064,7.761572,3.444502,4.7565618
1970-01-01 17:06:13,7122.195,160.19403,-670.7627,2.867078,11.552927,5.0390778
1970-01-01 17:06:14,6913.2983,154.01274,-1181.0897,2.2636123,-2.488441,5.055316
1970-01-01 17:06:15,6863.236,156.89111,-832.2853,1.6109843,-5.0422773,6.306238
1970-01-01 17:06:16,6968.09,159.3812,-769.72296,0.76162136,2.2337732,5.2699003
1970-01-01 17:06:17,6954.2515,155.27429,-700.20374,1.1929107,5.5004015,5.2972474
1970-01-01 17:06:18,6921.3545,157.26213,-979.17523,0.039724156,-3.3094616,4.667052
1970-01-01 17:06:19,6738.482,149.63751,-852.1448,1.4407825,0.79182273,4.879974
1970-01-01 17:06:20,6771.726,155.69916,-855.2351,3.4228742,-11.160994,4.0025253
1970-01-01 17:06:21,6984.769,160.049,-880.1154,-1.1521479,7.8986907,3.6487765
1970-01-01 17:06:22,6814.8022,156.50528,-872.7967,7.5795026,5.33556,3.7611592
1970-01-01 17:06:23,6752.742,161.78691,-827.98065,5.7624154,-0.8711218,3.6133256
1970-01-01 17:06:24,6835.664,160.18414,-911.3257,5.116413,-5.8761525,5.4286666
1970-01-01 17:06:25,6804.1377,157.3729,-857.9795,0.6164702,-1.3272864,7.222462
1970-01-01 17:06:26,6770.064,161.88934,-587.46606,7.7548146,-8.91658,8.581086
1970-01-01 17:06:27,6736.0396,155.09444,-1074.9148,7.797231,-8.897169,9.783994
1970-01-01 17:06:28,6656.852,156.16322,-1030.4155,4.698531,8.724335,10.568766
1970-01-01 17:06:29,6612.56,156.63863,-873.98627,4.239279,-11.465766,11.764119
1970-01-01 17:06:30,6671.553,150.45894,-894.76733,1.4418069,14.782938,12.241065
1970-01-01 17:06:31,6551.7314,152.00616,-839.7626,3.3718586,-6.7076726,12.636965
1970-01-01 17:06:32,6623.851,150.81158,-669.9088,2.3721564,7.1745996,12.01119
1970-01-01 17:06:33,6720.981,158.39195,-1093.2672,4.101609,-7.8542933,11.652625
1970-01-01 17:06:34,6572.449,156.2818,-1326.0151,1.3724066,2.8744755,11.108087
1970-01-01 17:06:35,6487.162,156.45747,-1232.5441,-2.7661862,4.750784,10.753043
1970-01-01 17:06:36,6550.376,154.24127,-960.6932,-1.9802309,-7.199334,11.4407425
1970-01-01 17:06:37,6689.647,159.23875,-966.9982,-2.637742,-11.044955,11.10356
1970-01-01 17:06:38,6571.9155,153.22968,-683.6404,5.0053363,-0.47176608,12.538652
1970-01-01 17:06:39,6588.17,157.10884,-838.034,0.74107695,4.377499,12.447699
1970-01-01 17:06:40,6558.319,162.44814,-1046.3474,-1.5243585,21.657223,12.2275715
1970-01-01 17:06:41,6447.316,153.77452,-877.0936,6.176301,6.321723,11.0975685
1970-01-01 17:06:42,6411.565,157.02322,-658.87354,2.840767,15.163905,12.411154
1970-01-01 17:06:43,6454.3936,160.14938,-1169.5311,-0.84493816,2.6754155,12.175386
1970-01-01 17:06:44,6538.238,157.85681,-727.58014,4.129679,-7.5196543,12.097885
1970-01-01 17:06:45,6315.857,156.37453,-560.6127,1.2465633,-3.1057374,12.464639
1970-01-01 17:06:46,6336.942,151.13448,-393.0925,2.3078837,4.919401,12.94665
1970-01-01 17:06:47,6368.682,150.78146,-694.84216,3.7110956,-11.668152,11.439228
1970-01-01 17:06:48,6593.7446,154.44604,-949.76416,5.422041,10.856265,11.4673815
1970-01-01 17:06:49,6362.288,157.58209,-882.26447,6.157007,-6.728677,10.690083
1970-01-01 17:06:50,6401.437,160.8264,-706.15015,2.6386733,-8.495471,12.56037
1970-01-01 17:06:51,6258.212,155.38338,-879.9237,-0.11214562,-2.816491,11.521172
1970-01-01 17:06:52,6200.9985,156.56413,-1092.0527,3.633682,7.779685,11.914897
1970-01-01 17:06:53,6244.3296,156.39282,-713.16296,4.1806717,-13.811714,11.459859
1970-01-01 17:06:54,6281.3467,161.2012,-574.73083,-0.9262748,15.431216,11.93849
1970-01-01 17:06:55,6322.365,158.95966,-698.4521,-0.31452087,-5.4615383,11.526065
1970-01-01 17:06:56,6120.6816,154.51706,-749.9401,-1.1959207,-17.951056,11.382588
1970-01-01 17:06:57,6143.8345,154.39151,-635.67834,-0.66678447,-3.1830218,11.663038
1970-01-01 17:06:58,6254.978,152.56717,-896.82495,-1.840647,0.46503964,13.66798
1970-01-01 17:06:59,6136.751,155.37215,-934.4354,3.9747107,-26.160856,15.417607
1970-01-01 17:07:00,6349.5312,155.66638,-972.2688,-3.0866854,11.61813,16.279608
1970-01-01 17:07:01,6160.8887,160.27458,-925.8365,1.2168443,11.192121,15.714216
1970-01-01 17:07:02,6030.5537,162.59949,-1081.1727,3.6638384,-8.649263,15.777596
1970-01-01 17:07:03,6139.75,154.20389,-773.648,2.6794589,-9.514346,14.81235
1970-01-01 17:07:04,5986.93,157.26878,-759.05536,1.5935717,0.44309655,16.407227
1970-01-01 17:07:05,6060.4453,156.15929,-776.4806,-1.1740052,8.1916,15.644511
1970-01-01 17:07:06,6032.1797,157.33339,-538.7503,5.126002,1.6634593,14.891464
1970-01-01 17:07:07,5925.6733,160.04716,-542.6637,7.768476,-0.50921315,14.843554
1970-01-01 17:07:08,6019.076,157.66795,-1006.9857,2.0114172,-0.7842115,14.988462
1970-01-01 17:07:09,5952.2344,155.96811,-356.3244,-0.8189657,-7.418198,14.778662
1970-01-01 17:07:10,6021.401,157.78227,-557.5894,-1.0080615,-1.5840989,15.029217
1970-01-01 17:07:11,6053.1514,162.58765,-645.6819,1.0142318,-7.0588236,16.673332
1970-01-01 17:07:12,5910.3105,152.4812,-772.668,0.8915899,-3.5021927,16.159906
1970-01-01 17:07:13,6065.6274,150.39754,-810.38257,-0.7722574,2.6071665,15.191771
1970-01-01 17:07:14,5875.6274,154.35654,-802.7167,5.515392,-7.664988,13.089949
1970-01-01 17:07:15,5984.411,160.12129,-1049.4911,3.151625,11.589906,14.76251
1970-01-01 17:07:16,5702.882,161.29169,-1138.7625,7.5230026,7.5757823,16.904182
1970-01-01 17:07:17,5856.5713,156.0311,-693.5847,-1.2516537,10.583842,16.26321
1970-01-01 17:07:18,5936.777,156.71782,-1049.6401,1.8790678,4.40144,17.18055
1970-01-01 17:07:19,5740.4443,157.4874,-783.63153,0.95797133,0.27891096,14.929893
1970-01-01 17:07:20,5744.154,163.84236,-1213.6671,-3.0562127,-2.492824,15.170505
1970-01-01 17:07:21,5743.254,162.49585,-538.8105,10.440722,-10.503438,15.491379
1970-01-01 17:07:22,5684.924,152.54341,-892.569,5.81299,11.289264,14.946832
1970-01-01 17:07:23,5886.6665,157.74979,-1259.3542,7.0035872,14.199094,13.668
1970-01-01 17:07:24,5783.166,161.10953,-492.73483,0.24775048,-8.20203,12.104226
1970-01-01 17:07:25,5714.0835,155.13382,-836.56647,0.6415548,-13.456848,13.127016
1970-01-01 17:07:26,5809.7124,156.34973,-1140.3379,0.03212176,-11.703953,13.826949
1970-01-01 17:07:27,5624.69,154.54591,-817.8146,5.177008,-7.614053,
1970-01-01 17:07:28,5625.271,154.43784,-1098.9468,4.7035174,3.534695,14.0704365
1970-01-01 17:07:29,5717.2725,159.55153,-723.2128,0.6982064,0.15113224,16.353127
1970-01-01 17:07:30,5745.9297,156.93747,-583.30524,2.1389668,13.014514,17.22378
1970-01-01 17:07:31,5683.3125,158.59677,-663.0743,2.9824579,2.2968588,17.337332
1970-01-01 17:07:32,5540.0835,156.11018,-794.0191,0.76125014,16.595871,17.93982
1970-01-01 17:07:33,5704.6377,156.77576,-803.99304,-2.8371093,19.023098,19.186388
1970-01-01 17:07:34,5528.5137,158.89328,-913.1862,0.41016054,4.493448,17.824774
1970-01-01 17:07:35,5665.955,155.38535,-510.98926,-0.4830081,-0.83979005,19.0169
1970-01-01 17:07:36,5458.9897,166.99983,-736.04486,1.3569416,-11.231611,17.718473
1970-01-01 17:07:37,5647.073,153.7173,-762.8162,0.1832459,5.2025146,17.878979
1970-01-01 17:07:38,5579.6006,159.40453,-1091.9315,3.368707,10.868045,18.464994
1970-01-01 17:07:39,5558.461,153.23346,-787.15753,-0.5950781,-14.793693,19.049852
1970-01-01 17:07:40,5582.123,153.71814,-390.20145,4.788757,-0.4872516,18.750795
1970-01-01 17:07:41,5369.9106,159.97316,-653.0044,5.0471816,-19.98566,18.907742
1970-01-01 17:07:42,5404.061,158.49821,-375.53134,11.906572,4.8911004,19.754898
1970-01-01 17:07:43,5193.13,160.64693,-547.2452,3.5597844,-6.3368273,19.607908
1970-01-01 17:07:44,5259.9536,156.60806,-754.964,10.218807,-3.6564116,20.42974
1970-01-01 17:07:45,5448.0405,154.28522,-715.6273,1.9684873,6.1512284,20.781155
1970-01-01 17:07:46,5331.3584,161.11037,-375.92346,6.078849,-5.653162,19.543333
1970-01-01 17:07:47,5187.713,154.09192,-604.9368,3.8007896,-8.024646,19.236656
1970-01-01 17:07:48,5424.873,152.19774,-661.9997,2.6324449,-3.6531267,18.757326
1970-01-01 17:07:49,5164.2666,160.90083,-832.3339,3.0829153,0.7205435,18.672728
1970-01-01 17:07:50,5256.0317,154.98436,-1102.2783,0.26131848,3.8379574,18.868616
1970-01-01 17:07:51,5267.25,156.14943,-774.0511,0.53635603,6.051442,18.28627
1970-01-01 17:07:52,5231.0083,158.31673,-1196.4388,0.6049614,1.0415479,19.18794
1970-01-01 17:07:53,5281.8022,155.32738,-914.10754,2.6458983,1.2537494,19.062193
1970-01-01 17:07:54,5241.376,150.71065,-876.8333,3.4197416,12.172163,19.792055
1970-01-01 17:07:55,5285.1865,158.67902,-520.3858,4.9033976,18.888815,20.712542
1970-01-01 17:07:56,5204.074,157.76804,-1233.0585,3.3409717,5.462007,21.274797
1970-01-01 17:07:57,5204.472,157.78572,-813.3094,5.910092,9.599599,19.450699
1970-01-01 17:07:58,5225.622,153.80098,-852.886,0.20136608,7.382808,20.218325
1970-01-01 17:07:59,5217.8354,154.7206,-989.0824,2.564777,8.851455,18.970606
1970-01-01 17:08:00,5190.992,158.73494,-738.0862,1.6738538,2.137002,18.377756
1970-01-01 17:08:01,5018.256,157.84344,-649.246,-3.6519494,-3.41048,18.839354
1970-01-01 17:08:02,4991.9517,151.04358,-654.566,5.434566,-5.292272,19.936726
1970-01-01 17:08:03,4989.1665,155.04472,-410.33853,3.1925316,-8.258829,18.598965
1970-01-01 17:08:04,4874.7593,161.6808,-873.6868,2.9881318,4.4604607,18.163975
1970-01-01 17:08:05,4856.8984,158.31926,-963.7362,-2.0212564,10.776703,16.194313
1970-01-01 17:08:06,5016.585,159.85797,-772.23804,5.1260223,13.901165,16.238302
1970-01-01 17:08:07,4950.5566,159.34914,-633.42566,1.0418853,16.056877,17.076128
1970-01-01 17:08:08,4991.4185,159.24977,-583.1209,0.30138063,4.989595,16.642605
1970-01-01 17:08:09,4890.8247,154.27211,-1006.36163,3.7753298,-2.8310664,16.387947
1970-01-01 17:08:10,4966.1904,161.3374,-899.67957,0.2781946,-16.644337,16.82527
1970-01-01 17:08:11,4929.9976,160.93106,-710.7383,2.4290645,10.030774,16.336977
1970-01-01 17:08:12,4985.921,161.43658,-420.61456,4.132674,-18.407207,15.501496
1970-01-01 17:08:13,4948.3857,156.90672,-554.81024,1.75034,0.51757365,15.378632
1970-01-01 17:08:14,4971.721,160.24304,-1038.1371,4.528884,4.9625134,15.550857
1970-01-01 17:08:15,4952.5107,162.48308,-828.58936,1.9113404,9.786382,15.716196
1970-01-01 17:08:16,4813.6895,158.21748,-1137.7245,3.9819343,0.750952,15.365033
1970-01-01 17:08:17,4937.3877,161.20755,-758.6367,2.3226833,-2.013852,13.45608
1970-01-01 17:08:18,4777.567,155.17682,-988.3646,4.1321316,5.309655,13.283915
1970-01-01 17:08:19,4796.725,157.1731,-1061.5665,0.8569687,17.107952,13.968014
1970-01-01 17:08:20,4710.9814,148.38564,-983.8885,5.004744,0.39866257,13.872631
1970-01-01 17:08:21,4874.079,166.85857,-927.1784,2.3658078,-14.696693,13.906843
1970-01-01 17:08:22,4705.3813,158.42131,-500.5054,-0.52781874,-6.711717,13.862551
1970-01-01 17:08:23,4698.47,159.8828,-940.3916,1.4939926,14.119199,13.64417
1970-01-01 17:08:24,4742.036,159.8267,-1081.9713,-1.2527769,3.3008559,14.13032
1970-01-01 17:08:25,4700.122,156.49199,-909.39124,1.2127459,-5.8172116,12.0926895
1970-01-01 17:08:26,4612.5977,159.1054,-821.3694,-1.4686126,5.7927847,11.121534
1970-01-01 17:08:27,4575.7783,157.89955,-584.62946,2.967885,-4.76372,11.087783
1970-01-01 17:08:28,4773.6646,161.30292,-1171.4026,2.021557,-12.543125,11.300561
1970-01-01 17:08:29,4623.7153,160.73315,-980.5708,7.457889,5.9469852,12.338112
1970-01-01 17:08:30,4557.3555,154.43625,-452.54684,3.2457325,7.4356003,12.400314
1970-01-01 17:08:31,,156.38597,-944.5394,2.0966167,12.636248,12.445493
1970-01-01 17:08:32,4559.462,155.5428,-464.7193,0.066336975,13.949029,15.026988
1970-01-01 17:08:33,4493.418,164.26048,-748.7952,-1.779793,-4.2901864,15.219105
1970-01-01 17:08:34,4613.3345,160.83037,-958.4548,7.487863,-2.9665878,14.150569
1970-01-01 17:08:35,4579.3247,158.1729,-657.9131,-0.5754803,0.27726486,13.315484
1970-01-01 17:08:36,4385.8174,161.7734,-222.3703,-0.5810334,4.2319245,13.412993
1970-01-01 17:08:37,4530.1597,160.57585,-663.88544,3.1288133,-18.774954,14.881912
1970-01-01 17:08:38,4296.4463,156.11838,-996.3819,-3.696393,0.49202695,14.233319
1970-01-01 17:08:39,4676.6025,166.38034,-741.74664,4.627799,-7.2239275,11.924967
1970-01-01 17:08:40,4525.208,150.26147,-1034.6045,1.1906621,2.6661446,12.1617985
1970-01-01 17:08:41,4477.832,149.54675,-924.3407,5.688507,9.640078,11.189839
1970-01-01 17:08:42,4412.8105,161.81755,-520.30927,3.1837907,6.3199596,9.372895
1970-01-01 17:08:43,4342.9536,168.2918,-912.4307,2.3010364,-10.522383,8.861045
1970-01-01 17:08:44,4452.005,155.73178,-798.12805,3.207427,5.554522,9.191379
1970-01-01 17:08:45,4279.1025,153.24588,-669.37286,2.0545971,-1.0748377,7.791957
1970-01-01 17:08:46,4279.292,159.35782,-790.6412,2.5416372,2.8286588,7.9195695
1970-01-01 17:08:47,4372.8594,158.49838,-682.54364,-0.0083974805,7.567659,8.135642
1970-01-01 17:08:48,4288.098,161.58086,-885.4601,-0.41400823,1.7694656,7.5947633
1970-01-01 17:08:49,4209.228,156.91914,-874.5806,2.5519814,-9.954201,7.2664223
1970-01-01 17:08:50,4299.86,157.00748,-860.58527,4.706834,-5.1785207,4.33737
1970-01-01 17:08:51,4282.3726,157.03242,-997.5418,6.5970907,-1.6088562,4.135683
1970-01-01 17:08:52,4182.737,165.32765,-610.0674,-0.35088366,5.123391,5.868109
1970-01-01 17:08:53,4242.433,153.74277,-657.444,0.74634784,1.3757162,5.6116195
1970-01-01 17:08:54,4103.2085,160.84909,-1072.4835,0.41864404,-3.0361915,6.761632
1970-01-01 17:08:55,4183.129,160.0089,-1081.6737,3.0987835,6.145502,5.0021105
1970-01-01 17:08:56,4115.6714,162.12698,-751.52936,-1.3683752,16.516256,3.5051103
1970-01-01 17:08:57,4260.954,161.61328,-947.02545,-2.3840837,-15.844357,4.640758
1970-01-01 17:08:58,4135.6396,164.15085,-637.715,1.2568357,7.638651,6.051255
1970-01-01 17:08:59,4167.471,151.03238,-784.8288,9.161617,5.453632,5.1391597
1970-01-01 17:09:00,4213.0713,160.30641,-579.82367,2.1057587,8.227413,4.6355352
1970-01-01 17:09:01,4069.8315,158.91318,-788.0222,4.3182874,7.412875,3.81601
1970-01-01 17:09:02,4040.7405,168.38599,-751.8181,5.9924736,-4.3919277,2.2359166
1970-01-01 17:09:03,3967.0374,158.11082,-866.36237,2.9660754,-6.303849,1.9448934
1970-01-01 17:09:04,4004.2441,156.25296,-740.58215,-0.15069816,16.81061,0.78324383
1970-01-01 17:09:05,4000.512,159.78914,-665.65344,2.3289797,9.93876,2.6148145
1970-01-01 17:09:06,3975.4084,164.71765,-724.50006,1.746555,-7.8766837,1.4521954
1970-01-01 17:09:07,4185.7354,151.5127,-760.6074,-0.87382567,-10.183565,1.7169042
1970-01-01 17:09:08,3915.5237,154.87248,-597.5172,0.5536424,18.813446,2.9528623
1970-01-01 17:09:09,3935.015,157.81674,-590.4593,2.8331943,-3.7559855,2.9931755
1970-01-01 17:09:10,3975.3936,163.77505,-1035.339,5.1899095,11.69443,1.9738349
1970-01-01 17:09:11,3806.563,154.80846,-1053.8717,6.334313,-12.926998,2.5814328
1970-01-01 17:09:12,3852.1536,157.55879,-1009.7484,4.3312306,0.3215896,2.2665298
1970-01-01 17:09:13,3875.1755,148.8103,-927.9698,1.1568564,5.9380727,0.82143736
1970-01-01 17:09:14,3827.6848,163.86435,-992.65643,3.0400035,1.3965125,1.8897201
1970-01-01 17:09:15,3810.6934,160.76625,-643.2001,-2.4509525,4.381403,3.103695
1970-01-01 17:09:16,3766.9192,157.90404,-861.68604,-0.83621174,-14.416465,2.676903
1970-01-01 17:09:17,3863.744,158.01761,-780.1733,6.5316434,-19.496616,3.4327574
1970-01-01 17:09:18,3734.938,164.8284,-672.81323,0.79263854,-9.358599,3.2790465
1970-01-01 17:09:19,3776.4072,154.37695,-1072.9419,-0.4241435,-15.444745,4.424447
1970-01-01 17:09:20,3616.4885,157.88991,-940.7162,7.7979136,-0.08772422,4.0487547
1970-01-01 17:09:21,3666.938,155.72682,-802.9441,2.90453,10.416279,4.972955
1970-01-01 17:09:22,3656.975,158.58179,-838.95703,0.49122283,-1.8719871,4.2574797
1970-01-01 17:09:23,3696.8,152.17102,-739.64954,-0.27452123,14.4331665,4.568032
1970-01-01 17:09:24,3670.3894,154.56023,-644.8805,6.0707493,-5.9711685,4.367125
1970-01-01 17:09:25,3588.3662,156.39548,-749.13794,-0.1896142,16.1364,4.3404837
1970-01-01 17:09:26,3583.5168,163.82347,-959.9362,1.9019281,-12.0936165,4.444359
1970-01-01 17:09:27,3492.5793,158.43544,-691.03357,0.9358263,-9.524013,4.9244123
1970-01-01 17:09:28,3531.3828,165.0273,-909.42126,-1.0019597,-0.14465357,6.137175
1970-01-01 17:09:29,3582.3396,157.62344,-1043.7942,1.7229128,-1.2952632,5.625115
1970-01-01 17:09:30,3617.9976,155.25743,-807.38983,0.089818865,-8.007957,4.962047
1970-01-01 17:09:31,3591.2944,155.46057,-713.0986,5.869353,10.30961,4.7375727
1970-01-01 17:09:32,3566.2466,154.8786,-349.03342,0.8017828,-2.9995987,5.803756
1970-01-01 17:09:33,3605.6272,154.53914,-689.7369,3.4656434,5.0939503,5.101385
1970-01-01 17:09:34,3497.1594,164.37471,-832.4107,5.0522075,-9.411965,3.962047
1970-01-01 17:09:35,3610.023,160.78636,-575.0715,5.691039,-7.327564,5.05188
1970-01-01 17:09:36,3465.787,159.11162,-861.9749,2.7736206,7.8499346,4.214592
1970-01-01 17:09:37,3313.7412,163.20236,-741.63446,1.0633988,7.3533,5.073392
1970-01-01 17:09:38,3339.0688,157.3306,-1155.862,3.1677186,-5.4378457,5.7362113
1970-01-01 17:09:39,3342.204,155.67732,-718.59235,1.3810163,15.706396,4.156775
1970-01-01 17:09:40,3333.2983,153.38535,-544.1081,-1.7804612,9.166962,3.4118505
1970-01-01 17:09:41,3398.8228,166.31032,-792.22424,5.675116,-12.876252,3.4262307
1970-01-01 17:09:42,3341.0388,152.72743,-903.7923,3.8111181,2.2175896,1.3601875
1970-01-01 17:09:43,3323.59,154.44246,-723.63354,4.405115,8.789118,2.0113516
1970-01-01 17:09:44,3324.4092,160.35866,-789.6674,0.54590976,-7.930491,1.2969624
1970-01-01 17:09:45,3341.7092,168.86081,-839.6103,-1.1138884,1.594343,359.92072
1970-01-01 17:09:46,3393.992,150.736,-1012.6478,3.0306962,-12.122469,358.6801
1970-01-01 17:09:47,3306.1287,158.40501,-993.34,-1.9794484,-3.746225,358.0657
1970-01-01 17:09:48,3221.9277,154.43253,-745.01715,7.3570323,-16.27153,357.12732
1970-01-01 17:09:49,3294.8206,156.15953,-1130.4082,-1.5644082,20.047377,357.24255
1970-01-01 17:09:50,3357.9045,152.04239,-862.9679,2.113734,23.92698,355.81842
1970-01-01 17:09:51,3297.7559,157.3342,,-3.0269892,-15.840251,353.5206
1970-01-01 17:09:52,3078.6633,164.4297,-784.9328,-0.39405963,10.458283,353.44705
1970-01-01 17:09:53,3149.6838,154.19687,-1130.86,2.191016,5.9573274,353.13022
1970-01-01 17:09:54,3231.8586,155.29167,-534.7871,4.3551173,-3.9140306,353.6036
1970-01-01 17:09:55,3230.4023,165.74905,-928.45557,3.713053,6.6410713,353.67816
1970-01-01 17:09:56,3143.011,163.53336,-689.7096,4.3496785,10.212735,354.19412
1970-01-01 17:09:57,3204.7344,160.46768,-957.9471,0.854283,-5.4383836,354.00446
1970-01-01 17:09:58,3148.3928,161.23833,-879.71576,7.9937286,9.563411,353.36203
1970-01-01 17:09:59,3059.8787,162.53911,-806.4865,-3.8720407,10.637249,352.74936
1970-01-01 17:10:00,3008.006,160.1431,-1095.8593,4.317308,3.7870004,352.45236
1970-01-01 17:10:01,2944.907,158.92787,-1115.6818,3.9864142,6.4050612,351.1434
1970-01-01 17:10:02,3156.4663,158.68,-749.3347,3.4971907,-1.1448355,349.5576
1970-01-01 17:10:03,2955.1604,156.9275,-829.4807,5.1789236,0.39710233,349.87164
1970-01-01 17:10:04,3055.4685,159.29813,-230.91475,-1.7704787,-15.130782,350.7471
1970-01-01 17:10:05,3126.7766,154.43346,-822.23114,0.10225265,-10.718137,348.88666
1970-01-01 17:10:06,3229.4026,159.3724,-558.75,-0.02936619,2.9040427,350.66547
1970-01-01 17:10:07,2940.3782,160.00105,-817.71234,1.2902015,22.781986,351.5456
1970-01-01 17:10:08,2951.1118,156.60239,-899.0725,-0.37100032,-4.735496,352.2253
1970-01-01 17:10:09,2739.8042,156.62962,-1113.2433,-0.1281392,-4.212655,350.82776
1970-01-01 17:10:10,2942.227,155.97794,-558.9597,0.35548475,10.540854,351.40097
1970-01-01 17:10:11,2878.3389,163.18921,-593.082,-2.1652374,6.178411,352.41623
1970-01-01 17:10:12,2818.036,,-1031.4901,4.41025,5.4063916,352.2922
1970-01-01 17:10:13,2882.4866,161.39781,-1007.5651,5.7108817,3.090244,351.94757
1970-01-01 17:10:14,2882.1064,153.88783,-976.16656,1.4196199,6.838382,350.7104
1970-01-01 17:10:15,2737.7224,168.0013,-1067.3961,2.159357,12.381158,351.0192
1970-01-01 17:10:16,2858.6506,164.04337,-902.4524,2.288158,-9.366096,350.97076
1970-01-01 17:10:17,2792.954,153.64401,-1182.8085,2.3934104,-16.18125,351.3206
1970-01-01 17:10:18,2722.1973,157.89212,-1060.5585,5.5051956,18.086681,352.1373
1970-01-01 17:10:19,2700.9172,163.4543,-800.2338,-2.5831828,8.847786,352.5848
1970-01-01 17:10:20,2758.016,158.2518,-711.3196,2.4806485,-1.4431803,353.03387
1970-01-01 17:10:21,2745.05,161.123,-991.0473,2.5256581,11.033941,354.2774
1970-01-01 17:10:22,2656.6487,160.92648,-722.9893,8.335258,-5.96934,353.7794
1970-01-01 17:10:23,2587.4402,156.68188,-1021.10913,7.597629,5.822975,355.30945
1970-01-01 17:10:24,2492.8154,154.43944,-761.6704,0.7248834,-2.232732,352.56125
1970-01-01 17:10:25,2515.0417,153.8603,-794.68787,1.8280569,2.0171466,354.01767
1970-01-01 17:10:26,2617.0713,158.13716,-649.2875,-2.6036482,8.383617,355.14603
1970-01-01 17:10:27,2598.0032,156.77867,-796.24207,-0.3760127,11.201737,355.19095
1970-01-01 17:10:28,2656.7322,155.80388,-805.006,4.173552,10.800779,355.83975
1970-01-01 17:10:29,2630.069,158.60844,-769.7642,2.0582623,6.7678757,356.88513
1970-01-01 17:10:30,2510.726,159.5234,-990.86127,-1.311723,-12.659018,354.50574
1970-01-01 17:10:31,2448.7146,147.4192,-805.1826,6.944407,5.0563574,354.47208
1970-01-01 17:10:32,2453.2534,164.6949,-609.75806,-3.093682,-5.2507973,353.31372
1970-01-01 17:10:33,2505.5154,157.90952,-838.1877,2.2618315,-6.7151093,354.14163
1970-01-01 17:10:34,2464.3992,153.5923,-638.1689,0.07454183,-15.2955675,356.4763
1970-01-01 17:10:35,2508.1487,152.7104,-586.7357,1.8154774,8.98721,355.53036
1970-01-01 17:10:36,2496.5962,155.04118,-988.6921,2.7726014,6.764889,356.11032
1970-01-01 17:10:37,2536.2935,152.90425,-1140.2097,-0.36950383,-2.7961898,355.19644
1970-01-01 17:10:38,2321.5454,151.64343,-1094.8142,7.7942686,-8.63862,354.3041
1970-01-01 17:10:39,2468.9238,170.08812,-683.25995,2.469712,-2.4652443,354.7042
1970-01-01 17:10:40,2439.208,159.18692,-659.02765,-0.5272239,-5.215102,354.99493
1970-01-01 17:10:41,2353.0637,159.81735,-653.82404,0.12842315,-2.5856605,358.01282
1970-01-01 17:10:42,2437.7197,163.4171,-802.6664,8.763191,13.054654,358.45148
1970-01-01 17:10:43,2136.1763,162.52002,-965.82214,1.6700977,9.7369995,0.8301855
1970-01-01 17:10:44,2401.5564,158.16644,-696.9535,6.4229383,-11.262886,1.6736842
1970-01-01 17:10:45,2340.4048,163.96545,-1013.72363,-0.936075,-11.822323,3.6373634
1970-01-01 17:10:46,2387.8528,154.68684,-1058.4379,-1.6664624,6.506841,2.1973128
1970-01-01 17:10:47,2201.6125,150.87538,-377.82596,2.5857012,-2.8557396,1.3395104
1970-01-01 17:10:48,2246.2185,163.97607,-563.4742,4.0067997,-5.119463,359.15945
1970-01-01 17:10:49,2305.6685,157.11761,-517.62787,-1.1197435,-0.7592469,358.58563
1970-01-01 17:10:50,2107.291,157.61957,-984.16376,3.9320483,12.070472,359.4092
1970-01-01 17:10:51,2259.3137,161.04945,-991.8866,-1.9760666,7.4977922,357.4285
1970-01-01 17:10:52,2187.3938,160.68292,-1038.4175,3.0641227,-7.098402,357.1107
1970-01-01 17:10:53,2186.9167,156.83618,-715.7947,6.5037174,4.1794496,357.11005
1970-01-01 17:10:54,2132.9106,161.83554,-600.6383,5.7165527,-0.65645766,357.34845
1970-01-01 17:10:55,2098.289,162.3952,-638.06024,0.6663376,-4.2246737,357.9074
1970-01-01 17:10:56,2139.42,159.66371,-928.0114,3.8457673,2.191773,0.25713962
1970-01-01 17:10:57,1967.52,150.00319,-987.87213,1.8242201,21.527006,0.24603589
1970-01-01 17:10:58,1959.2411,158.6434,-596.16516,2.267531,-12.175974,359.15173
1970-01-01 17:10:59,2110.6536,151.4372,-599.7062,6.725107,10.325986,358.7655
1970-01-01 17:11:00,2078.083,160.36801,-671.6499,9.470387,10.132485,359.6344
1970-01-01 17:11:01,1884.5715,157.90332,-861.9932,-0.61572456,20.55539,358.06174
1970-01-01 17:11:02,1955.0326,163.51039,-708.8932,7.234686,1.4808577,357.49805
1970-01-01 17:11:03,1866.1896,163.52448,-893.4259,-0.0020001724,5.455214,357.07004
1970-01-01 17:11:04,1936.2687,158.57135,-1069.3164,4.1752534,-3.0801218,357.81384
1970-01-01 17:11:05,1909.6232,160.20201,-386.97906,-1.7293772,-12.484591,358.32028
1970-01-01 17:11:06,1918.029,157.49213,-544.691,-0.10847348,2.8110073,358.50406
1970-01-01 17:11:07,1830.9669,164.74324,-898.68427,3.5737808,9.956793,358.84155
1970-01-01 17:11:08,1773.1311,162.3436,-645.71265,4.4877977,10.960744,357.32434
1970-01-01 17:11:09,1772.5702,164.69217,-696.63074,1.5994644,1.4677594,358.30566
1970-01-01 17:11:10,1863.5901,155.39772,-903.58203,6.4213085,-2.039242,359.30457
1970-01-01 17:11:11,1859.43,160.75432,-1077.7999,6.7120147,13.560935,359.32874
1970-01-01 17:11:12,1847.2887,160.77766,-923.86957,2.9732115,-7.944488,358.63657
1970-01-01 17:11:13,1784.6425,153.2021,-1247.6561,-0.8016544,-5.2843857,359.29834
1970-01-01 17:11:14,1755.6934,160.86992,-880.1682,0.6141144,14.835533,358.58905
1970-01-01 17:11:15,1813.263,164.99777,-969.22394,5.4936104,7.028007,
1970-01-01 17:11:16,1669.136,158.91791,-851.8746,-1.3778578,-0.22772464,357.5108
1970-01-01 17:11:17,1646.1932,164.43413,-759.299,2.4332352,2.1131783,356.27847
1970-01-01 17:11:18,1684.9739,162.24332,-612.14185,0.15277539,11.635328,358.14926
1970-01-01 17:11:19,1624.8633,156.70697,-678.9221,-0.12820579,4.0768228,357.98962
1970-01-01 17:11:20,1738.2222,170.18748,-1125.1849,0.13532609,0.6947241,358.66595
1970-01-01 17:11:21,1584.665,164.52951,-447.10376,-2.543703,-12.995474,358.6546
1970-01-01 17:11:22,1703.9493,163.27202,-936.09296,5.2303987,1.5674262,357.25043
1970-01-01 17:11:23,1602.9692,158.88332,-430.76068,-0.38223612,13.377893,356.22528
1970-01-01 17:11:24,1534.7517,160.51694,-897.337,1.8051229,-7.809413,355.9167
1970-01-01 17:11:25,1592.3076,160.16179,-582.569,0.9937204,11.758279,357.45667
1970-01-01 17:11:26,1586.724,158.78893,-932.39844,-5.634478,-10.454819,356.816
1970-01-01 17:11:27,1531.735,165.10324,-847.69385,4.636843,6.2620463,358.59442
1970-01-01 17:11:28,1584.3486,158.86012,-892.37335,-2.588335,-8.957894,358.28036
1970-01-01 17:11:29,1551.3119,162.9373,-547.5026,1.0298698,2.9168088,359.60358
1970-01-01 17:11:30,1578.3468,163.10991,-711.0529,8.345094,15.38515,0.49972087
1970-01-01 17:11:31,1452.5391,159.84317,-1088.2391,7.587322,8.082012,359.29077
1970-01-01 17:11:32,1442.1272,157.71057,-959.5412,7.5663266,5.070242,359.85486
1970-01-01 17:11:33,1575.6321,148.31749,-1027.2069,0.97941583,6.490486,359.39282
1970-01-01 17:11:34,1485.2368,157.60297,-869.9884,-1.4710251,5.8730364,359.1469
1970-01-01 17:11:35,1429.7726,160.14316,-1113.0656,4.0310636,4.255385,359.9584
1970-01-01 17:11:36,1500.7164,154.17429,-934.88745,2.9239914,-7.722028,0.13323122
1970-01-01 17:11:37,1357.0835,156.55939,-935.78973,4.6446915,9.800944,359.418
1970-01-01 17:11:38,1353.4475,159.3142,-1016.70197,1.9225378,3.4017184,359.70593
1970-01-01 17:11:39,1535.0525,165.40724,-918.59064,-1.1338782,7.615395,1.3963776
1970-01-01 17:11:40,1454.699,154.7923,-846.5444,-0.17647715,1.1104751,1.6700895
1970-01-01 17:11:41,1292.6211,152.57228,-961.35516,5.6472583,-6.226257,2.6401503
1970-01-01 17:11:42,1152.1777,155.30397,-589.1576,7.9494996,3.861277,1.5859915
1970-01-01 17:11:43,1266.8591,158.57484,-908.09784,3.0005784,-9.107633,3.3711298
1970-01-01 17:11:44,1219.2776,160.21468,-812.3813,5.4254355,0.8230951,2.4205298
1970-01-01 17:11:45,1349.9818,162.35896,-1162.646,-4.110389,-16.646679,3.350866
1970-01-01 17:11:46,1293.4374,161.52646,-971.65076,-2.342294,-0.89342564,1.693759
1970-01-01 17:11:47,1218.8827,152.66054,-756.2976,2.0319788,-3.9180834,2.4078238
1970-01-01 17:11:48,1081.0005,161.89555,-764.132,2.9131129,7.523164,1.0314229
1970-01-01 17:11:49,1196.1582,159.52585,-617.1919,-0.10054167,-0.14594248,2.5205007
1970-01-01 17:11:50,1163.8405,156.40599,-967.26117,-0.72869,-11.842121,1.5190845
1970-01-01 17:11:51,1210.8085,158.84164,-877.75323,0.16982797,-13.253931,1.0270041
1970-01-01 17:11:52,1207.2815,155.74963,-857.5887,2.0812438,-15.154714,359.19235
1970-01-01 17:11:53,1261.6589,156.18068,-672.5282,-2.0996132,-9.319582,358.53397
1970-01-01 17:11:54,1180.642,156.90596,-655.6093,5.4830985,2.7905774,357.38855
1970-01-01 17:11:55,1023.3661,157.78719,-1039.2357,2.1246648,-13.182848,357.67404
1970-01-01 17:11:56,1095.9586,161.19043,-783.04517,-1.9381464,0.38549107,357.6973
1970-01-01 17:11:57,1009.17413,164.20215,-753.63544,-0.6090844,19.712112,357.4885
1970-01-01 17:11:58,1103.0159,158.01646,-671.2686,-0.08651691,-11.497993,359.0439
1970-01-01 17:11:59,936.9755,164.5243,-792.759,2.536127,7.736732,359.92087
