timestamp,altmsl,ias,vspd,pitch,roll,hdg
1970-01-01 22:13:20,3.9339292,125.75301,903.5369,6.2334304,-5.409271,359.40506
1970-01-01 22:13:21,-18.06679,120.43944,1046.8773,5.283538,9.976111,359.61057
1970-01-01 22:13:22,-21.798151,122.592354,423.04355,7.9325023,-19.048283,359.80878
1970-01-01 22:13:23,140.40773,124.52378,988.06866,3.8566782,2.750377,359.41342
1970-01-01 22:13:24,-19.327883,118.28436,963.5166,4.897088,-4.724266,358.128
1970-01-01 22:13:25,21.740484,120.60179,644.62415,-1.5884005,-11.669181,357.8729
1970-01-01 22:13:26,116.1054,120.42681,683.4133,2.8126054,-3.2576392,357.69363
1970-01-01 22:13:27,47.157185,127.314156,726.55426,1.9965378,7.426364,357.62558
1970-01-01 22:13:28,149.97226,116.21902,670.69775,-0.71084005,-4.5730815,359.50742
1970-01-01 22:13:29,202.57927,118.91131,783.12006,3.6640573,6.1914716,0.2937805
1970-01-01 22:13:30,316.42145,124.119026,572.3557,-1.2168975,8.218817,1.0622427
1970-01-01 22:13:31,-41.093246,126.21027,747.8702,2.2126703,10.844988,2.5149875
1970-01-01 22:13:32,88.465546,118.08233,896.14,-2.4633756,-2.8047373,3.2868764
1970-01-01 22:13:33,268.746,119.52753,803.51874,-4.542549,-2.7255313,3.8147128
1970-01-01 22:13:34,-30.149063,127.330765,872.41986,0.052766096,-1.5241513,4.2214913
1970-01-01 22:13:35,189.69286,116.327736,711.87714,1.6476737,12.432402,3.6562574
1970-01-01 22:13:36,158.34502,118.291275,936.7246,1.69672,12.473693,4.7071614
1970-01-01 22:13:37,333.1817,119.74317,534.7229,4.8166375,0.4529362,3.633608
1970-01-01 22:13:38,207.93521,113.06167,603.3469,4.716163,1.5685095,4.1530895
1970-01-01 22:13:39,158.7785,125.40996,1003.22235,3.7060828,-16.788727,3.5703025
1970-01-01 22:13:40,327.93002,115.90861,938.18695,0.88878566,9.296957,3.513499
1970-01-01 22:13:41,251.62247,119.59493,813.3648,-0.8671417,-4.4409933,4.0038466
1970-01-01 22:13:42,475.5184,119.50697,1101.4192,1.6551039,7.803111,4.9080725
1970-01-01 22:13:43,354.73016,116.19321,801.7605,-0.844021,1.7941047,5.4990864
1970-01-01 22:13:44,378.90195,121.90006,799.8859,0.8602888,4.4905925,4.8867183
1970-01-01 22:13:45,402.6438,126.7216,840.29456,1.8607327,4.6623797,4.572069
1970-01-01 22:13:46,396.46796,111.452415,734.2751,5.804795,9.522433,4.325311
1970-01-01 22:13:47,324.79495,122.55357,692.85364,2.7688854,-8.04351,3.3301518
1970-01-01 22:13:48,420.2689,120.45385,727.9903,-2.9153097,-3.0296798,3.8243906
1970-01-01 22:13:49,446.66135,131.46219,892.97833,7.3471665,-3.3496163,4.5226154
1970-01-01 22:13:50,333.87396,122.039055,905.29926,3.1135135,6.7272444,4.83987
1970-01-01 22:13:51,640.7481,117.573395,700.0817,2.026279,11.512785,4.4640574
1970-01-01 22:13:52,384.17587,119.480576,416.1045,1.3078794,2.8664072,4.938973
1970-01-01 22:13:53,534.02423,122.67998,614.05865,2.5155342,10.287892,3.7230637
1970-01-01 22:13:54,447.70682,120.64075,1091.6501,7.924075,24.860043,2.3062923
1970-01-01 22:13:55,370.85928,121.19939,748.62555,2.681587,-5.1326656,2.435647
1970-01-01 22:13:56,347.19943,118.16683,850.44855,-1.2770108,16.396881,1.1164998
1970-01-01 22:13:57,614.83844,125.69506,763.1355,7.4697742,-6.521024,1.4121315
1970-01-01 22:13:58,529.35974,125.04785,648.8265,1.8994272,6.7435493,1.3664416
1970-01-01 22:13:59,500.46942,117.0957,1058.9805,-5.3748145,-4.7153935,0.8421908
1970-01-01 22:14:00,603.561,120.243065,272.5382,0.74179,14.213226,1.108763
1970-01-01 22:14:01,640.53186,127.02065,454.77646,0.95317,-9.914316,0.37535933
1970-01-01 22:14:02,645.42175,116.67848,568.0765,,2.7344973,1.4364423
1970-01-01 22:14:03,571.27185,118.3762,973.5942,1.1380233,22.873934,2.2864075
1970-01-01 22:14:04,684.3972,121.64756,679.94653,2.3158462,2.367502,2.4866788
1970-01-01 22:14:05,439.9527,119.977905,945.19855,3.4896789,8.644186,0.77809054
1970-01-01 22:14:06,764.1111,110.51852,1102.8008,0.54726565,-12.255464,0.8346578
1970-01-01 22:14:07,510.04312,123.6428,906.9414,3.8116448,0.7568507,0.010801524
1970-01-01 22:14:08,689.2939,121.08699,1072.7828,3.4528599,-0.95507044,0.64864343
1970-01-01 22:14:09,634.5163,124.67458,631.29755,1.2080412,-7.696206,0.6004369
1970-01-01 22:14:10,685.74524,119.61587,1025.9323,4.4350986,-18.797249,359.48633
1970-01-01 22:14:11,705.6899,,558.7461,3.086072,-5.4448113,359.20844
1970-01-01 22:14:12,758.91425,119.66975,691.62775,-2.9689858,-5.6866994,0.019721478
1970-01-01 22:14:13,651.4088,119.52272,607.5325,2.352838,8.151484,359.89673
1970-01-01 22:14:14,718.0132,123.81276,963.7931,4.136669,-8.413905,0.7130284
1970-01-01 22:14:15,776.9726,123.014984,495.93695,-0.30475745,-9.727056,0.27766588
1970-01-01 22:14:16,617.0965,124.87316,790.2129,2.1145384,13.842169,0.10379435
1970-01-01 22:14:17,865.3159,118.37319,879.3617,4.586559,8.179277,1.4643953
1970-01-01 22:14:18,689.0922,124.04045,652.1423,4.1420965,-7.656979,1.2348201
1970-01-01 22:14:19,943.63446,119.83093,751.82385,7.700308,6.6042,1.5541891
1970-01-01 22:14:20,755.68335,118.92839,861.02075,0.14851095,4.2586503,1.4150249
1970-01-01 22:14:21,833.63995,121.32494,812.64197,2.3044348,5.5286474,1.3063062
1970-01-01 22:14:22,811.9422,123.64892,884.8893,-0.031056967,12.605351,1.0399065
1970-01-01 22:14:23,777.5266,119.96391,755.6719,0.99186707,5.2425966,0.27795592
1970-01-01 22:14:24,748.4062,127.32838,422.73444,1.3534966,-3.4817135,0.54396147
1970-01-01 22:14:25,899.8792,125.555954,812.1079,-3.669682,-4.9267344,2.0842075
1970-01-01 22:14:26,792.87244,124.10892,1120.5626,1.0214487,-3.2811742,2.4608345
1970-01-01 22:14:27,962.49365,119.162994,789.05145,-6.76134,-7.520317,2.6545465
1970-01-01 22:14:28,920.65466,114.89536,786.2622,-1.2338856,-4.3014693,2.5900843
1970-01-01 22:14:29,900.36664,117.42768,864.5127,-1.2031976,7.712027,1.9854294
1970-01-01 22:14:30,1000.3043,113.85287,557.7881,1.7789606,21.09442,0.11066487
1970-01-01 22:14:31,1024.9733,119.79962,793.78455,0.4315299,-4.159769,0.5828675
1970-01-01 22:14:32,1013.7529,112.85097,780.54565,-0.7987731,-11.784645,0.4794257
1970-01-01 22:14:33,962.01385,124.631546,985.72363,-1.5037187,-1.5780312,359.4198
1970-01-01 22:14:34,1013.3621,121.55197,1065.0093,3.8783312,-0.43165693,358.39282
1970-01-01 22:14:35,985.01544,122.9205,783.7255,0.58138233,-4.127095,359.46982
1970-01-01 22:14:36,977.9396,124.440414,920.08954,3.238909,2.0540001,1.3859739
1970-01-01 22:14:37,1030.188,119.75293,624.094,3.0356753,-6.537573,1.8171126
1970-01-01 22:14:38,1119.9163,118.41453,593.2454,3.6666293,9.294198,3.0252361
1970-01-01 22:14:39,984.6088,125.30202,333.20242,4.036258,4.2648582,2.761842
1970-01-01 22:14:40,1066.6473,115.83952,926.5239,3.4455802,-5.9657145,3.6397254
1970-01-01 22:14:41,999.45404,116.33024,910.1466,0.5707328,-3.3053339,3.8674116
1970-01-01 22:14:42,,123.990105,809.3325,-1.868077,-7.724275,5.6780276
1970-01-01 22:14:43,1213.6935,117.80517,1021.1963,3.2505414,7.2920747,6.347876
1970-01-01 22:14:44,1065.3336,119.26695,583.2598,6.138421,-12.504205,7.041997
1970-01-01 22:14:45,1305.6428,126.70968,999.04816,4.0255876,-5.648583,8.23576
1970-01-01 22:14:46,1113.3986,119.611275,711.2465,1.6662209,-23.891449,9.203921
1970-01-01 22:14:47,1164.3624,118.85952,785.2011,3.3772871,-3.9942286,9.879173
1970-01-01 22:14:48,1054.965,124.65158,703.0466,2.0600836,9.706659,10.8333645
1970-01-01 22:14:49,1337.925,114.71585,1048.1025,3.470418,-5.09208,11.637723
1970-01-01 22:14:50,1268.9857,119.74611,708.5344,-1.1376368,-3.2508166,12.452352
1970-01-01 22:14:51,1319.0454,120.21218,983.2016,7.73869,5.3869553,12.627268
1970-01-01 22:14:52,1225.5342,124.29158,888.2078,0.18983372,17.255453,12.843183
1970-01-01 22:14:53,1381.6301,122.68918,837.1725,2.9761665,0.21821491,13.583319
1970-01-01 22:14:54,1269.3928,116.231865,703.2474,1.4098865,-10.902168,13.078279
1970-01-01 22:14:55,1350.5906,125.75294,803.78424,3.5400314,1.0729882,13.94444
1970-01-01 22:14:56,1277.954,124.34758,911.18695,3.3881495,5.9097514,14.001562
1970-01-01 22:14:57,1259.7307,119.30386,711.20026,5.512027,1.6277422,13.717172
1970-01-01 22:14:58,1216.579,124.62545,744.05347,-1.0201315,-1.2842909,12.705608
1970-01-01 22:14:59,1254.199,119.66181,1075.8591,3.2115507,-9.496069,14.168168
1970-01-01 22:15:00,1296.1421,118.27428,907.41766,1.9754469,-11.779608,13.877101
1970-01-01 22:15:01,1357.9116,118.52896,762.3921,-2.5091019,-7.995262,13.764702
1970-01-01 22:15:02,1472.7977,124.28846,905.12067,1.1233711,-2.388376,14.1975765
1970-01-01 22:15:03,1513.102,120.37379,1088.9783,1.5300896,-14.932541,15.950449
1970-01-01 22:15:04,1556.5376,123.78141,895.33984,4.8699093,4.1665897,15.739451
1970-01-01 22:15:05,1454.125,128.93146,635.0104,-1.8233287,-4.9046516,15.501479
1970-01-01 22:15:06,1436.9589,126.19419,833.17914,2.7760532,18.644268,16.559486
1970-01-01 22:15:07,1417.9752,113.30752,874.91205,0.04997372,-7.1111717,16.543144
1970-01-01 22:15:08,1536.9104,123.60992,924.39246,-0.78635,8.119038,15.915518
1970-01-01 22:15:09,1489.2899,119.200905,780.5966,9.114171,0.651335,15.535255
1970-01-01 22:15:10,1402.3445,124.70085,311.37885,-0.89615387,4.4294314,15.676776
1970-01-01 22:15:11,1529.0374,121.6254,1121.6089,-3.8193758,-1.2687995,16.598854
1970-01-01 22:15:12,1608.6666,117.6275,1173.1069,0.24443237,16.81242,17.720665
1970-01-01 22:15:13,1531.7637,123.97405,835.2221,3.124809,-6.7453403,17.449467
1970-01-01 22:15:14,1531.587,121.523895,666.6181,1.653639,4.3569355,18.24442
1970-01-01 22:15:15,1742.2532,115.39553,718.8569,-1.0530766,-2.3873985,18.792366
1970-01-01 22:15:16,1706.9601,118.68889,1184.575,4.7443604,4.6545033,19.464058
1970-01-01 22:15:17,1632.8582,124.197365,662.5984,-3.5334637,1.8902458,18.967672
1970-01-01 22:15:18,1541.1289,121.02932,932.4717,-3.775124,-2.2746296,19.10556
1970-01-01 22:15:19,1464.2012,122.65835,553.031,4.6341977,-7.6503096,22.036518
1970-01-01 22:15:20,1562.9789,121.145515,400.67422,,7.1432114,21.489496
1970-01-01 22:15:21,1650.6855,115.255875,790.815,0.06717287,-16.953516,21.337824
1970-01-01 22:15:22,1435.1262,123.41915,893.8657,6.33235,-9.767981,21.209738
1970-01-01 22:15:23,1568.6349,117.6432,921.5145,0.065158874,-15.685788,20.703823
1970-01-01 22:15:24,1518.0681,122.63902,1156.4202,5.6729703,13.427263,22.081133
1970-01-01 22:15:25,1682.5525,117.00051,819.86084,1.8624827,-5.256461,21.2979
1970-01-01 22:15:26,1693.8876,127.95007,833.5479,3.298713,-2.9217334,23.141512
1970-01-01 22:15:27,1751.0685,117.112885,786.6986,-4.3466506,4.1976733,22.10773
1970-01-01 22:15:28,1752.0016,120.36948,712.5409,-0.38491842,-0.8193935,24.047152
1970-01-01 22:15:29,1678.4203,117.76106,663.95764,0.96493393,8.103282,25.161337
1970-01-01 22:15:30,1873.4651,118.48816,909.1573,0.8004359,0.74279004,24.01017
1970-01-01 22:15:31,1721.6493,127.01564,687.323,3.36982,-7.202199,22.598253
1970-01-01 22:15:32,1703.5645,117.33034,708.40234,-1.4787077,-11.859735,22.958307
1970-01-01 22:15:33,1782.9856,122.96255,865.70886,4.336311,-4.8478904,23.75193
1970-01-01 22:15:34,1863.4613,123.93393,1101.2784,-3.9476757,5.6870813,22.700886
1970-01-01 22:15:35,1857.8674,119.03147,791.4868,-2.606021,-1.8596199,21.928112
1970-01-01 22:15:36,1882.6586,127.80797,323.2217,5.870728,-19.655325,21.49018
1970-01-01 22:15:37,1813.0792,118.39429,1058.21,2.985639,16.674713,19.709799
1970-01-01 22:15:38,1810.64,118.86872,1088.6621,1.3068354,-2.680029,17.680223
1970-01-01 22:15:39,2111.7302,119.540276,876.8343,-2.3278768,-0.020061795,18.010363
1970-01-01 22:15:40,1850.3134,118.5217,528.7873,3.8870888,-4.9523354,20.308184
1970-01-01 22:15:41,1859.9408,,831.73395,-1.9546489,5.761546,19.335571
1970-01-01 22:15:42,1843.5366,114.126114,778.70667,-1.2614365,-0.63558996,18.750847
1970-01-01 22:15:43,1993.6599,128.43912,827.05286,-0.55764246,3.0674396,17.30288
1970-01-01 22:15:44,1903.2084,121.22482,941.99615,1.427468,7.322308,17.602383
1970-01-01 22:15:45,1990.9604,123.64547,1004.67645,5.214756,-5.187875,16.849033
1970-01-01 22:15:46,1978.5046,122.03932,1002.3159,1.6519555,17.370956,15.73458
1970-01-01 22:15:47,2128.0486,124.99095,1049.9761,4.315549,-3.6450756,16.382553
1970-01-01 22:15:48,2037.3195,120.099075,729.1499,1.9734318,-3.5287921,16.972431
1970-01-01 22:15:49,1934.0258,114.5417,333.46237,-2.111698,-9.219528,17.052483
1970-01-01 22:15:50,2048.1897,120.16383,752.91486,-0.92751825,-4.992718,15.010393
1970-01-01 22:15:51,2206.8074,118.80714,964.09534,3.0023909,-13.765048,14.453378
1970-01-01 22:15:52,2110.9016,125.390015,672.1039,9.206096,-0.54522496,15.858962
1970-01-01 22:15:53,2073.0037,127.490166,714.89435,2.9482229,-7.1971865,17.739033
1970-01-01 22:15:54,2042.0723,129.57762,644.0721,5.387246,8.853136,17.443
1970-01-01 22:15:55,2094.3489,125.20722,848.0887,2.828555,1.647416,17.752121
1970-01-01 22:15:56,2118.4045,117.19283,693.66437,0.50894505,7.0742126,20.473145
1970-01-01 22:15:57,2061.3362,120.43802,741.3882,-0.51609045,-8.659547,21.563297
1970-01-01 22:15:58,1995.9639,122.89674,875.6418,0.82616246,-2.59745,21.7012
1970-01-01 22:15:59,2228.657,117.78834,425.0974,4.4142776,-2.1495621,21.270283
1970-01-01 22:16:00,2350.563,121.06658,881.159,-0.70020163,-12.984586,21.69907
1970-01-01 22:16:01,2099.3613,122.24677,966.86774,1.8404723,2.5147834,19.844725
1970-01-01 22:16:02,2295.3113,122.70852,489.98618,1.4820442,-3.9246948,19.861094
1970-01-01 22:16:03,2205.7834,126.492325,1038.057,-1.763345,1.8182411,20.965557
1970-01-01 22:16:04,2137.7913,118.72443,882.0786,0.31245005,2.0866027,21.833384
1970-01-01 22:16:05,2087.0798,124.26016,625.93207,-5.778903,-7.633829,21.308989
1970-01-01 22:16:06,2293.0408,127.07192,845.8494,-0.773086,3.9655282,22.077805
1970-01-01 22:16:07,2432.8591,120.204056,977.3743,1.6179914,16.897192,21.392365
1970-01-01 22:16:08,2408.9062,122.60938,783.3633,2.8148572,10.456614,22.129108
1970-01-01 22:16:09,2212.5427,118.83518,1201.7517,0.76953536,11.648541,21.48332
1970-01-01 22:16:10,2196.784,120.33353,555.8285,-1.6292188,11.767258,21.05957
1970-01-01 22:16:11,2326.854,122.6193,976.0188,4.6359973,3.3110673,20.18037
1970-01-01 22:16:12,,127.18165,735.47125,0.24949749,11.773358,20.122646
1970-01-01 22:16:13,2497.24,122.047585,932.6863,1.7307839,12.4277,20.851416
1970-01-01 22:16:14,2382.2559,121.55922,802.7616,-0.14485128,1.2203466,21.726961
1970-01-01 22:16:15,2243.998,118.05452,551.4498,4.8240705,-1.8636922,21.12858
1970-01-01 22:16:16,2359.572,116.72628,937.2326,0.9966638,-4.673829,19.547256
1970-01-01 22:16:17,2331.3127,124.01883,699.63025,3.8672862,7.7115054,17.679106
1970-01-01 22:16:18,2369.281,127.06119,691.27545,-2.2241817,4.753978,17.681866
1970-01-01 22:16:19,2393.7969,116.11967,1065.4027,-1.7786171,22.416428,15.907316
1970-01-01 22:16:20,2435.3887,123.4165,478.7057,2.1536636,16.595343,15.5315695
1970-01-01 22:16:21,2368.0486,122.54098,596.3976,0.55544704,-12.590501,15.976905
1970-01-01 22:16:22,2320.6333,120.70815,883.8767,4.5703297,5.629875,14.908778
1970-01-01 22:16:23,2454.214,127.40841,485.69537,3.8252747,1.5412179,13.028654
1970-01-01 22:16:24,2346.5857,121.30802,656.53314,0.08067901,14.497883,14.540215
1970-01-01 22:16:25,2465.0544,116.200386,713.4113,3.4203937,5.0231876,13.604824
1970-01-01 22:16:26,2419.6028,116.791626,887.81525,2.91264,-11.001335,12.964074
1970-01-01 22:16:27,2564.0122,126.97481,954.6509,3.753866,10.033705,12.69561
1970-01-01 22:16:28,2547.7817,120.54654,1533.6676,4.725963,10.538551,12.764994
1970-01-01 22:16:29,2424.07,122.1291,886.66296,3.2498171,19.78048,13.01725
1970-01-01 22:16:30,2615.9539,126.44023,732.6887,4.8924522,-0.47944233,12.151817
1970-01-01 22:16:31,2642.2795,115.40012,1044.9156,1.6295122,-12.941223,10.746628
1970-01-01 22:16:32,2467.7104,122.085236,269.65442,6.619015,-19.756212,11.789372
1970-01-01 22:16:33,2593.0425,114.8651,960.50006,1.406433,16.29771,13.372118
1970-01-01 22:16:34,2489.1816,115.085625,688.3599,4.7675104,5.8617377,12.903571
1970-01-01 22:16:35,2601.8596,124.64432,1017.74,-0.07455786,-19.345654,11.09897
1970-01-01 22:16:36,2627.755,118.984406,1264.6691,4.0861125,6.0205245,12.652666
1970-01-01 22:16:37,2600.7505,117.5938,876.8007,-1.1418641,-4.799992,11.872295
1970-01-01 22:16:38,2712.289,117.415306,882.07587,4.687574,12.229348,11.661231
1970-01-01 22:16:39,2579.9392,119.621376,689.0163,-2.661179,10.245105,10.265402
1970-01-01 22:16:40,2735.3647,119.849884,1069.7153,4.535016,-4.144525,12.30925
1970-01-01 22:16:41,2702.2268,123.51791,623.6493,2.5303717,-16.401472,13.198839
1970-01-01 22:16:42,2793.5735,123.16092,797.19305,5.069327,0.77128875,10.487619
1970-01-01 22:16:43,2776.9788,118.016396,1016.2626,0.36029616,11.633955,8.502093
1970-01-01 22:16:44,2742.778,124.05699,613.18365,-3.7624445,10.045013,7.4963474
1970-01-01 22:16:45,2750.0818,118.913635,866.4957,3.975662,3.5785189,6.102638
1970-01-01 22:16:46,2844.619,113.81919,828.6379,0.52326566,10.703199,8.349626
1970-01-01 22:16:47,2696.155,126.871864,809.6465,3.9958916,-2.6934702,6.4688725
1970-01-01 22:16:48,2792.3728,122.03759,1012.1653,3.8684127,-0.42476735,6.080064
1970-01-01 22:16:49,2818.8633,123.66378,781.24475,3.8824627,-14.869237,6.844453
1970-01-01 22:16:50,2779.9502,114.86105,769.90515,3.910831,-14.6476345,6.619177
1970-01-01 22:16:51,2787.078,121.867966,708.4415,2.978229,8.55152,6.678125
1970-01-01 22:16:52,2740.7607,127.84155,738.28925,2.6289866,6.9772596,6.388258
1970-01-01 22:16:53,2850.3564,114.519714,785.5966,-3.2541907,18.254633,5.462292
1970-01-01 22:16:54,2832.1545,117.28959,348.41373,0.5675211,9.65073,3.6937478
1970-01-01 22:16:55,3002.8472,121.32202,630.7366,-0.1331168,-15.3375635,4.446293
1970-01-01 22:16:56,2894.5208,121.745346,907.9591,-0.27183318,0.36460015,5.198013
1970-01-01 22:16:57,2793.6462,127.91276,908.30304,2.7708583,7.1475563,4.8185587
1970-01-01 22:16:58,2883.8098,118.15466,949.8009,1.3459716,9.567464,6.3585296
1970-01-01 22:16:59,3019.402,117.88743,592.3093,-0.33070418,7.737739,5.8365955
1970-01-01 22:17:00,3082.8162,125.16915,744.6514,-2.5238888,-0.51329947,4.6093354
1970-01-01 22:17:01,3010.388,128.44281,370.88156,-0.08702129,5.005688,4.177481
1970-01-01 22:17:02,2985.7588,120.88284,703.9383,2.1826546,2.841085,3.1558774
1970-01-01 22:17:03,3073.893,117.841354,831.0678,5.791657,-5.4697843,2.594059
1970-01-01 22:17:04,3058.3347,119.773186,836.3985,-7.2308826,12.655529,1.6478143
1970-01-01 22:17:05,3036.4165,119.41536,901.19525,3.8739748,7.8780556,1.4070663
1970-01-01 22:17:06,3055.0625,124.03599,807.61414,6.0484095,31.469242,0.81088334
1970-01-01 22:17:07,2953.2185,115.72347,519.8312,6.6018724,13.685945,0.38186917
1970-01-01 22:17:08,3214.8057,123.14848,697.97577,-1.3469665,-10.865876,0.23397249
1970-01-01 22:17:09,3119.1992,124.37776,605.602,5.8962936,-2.0269363,0.11749062
1970-01-01 22:17:10,3246.84,120.28578,646.5883,3.1576624,7.2517576,0.4423581
1970-01-01 22:17:11,2993.1367,121.60545,665.8639,2.3189943,7.1648183,359.54108
1970-01-01 22:17:12,3157.8752,125.18249,1110.9355,-2.4081361,-15.785841,359.9697
1970-01-01 22:17:13,3048.878,121.40057,743.51624,4.08703,-0.8504334,359.37033
1970-01-01 22:17:14,3025.6226,124.13554,794.48096,2.4202392,0.05068991,1.3885151
1970-01-01 22:17:15,,123.53987,666.5925,2.4747653,6.3846436,0.24037242
1970-01-01 22:17:16,3181.5242,117.716064,782.5573,2.4652495,-4.7399597,359.32245
1970-01-01 22:17:17,3273.9324,118.582,1010.99274,3.1961095,-7.86258,356.23138
1970-01-01 22:17:18,3196.4385,120.28656,858.0755,-1.2020972,11.488771,356.95172
1970-01-01 22:17:19,3199.0269,128.36406,693.7912,6.041628,-0.33504677,357.05472
1970-01-01 22:17:20,3088.7244,125.47597,1058.781,,-0.913086,356.67285
1970-01-01 22:17:21,3360.3699,122.305595,495.43408,2.5063636,26.724442,357.62317
1970-01-01 22:17:22,3360.328,120.670105,1157.5026,6.7370296,-12.974231,356.30237
1970-01-01 22:17:23,3271.1147,127.17069,634.26184,3.020745,1.34774,356.4234
1970-01-01 22:17:24,3230.0276,122.45596,582.4458,-6.7099767,-0.53849703,356.89212
1970-01-01 22:17:25,3353.1008,122.94926,788.1551,3.6992414,-5.101825,359.8347
1970-01-01 22:17:26,3212.825,122.0426,692.65765,-0.6578701,1.5450007,0.74030304
1970-01-01 22:17:27,3233.1333,120.96099,879.8798,6.391608,8.738197,359.96936
1970-01-01 22:17:28,3243.7988,119.5476,578.9288,1.9181484,-3.6821446,0.359298
1970-01-01 22:17:29,3500.324,120.336525,951.98987,5.1070724,3.2559803,358.8369
1970-01-01 22:17:30,3404.4324,125.3551,742.84985,0.89274937,13.620565,358.8899
1970-01-01 22:17:31,3356.435,112.56791,967.4125,1.6801974,-6.9561424,359.97928
1970-01-01 22:17:32,3416.2363,118.14152,800.31055,0.022260893,-14.975968,1.2965257
1970-01-01 22:17:33,3333.1365,130.42569,925.1,-0.6844931,6.9880834,0.5021041
1970-01-01 22:17:34,3407.4175,120.30494,849.13354,2.3473752,10.391996,0.6701955
1970-01-01 22:17:35,3524.6594,119.206985,701.8924,-0.047622517,3.8492372,0.82445246
1970-01-01 22:17:36,3602.9429,126.06255,956.5202,1.6999066,6.801118,0.14435956
1970-01-01 22:17:37,3484.1763,119.9191,835.26666,3.3070302,9.848641,359.523
1970-01-01 22:17:38,3464.1611,126.197365,928.92285,-3.7715724,11.0871725,359.18195
1970-01-01 22:17:39,3379.8213,115.201546,539.90955,3.2216408,10.249848,358.70016
1970-01-01 22:17:40,3560.7256,126.591156,562.0738,0.5871718,-4.7409325,358.14542
1970-01-01 22:17:41,3344.3535,112.58683,958.75665,2.2015355,5.812844,356.76575
1970-01-01 22:17:42,3441.5505,126.98255,872.60095,3.823456,5.4507575,356.88553
1970-01-01 22:17:43,3529.7163,124.035355,984.252,0.7125697,15.956021,358.70276
1970-01-01 22:17:44,3572.906,118.647766,804.8601,0.9376134,14.933203,359.38333
1970-01-01 22:17:45,3468.978,123.37597,631.53534,2.6754866,12.407631,359.26575
1970-01-01 22:17:46,3493.676,122.294106,946.7639,-0.17448504,-5.942086,0.11541625
1970-01-01 22:17:47,3687.012,120.92932,1012.8051,-1.3853269,-5.065508,358.08713
1970-01-01 22:17:48,3473.6006,118.84689,438.78555,-1.7589926,-2.190667,357.75934
1970-01-01 22:17:49,3649.6885,118.976456,832.26965,6.3260956,4.726615,359.53403
1970-01-01 22:17:50,3553.3484,125.856316,676.7358,-1.4106551,8.801107,358.60995
1970-01-01 22:17:51,3654.9575,124.06467,895.2456,-1.1203058,-1.0789598,356.7797
1970-01-01 22:17:52,3818.813,121.56497,526.5513,2.9994702,4.3803396,357.04446
1970-01-01 22:17:53,3515.2505,126.34314,635.1958,0.80244374,-13.988514,358.98483
1970-01-01 22:17:54,3814.9724,126.281235,822.9956,-0.89685255,1.1281503,358.32593
1970-01-01 22:17:55,3661.4202,125.33297,794.47437,6.7887383,-7.092106,0.1753295
1970-01-01 22:17:56,3732.4329,123.377144,545.06964,0.3822033,11.264464,0.5555621
1970-01-01 22:17:57,3627.6536,120.840775,776.98535,0.1504058,-14.2698345,359.23087
1970-01-01 22:17:58,3622.7104,120.51673,890.10846,2.5796325,-7.563051,0.45874414
1970-01-01 22:17:59,3747.407,117.99392,834.909,3.063104,-5.570666,0.8580452
1970-01-01 22:18:00,3695.3413,119.65041,865.28864,1.8514304,-5.437022,0.64201355
1970-01-01 22:18:01,3759.8428,116.305084,937.5888,-0.6068796,13.176448,1.0440053
1970-01-01 22:18:02,3643.3035,126.6398,730.87134,3.89406,-1.6925833,359.77133
1970-01-01 22:18:03,3885.4438,121.304756,815.8003,9.595343,-11.943036,2.039745
1970-01-01 22:18:04,3921.7222,120.04112,927.8562,-3.330331,4.8539076,3.2043862
1970-01-01 22:18:05,3894.6467,125.609085,558.6936,1.6604891,-10.68569,3.44822
1970-01-01 22:18:06,3791.576,121.12296,650.1473,2.0282552,-0.78607064,5.327146
1970-01-01 22:18:07,3737.4524,122.90635,307.78226,-0.07981596,5.6250987,4.114402
1970-01-01 22:18:08,3821.235,116.619514,770.03345,3.8931184,19.253962,7.1260443
1970-01-01 22:18:09,3890.6936,117.64369,1004.9575,3.1142309,13.480063,7.6238074
1970-01-01 22:18:10,3887.7954,119.17073,719.934,5.8937583,9.549233,8.208015
1970-01-01 22:18:11,3888.9827,118.31066,789.42236,-5.935468,4.177656,9.079185
1970-01-01 22:18:12,3871.2983,119.210236,853.9556,8.665795,7.717189,8.884191
1970-01-01 22:18:13,3879.495,111.85794,934.46545,-0.28981173,8.912576,9.02938
1970-01-01 22:18:14,,124.09021,497.0332,3.8360286,12.002365,7.475041
1970-01-01 22:18:15,4007.2727,126.37958,882.6448,6.6532187,0.10124325,8.133478
1970-01-01 22:18:16,4063.236,116.93177,1001.6967,3.3828766,-0.62800634,9.547969
1970-01-01 22:18:17,4056.568,125.53022,1323.4412,-0.59825045,5.0977063,8.9703
1970-01-01 22:18:18,3922.697,122.58674,726.72266,5.0655327,7.984505,9.080206
1970-01-01 22:18:19,3986.0813,117.31902,869.5717,3.487696,6.501475,9.921124
1970-01-01 22:18:20,4101.1187,122.36239,1022.4975,4.653853,1.6213751,9.96637
1970-01-01 22:18:21,3960.4172,114.521645,906.4464,3.1092486,12.058973,11.577323
1970-01-01 22:18:22,4059.2634,117.28467,1107.1842,2.748314,4.6697497,12.87252
1970-01-01 22:18:23,4081.834,124.37487,908.9489,3.005196,3.568133,12.357448
1970-01-01 22:18:24,4136.064,120.75452,512.8811,6.181365,13.831657,13.971502
1970-01-01 22:18:25,4170.985,128.1673,752.0848,-3.057779,3.1710026,15.597848
1970-01-01 22:18:26,4061.043,122.954414,632.2637,2.6738644,-9.357481,16.880962
1970-01-01 22:18:27,4126.785,120.80575,656.3577,1.2398717,-8.445303,17.929707
1970-01-01 22:18:28,4224.994,121.55135,1045.7913,-0.5572895,2.944576,17.8524
1970-01-01 22:18:29,4163.264,123.77518,717.2451,6.2688923,-23.408497,18.78842
1970-01-01 22:18:30,4135.4175,118.06091,667.2489,2.2091496,1.6049432,19.525036
1970-01-01 22:18:31,4109.571,120.67341,714.13416,3.9895852,6.471846,19.110395
1970-01-01 22:18:32,4132.6416,111.60964,780.66315,-0.85096127,-8.614209,19.554045
1970-01-01 22:18:33,4073.7024,,824.3999,-0.14833272,12.797643,20.078308
1970-01-01 22:18:34,4164.5693,122.62678,698.00366,0.9043697,4.3965793,21.057306
1970-01-01 22:18:35,4280.71,122.76972,765.64923,3.067454,-9.60361,21.849289
1970-01-01 22:18:36,4087.9563,127.3696,511.48886,5.3302984,7.3011346,21.082556
1970-01-01 22:18:37,4357.6494,131.02515,615.24084,2.0842385,2.3527997,21.368927
1970-01-01 22:18:38,4331.0444,125.80386,766.11334,5.486402,-8.877896,21.125477
1970-01-01 22:18:39,4294.0215,123.24698,591.35406,4.7036095,0.066429116,20.5221
1970-01-01 22:18:40,4303.636,123.091415,516.2701,1.5617648,8.019804,20.252323
1970-01-01 22:18:41,4356.738,116.64743,782.37946,2.8815026,-3.3349416,21.461933
1970-01-01 22:18:42,4312.04,123.33547,929.54486,2.460217,-4.907837,20.766766
1970-01-01 22:18:43,4185.2666,129.21266,920.977,1.2724941,7.429819,21.491116
1970-01-01 22:18:44,4252.4634,120.0047,1075.2632,3.092813,-0.72782403,21.767523
1970-01-01 22:18:45,4367.8047,124.65417,776.38354,1.0150157,-6.7791677,21.930456
1970-01-01 22:18:46,4388.0083,131.58344,777.1663,2.3530655,3.5684102,22.948069
1970-01-01 22:18:47,4376.0127,127.69497,604.6618,4.6341014,-13.831397,24.409506
1970-01-01 22:18:48,4370.9014,117.87241,635.86475,4.721482,-14.128746,23.255964
1970-01-01 22:18:49,4291.4243,120.209236,1070.3256,6.893646,-1.3524985,22.142033
1970-01-01 22:18:50,4327.964,111.72499,995.4271,3.679541,-18.429773,20.049372
1970-01-01 22:18:51,4461.2856,123.245766,932.8378,0.4535062,6.060557,19.802797
1970-01-01 22:18:52,4401.222,123.79988,982.3326,-0.41750863,3.254281,19.468605
1970-01-01 22:18:53,4441.2466,119.57293,1013.07056,-0.92195153,0.35666087,19.77233
1970-01-01 22:18:54,4532.8716,119.22675,794.34546,0.10147491,3.7851684,18.082724
1970-01-01 22:18:55,4375.623,120.03233,901.4391,2.6650054,-7.043884,18.389149
1970-01-01 22:18:56,4507.898,115.41008,1183.9802,0.7348032,12.193122,17.87816
1970-01-01 22:18:57,4432.9385,127.96049,1077.4218,0.83453876,14.324225,16.666754
1970-01-01 22:18:58,4534.145,121.32897,941.6137,0.2911415,-10.4919,17.098679
1970-01-01 22:18:59,4577.4307,116.18478,568.2166,4.3781247,-15.416137,16.819252
1970-01-01 22:19:00,4551.257,120.08163,607.3187,6.939566,-9.299193,16.218096
1970-01-01 22:19:01,4511.0205,124.15595,542.8178,-2.9640365,4.9690423,14.468346
1970-01-01 22:19:02,4528.264,126.44688,465.16812,-1.1529808,11.45109,13.599405
1970-01-01 22:19:03,4618.5757,123.49176,727.4566,2.984419,-24.071608,14.916502
1970-01-01 22:19:04,4672.1904,122.80674,896.9562,3.1319256,11.394195,13.960834
1970-01-01 22:19:05,4620.137,122.45431,592.12524,5.7598934,2.3578396,15.981491
1970-01-01 22:19:06,4555.218,123.00281,423.66623,3.2241688,-1.0839201,15.738314
1970-01-01 22:19:07,4587.0337,118.274734,590.7686,2.670366,3.5778153,17.425375
1970-01-01 22:19:08,4871.8184,123.966835,1099.8635,0.855634,9.8973255,18.594404
1970-01-01 22:19:09,4604.572,131.55142,699.32275,2.037216,-11.414221,20.41499
1970-01-01 22:19:10,4620.286,122.58561,529.69403,0.87586653,4.8087583,21.102211
1970-01-01 22:19:11,4762.883,119.93096,1030.3325,5.2226353,5.260906,19.727201
1970-01-01 22:19:12,4834.5493,116.73526,1138.786,1.8832972,4.7172065,19.491917
1970-01-01 22:19:13,4645.151,121.348816,656.9716,-0.5671836,,21.809067
1970-01-01 22:19:14,4801.8813,123.696365,752.7697,1.8127022,-19.101645,20.133986
1970-01-01 22:19:15,4809.2783,117.912155,1054.094,-1.1627436,-2.6978679,18.341545
1970-01-01 22:19:16,4759.838,119.37186,683.4021,5.0114055,17.444502,17.489296
1970-01-01 22:19:17,4702.012,116.78091,623.58246,1.0608227,-6.1537356,15.340801
1970-01-01 22:19:18,4755.204,124.869026,764.9049,3.6143315,2.9807646,16.058977
1970-01-01 22:19:19,4698.335,124.344696,942.33014,2.5722418,12.704771,17.197117
1970-01-01 22:19:20,4826.4062,121.63318,669.6774,6.243471,2.4340348,17.21233
1970-01-01 22:19:21,4815.284,121.65204,593.85297,4.163094,4.497548,18.365353
1970-01-01 22:19:22,4706.9375,123.27923,650.14215,2.42078,-11.798657,18.639277
1970-01-01 22:19:23,4890.878,123.91093,600.99225,1.4949447,-4.6288295,19.016289
1970-01-01 22:19:24,4849.1074,124.19542,843.592,0.8201904,4.687921,19.705585
1970-01-01 22:19:25,4896.1543,118.9815,845.9227,4.63825,7.3273797,19.931118
1970-01-01 22:19:26,4971.7144,127.19454,958.2707,2.4024005,14.899894,17.408886
1970-01-01 22:19:27,4953.895,120.66864,692.69885,-0.7201577,-17.64885,18.005737
1970-01-01 22:19:28,4918.392,119.3539,554.6388,2.070018,1.0503001,16.766312
1970-01-01 22:19:29,4843.7646,125.25945,777.3096,3.1529531,-2.553493,16.54418
1970-01-01 22:19:30,4910.4814,118.239494,470.41855,0.70724255,-16.707903,15.933848
1970-01-01 22:19:31,4886.921,123.69037,906.42676,4.485829,-12.805853,17.165516
1970-01-01 22:19:32,5037.8813,122.69482,934.28955,-4.1564574,6.6336775,16.245848
1970-01-01 22:19:33,4945.496,126.85683,867.29956,2.1289465,,15.117091
1970-01-01 22:19:34,4937.7876,119.41683,738.24817,2.8253043,2.5635743,15.080621
1970-01-01 22:19:35,5171.4443,117.91112,894.0655,5.2406216,2.2054706,14.795799
1970-01-01 22:19:36,5089.9365,117.80873,561.9413,5.1605096,-3.31486,13.558883
1970-01-01 22:19:37,5332.5747,115.35709,666.75183,4.358346,14.778053,13.516989
1970-01-01 22:19:38,5046.3613,126.006386,1055.6941,1.5136526,1.6911672,13.81053
1970-01-01 22:19:39,5125.503,128.81763,887.0517,1.3545216,-10.107586,12.3828745
1970-01-01 22:19:40,5173.7793,121.74008,573.0901,0.56236744,-5.1291575,11.587683
1970-01-01 22:19:41,5213.0693,120.57017,767.55695,-2.0793037,-0.12163536,11.0932
1970-01-01 22:19:42,5067.3486,126.49445,1078.0262,3.5581787,-16.528332,10.109884
1970-01-01 22:19:43,5062.776,121.70518,789.42163,6.2424493,-1.2586255,12.844873
1970-01-01 22:19:44,5042.409,120.83445,865.4621,4.398509,17.579227,14.117624
1970-01-01 22:19:45,5212.7764,115.56246,370.16336,3.089713,2.58919,13.28998
1970-01-01 22:19:46,5352.639,128.33167,652.24054,4.406912,11.388788,13.418083
1970-01-01 22:19:47,5187.36,116.89264,801.7713,1.5384666,7.5831337,12.268985
1970-01-01 22:19:48,5232.634,120.12563,834.3443,-2.9266534,9.267355,12.010714
1970-01-01 22:19:49,5214.7954,124.64814,557.1745,-2.2853932,-14.845357,12.045446
1970-01-01 22:19:50,5072.94,128.0751,886.8047,-1.2259955,6.4975157,10.147283
1970-01-01 22:19:51,5089.1353,127.56636,1086.5884,3.018216,1.8853052,9.13657
1970-01-01 22:19:52,5390.5444,124.69612,882.93634,1.4540957,7.42568,9.242132
1970-01-01 22:19:53,5239.9077,120.51327,977.803,-0.380169,-11.336796,9.600655
1970-01-01 22:19:54,5254.313,122.46298,547.1337,0.80249935,13.994182,8.617204
1970-01-01 22:19:55,5193.7207,116.94838,1003.8356,6.590515,-7.248361,10.152204
1970-01-01 22:19:56,5271.9604,119.74901,856.5061,4.0721064,-2.4636388,7.6437874
1970-01-01 22:19:57,5400.3286,121.39125,902.6161,-0.5024188,9.30351,6.447446
1970-01-01 22:19:58,5194.3022,119.626335,442.7997,1.6714437,-0.1270895,8.241514
1970-01-01 22:19:59,5367.481,117.923004,457.8899,2.0626495,-5.309111,7.380985
1970-01-01 22:20:00,5263.317,121.731766,733.5742,3.7267838,7.8701477,7.27305
1970-01-01 22:20:01,5255.6094,127.19764,681.00684,2.687772,9.72833,7.5317664
1970-01-01 22:20:02,5220.4146,122.750374,1033.6559,-3.500891,-6.180729,6.260138
1970-01-01 22:20:03,5542.9243,120.312294,883.5598,3.1478236,-5.402543,4.7924175
1970-01-01 22:20:04,5380.9062,,871.4963,0.99311167,-4.4444146,5.106707
1970-01-01 22:20:05,5556.6875,117.32437,642.4709,3.1490943,-7.1727343,3.6315172
1970-01-01 22:20:06,5586.6045,126.14272,790.77026,1.5952926,-2.752186,4.5397005
1970-01-01 22:20:07,5620.8564,119.33051,956.2097,4.264395,-4.629212,6.4029365
1970-01-01 22:20:08,5550.787,120.73334,767.1896,8.004972,6.337019,6.974923
1970-01-01 22:20:09,5496.2607,118.91191,1111.611,-3.6495073,7.3308578,8.133071
1970-01-01 22:20:10,5644.7188,130.98227,923.364,-0.13451451,-1.8683228,7.8093953
1970-01-01 22:20:11,5507.2773,126.39758,676.0557,1.9860498,,8.008134
1970-01-01 22:20:12,5619.8564,122.43821,,2.4277673,4.9481897,8.828015
1970-01-01 22:20:13,5529.8706,112.870384,613.2471,0.04654318,-12.402975,7.843736
1970-01-01 22:20:14,5577.929,121.3731,975.33826,1.9364276,2.1014276,7.7141447
1970-01-01 22:20:15,5693.5894,128.87564,389.93692,0.5417047,-9.520846,4.9121976
1970-01-01 22:20:16,5563.4087,130.90962,905.7973,3.0254674,,4.5920377
1970-01-01 22:20:17,5650.5845,122.54933,904.72205,3.5973923,-5.4615183,3.4381628
1970-01-01 22:20:18,5615.6655,120.47789,941.47,5.560125,-9.442584,2.6566992
1970-01-01 22:20:19,5499.1016,130.56512,1034.6017,8.735577,0.92195123,1.9077865
1970-01-01 22:20:20,5508.8335,118.06978,855.48444,-0.26052654,-12.946625,2.8145459
1970-01-01 22:20:21,5686.9004,121.27181,663.2256,3.0910435,0.6845876,3.7765958
1970-01-01 22:20:22,5656.8364,128.78848,441.15256,3.9078295,11.084733,3.8748248
1970-01-01 22:20:23,5654.281,121.26042,577.93585,0.51610863,-1.2887088,2.4048028
1970-01-01 22:20:24,5777.459,128.59691,788.3996,4.5215993,-7.257527,0.45295495
1970-01-01 22:20:25,5732.8745,119.37609,764.9508,-3.381286,-10.635205,0.27699956
1970-01-01 22:20:26,5783.202,109.54858,686.72626,3.2092555,1.9531529,359.3685
1970-01-01 22:20:27,5815.866,114.23324,1085.9069,5.034354,-26.295872,358.9572
1970-01-01 22:20:28,5683.2607,124.16928,1066.0671,0.48167726,11.009117,358.3577
1970-01-01 22:20:29,5731.8516,120.62337,825.6928,-0.91081023,5.0959272,358.70773
1970-01-01 22:20:30,5836.81,122.29333,742.2185,7.399635,1.3829262,358.30176
1970-01-01 22:20:31,5763.8115,132.2304,503.73846,3.9076962,-6.4497385,358.4536
1970-01-01 22:20:32,5794.611,119.94041,823.7804,-0.9759315,10.494433,358.0518
1970-01-01 22:20:33,5768.0605,128.35117,816.6486,7.4463,4.16022,359.52615
1970-01-01 22:20:34,5826.122,128.4948,893.42633,2.736364,9.779833,359.12756
1970-01-01 22:20:35,5863.005,117.33183,958.65076,3.7889576,1.2542053,358.88516
1970-01-01 22:20:36,5967.2485,124.950676,1121.8687,-0.21013813,6.052322,357.79874
1970-01-01 22:20:37,5966.568,119.03664,848.1843,3.4346323,10.824534,356.3595
1970-01-01 22:20:38,5886.522,113.28175,843.20776,3.5277526,3.908124,357.23813
1970-01-01 22:20:39,5933.517,109.783295,699.5926,-0.7481529,-4.76589,358.55417
1970-01-01 22:20:40,6003.1143,124.8754,971.37103,3.5092728,-7.378994,356.7807
1970-01-01 22:20:41,5816.3994,119.015945,614.9331,4.387994,-1.3447248,356.66644
1970-01-01 22:20:42,5846.0474,126.82403,803.7872,2.5547981,12.291696,358.76624
1970-01-01 22:20:43,6059.7153,125.71079,,-0.15096904,-6.340465,359.0384
1970-01-01 22:20:44,5978.9385,128.06427,731.22253,-0.4007523,-3.0895681,358.3849
1970-01-01 22:20:45,5960.413,118.99386,1036.4271,5.296378,-8.9652815,357.9222
1970-01-01 22:20:46,5917.41,123.00159,810.3952,-0.5190418,12.275012,358.9087
1970-01-01 22:20:47,5942.5083,124.92304,807.2896,-0.43444294,-0.8785032,359.64215
1970-01-01 22:20:48,6016.3105,118.45623,586.13763,-3.6939044,-1.1675711,359.85623
1970-01-01 22:20:49,5966.5894,118.55408,1194.1411,4.622599,-11.925616,0.019139942
1970-01-01 22:20:50,6134.44,122.19629,731.42584,4.663315,-0.83316535,2.0384965
1970-01-01 22:20:51,5935.2046,123.77945,839.7327,6.242992,12.357018,2.405429
1970-01-01 22:20:52,5828.1963,126.98283,1013.44977,2.6218479,-8.675351,2.2041786
1970-01-01 22:20:53,6125.8535,122.44184,541.82715,8.300147,-25.456549,1.3778847
1970-01-01 22:20:54,6020.9287,115.901146,853.1426,2.390147,-10.527156,0.32999215
1970-01-01 22:20:55,6070.7925,118.12175,497.05276,-4.2485933,9.776347,2.1880126
1970-01-01 22:20:56,6059.854,118.00493,1020.48236,1.3074268,3.1010962,2.183878
1970-01-01 22:20:57,6126.622,121.701065,853.0081,-0.14975081,3.91073,1.7336332
1970-01-01 22:20:58,6094.0547,124.68552,728.9491,-0.0023996714,-2.9608793,1.8204015
1970-01-01 22:20:59,6210.7812,125.71053,721.92664,2.286252,-7.4093175,1.1201566
1970-01-01 22:21:00,5965.124,120.65474,624.5148,0.3249263,3.8273044,1.1045092
1970-01-01 22:21:01,6157.004,123.68821,1016.57245,-1.9624892,-2.3266435,0.96928066
1970-01-01 22:21:02,6076.6323,127.22253,905.3685,4.0670633,3.2674322,0.009266969
1970-01-01 22:21:03,6297.1504,118.8448,628.9602,2.205202,,1.9350848
1970-01-01 22:21:04,6318.0015,130.70377,613.236,-0.41285077,17.535366,0.6796052
1970-01-01 22:21:05,6251.799,119.355156,726.49036,-0.832056,-17.021833,1.4908783
1970-01-01 22:21:06,6234.2134,125.67651,729.9576,7.2059855,0.9391414,1.778786
1970-01-01 22:21:07,6225.855,121.80954,1038.4114,0.344509,-5.498075,1.0320355
1970-01-01 22:21:08,6251.8867,117.20071,1428.1804,-0.603729,-25.116713,2.0130556
1970-01-01 22:21:09,6241.819,127.539825,1177.1423,3.8894196,0.16313148,3.4698076
1970-01-01 22:21:10,6198.053,113.324005,784.5788,4.3037624,-14.63217,2.4044383
1970-01-01 22:21:11,6444.9897,118.49377,707.9246,2.6759596,-13.916086,1.6889559
1970-01-01 22:21:12,6400.8813,117.609856,735.3804,2.9844759,-8.260616,3.2468684
1970-01-01 22:21:13,6241.083,119.809235,736.16736,7.1656604,-0.12014888,3.4894738
1970-01-01 22:21:14,6511.599,127.15494,942.3097,3.1023853,10.462829,3.03335
1970-01-01 22:21:15,6260.781,127.652016,467.25418,1.8110366,8.336088,3.6544564
1970-01-01 22:21:16,6474.6313,121.89181,944.7877,5.2130556,-20.865606,4.344813
1970-01-01 22:21:17,6450.4893,130.97217,372.45132,0.542707,1.3614086,6.4587145
1970-01-01 22:21:18,6415.921,119.01417,908.5018,0.690321,-24.388926,5.2583094
1970-01-01 22:21:19,6478.194,128.66624,833.63635,3.8169432,10.64465,6.44394
1970-01-01 22:21:20,6403.186,,900.14813,3.066521,-16.266264,6.601463
1970-01-01 22:21:21,6517.402,128.10693,724.7805,4.3077087,15.839401,7.3376274
1970-01-01 22:21:22,6423.988,126.79012,801.16425,1.2465367,-10.407241,6.213465
1970-01-01 22:21:23,6591.508,127.07962,662.7446,5.342608,-20.853935,5.2826753
1970-01-01 22:21:24,6545.434,130.07684,839.6708,0.8924229,10.475353,5.4791126
1970-01-01 22:21:25,6542.987,124.32216,720.123,3.282581,5.4250937,4.477092
1970-01-01 22:21:26,6642.792,134.95232,908.05023,2.978451,-0.16473022,3.3985364
1970-01-01 22:21:27,6537.498,122.087166,959.683,1.541946,3.455078,3.8758807
1970-01-01 22:21:28,6606.034,120.53493,680.23834,-2.0108047,-0.30440712,4.6001415
1970-01-01 22:21:29,6511.405,122.588905,923.6926,0.9389735,11.412251,5.4916706
1970-01-01 22:21:30,6646.166,122.97972,803.5132,3.4713035,10.257703,6.0616407
1970-01-01 22:21:31,6646.342,117.8889,757.4469,1.5326449,15.469956,5.6567316
1970-01-01 22:21:32,6597.794,130.36935,1019.551,2.5387292,3.9512029,5.247619
1970-01-01 22:21:33,6624.8223,127.09721,505.1988,-0.93812925,-1.5107327,5.088221
1970-01-01 22:21:34,6623.701,123.13791,986.2065,-0.4998013,2.4206288,5.7970047
1970-01-01 22:21:35,6672.763,118.439926,1083.2356,-0.642698,-8.483593,5.6856995
1970-01-01 22:21:36,6592.7236,125.91964,968.7615,4.1518793,-4.555233,4.140303
1970-01-01 22:21:37,6760.5835,127.28347,914.1433,2.9318178,3.4547114,2.6742892
1970-01-01 22:21:38,6612.6553,115.32192,790.07983,6.6764503,-0.6047092,2.3395426
1970-01-01 22:21:39,6587.649,117.43241,811.5551,-1.5570143,-7.2304463,0.38533717
1970-01-01 22:21:40,6659.586,119.02383,888.64716,7.906744,-1.0828208,359.11707
1970-01-01 22:21:41,6754.0454,123.77418,1124.3906,0.38270646,5.136137,356.9341
1970-01-01 22:21:42,6749.3633,,1003.4471,0.6984389,-17.300854,357.07468
1970-01-01 22:21:43,6544.428,123.38136,784.66345,4.0515146,-7.712715,357.12204
1970-01-01 22:21:44,6791.2407,118.53866,1126.5553,0.5456797,14.502316,359.12225
1970-01-01 22:21:45,6834.3115,127.14725,1120.4219,0.84546953,4.0544906,358.76666
1970-01-01 22:21:46,6729.772,123.62359,752.207,-1.0716753,-7.9164476,357.61813
1970-01-01 22:21:47,6679.3203,121.63661,954.5993,1.721909,13.619585,357.02237
1970-01-01 22:21:48,6674.417,124.720406,832.8784,1.71278,-17.973988,357.7186
1970-01-01 22:21:49,6770.045,122.61034,1117.8268,7.2164383,-4.436135,
1970-01-01 22:21:50,6719.2466,125.11177,776.70886,0.8796467,4.0236425,356.34915
1970-01-01 22:21:51,6993.4585,126.49107,896.4578,1.8576553,3.2968478,355.46176
1970-01-01 22:21:52,7011.7437,124.3289,967.26495,3.205634,2.3509905,355.08838
1970-01-01 22:21:53,6865.143,125.336914,1124.2628,4.5139866,-11.539421,354.18762
1970-01-01 22:21:54,6871.2153,119.30844,692.43353,0.48121104,-5.5635853,354.93573
1970-01-01 22:21:55,6827.288,125.28871,581.3751,3.1859975,10.363759,355.46414
1970-01-01 22:21:56,6702.5977,122.955154,932.20966,-4.9840574,12.239096,355.9633
1970-01-01 22:21:57,6988.236,128.13861,862.21155,-1.3810699,9.442946,356.33896
1970-01-01 22:21:58,7018.273,123.34679,678.19525,3.9734643,11.99755,357.59247
1970-01-01 22:21:59,7019.625,122.508736,869.3309,0.6527628,-4.4446807,356.48013
1970-01-01 22:22:00,7087.8306,127.59829,727.5971,2.4991665,-1.535644,354.9282
1970-01-01 22:22:01,7062.3223,119.91701,1005.7084,-0.174036,1.2059249,355.8163
1970-01-01 22:22:02,6966.4556,126.90064,667.9367,0.7396777,-17.16418,356.72903
1970-01-01 22:22:03,7080.341,117.82238,888.4645,-1.657007,-20.536654,358.22406
1970-01-01 22:22:04,6981.13,132.0331,714.2559,3.2480838,13.603033,356.38718
1970-01-01 22:22:05,7150.123,120.11203,755.8543,0.6722831,8.902835,357.2293
1970-01-01 22:22:06,7168.571,122.3969,683.6403,6.1632485,-10.243088,357.7582
1970-01-01 22:22:07,7088.443,124.22602,670.82526,1.0355587,2.9584281,356.9918
1970-01-01 22:22:08,6912.7188,116.92739,978.8971,0.4230706,-20.73399,356.72968
1970-01-01 22:22:09,7139.5684,126.151024,766.172,-0.4087757,-14.710943,356.45697
1970-01-01 22:22:10,7225.749,119.38618,571.1581,1.3538622,-16.5932,358.22095
1970-01-01 22:22:11,7256.222,117.94927,1063.78,6.041932,7.977566,359.28726
1970-01-01 22:22:12,7298.4507,120.21104,603.22644,2.7397823,12.92544,359.96164
1970-01-01 22:22:13,7100.6587,121.66088,880.79266,-0.51082,,359.57098
1970-01-01 22:22:14,7188.4487,124.48516,378.8031,2.4232595,-18.137383,358.5433
1970-01-01 22:22:15,7194.0854,131.10843,962.2437,-0.05522541,2.5570378,358.34317
1970-01-01 22:22:16,7151.1104,125.56106,874.88635,0.494663,-11.445973,357.34967
1970-01-01 22:22:17,7266.0967,116.73847,621.5207,1.5881472,-9.124572,357.96347
1970-01-01 22:22:18,7171.1787,125.8424,447.17398,-2.5802066,3.171892,358.23846
1970-01-01 22:22:19,7095.0005,124.6387,523.7888,4.5147557,-5.0948043,358.74554
1970-01-01 22:22:20,7261.2075,123.16062,817.0619,1.1661512,-4.1872363,359.95145
1970-01-01 22:22:21,7341.702,121.80399,698.0255,3.1820998,6.336234,0.8772302
1970-01-01 22:22:22,7105.7593,126.06405,1005.4801,3.1534917,19.200178,1.1955112
1970-01-01 22:22:23,7432.5625,119.979515,913.8441,0.17187662,0.06534672,1.0650694
1970-01-01 22:22:24,7327.828,125.39259,486.5543,5.3059688,15.952384,2.068949
1970-01-01 22:22:25,7304.764,129.39426,682.5679,1.3748628,-6.7689037,3.3503366
1970-01-01 22:22:26,7385.3413,123.57056,363.63477,1.5476191,0.36461526,4.935248
1970-01-01 22:22:27,7301.216,112.47567,538.3756,-0.5943566,-12.466942,6.3702407
1970-01-01 22:22:28,7437.9814,128.81395,955.7824,-1.3763953,-0.72225356,5.5032673
1970-01-01 22:22:29,7426.9526,131.1947,828.2519,4.5366793,7.6677523,5.3629613
1970-01-01 22:22:30,7424.2397,128.05084,519.4764,2.090073,-12.382059,5.889537
1970-01-01 22:22:31,7327.3022,129.00293,900.51843,4.965667,-4.112529,
1970-01-01 22:22:32,7463.489,123.10398,906.37524,5.8069725,-2.0889525,1.5428883
1970-01-01 22:22:33,7568.5664,115.39044,713.479,0.78108543,13.198079,1.4155383
1970-01-01 22:22:34,7644.1807,128.48547,606.7506,1.8866117,-7.898407,0.49914074
1970-01-01 22:22:35,7534.8506,118.851746,686.0423,2.016621,-10.180009,359.87344
1970-01-01 22:22:36,7494.567,120.60445,774.95996,3.4974005,-8.046212,359.808
1970-01-01 22:22:37,7515.8003,125.59843,675.98956,5.507585,8.238488,359.50827
1970-01-01 22:22:38,7511.9976,125.15682,1172.2438,8.003415,-8.75068,0.51505846
1970-01-01 22:22:39,7575.421,125.24226,1170.8834,1.1031722,-2.347292,0.70748913
1970-01-01 22:22:40,7459.3438,117.39947,843.7951,1.4319056,9.041281,1.7374022
1970-01-01 22:22:41,7551.095,122.9372,924.6116,-5.444868,13.900098,0.9629951
1970-01-01 22:22:42,7671.064,124.85731,859.44806,5.8309603,-2.6851876,0.6108626
1970-01-01 22:22:43,7703.9126,122.478455,909.1223,2.252556,2.7366748,0.049065772
1970-01-01 22:22:44,7629.07,129.77695,704.71735,5.2110815,4.7581615,359.44214
1970-01-01 22:22:45,7524.709,126.86748,670.1945,2.8639953,8.942747,0.07035876
1970-01-01 22:22:46,7602.279,120.04109,1084.7382,5.4855037,-0.29078105,359.5611
1970-01-01 22:22:47,7619.8647,118.54453,502.08795,1.2052373,1.4898459,359.4235
1970-01-01 22:22:48,7584.236,127.36442,596.9412,3.400501,2.7090967,0.25241962
1970-01-01 22:22:49,7667.591,124.087456,615.0761,1.522499,-6.740597,358.35425
1970-01-01 22:22:50,7718.5327,121.14402,747.3209,-0.7804822,-1.040136,355.94656
1970-01-01 22:22:51,7771.72,130.70268,615.3912,0.75520575,5.3800035,355.43808
1970-01-01 22:22:52,7691.7153,130.51108,594.6976,3.2937496,-16.143476,355.47092
1970-01-01 22:22:53,7596.872,123.21712,614.393,5.71915,14.566468,354.44656
1970-01-01 22:22:54,7703.213,118.19156,888.02356,3.6252623,3.621016,354.08994
1970-01-01 22:22:55,7688.8364,122.36517,862.4102,-1.9920008,1.7986453,353.3597
1970-01-01 22:22:56,7716.89,126.705086,631.91046,0.9306313,0.5290804,352.23703
1970-01-01 22:22:57,7654.958,121.84864,814.1487,-2.5067606,-10.919559,352.5051
1970-01-01 22:22:58,7659.405,116.09076,539.58844,0.9556831,8.312988,352.6776
1970-01-01 22:22:59,7691.2593,119.921974,913.9705,-3.8467627,-8.909038,351.50003
1970-01-01 22:23:00,7820.162,,615.40906,5.2142897,5.589729,353.03745
1970-01-01 22:23:01,7769.624,126.33061,649.8146,4.0184836,-5.8965173,353.94458
1970-01-01 22:23:02,7834.3555,122.33941,997.868,6.161229,18.581696,355.66226
1970-01-01 22:23:03,7939.2974,117.416664,585.5324,0.10808323,2.9027736,354.52994
1970-01-01 22:23:04,7937.238,123.66442,951.7729,0.42989406,-4.364757,353.44534
1970-01-01 22:23:05,7837.4863,124.05875,716.83813,5.4254193,19.865685,353.86108
1970-01-01 22:23:06,7840.243,128.56116,607.8035,6.10171,-0.47477585,354.61154
1970-01-01 22:23:07,7777.991,123.30233,842.6968,1.9630059,-0.4190927,354.27393
1970-01-01 22:23:08,7717.531,127.75944,909.7009,-0.14791696,-0.27696458,354.68445
1970-01-01 22:23:09,7924.761,127.76004,812.5948,1.964107,7.1553235,353.24896
1970-01-01 22:23:10,7744.657,123.10553,500.71814,4.9511228,2.225371,351.99753
1970-01-01 22:23:11,8069.559,128.30397,541.0597,-0.72038543,7.1330614,352.64655
1970-01-01 22:23:12,7851.468,115.46616,850.6141,1.8419755,0.69591,350.98306
1970-01-01 22:23:13,7797.314,124.97864,332.09,0.47800994,-7.224022,351.58496
1970-01-01 22:23:14,7949.089,123.74023,390.76526,3.8006773,10.227871,348.21512
1970-01-01 22:23:15,,123.7996,1052.7844,-0.17712586,-3.912081,347.06158
1970-01-01 22:23:16,8058.4746,127.67527,739.77686,3.6596377,-3.6610765,345.79578
1970-01-01 22:23:17,8051.553,124.3699,707.261,-1.6768099,0.4351581,345.63077
1970-01-01 22:23:18,8063.159,128.87285,646.41516,6.524583,-10.481342,347.51913
1970-01-01 22:23:19,7926.774,129.33592,777.62146,4.281614,-4.42703,347.471
1970-01-01 22:23:20,7954.7856,128.65625,658.5208,-0.917259,-5.7650228,348.45862
1970-01-01 22:23:21,8066.1304,,854.3884,3.056686,0.7348446,348.44073
1970-01-01 22:23:22,7981.2114,130.48434,722.41235,4.9094205,-22.741415,348.55188
1970-01-01 22:23:23,8052.617,122.3261,853.76,1.991193,13.904036,349.36993
1970-01-01 22:23:24,8089.4795,129.2647,1282.5505,2.7308462,-8.060039,349.31406
1970-01-01 22:23:25,8165.5435,123.66262,792.89166,0.41200072,2.2611256,349.83023
1970-01-01 22:23:26,8112.0557,121.30459,662.6477,1.4658021,13.231144,351.59558
1970-01-01 22:23:27,8150.677,122.735916,532.03186,2.2381525,-12.321961,352.02725
1970-01-01 22:23:28,8061.7354,125.39112,553.6905,0.5982879,-10.929525,350.9065
1970-01-01 22:23:29,8160.0664,124.54548,1109.6726,2.7778864,9.918946,349.36673
1970-01-01 22:23:30,8328.447,123.121956,826.6744,1.1400659,5.6635485,349.92798
1970-01-01 22:23:31,8146.4766,118.43085,689.77014,8.3285,-6.092902,350.5722
1970-01-01 22:23:32,8209.162,124.01112,937.02234,-1.3228949,-15.979567,350.33142
1970-01-01 22:23:33,8303.533,124.78983,829.1978,-2.553216,0.27960327,351.3576
1970-01-01 22:23:34,8234.564,116.64646,459.2839,-3.7187078,-3.5407853,351.22827
1970-01-01 22:23:35,8115.5767,122.356224,1078.5782,2.1598134,9.937595,350.71826
1970-01-01 22:23:36,8328.474,125.09468,643.95264,6.0574374,-4.774739,351.157
1970-01-01 22:23:37,8198.935,122.510994,814.81744,2.751855,-1.4608182,349.7155
1970-01-01 22:23:38,8202.22,123.590576,938.042,0.068337984,22.409603,349.32886
1970-01-01 22:23:39,8279.816,119.13332,825.90784,2.1044445,-4.9176908,348.64514
1970-01-01 22:23:40,8219.799,126.51439,522.70325,1.2925566,-5.309871,348.9946
1970-01-01 22:23:41,8254.227,122.71767,679.924,4.6052184,15.836155,350.4694
1970-01-01 22:23:42,8406.336,131.12515,1017.4401,5.949896,-15.06102,353.1257
1970-01-01 22:23:43,8271.923,119.44914,929.88074,-0.821367,11.300843,351.87857
1970-01-01 22:23:44,8375.331,125.82254,876.42535,-2.3622136,-5.8436747,353.91245
1970-01-01 22:23:45,8306.124,124.10156,,4.487,1.3124108,353.0976
1970-01-01 22:23:46,8516.572,123.010025,635.37537,-1.9969072,10.334372,352.00256
1970-01-01 22:23:47,8351.699,128.11086,668.47614,7.5536656,-0.79105055,351.1969
1970-01-01 22:23:48,8562.63,124.28128,976.01056,2.4362369,-5.983081,350.9581
1970-01-01 22:23:49,8497.881,126.48722,1339.7924,1.1846739,3.528953,350.07608
1970-01-01 22:23:50,8509.681,127.5992,1078.0774,2.2193751,6.2950354,350.43777
1970-01-01 22:23:51,8499.888,122.817635,1102.1826,4.156584,-13.269029,349.81708
1970-01-01 22:23:52,8518.447,121.55387,1057.7185,0.24038352,11.563684,349.89114
1970-01-01 22:23:53,8469.677,121.17826,1142.1135,4.1584735,1.3470367,348.21198
1970-01-01 22:23:54,8607.182,120.972916,708.91315,-2.9481544,5.1946282,348.087
1970-01-01 22:23:55,8480.437,128.71019,922.9135,-5.6636424,2.4991744,349.84213
1970-01-01 22:23:56,8502.296,124.0185,753.36804,-0.558529,4.7697487,349.741
1970-01-01 22:23:57,8531.793,122.55458,823.59845,7.780454,-4.9324155,349.51688
1970-01-01 22:23:58,8537.107,114.73456,738.98303,-0.34850505,0.4752755,348.80905
1970-01-01 22:23:59,8479.302,114.809074,380.2294,2.2071888,0.8416504,347.7055
1970-01-01 22:24:00,8550.283,124.01469,804.74744,2.3705683,-1.9892027,347.8266
1970-01-01 22:24:01,8571.5,117.3901,936.00604,-1.6762081,9.716178,347.0312
1970-01-01 22:24:02,8682.89,123.23463,853.103,1.8778219,-0.51629245,346.98157
1970-01-01 22:24:03,8702.831,123.49488,855.11005,-0.98370886,7.397103,346.17764
1970-01-01 22:24:04,8653.541,122.16769,576.828,3.2247498,-2.775421,346.86536
1970-01-01 22:24:05,8838.032,124.04507,805.8359,-0.612004,16.849478,346.53873
1970-01-01 22:24:06,8657.435,125.702194,527.25385,0.72011036,-4.4695024,347.7648
1970-01-01 22:24:07,8599.329,116.58715,947.6113,2.4023085,8.905777,347.9519
1970-01-01 22:24:08,8673.281,121.00351,535.74194,4.55096,6.769295,346.72134
1970-01-01 22:24:09,8702.428,125.24005,742.2165,2.8797348,9.08362,346.15884
1970-01-01 22:24:10,8683.244,129.59178,705.0966,-1.0612481,3.403948,345.7105
1970-01-01 22:24:11,8789.208,122.75065,951.9226,4.1269507,-8.346782,344.86057
1970-01-01 22:24:12,8630.4,123.0054,852.54,0.6580071,19.472391,345.1195
1970-01-01 22:24:13,8702.183,126.11853,805.78564,1.0930958,-4.6139674,346.14893
1970-01-01 22:24:14,8774.979,127.585236,729.6497,5.8461533,-9.389358,345.481
1970-01-01 22:24:15,8752.625,125.27023,641.82745,-1.1136642,-5.1472497,345.79437
1970-01-01 22:24:16,8834.219,127.18784,677.0516,1.9556693,-0.69838583,344.82623
1970-01-01 22:24:17,8771.019,135.13171,878.7236,4.154814,-3.1778872,344.10526
1970-01-01 22:24:18,8885.823,125.17887,771.89465,2.906092,-3.9517357,343.73663
1970-01-01 22:24:19,8882.47,122.477005,728.14435,2.074726,5.6304846,344.39185
1970-01-01 22:24:20,8774.6045,126.41261,319.87073,0.025485639,6.727121,344.5018
1970-01-01 22:24:21,8978.764,122.46143,565.1096,3.692435,14.737811,344.5731
1970-01-01 22:24:22,8751.948,123.0344,755.5926,1.0878534,11.139481,345.225
1970-01-01 22:24:23,8961.703,125.26386,831.191,2.0263402,-8.323771,344.6638
1970-01-01 22:24:24,8914.363,119.33978,902.27496,3.7613807,-5.352069,343.53473
1970-01-01 22:24:25,9020.478,125.20784,536.6811,3.893841,6.978294,343.49954
1970-01-01 22:24:26,8993.802,128.67932,796.74896,4.4713554,-6.153585,344.32727
1970-01-01 22:24:27,8886.041,121.51195,791.7883,8.655272,-18.17293,344.9819
1970-01-01 22:24:28,9033.193,125.0573,507.14188,0.22171195,4.882948,345.95898
1970-01-01 22:24:29,8914.299,116.400795,932.0657,6.727276,13.136603,346.10098
1970-01-01 22:24:30,9013.827,129.54439,819.84235,-2.258826,0.07268956,346.21295
1970-01-01 22:24:31,8891.494,126.90843,406.76422,0.59081143,-0.31933182,347.28613
1970-01-01 22:24:32,9091.425,121.89097,676.94293,-1.0487787,-21.109346,347.39105
1970-01-01 22:24:33,9029.8,127.12232,1009.1141,-0.44811955,-14.88711,346.61194
1970-01-01 22:24:34,8876.74,123.28156,681.2298,2.5045896,14.396548,346.71143
1970-01-01 22:24:35,8924.441,124.189285,728.0663,3.4686317,-3.8121612,345.93298
1970-01-01 22:24:36,9034.568,123.41335,1127.6927,3.0066013,0.22354527,347.57153
1970-01-01 22:24:37,8980.933,125.887596,1010.702,1.7731524,4.3639045,347.98218
1970-01-01 22:24:38,9088.587,125.96099,636.73444,0.72507536,-6.418499,349.0512
1970-01-01 22:24:39,8874.301,128.02328,779.2137,7.9068117,-16.684526,347.94818
1970-01-01 22:24:40,9013.768,126.84086,656.5166,2.3733723,-12.063717,349.24426
1970-01-01 22:24:41,9163.797,128.09644,1092.389,3.9550416,-1.2220908,346.84607
1970-01-01 22:24:42,9063.825,131.36513,539.795,3.4520848,-8.905359,346.5631
1970-01-01 22:24:43,9195.299,126.0385,556.77246,2.205936,2.1006439,346.98126
1970-01-01 22:24:44,9299.202,121.00223,624.9391,1.5453662,-4.754799,345.14926
1970-01-01 22:24:45,9172.174,123.97516,868.0029,4.345045,11.247614,344.39517
1970-01-01 22:24:46,9195.401,128.92418,1044.4973,-0.39615506,7.4631352,346.708
1970-01-01 22:24:47,9243.228,117.2404,835.69714,6.2349772,-19.354065,346.47015
1970-01-01 22:24:48,9335.085,119.47174,564.4064,-5.1292486,-5.9279923,344.8688
1970-01-01 22:24:49,9242.83,120.127525,654.3769,0.8823782,-6.4461613,343.76913
1970-01-01 22:24:50,9231.56,118.91757,718.72363,1.2638644,1.63539,343.28656
1970-01-01 22:24:51,9311.698,130.71696,737.59973,0.6529998,1.309906,344.19162
1970-01-01 22:24:52,9216.555,128.51521,881.6709,-1.5387524,12.256722,345.00455
1970-01-01 22:24:53,9353.417,121.80938,720.1092,2.8345122,-5.501694,345.417
1970-01-01 22:24:54,9263.376,126.81883,761.1215,5.6415663,20.00914,344.10498
1970-01-01 22:24:55,9435.534,128.6927,788.2272,3.0643842,-4.232595,343.94458
1970-01-01 22:24:56,9328.88,120.455154,1001.2472,6.257421,-12.47576,344.7099
1970-01-01 22:24:57,9223.788,128.24898,631.67737,0.24407071,5.0648923,342.3903
1970-01-01 22:24:58,9508.108,130.7318,1009.71985,-1.3560624,2.4664917,340.57965
1970-01-01 22:24:59,9486.066,122.90909,951.494,0.860404,13.150764,340.05988
1970-01-01 22:25:00,9432.253,129.52199,1017.85187,-2.1222985,-0.69271797,339.3304
1970-01-01 22:25:01,9276.975,122.153915,842.1607,6.2236924,-7.897448,340.0197
1970-01-01 22:25:02,9351.838,123.54945,660.84515,4.925264,5.00581,339.19177
1970-01-01 22:25:03,9689.961,122.52344,800.1197,-2.3694305,18.8654,339.45096
1970-01-01 22:25:04,9457.926,123.95706,537.5948,3.32554,4.7220774,338.08246
1970-01-01 22:25:05,9437.703,125.50657,911.45685,0.9680188,2.9865172,338.0965
1970-01-01 22:25:06,9790.58,127.78589,311.47137,3.2485597,16.099628,340.53152
1970-01-01 22:25:07,9523.927,125.95898,1136.2621,-1.7348691,5.786306,339.41605
1970-01-01 22:25:08,9446.249,122.9593,682.9207,3.4738736,8.533058,339.10168
1970-01-01 22:25:09,9559.366,131.62962,704.06946,11.975229,7.1878457,338.9812
1970-01-01 22:25:10,9500.988,129.40582,776.71387,6.384637,13.728172,339.30017
1970-01-01 22:25:11,9456.66,123.1462,823.7309,-0.10247473,4.7272906,337.55783
1970-01-01 22:25:12,9575.097,130.03886,1348.8986,2.5947142,2.7842762,337.51736
1970-01-01 22:25:13,9550.531,128.96524,637.06494,1.0534132,1.1491456,336.39612
1970-01-01 22:25:14,9574.3955,128.63144,523.0422,3.1970713,12.343427,336.30374
1970-01-01 22:25:15,9626.3955,124.79703,803.0343,2.7453158,-1.5405322,336.52426
1970-01-01 22:25:16,9701.654,125.332794,844.00476,3.3199627,18.565903,337.12228
1970-01-01 22:25:17,9784.779,134.09778,744.38336,-3.931335,6.3756247,337.28867
1970-01-01 22:25:18,9678.116,125.43235,903.3637,6.6311193,-0.5056251,336.66846
1970-01-01 22:25:19,9686.826,125.35515,717.1387,6.6745872,9.683293,336.35693
1970-01-01 22:25:20,9724.111,125.15828,1127.0011,1.4176946,7.7112746,335.33047
1970-01-01 22:25:21,9645.617,126.731445,634.63416,1.0024782,10.416029,334.98053
1970-01-01 22:25:22,9691.955,131.19902,730.63654,2.7940555,-13.232597,334.8039
1970-01-01 22:25:23,9707.0625,124.54136,877.6997,-0.6380989,-5.779795,334.74945
1970-01-01 22:25:24,9586.902,131.20537,482.8709,4.666735,16.644434,335.38672
1970-01-01 22:25:25,9705.8955,128.63599,652.5796,4.7847795,26.295942,335.53235
1970-01-01 22:25:26,9733.331,123.87709,625.8496,5.1445713,-4.809806,335.8573
1970-01-01 22:25:27,9686.361,124.76775,824.315,1.6034484,-9.830615,336.76038
1970-01-01 22:25:28,9695.047,125.51975,522.7935,-1.9417022,-20.93139,337.5468
1970-01-01 22:25:29,9795.957,126.83114,639.82605,3.8303254,2.2879267,335.93317
1970-01-01 22:25:30,9648.747,127.050316,590.04456,-3.6058304,-10.609017,336.87384
1970-01-01 22:25:31,9843.858,125.1234,825.837,4.9231935,16.166588,336.8845
1970-01-01 22:25:32,9808.239,126.98328,1018.7401,2.9300108,16.116724,337.48676
1970-01-01 22:25:33,9788.145,122.63477,1277.724,2.6367075,7.3870296,337.49323
1970-01-01 22:25:34,9893.921,129.86809,829.93665,0.018654404,27.642122,339.24484
1970-01-01 22:25:35,9911.775,131.29256,849.5503,6.8560557,1.7391615,338.96268
1970-01-01 22:25:36,9977.499,123.72625,1184.2241,-1.8939052,-8.053147,338.86673
1970-01-01 22:25:37,9856.549,123.44393,758.8455,0.6271497,13.670012,338.63364
1970-01-01 22:25:38,10042.041,119.885345,766.8164,5.215559,3.0026548,337.87982
1970-01-01 22:25:39,9865.402,125.64673,960.1513,1.5693628,-10.692715,336.03726
1970-01-01 22:25:40,9952.86,122.87424,812.25415,-0.7187111,-14.656865,338.68805
1970-01-01 22:25:41,10099.727,121.97601,350.27698,1.59003,3.2651224,338.73575
1970-01-01 22:25:42,9932.221,124.577,1001.556,-0.8577901,-0.6353216,338.9414
1970-01-01 22:25:43,9982.942,131.6744,606.4565,-1.6295054,-11.66903,338.36942
1970-01-01 22:25:44,10007.696,122.64103,760.8535,6.3324103,7.6433725,337.33832
1970-01-01 22:25:45,10024.52,126.97655,867.7933,-1.3988951,8.3305,338.16162
1970-01-01 22:25:46,10053.453,124.90753,491.93912,0.28908983,8.971696,340.49158
1970-01-01 22:25:47,10093.783,123.59228,761.9366,3.4408972,-9.482842,340.12366
1970-01-01 22:25:48,10052.635,120.20794,1000.9866,1.1259875,1.6748165,340.74805
1970-01-01 22:25:49,9938.866,121.14719,693.6164,-1.5071036,11.36641,340.17722
1970-01-01 22:25:50,10100.407,119.211555,579.9536,-0.14557669,-3.8558352,338.6966
1970-01-01 22:25:51,10015.401,126.04303,837.47144,6.909417,24.583616,337.32364
1970-01-01 22:25:52,10091.813,129.32616,862.94495,-1.9972366,9.354785,338.1143
1970-01-01 22:25:53,10007.711,126.733536,808.4137,3.352778,4.118592,336.36044
1970-01-01 22:25:54,9942.159,117.91476,335.45737,-1.5828316,-9.796525,337.97052
1970-01-01 22:25:55,9999.596,126.95214,458.58804,0.9149705,2.466646,337.7198
1970-01-01 22:25:56,10159.64,122.88031,716.9398,4.685712,-6.80124,337.58975
1970-01-01 22:25:57,10279.798,117.96226,1164.4149,-1.2029905,-1.2898976,337.8016
1970-01-01 22:25:58,10108.233,126.19511,715.25055,3.400676,-5.7335916,337.77267
1970-01-01 22:25:59,10243.695,122.05597,741.6204,5.197608,13.496065,337.59653
1970-01-01 22:26:00,10355.917,123.92858,987.75836,0.18993208,7.9711223,338.9647
1970-01-01 22:26:01,10245.879,130.39438,869.54193,3.9839456,-3.0693486,338.91013
1970-01-01 22:26:02,10261.629,121.34108,720.63947,3.7416534,-8.461609,338.38086
1970-01-01 22:26:03,10258.746,124.4679,644.5858,3.6882188,8.567698,336.59506
1970-01-01 22:26:04,10208.842,125.90619,875.67224,,-10.048174,337.019
1970-01-01 22:26:05,10221.358,127.16617,1186.6538,3.3435073,-2.4314914,334.7818
1970-01-01 22:26:06,10317.832,134.3308,557.69775,4.6174397,-2.5729074,334.86533
1970-01-01 22:26:07,10207.01,127.81053,868.2341,1.5047091,4.636633,335.31
1970-01-01 22:26:08,10350.218,124.910034,723.74884,-2.3379133,2.55957,334.77917
1970-01-01 22:26:09,10262.188,126.972496,641.69116,0.35841486,-5.98288,336.93683
1970-01-01 22:26:10,10422.687,126.575836,1047.8256,6.0066876,14.329589,336.30682
1970-01-01 22:26:11,10312.697,133.78613,740.48065,6.640771,-2.1506147,336.0361
1970-01-01 22:26:12,10387.795,121.9688,1041.426,3.8172443,20.329523,336.033
1970-01-01 22:26:13,10358.055,127.14044,759.5349,6.270401,-7.467209,335.47607
1970-01-01 22:26:14,10320.397,131.20148,683.3259,3.3271961,-3.865861,334.14267
1970-01-01 22:26:15,10276.45,122.15531,856.82635,6.6195116,10.878401,332.85757
1970-01-01 22:26:16,10382.814,115.003044,803.2499,-0.53964984,-1.7101648,332.7924
1970-01-01 22:26:17,10379.618,126.61937,950.2807,8.357727,14.405185,332.96786
1970-01-01 22:26:18,10582.916,121.14536,907.3019,2.10397,5.922262,332.93332
1970-01-01 22:26:19,10470.356,122.58777,1086.5182,-3.0508192,3.2333577,332.81628
1970-01-01 22:26:20,10538.797,126.09855,878.2745,0.83406734,-3.6565516,332.37802
1970-01-01 22:26:21,10361.033,126.954704,589.59454,2.7015953,17.359446,332.47552
1970-01-01 22:26:22,10240.493,131.01382,,5.7303147,-8.830877,334.03464
1970-01-01 22:26:23,10422.708,121.4845,680.39197,0.5645177,5.266307,334.53738
1970-01-01 22:26:24,10627.131,131.80362,736.16516,2.5983906,3.8226366,335.19498
1970-01-01 22:26:25,10645.799,118.24198,922.5584,4.9664264,-1.117172,335.5404
1970-01-01 22:26:26,10519.293,124.20102,952.05927,1.0151683,-4.948262,335.41043
1970-01-01 22:26:27,10628.051,120.531815,660.40234,-3.276571,8.046409,334.17203
1970-01-01 22:26:28,10583.722,129.91754,1235.3152,-3.0010443,-2.8821547,335.1155
1970-01-01 22:26:29,10306.326,130.06668,823.4173,2.1948674,6.4822674,335.12872
1970-01-01 22:26:30,10611.441,130.36089,1063.997,1.2131898,-9.463244,334.6414
1970-01-01 22:26:31,10594.934,124.41584,718.90717,5.3312716,8.4869995,334.6011
1970-01-01 22:26:32,10675.08,125.32241,749.41595,4.630086,-13.611787,334.49393
1970-01-01 22:26:33,10753.666,124.9737,961.4685,1.7420231,3.4960642,333.33145
1970-01-01 22:26:34,10650.947,128.27498,856.4035,4.536315,2.4090219,334.16144
1970-01-01 22:26:35,10549.861,122.68096,791.8269,3.998062,10.824145,334.51132
1970-01-01 22:26:36,10696.519,125.86752,580.83356,4.6520476,-4.53662,336.26752
1970-01-01 22:26:37,10659.5,132.2935,835.35706,0.38149434,-24.794142,336.8797
1970-01-01 22:26:38,10793.679,128.78888,481.2635,1.6427906,-13.601608,335.65555
1970-01-01 22:26:39,10810.197,,610.8562,3.2472863,3.376405,335.6127
1970-01-01 22:26:40,10625.413,121.27648,600.71985,2.8898423,-4.465683,335.58572
1970-01-01 22:26:41,10766.561,129.90964,822.7157,2.4234066,15.474445,336.85535
1970-01-01 22:26:42,10832.471,122.55127,715.8083,3.5281584,-3.378224,336.23288
1970-01-01 22:26:43,10880.03,130.69939,731.2301,2.391132,-3.437306,337.123
1970-01-01 22:26:44,10793.617,133.35545,1059.1373,3.2211983,-2.6704407,335.46024
1970-01-01 22:26:45,10830.447,128.54527,1018.9713,5.9268737,11.228724,334.19678
1970-01-01 22:26:46,10819.836,127.34202,644.34174,6.1072574,-10.33722,334.1981
1970-01-01 22:26:47,10786.282,125.35688,817.28516,1.9188837,10.764255,333.84113
1970-01-01 22:26:48,10969.569,136.56825,778.3438,3.804566,5.4412236,333.68982
1970-01-01 22:26:49,10841.681,126.44093,742.667,2.0423455,-18.259413,333.14008
1970-01-01 22:26:50,10829.456,124.87488,1008.9952,-0.6319884,-0.6771107,332.62943
1970-01-01 22:26:51,11015.003,127.7827,728.7594,2.079559,6.2593155,332.96796
1970-01-01 22:26:52,10912.708,127.57183,1091.3201,-2.0519626,-6.795251,332.3191
1970-01-01 22:26:53,10932.034,125.362816,961.39966,2.3636189,-5.8695045,332.62457
1970-01-01 22:26:54,10920.11,130.23978,755.1935,0.6910492,-3.8195078,333.523
1970-01-01 22:26:55,10964.845,125.22129,733.1325,-2.0346427,0.07835502,333.60825
1970-01-01 22:26:56,11006.7705,129.4365,804.91364,-1.5384113,-14.534568,333.72366
1970-01-01 22:26:57,11047.02,128.14345,1108.887,6.446141,-16.758947,333.7412
1970-01-01 22:26:58,11019.106,122.106636,684.1728,0.62146986,0.12460425,332.46442
1970-01-01 22:26:59,10992.212,136.4519,956.4314,3.311911,10.200439,332.96
1970-01-01 22:27:00,10880.756,119.186165,682.49384,4.4033256,4.1861725,332.5005
1970-01-01 22:27:01,11059.026,120.50128,867.87274,3.585395,-3.316206,330.46402
1970-01-01 22:27:02,11024.124,128.05096,679.0546,-1.0670853,-8.8788185,330.19086
1970-01-01 22:27:03,11183.424,131.45581,750.54834,9.462638,-13.119595,330.0257
1970-01-01 22:27:04,11149.757,122.99694,550.3726,,-3.533448,330.2288
1970-01-01 22:27:05,11257.222,127.857544,976.68256,5.1586227,-16.109068,330.97174
1970-01-01 22:27:06,11111.039,125.20275,469.27325,-1.0610647,-14.909188,331.9084
1970-01-01 22:27:07,11139.096,130.85086,741.4607,7.253272,8.212264,332.26196
1970-01-01 22:27:08,11011.881,132.06053,817.59644,-1.4377143,3.2802887,331.79352
1970-01-01 22:27:09,11214.661,131.87325,1245.4746,1.1050187,0.066645846,332.31656
1970-01-01 22:27:10,11074.814,127.87495,652.1633,-0.93793905,-10.471595,330.81027
1970-01-01 22:27:11,11229.279,126.95065,709.6705,-1.6615192,-7.976679,330.783
1970-01-01 22:27:12,11284.821,125.42298,954.867,-0.30904135,-3.897342,329.959
1970-01-01 22:27:13,11112.846,128.55663,599.6087,0.75619054,-18.489416,329.70407
1970-01-01 22:27:14,11255.404,125.75704,662.0094,-4.464029,-4.78928,330.17258
1970-01-01 22:27:15,11244.276,130.05814,806.50806,6.2378964,-11.074446,328.7841
1970-01-01 22:27:16,11323.243,123.34156,539.88385,0.17518577,-11.370413,327.8838
1970-01-01 22:27:17,11296.884,120.12699,968.0819,-1.2847998,5.5071306,329.23596
1970-01-01 22:27:18,11201.524,125.93285,430.31198,1.9505978,-6.1283636,328.08868
1970-01-01 22:27:19,11157.465,121.76985,774.52966,6.223502,23.959707,327.70316
1970-01-01 22:27:20,11261.945,123.28791,854.3324,0.23894322,-2.9380896,327.18478
1970-01-01 22:27:21,11288.113,133.45676,870.8644,5.338523,8.248219,325.8754
1970-01-01 22:27:22,11331.299,120.48388,1007.184,-1.8953853,-2.7262244,
1970-01-01 22:27:23,11291.529,127.15616,693.4868,5.8077,7.0593977,323.16733
1970-01-01 22:27:24,11385.235,125.6225,627.96014,3.44642,-5.6133327,322.05078
1970-01-01 22:27:25,11336.908,128.62984,761.3417,4.918772,2.3501773,321.95264
1970-01-01 22:27:26,11357.674,120.583466,1285.4023,0.39903408,-1.0991246,320.8538
1970-01-01 22:27:27,11426.374,124.13358,948.9271,-0.9706848,-6.8974113,321.60684
1970-01-01 22:27:28,11402.904,116.76064,795.9638,2.311133,11.456851,322.5779
1970-01-01 22:27:29,11247.304,132.43216,478.27252,-0.10911843,3.3517718,322.0412
1970-01-01 22:27:30,11491.172,127.85606,1065.4109,-1.0462337,1.8013967,320.14432
1970-01-01 22:27:31,11426.165,126.95528,958.04645,1.6472142,-6.181499,319.67618
1970-01-01 22:27:32,11494.612,121.45729,768.2751,-1.0153143,1.5368184,320.0767
1970-01-01 22:27:33,11480.712,131.11647,1111.632,2.004612,-13.723772,319.8003
1970-01-01 22:27:34,11401.023,127.40996,746.9746,0.9460109,-12.364845,319.40457
1970-01-01 22:27:35,11435.869,128.65004,496.47842,6.0486174,-0.12723903,319.98935
1970-01-01 22:27:36,11380.134,140.75882,947.45844,1.2233667,-14.09111,319.45657
1970-01-01 22:27:37,11443.803,132.00308,894.60834,3.3660595,-9.761409,321.20914
1970-01-01 22:27:38,11457.685,125.07455,759.14777,1.0453361,-8.733596,321.50714
1970-01-01 22:27:39,11557.729,132.13255,255.10136,1.4328539,-11.722271,321.1317
1970-01-01 22:27:40,11512.26,130.27492,550.988,-0.70595735,8.79836,319.94885
1970-01-01 22:27:41,11597.62,128.15762,749.37616,5.7668576,8.1609,321.9474
1970-01-01 22:27:42,11598.567,124.42686,758.08405,-1.4605842,-11.978013,322.84103
1970-01-01 22:27:43,11387.359,126.55427,695.8221,-1.3622154,8.685701,322.2099
1970-01-01 22:27:44,11539.874,124.04027,970.759,2.1095679,-5.37924,321.70398
1970-01-01 22:27:45,11680.012,129.48079,737.2813,3.4244933,0.33186948,322.19476
1970-01-01 22:27:46,11720.028,122.368996,721.412,0.11305498,-11.995764,321.0003
1970-01-01 22:27:47,11782.482,121.5179,658.29224,1.7006506,9.434011,320.69656
1970-01-01 22:27:48,11644.743,131.05797,803.0096,-2.194411,-2.393807,319.3474
1970-01-01 22:27:49,11668.397,125.72417,571.40826,6.604268,1.2510482,319.09863
1970-01-01 22:27:50,11556.692,117.120804,857.30786,7.683768,-7.246713,319.43048
1970-01-01 22:27:51,11678.22,129.2955,806.4009,4.843679,-0.7159736,318.2835
1970-01-01 22:27:52,11745.037,127.00578,1001.1391,2.5222223,16.684927,318.82248
1970-01-01 22:27:53,11722.675,132.0146,607.739,-1.1683106,6.8291698,319.65857
1970-01-01 22:27:54,11572.187,124.73347,831.44525,1.3669915,8.202297,321.02594
1970-01-01 22:27:55,11697.932,131.02614,778.8474,-6.351155,-13.207011,321.50735
1970-01-01 22:27:56,11792.585,132.05397,879.7395,3.805254,9.075823,322.25378
1970-01-01 22:27:57,11816.398,124.58636,628.2992,3.0102317,-9.5011215,322.65866
1970-01-01 22:27:58,11868.169,128.98102,830.1812,-0.9939136,9.723222,323.54852
1970-01-01 22:27:59,11851.78,126.331375,763.53094,3.286309,-17.382622,322.57132
1970-01-01 22:28:00,11806.875,124.10097,622.34064,2.4497545,-4.290688,319.94086
1970-01-01 22:28:01,11961.442,128.41592,1031.0183,6.4072657,4.027112,322.17505
1970-01-01 22:28:02,11833.901,122.645035,757.8607,4.424008,-8.86407,322.83383
1970-01-01 22:28:03,11892.649,130.0342,853.7761,0.4285934,-11.07966,322.6108
1970-01-01 22:28:04,11903.12,128.3017,1058.398,2.5398538,-1.6771424,321.85297
1970-01-01 22:28:05,11902.595,126.22251,787.16656,-0.61931515,8.131849,320.8675
1970-01-01 22:28:06,11915.965,121.80197,889.369,3.4087334,5.1505675,320.66806
1970-01-01 22:28:07,11954.39,131.43306,860.3559,3.3287795,-2.3426075,320.92227
1970-01-01 22:28:08,11869.09,124.29265,790.4097,4.300304,-1.609633,319.85587
1970-01-01 22:28:09,11897.177,132.42839,1028.4242,5.5205812,-12.356355,320.06427
1970-01-01 22:28:10,11880.021,131.9171,674.3291,5.0236874,-10.228348,319.15698
1970-01-01 22:28:11,12093.638,123.86129,867.9503,-0.55168366,20.47817,320.85703
1970-01-01 22:28:12,11845.194,123.62809,496.98676,6.50824,5.0263567,320.5218
1970-01-01 22:28:13,,125.27434,854.42255,0.17958315,-14.488193,320.20383
1970-01-01 22:28:14,11850.256,133.04306,626.7591,0.7778883,11.260317,320.9847
1970-01-01 22:28:15,12002.151,128.04414,-82.18684,2.1484444,-13.778245,320.8436
1970-01-01 22:28:16,11922.08,127.99733,-68.49404,-3.5637581,6.2005754,320.8462
1970-01-01 22:28:17,12059.39,132.7486,47.352886,2.5874517,-5.8302383,321.42667
1970-01-01 22:28:18,11987.87,127.0766,120.823006,5.0369606,1.83981,322.16653
1970-01-01 22:28:19,11987.988,127.69244,15.256838,0.83901155,-0.40838134,323.12756
1970-01-01 22:28:20,12003.773,136.63771,4.628231,1.2745458,-3.2445574,323.82587
1970-01-01 22:28:21,12031.87,131.67612,221.69771,,7.152377,322.90076
1970-01-01 22:28:22,12002.847,129.80287,91.17793,-2.0707183,4.19806,322.66025
1970-01-01 22:28:23,12151.75,126.736435,-225.92126,1.9509147,8.998911,323.55606
1970-01-01 22:28:24,12017.993,130.4111,-283.30954,3.048028,-2.0271995,324.39185
1970-01-01 22:28:25,11884.41,131.44383,278.47656,-5.121019,-3.5330377,326.10596
1970-01-01 22:28:26,11854.646,129.4503,-140.8302,1.8516077,14.950919,324.26056
1970-01-01 22:28:27,11980.697,136.3516,-139.32137,7.7388268,8.152999,325.63034
1970-01-01 22:28:28,12061.539,133.82265,-569.75574,0.7645451,12.281139,325.08453
1970-01-01 22:28:29,12036.0625,126.083374,-80.237175,6.6015797,-11.173004,326.9612
1970-01-01 22:28:30,12055.48,124.12495,211.74408,-0.5756044,0.5926007,327.49725
1970-01-01 22:28:31,12102.167,124.74436,118.173706,1.4651792,7.299091,324.82065
1970-01-01 22:28:32,12018.334,125.28968,-78.42561,2.2209108,0.7126602,325.3072
1970-01-01 22:28:33,11912.712,128.9382,60.19856,3.0654094,7.8470483,326.6314
1970-01-01 22:28:34,12063.861,126.59596,65.28595,1.2688316,2.0839696,326.146
1970-01-01 22:28:35,12038.391,127.928215,-207.95644,2.6347888,2.3268945,326.98712
1970-01-01 22:28:36,11909.78,137.20398,143.34361,1.3075073,-21.07141,328.02155
1970-01-01 22:28:37,11957.017,129.56688,60.186325,3.667221,12.258313,327.49652
1970-01-01 22:28:38,12044.206,128.37231,-29.068449,-0.12125909,0.9950719,327.57602
1970-01-01 22:28:39,12081.111,132.26353,242.73068,2.7983437,-3.1482725,327.4674
1970-01-01 22:28:40,11830.469,124.54616,-31.11764,1.3737243,-3.969952,328.00882
1970-01-01 22:28:41,11928.095,135.72652,395.78537,5.3776813,16.88632,329.00458
1970-01-01 22:28:42,12010.587,133.76276,-356.48666,1.7517437,-0.41318548,329.6519
1970-01-01 22:28:43,12170.429,134.1089,176.42981,6.7469254,-7.7237864,328.55588
1970-01-01 22:28:44,12091.725,126.185196,46.0553,-1.9614006,-7.3795347,328.6078
1970-01-01 22:28:45,11956.709,132.28131,-44.342632,-4.204479,0.36192167,329.45767
1970-01-01 22:28:46,12084.8955,128.84883,1.6196172,-0.90290445,8.082297,329.11365
1970-01-01 22:28:47,11991.26,128.01724,8.492612,1.995802,-3.3291311,329.63544
1970-01-01 22:28:48,12026.072,131.2397,36.006573,-0.48361018,3.4882994,330.18668
1970-01-01 22:28:49,12009.693,123.16533,319.2835,3.808655,13.303097,329.8673
1970-01-01 22:28:50,11964.019,124.76399,-417.58652,0.5806428,-2.8622062,331.2344
1970-01-01 22:28:51,11990.495,132.28418,-367.803,2.1303422,-0.34775385,330.80624
1970-01-01 22:28:52,12143.867,137.23363,0.7227801,6.4816446,9.580303,330.58282
1970-01-01 22:28:53,11962.371,129.95155,51.059128,0.11260262,-9.082049,330.74622
1970-01-01 22:28:54,12031.55,124.93268,-363.71997,-1.8669375,3.201282,329.38794
1970-01-01 22:28:55,11969.285,122.8831,-171.28082,-0.58914566,11.363216,329.2775
1970-01-01 22:28:56,11934.661,122.27839,99.111145,1.7903361,0.6587909,330.25458
1970-01-01 22:28:57,12042.067,129.41176,-161.68439,0.5461367,-14.918938,330.9593
1970-01-01 22:28:58,12154.184,133.72493,-91.04006,4.6418357,-2.3179922,329.5477
1970-01-01 22:28:59,12089.686,129.5888,-146.99097,-0.364927,-16.29696,329.49213
1970-01-01 22:29:00,11956.484,130.43408,-56.822533,4.1404867,1.6573864,328.53107
1970-01-01 22:29:01,11907.478,133.3645,144.93254,1.5957202,16.504755,328.28384
1970-01-01 22:29:02,12031.03,,-203.65544,3.2547023,-15.02014,328.8313
1970-01-01 22:29:03,12006.139,130.66948,58.702396,2.064697,-0.7919157,330.6681
1970-01-01 22:29:04,12019.553,128.54372,-88.34765,2.6088018,9.491053,331.7141
1970-01-01 22:29:05,11975.678,130.45044,-131.74684,-1.0268397,15.79598,330.8815
1970-01-01 22:29:06,12097.212,125.825035,197.72258,-0.72807527,-5.924207,332.91095
1970-01-01 22:29:07,12116.386,128.80132,235.7843,2.2013338,1.8880179,332.34482
1970-01-01 22:29:08,12164.161,123.51467,-172.3011,0.87220454,1.7621793,331.75293
1970-01-01 22:29:09,12072.312,130.63066,-260.5895,1.7000924,-11.192399,330.7922
1970-01-01 22:29:10,12021.427,133.46121,-129.82336,0.5264425,3.8863819,331.784
1970-01-01 22:29:11,11914.514,125.40243,-55.472557,9.632587,4.6220016,331.36823
1970-01-01 22:29:12,12104.58,135.85559,198.34462,3.8675387,3.295892,332.15268
1970-01-01 22:29:13,11998.913,128.99153,483.09262,3.6258209,,331.67535
1970-01-01 22:29:14,11982.924,128.74365,-35.48241,4.957967,15.224522,
1970-01-01 22:29:15,12058.218,131.92458,-31.492012,1.7311556,-3.9963577,334.2445
1970-01-01 22:29:16,11949.855,127.4329,359.73154,3.5120296,-9.506935,333.903
1970-01-01 22:29:17,12029.5,130.13412,-88.58959,1.8915497,4.028748,333.52356
1970-01-01 22:29:18,12079.816,131.1862,-272.08023,4.5671616,16.09266,333.70895
1970-01-01 22:29:19,11917.502,127.5243,-261.60352,7.3557005,7.708888,332.958
1970-01-01 22:29:20,11981.201,137.19814,170.12616,4.0312157,-8.407346,332.81723
1970-01-01 22:29:21,12003.309,131.56158,-121.30238,-2.3063998,7.8408313,333.11264
1970-01-01 22:29:22,12074.1875,125.38919,248.43047,2.2033103,-9.123981,331.91266
1970-01-01 22:29:23,12098.316,123.17448,80.240776,6.318474,-1.4549018,332.96243
1970-01-01 22:29:24,12001.588,131.18845,36.81134,1.8468517,11.244665,333.1837
1970-01-01 22:29:25,11926.337,127.01951,23.112978,6.137865,10.459946,332.03195
1970-01-01 22:29:26,11989.501,128.86566,-151.61244,2.635247,-22.615417,333.84995
1970-01-01 22:29:27,11990.965,132.92444,205.89078,-0.8591469,1.1184716,333.41388
1970-01-01 22:29:28,12152.74,125.71923,350.80164,-0.18723159,6.6627054,336.87524
1970-01-01 22:29:29,11913.202,124.74594,-17.856558,5.040956,0.035061803,337.23376
1970-01-01 22:29:30,12009.308,129.9077,-43.291393,-0.29495332,-8.850402,338.24823
1970-01-01 22:29:31,11859.57,133.66246,76.8914,3.6168003,7.8134136,337.7945
1970-01-01 22:29:32,12042.181,127.57119,368.5828,3.353686,11.894081,336.449
1970-01-01 22:29:33,12060.344,132.54889,-197.23624,-0.25100338,-5.4109335,336.56992
1970-01-01 22:29:34,11828.659,130.25688,454.28964,-3.1133945,0.2121885,336.3454
1970-01-01 22:29:35,11873.833,129.8337,-49.51238,-0.012091357,14.713004,337.43463
1970-01-01 22:29:36,11988.752,129.6604,75.0007,1.6174618,-6.1651177,337.99435
1970-01-01 22:29:37,12094.674,131.20288,206.27214,3.7141294,-5.1241918,338.55637
1970-01-01 22:29:38,11924.715,129.73781,1.9177703,3.189441,8.135195,338.98212
1970-01-01 22:29:39,12068.858,132.00345,-204.44197,-0.111916244,1.7871121,338.94373
1970-01-01 22:29:40,11865.593,132.26573,-13.933454,1.2611899,-10.528002,339.34344
1970-01-01 22:29:41,11896.516,130.29149,275.6744,5.0161552,12.248345,336.75116
1970-01-01 22:29:42,11912.279,128.20442,157.06406,1.3625203,15.002061,336.0987
1970-01-01 22:29:43,11994.177,137.13861,320.97876,0.60459286,-15.7886715,335.12857
1970-01-01 22:29:44,12068.3545,126.35617,210.28236,0.046190154,19.351128,334.89633
1970-01-01 22:29:45,12028.355,127.2195,359.18115,0.47398317,3.3456874,335.09946
1970-01-01 22:29:46,12031.489,135.00792,-461.27844,-3.4380612,0.24517015,334.2298
1970-01-01 22:29:47,11832.251,129.8659,-230.76878,-2.4963093,-9.299958,332.5011
1970-01-01 22:29:48,11926.562,125.18241,-89.53543,1.7573147,-8.454375,332.31372
1970-01-01 22:29:49,12000.143,129.50783,191.71484,0.37130314,-12.545201,332.50815
1970-01-01 22:29:50,11999.061,127.68904,-268.82166,2.4775145,-7.2064657,331.5335
1970-01-01 22:29:51,11811.296,135.4282,-20.83769,1.3518298,-8.138618,331.29623
1970-01-01 22:29:52,11952.956,129.90944,183.34822,-2.7195034,11.021003,331.62714
1970-01-01 22:29:53,12019.805,137.00764,-83.23355,-3.0838616,-11.287747,332.3429
1970-01-01 22:29:54,12112.557,126.05315,70.90654,-1.6579902,-12.719378,334.06998
1970-01-01 22:29:55,11889.941,133.73424,-124.06421,5.318275,-17.991203,334.5537
1970-01-01 22:29:56,12060.888,127.08176,-134.06435,7.3116393,5.1595216,335.04446
1970-01-01 22:29:57,11961.673,132.25836,-73.96907,0.13204083,0.56984425,335.4653
1970-01-01 22:29:58,12112.915,131.24228,122.389465,3.580444,20.648094,334.848
1970-01-01 22:29:59,11905.931,135.68077,-175.15546,-3.370566,1.977025,333.96533
1970-01-01 22:30:00,11988.324,130.24295,-172.68086,2.911811,1.7721357,332.85318
1970-01-01 22:30:01,12036.31,135.40126,92.96291,7.2967725,15.990934,330.07288
1970-01-01 22:30:02,12101.031,135.5495,-24.591896,3.2583792,-9.915786,331.28204
1970-01-01 22:30:03,11843.158,130.00182,373.64264,0.7792952,-14.723214,329.28
1970-01-01 22:30:04,12010.658,134.67899,104.61653,1.2088441,-4.26481,330.11972
1970-01-01 22:30:05,11918.784,132.32365,295.82977,6.803664,12.895647,330.46683
1970-01-01 22:30:06,12049.545,131.84972,-409.8716,1.4444045,-7.2047367,330.14893
1970-01-01 22:30:07,11980.811,127.7678,-219.41437,0.83158547,-9.188585,329.02563
1970-01-01 22:30:08,12076.26,135.75862,322.0168,1.2572377,0.18865392,329.27405
1970-01-01 22:30:09,12096.378,120.20151,-308.76517,5.160716,-12.159747,328.49277
1970-01-01 22:30:10,12017.807,132.73918,307.6267,2.501969,-4.744262,328.86002
1970-01-01 22:30:11,11949.605,135.41426,-23.246866,6.5802937,8.559245,328.38376
1970-01-01 22:30:12,11960.274,134.44148,221.9964,2.5589488,4.4800496,327.89438
1970-01-01 22:30:13,11904.708,131.85179,89.30055,1.1953855,-9.461714,327.66547
1970-01-01 22:30:14,11874.507,134.93686,222.43188,2.0272498,-5.0593624,327.80225
1970-01-01 22:30:15,12117.162,128.67729,215.31454,2.922737,3.8269053,326.35315
1970-01-01 22:30:16,12069.701,126.33445,-338.46753,8.123634,3.490454,327.4146
1970-01-01 22:30:17,11947.549,131.14818,-155.12589,6.4806576,-1.3143398,329.21533
1970-01-01 22:30:18,12073.196,129.72208,-36.83617,3.288,16.061409,328.35825
1970-01-01 22:30:19,12055.073,134.05832,-23.478897,-5.271353,-15.018844,328.10052
1970-01-01 22:30:20,12018.292,134.72496,-147.7031,4.6352973,2.910605,330.12076
1970-01-01 22:30:21,11959.322,129.59007,-41.187084,-0.0068120044,-13.232972,328.45044
1970-01-01 22:30:22,12092.275,126.4337,155.60207,4.094547,-1.0957056,327.94815
1970-01-01 22:30:23,11987.388,128.4854,-118.17269,7.1181245,18.811327,328.55243
1970-01-01 22:30:24,11969.975,130.30237,-370.0709,2.3005457,-15.566595,328.2985
1970-01-01 22:30:25,11969.187,126.24876,25.152925,-0.02482553,11.723354,328.88956
1970-01-01 22:30:26,11976.449,137.45306,194.07468,1.1758002,-10.154356,328.84363
1970-01-01 22:30:27,12057.946,127.26013,-165.10114,3.620287,5.324848,328.9182
1970-01-01 22:30:28,12113.212,129.32259,114.03658,5.1484895,4.984668,330.39758
1970-01-01 22:30:29,12025.112,132.8155,-271.35373,3.7304957,-1.7035167,330.43402
1970-01-01 22:30:30,11810.968,131.05493,-301.40277,1.5464424,-4.2745457,330.2599
1970-01-01 22:30:31,12067.048,127.71546,317.6493,1.8862941,-1.7055353,330.06042
1970-01-01 22:30:32,11836.11,124.22747,80.9878,7.8496275,6.482961,330.02405
1970-01-01 22:30:33,12082.898,130.32756,115.116196,4.014161,-18.26182,329.90073
1970-01-01 22:30:34,11948.767,129.39539,54.614017,0.44532186,0.24542312,328.85492
1970-01-01 22:30:35,12036.446,129.81516,-0.9885418,3.0966222,-2.4030206,329.6416
1970-01-01 22:30:36,12085.951,134.29509,64.080864,1.7242903,2.247086,330.0949
1970-01-01 22:30:37,11967.133,130.60802,-59.62036,4.6709414,-3.4476626,329.92804
1970-01-01 22:30:38,12195.577,135.17653,-150.75894,-5.370173,-12.081641,329.28763
1970-01-01 22:30:39,12183.199,130.65427,23.32228,0.92859375,15.826643,327.67694
1970-01-01 22:30:40,12101.16,132.02144,-45.84563,0.5068812,0.18556294,327.4638
1970-01-01 22:30:41,12010.945,137.78185,223.42018,3.995278,-2.0962467,326.59427
1970-01-01 22:30:42,11856.58,128.64685,216.88745,-3.625143,-0.62032217,326.37912
1970-01-01 22:30:43,11975.469,137.54411,19.88079,2.6477573,-5.4186945,326.95395
1970-01-01 22:30:44,11889.3955,129.49237,-300.02377,4.2780304,13.085283,327.0759
1970-01-01 22:30:45,12112.903,131.22154,-94.93346,6.967229,-16.368252,326.20605
1970-01-01 22:30:46,12088.766,139.15715,-358.05756,-2.593439,19.374918,326.46942
1970-01-01 22:30:47,12000.49,124.59477,263.70816,1.0937421,19.978832,325.5337
1970-01-01 22:30:48,12110.661,128.79602,-97.91197,-0.035593703,-16.565163,324.51974
1970-01-01 22:30:49,11967.013,127.41726,-129.42815,3.1853893,9.607057,325.5283
1970-01-01 22:30:50,11931.266,125.95232,-59.698017,0.53027666,0.34440374,326.6661
1970-01-01 22:30:51,12104.477,135.077,-231.80031,2.069582,7.7248263,324.96582
1970-01-01 22:30:52,11958.959,124.67618,-78.48201,5.3019724,0.48818526,324.64578
1970-01-01 22:30:53,12205.648,131.34596,-196.11925,0.32141986,4.8815446,323.58514
1970-01-01 22:30:54,11986.3,137.01794,-49.34063,3.148653,5.630089,322.61313
1970-01-01 22:30:55,11985.914,134.24681,-95.29489,2.6816058,6.1918974,322.5065
1970-01-01 22:30:56,11905.131,126.72839,48.509037,0.32209176,6.188539,322.73993
1970-01-01 22:30:57,12065.414,129.18759,30.357218,4.9564576,-0.62225705,322.18768
1970-01-01 22:30:58,11850.055,134.72565,74.01114,-1.1196704,13.562116,320.94397
1970-01-01 22:30:59,11974.015,132.29044,71.25953,-1.6169245,-7.044201,318.97708
1970-01-01 22:31:00,11817.149,131.65163,-62.093155,1.2067059,-4.695779,318.17667
1970-01-01 22:31:01,12045.095,133.88742,-32.358242,-0.19473206,-3.8489563,317.00174
1970-01-01 22:31:02,12085.324,133.8922,-197.71848,2.8883598,-10.565264,317.02222
1970-01-01 22:31:03,12061.362,131.5462,-139.94809,4.3916726,-12.41731,316.38507
1970-01-01 22:31:04,11962.986,133.49928,-195.92343,2.1775331,-11.9795265,316.60196
1970-01-01 22:31:05,11994.567,125.874084,-229.62587,10.691036,9.979043,315.57605
1970-01-01 22:31:06,11895.733,132.95927,-475.47025,-1.3639374,7.1144285,314.9171
1970-01-01 22:31:07,11945.994,128.15027,-178.37723,,-5.9103255,314.94116
1970-01-01 22:31:08,12039.455,131.0796,-48.56819,1.504917,24.722033,313.9461
1970-01-01 22:31:09,12052.438,137.42397,6.2147403,2.3145282,-3.3989775,315.724
1970-01-01 22:31:10,11987.464,137.09428,-121.10847,4.092267,-5.8870783,316.038
1970-01-01 22:31:11,11923.97,134.56459,419.4879,-2.1970038,7.031276,313.9909
1970-01-01 22:31:12,12038.092,124.151764,-138.61533,1.5103304,4.4361925,312.37158
1970-01-01 22:31:13,12038.09,129.93037,281.8029,-0.116899446,7.483688,312.7034
1970-01-01 22:31:14,12002.203,,71.242935,5.243435,12.000277,312.47736
1970-01-01 22:31:15,11983.532,130.57164,-65.08913,3.4054692,-13.379993,313.32877
1970-01-01 22:31:16,12024.261,124.9503,-62.921246,-2.1777818,-10.659689,314.34317
1970-01-01 22:31:17,12050.166,125.8038,-156.9232,-1.6517841,12.67258,313.6761
1970-01-01 22:31:18,12039.688,130.08334,-79.19691,2.0318265,5.3915205,313.52048
1970-01-01 22:31:19,12196.081,141.09027,161.73717,3.5808363,2.1795683,314.87997
1970-01-01 22:31:20,11991.755,125.2302,-215.7051,7.854617,-14.742182,315.2697
1970-01-01 22:31:21,12101.215,126.04369,454.07455,2.2062404,-16.327698,313.65793
1970-01-01 22:31:22,12057.456,136.08289,275.74826,0.09179678,9.770543,313.4418
1970-01-01 22:31:23,12156.297,126.47826,43.69575,3.6632485,8.836468,311.7315
1970-01-01 22:31:24,12102.725,136.81383,-54.010666,6.160862,-1.4069579,313.61447
1970-01-01 22:31:25,12007.815,130.94804,253.09488,-2.364443,-6.5618143,313.06778
1970-01-01 22:31:26,11762.587,131.15842,-201.47095,-2.5809996,9.511033,313.03354
1970-01-01 22:31:27,11992.565,129.7742,-15.203399,7.215986,1.8489183,314.0252
1970-01-01 22:31:28,11926.795,136.1403,-304.5532,2.3067281,4.292416,313.44214
1970-01-01 22:31:29,12050.198,128.13493,249.23772,4.1642737,-2.4723814,312.74557
1970-01-01 22:31:30,11965.305,142.20668,48.00964,0.17851299,-4.5403304,312.56396
1970-01-01 22:31:31,12037.46,136.18031,,1.7095357,-2.501433,314.66498
1970-01-01 22:31:32,11888.855,132.50584,-255.71262,-0.36566734,-6.251529,314.93365
1970-01-01 22:31:33,11917.481,128.43419,-149.3223,-1.0197786,-4.95378,314.6005
1970-01-01 22:31:34,12004.799,131.49174,-212.70627,3.8728936,8.233057,312.8779
1970-01-01 22:31:35,12125.071,136.89209,-21.573503,1.083281,-7.0308514,313.61188
1970-01-01 22:31:36,12079.608,135.30238,-309.98758,4.975975,-2.8568347,312.68823
1970-01-01 22:31:37,12061.705,135.10428,-254.30002,1.1280445,-10.915601,312.2987
1970-01-01 22:31:38,12048.035,136.12657,-242.16533,1.7929047,-16.666758,312.78897
1970-01-01 22:31:39,12002.753,135.87335,-193.72789,-1.8347902,16.045088,312.74335
1970-01-01 22:31:40,12052.456,125.88513,89.24404,0.8491334,2.9459972,311.58243
1970-01-01 22:31:41,11900.967,132.30063,-142.88345,-2.252399,-5.7226524,311.05615
1970-01-01 22:31:42,11986.439,136.24092,63.75523,-1.4388474,4.2445116,310.48886
1970-01-01 22:31:43,12005.861,138.02063,-114.081245,-0.5537965,-8.370302,311.0511
1970-01-01 22:31:44,12063.383,125.56269,-13.70418,3.166094,-9.494336,310.84235
1970-01-01 22:31:45,11940.162,129.3125,-155.6921,1.4934167,2.2511613,309.26474
1970-01-01 22:31:46,11983.748,137.3252,174.17506,1.4264952,12.581377,310.9427
1970-01-01 22:31:47,12067.715,132.84329,,0.25974432,-2.819427,314.56296
1970-01-01 22:31:48,12060.104,128.57292,-73.78715,1.0980057,3.2901092,314.58542
1970-01-01 22:31:49,12099.079,123.51445,-0.9529446,4.212966,-4.411686,316.60425
1970-01-01 22:31:50,12032.053,128.69952,-60.712627,2.5725422,-1.7004441,315.4486
1970-01-01 22:31:51,12028.04,135.54189,-171.26357,3.7339149,-1.7122039,315.2068
1970-01-01 22:31:52,11915.127,130.33307,-34.579453,0.57534254,6.5723815,314.53326
1970-01-01 22:31:53,12093.732,123.10325,-371.88815,0.09613698,1.9770436,315.24786
1970-01-01 22:31:54,12021.429,132.814,160.85033,4.3919225,8.83028,313.95474
1970-01-01 22:31:55,12068.089,139.51935,-303.67508,4.5625277,18.873278,314.76364
1970-01-01 22:31:56,11932.457,127.11906,-67.61231,2.0582697,-8.906627,316.26184
1970-01-01 22:31:57,11984.507,132.96223,-334.37598,-2.554103,3.5033703,315.0292
1970-01-01 22:31:58,11872.855,131.60172,-77.696144,-1.9571105,27.17797,315.33545
1970-01-01 22:31:59,12037.552,131.12718,-48.483475,4.391938,1.1283506,314.98132
1970-01-01 22:32:00,12043.55,131.11809,-229.85905,1.9066622,-0.8305679,315.25378
1970-01-01 22:32:01,11919.529,137.8948,-12.502975,-1.2411039,-4.1343603,314.85004
1970-01-01 22:32:02,11985.01,131.03535,-40.995186,1.2516483,12.676566,315.5275
1970-01-01 22:32:03,11988.722,127.279816,161.39218,0.3799474,15.262211,316.18094
1970-01-01 22:32:04,11973.689,131.85182,-101.80808,2.7154684,-9.768978,316.96182
1970-01-01 22:32:05,11932.63,140.7833,-96.0553,8.261098,-6.254669,317.27502
1970-01-01 22:32:06,12023.775,127.87533,-386.56384,0.24321015,-3.6291165,316.01215
1970-01-01 22:32:07,12024.782,127.067215,47.98543,2.759527,-17.493353,315.13528
1970-01-01 22:32:08,11898.829,134.03175,399.76932,6.350793,0.7518169,315.1316
1970-01-01 22:32:09,12095.913,132.44533,545.1538,6.45755,6.904633,316.07758
1970-01-01 22:32:10,12045.971,137.33975,42.102448,5.0446515,-16.712559,314.9359
1970-01-01 22:32:11,12023.297,132.56537,20.359375,1.6913141,-5.597834,316.1103
1970-01-01 22:32:12,12108.118,129.67488,-77.178085,-0.98385084,-1.5132761,315.89694
1970-01-01 22:32:13,11994.475,138.39073,-105.5852,4.3306055,-5.2739506,316.8898
1970-01-01 22:32:14,11885.396,135.78688,-64.09305,0.07895298,12.097474,316.52643
1970-01-01 22:32:15,11906.258,133.12794,-344.0563,-0.6349048,-15.619728,316.40845
1970-01-01 22:32:16,11995.682,133.6865,-58.509663,2.6955273,2.3896017,317.52615
1970-01-01 22:32:17,12219.014,133.63292,-218.95718,-0.75624496,-8.740603,317.10193
1970-01-01 22:32:18,11974.566,136.7269,98.95032,-0.15235777,1.7475909,316.62317
1970-01-01 22:32:19,12007.831,141.1548,-105.55885,4.5789585,4.2420373,315.95792
1970-01-01 22:32:20,12164.345,129.6552,110.3213,1.7782335,-7.218851,313.48148
1970-01-01 22:32:21,12005.49,133.76886,247.03731,0.5141545,4.7708855,314.57343
1970-01-01 22:32:22,11966.194,133.9736,4.919973,1.3231455,0.06909629,313.99817
1970-01-01 22:32:23,12012.518,136.61534,104.27071,2.8649876,-11.0633335,314.4619
1970-01-01 22:32:24,12043.794,131.00075,191.24341,-0.04709821,-3.1504228,313.79422
1970-01-01 22:32:25,11964.46,138.12624,146.5735,1.8476231,-7.306277,313.75778
1970-01-01 22:32:26,12038.668,135.22342,-334.9113,6.748616,1.8246586,313.88943
1970-01-01 22:32:27,11953.267,132.68593,-110.97583,-0.5125174,4.75792,314.32147
1970-01-01 22:32:28,11989.006,138.55888,-97.53918,7.7014327,12.650467,315.41068
1970-01-01 22:32:29,12016.643,131.33226,-287.90915,,-9.574178,314.09088
1970-01-01 22:32:30,11956.748,139.42175,-187.26274,2.7379472,12.188794,314.42676
1970-01-01 22:32:31,11993.08,136.3038,275.4723,-1.9216092,5.598065,312.89044
1970-01-01 22:32:32,12055.745,132.64404,90.71484,2.9564037,-16.821808,314.72516
1970-01-01 22:32:33,12095.163,137.163,-128.29242,2.4772966,-12.920464,315.0335
1970-01-01 22:32:34,12121.454,138.7665,-291.71222,-0.18120834,-2.7196805,315.51224
1970-01-01 22:32:35,12098.312,138.16321,-105.35761,-2.79911,10.542727,315.4279
1970-01-01 22:32:36,11927.998,134.63438,-7.168766,-3.7810812,-16.851713,316.07187
1970-01-01 22:32:37,11926.436,136.9105,296.02136,1.4321114,4.383585,316.57162
1970-01-01 22:32:38,11977.323,128.84915,-236.69658,-4.0196853,-8.363277,316.22794
1970-01-01 22:32:39,12054.018,132.75171,48.68724,6.0030036,23.389402,316.89914
1970-01-01 22:32:40,11941.123,133.43723,,0.9758996,0.5730258,316.64755
1970-01-01 22:32:41,11996.469,135.13936,-290.4217,2.897775,11.207355,317.83817
1970-01-01 22:32:42,11999.238,139.0261,-122.7572,-0.43077204,-7.4384313,317.31992
1970-01-01 22:32:43,12012.428,138.33157,259.1338,0.4121455,-2.6029572,318.01074
1970-01-01 22:32:44,11989.071,135.33084,-82.66547,1.1842556,-27.203245,315.96155
1970-01-01 22:32:45,12184.342,132.3618,62.957535,4.252014,15.517753,317.47556
1970-01-01 22:32:46,12013.98,135.93944,-92.0705,1.9319123,-0.091391906,317.25662
1970-01-01 22:32:47,12061.601,129.50276,99.96905,0.6348895,3.3472016,317.08765
1970-01-01 22:32:48,11950.19,136.09004,-189.96684,5.5962443,7.824243,317.4396
1970-01-01 22:32:49,12026.56,131.94518,139.07434,4.499295,4.2033477,318.89984
1970-01-01 22:32:50,11932.732,131.93028,-76.51578,-2.3766282,-3.1801224,318.76324
1970-01-01 22:32:51,12062.096,134.69455,-181.97797,1.3308573,-8.27126,319.71744
1970-01-01 22:32:52,12063.467,137.62807,-68.15969,7.415613,-3.0935593,318.82205
1970-01-01 22:32:53,11954.952,137.88072,-63.771774,4.2414207,-3.8423545,318.2787
1970-01-01 22:32:54,12067.6045,135.66153,14.625199,0.5114341,2.2058587,318.00543
1970-01-01 22:32:55,11933.757,129.4539,-135.5401,5.8771825,-18.29767,317.19617
1970-01-01 22:32:56,12051.663,133.09348,-6.861288,0.00078339264,2.8582847,317.0987
1970-01-01 22:32:57,12081.619,142.8858,21.747694,6.880152,-1.703772,318.2869
1970-01-01 22:32:58,12017.522,141.5313,-23.6714,8.563744,-2.5163045,318.133
1970-01-01 22:32:59,11997.187,136.6188,126.740456,2.6438856,9.130198,317.81702
1970-01-01 22:33:00,11958.639,134.37054,156.16571,4.5481052,9.541628,316.4841
1970-01-01 22:33:01,11996.385,136.92705,-63.440014,1.7817274,6.8438654,316.8397
1970-01-01 22:33:02,11852.424,140.92012,84.419975,4.058778,12.131225,316.9608
1970-01-01 22:33:03,11891.124,139.63757,-375.89438,4.08262,8.028713,317.48834
1970-01-01 22:33:04,12065.421,135.56522,19.420746,2.9197323,-18.46757,317.75674
1970-01-01 22:33:05,12046.703,135.45912,-32.153244,2.983289,-2.7697825,317.37253
1970-01-01 22:33:06,11915.616,143.19525,-143.18471,0.0022052438,2.0151079,318.2293
1970-01-01 22:33:07,11894.399,142.5548,188.1619,-0.6656406,13.4485035,317.2062
1970-01-01 22:33:08,11984.523,135.60733,-110.11408,2.7751877,-0.52682316,314.40198
1970-01-01 22:33:09,12034.858,137.62433,-150.32823,1.5340226,0.13139056,314.6406
1970-01-01 22:33:10,11938.162,140.42819,-6.7964478,-5.3617873,-2.366021,314.5278
1970-01-01 22:33:11,12006.133,140.54585,95.772514,-0.9008426,6.08814,314.6272
1970-01-01 22:33:12,12063.069,139.96837,25.920752,2.9345427,3.7190673,313.5444
1970-01-01 22:33:13,12002.8,135.16916,-97.13891,3.4240947,-0.39243066,313.8532
1970-01-01 22:33:14,12108.785,132.73102,-235.30717,-0.6286831,-8.61301,311.92203
1970-01-01 22:33:15,12082.254,132.46646,-111.86854,-0.17703986,5.03167,313.40097
1970-01-01 22:33:16,12008.826,133.99919,-244.36028,6.2591844,-3.6508818,312.9973
1970-01-01 22:33:17,12141.72,134.2837,4.613162,-3.7893903,-0.71650195,314.40842
1970-01-01 22:33:18,11991.272,138.50111,92.553734,-0.1727186,-3.1567724,314.61996
1970-01-01 22:33:19,11945.663,131.70789,-227.55986,6.119249,-4.701716,313.67377
1970-01-01 22:33:20,11940.142,135.51434,-239.99124,2.0575566,-10.711663,314.79877
1970-01-01 22:33:21,12057.966,141.62207,-264.14963,4.1063824,21.344173,313.74344
1970-01-01 22:33:22,11961.692,135.74722,323.19568,1.5479325,9.916747,313.65222
1970-01-01 22:33:23,12072.281,139.05241,-60.338898,2.40446,1.4823285,314.07507
1970-01-01 22:33:24,12027.165,137.74516,250.4508,-1.8981612,5.7360473,314.0912
1970-01-01 22:33:25,11959.4375,133.36844,-81.995056,3.703813,4.360387,314.44473
1970-01-01 22:33:26,12209.909,135.23206,-36.533955,3.9119704,,315.11023
1970-01-01 22:33:27,11839.746,134.05582,87.67438,3.9242697,1.0248939,314.31192
1970-01-01 22:33:28,12036.584,134.01152,27.105507,8.598229,-0.90673107,314.04324
1970-01-01 22:33:29,12115.362,137.31294,-121.53631,-3.312029,1.618505,314.9932
1970-01-01 22:33:30,12016.296,130.22932,75.43385,4.4816074,-3.733883,315.32803
1970-01-01 22:33:31,11896.325,129.45738,124.23588,1.5871829,-15.806505,314.89328
1970-01-01 22:33:32,12055.721,144.45898,33.270535,3.892227,1.0462102,315.4967
1970-01-01 22:33:33,11989.323,133.57906,106.56041,7.980682,-8.5351095,315.0516
1970-01-01 22:33:34,11980.804,132.56783,58.645546,1.9963942,-7.76751,314.24124
1970-01-01 22:33:35,11978.111,143.92511,287.37582,1.9472804,2.3744855,315.79706
1970-01-01 22:33:36,11867.334,135.48907,-14.03375,6.0616474,4.6805477,314.52063
1970-01-01 22:33:37,12096.921,137.98943,-381.94492,2.795937,12.761199,315.45428
1970-01-01 22:33:38,11957.846,134.24597,-432.80234,1.1053619,1.9016147,315.58694
1970-01-01 22:33:39,12067.307,138.0989,312.27942,2.3519952,-7.160222,315.3071
1970-01-01 22:33:40,12057.536,135.80301,266.7345,6.970113,-17.530725,315.67316
1970-01-01 22:33:41,12163.703,137.47188,438.0439,0.47839987,-5.0478334,316.3588
1970-01-01 22:33:42,11906.908,132.28937,72.05877,-1.0830293,-6.584494,315.94217
1970-01-01 22:33:43,11848.69,143.6029,-43.792297,0.3356043,-8.207399,315.66653
1970-01-01 22:33:44,11954.4375,137.565,242.14847,0.79143757,0.998154,317.4215
1970-01-01 22:33:45,12049.454,137.8739,266.67603,1.485259,-18.050976,317.22256
1970-01-01 22:33:46,12150.54,128.74893,-245.495,4.3749723,-2.637579,317.01
1970-01-01 22:33:47,12005.505,135.81621,-122.12288,2.2515624,-6.8735943,318.1304
1970-01-01 22:33:48,12047.617,134.02245,55.424404,5.951691,17.518793,318.68158
1970-01-01 22:33:49,12065.163,134.14963,204.81262,2.5763502,1.8018373,320.06552
1970-01-01 22:33:50,,138.07648,-71.76031,-1.2143958,-1.2737044,319.55948
1970-01-01 22:33:51,12053.691,136.00323,44.020336,-2.0098333,4.59121,319.4194
1970-01-01 22:33:52,12140.479,135.59456,225.84155,-0.14685246,0.60093004,319.1186
1970-01-01 22:33:53,12012.216,136.41415,32.890762,-0.80500007,-13.169276,318.33203
1970-01-01 22:33:54,12006.354,142.01408,-171.70291,4.1207457,3.143968,317.58582
1970-01-01 22:33:55,11877.502,139.76854,-213.54358,2.7606294,5.3484178,316.12378
1970-01-01 22:33:56,12060.27,134.69984,-74.32829,-2.322981,23.055334,316.69525
1970-01-01 22:33:57,11957.688,133.73257,-7.374795,2.6193683,8.067348,316.91705
1970-01-01 22:33:58,12107.221,133.96458,-248.2234,3.610289,-1.1083448,317.58566
1970-01-01 22:33:59,11857.725,135.95273,-119.46476,0.22027837,-1.245841,316.47342
1970-01-01 22:34:00,12033.108,141.47548,150.46205,-0.5800773,-1.3588262,316.80426
1970-01-01 22:34:01,11991.038,135.78423,-129.4084,4.308122,2.8117065,315.9305
1970-01-01 22:34:02,11970.936,141.37027,3.673033,3.5717099,12.133539,314.6965
1970-01-01 22:34:03,11881.906,137.69058,129.95897,4.884049,-18.972624,313.27216
1970-01-01 22:34:04,12046.002,135.09317,46.12182,2.7177012,4.3923116,313.53394
1970-01-01 22:34:05,11978.69,142.25154,202.13469,-1.1418734,-3.569997,314.18973
1970-01-01 22:34:06,11966.235,133.26703,-339.6985,1.7804303,-4.1494203,314.29623
1970-01-01 22:34:07,12084.265,137.32759,48.881317,-0.2932522,4.819961,315.35397
1970-01-01 22:34:08,11950.931,144.70824,18.752594,7.7511144,1.3662521,313.87973
1970-01-01 22:34:09,12034.834,135.09251,-238.61426,4.363437,0.49215114,315.48135
1970-01-01 22:34:10,12057.465,134.28291,175.69821,4.374804,-15.779684,315.23602
1970-01-01 22:34:11,12008.2,139.63042,153.53683,4.200892,-3.288091,313.99466
1970-01-01 22:34:12,12047.078,135.25916,-148.5672,3.7864418,-4.2906957,313.16824
1970-01-01 22:34:13,11944.597,137.89865,358.4331,0.82854366,-7.136293,313.1105
1970-01-01 22:34:14,11999.971,138.1512,141.86685,5.6562424,-11.717544,313.22437
1970-01-01 22:34:15,11903.708,143.16377,526.3163,9.982577,-5.2568507,312.83197
1970-01-01 22:34:16,11875.537,139.64001,-70.38112,8.863061,-11.249773,314.25034
1970-01-01 22:34:17,11949.196,137.49785,-98.23856,0.29671896,5.5017295,312.85214
1970-01-01 22:34:18,12086.2705,139.13037,-173.24037,1.0671524,9.971901,312.30145
1970-01-01 22:34:19,12073.71,131.71094,129.39806,1.3501104,-3.1591525,313.02206
1970-01-01 22:34:20,11827.2,143.02484,-119.960884,3.780316,-0.5008482,313.3075
1970-01-01 22:34:21,11926.918,137.41245,195.81033,2.9532118,-19.06429,313.65448
1970-01-01 22:34:22,12017.021,135.66939,152.78731,0.2729496,-3.2334476,314.24854
1970-01-01 22:34:23,11941.699,145.20023,-345.1851,8.18298,2.9901342,313.2325
1970-01-01 22:34:24,11988.484,129.37534,190.77747,3.8643446,0.57485676,313.90198
1970-01-01 22:34:25,12088.039,137.78972,-56.011116,0.63901633,-1.4837993,313.5802
1970-01-01 22:34:26,12039.544,132.69295,235.8319,1.823851,-16.308332,312.3599
1970-01-01 22:34:27,12070.972,141.12982,82.89678,3.8062668,8.048089,312.7884
1970-01-01 22:34:28,12024.894,137.42926,-367.6393,4.188396,-3.6011565,312.82043
1970-01-01 22:34:29,12142.501,136.65163,-177.81313,0.2270573,-11.947873,312.34756
1970-01-01 22:34:30,11991.9795,136.73445,92.29596,0.5829584,-27.644474,312.00684
1970-01-01 22:34:31,12024.5205,138.53322,173.27393,5.7287455,2.4418714,313.57852
1970-01-01 22:34:32,12166.4795,136.54109,55.53414,4.5374765,1.4395525,314.74527
1970-01-01 22:34:33,12066.774,136.04211,-7.314931,3.7496686,5.3825803,313.86667
1970-01-01 22:34:34,11929.71,131.22174,217.04276,0.3302127,1.8236871,315.04956
1970-01-01 22:34:35,11863.7705,136.9304,-231.93382,-4.074649,10.302528,315.15668
1970-01-01 22:34:36,11993.548,134.746,-151.08482,2.7087352,2.6495051,316.29285
1970-01-01 22:34:37,12084.466,138.80946,,-2.6742642,4.3207808,315.9579
1970-01-01 22:34:38,12000.51,135.7252,32.69298,5.1746116,15.96445,317.4114
1970-01-01 22:34:39,11995.882,128.92982,-90.253105,,-12.221655,315.78366
1970-01-01 22:34:40,11969.249,139.74265,-29.328423,-0.26367486,-0.31029844,315.01453
1970-01-01 22:34:41,11832.365,130.64276,323.61755,,7.8166046,315.17535
1970-01-01 22:34:42,11830.615,141.27437,-77.949036,4.630113,-7.2712455,315.68988
1970-01-01 22:34:43,12038.985,135.61159,225.46947,5.480152,-3.1774578,317.09552
1970-01-01 22:34:44,11998.65,134.84831,-212.01944,3.0118976,-0.28215882,317.5821
1970-01-01 22:34:45,12078.038,138.91025,181.28882,0.20129183,-13.4983835,318.07898
1970-01-01 22:34:46,12082.63,138.61034,25.311632,-0.059245083,1.2978595,318.22806
1970-01-01 22:34:47,11980.082,136.94374,-320.34317,2.3752713,14.981705,317.77603
1970-01-01 22:34:48,11996.495,142.96701,-55.19211,-4.1101575,-16.00029,317.0219
1970-01-01 22:34:49,11987.751,134.04918,108.23156,-4.432291,-2.496654,317.45538
1970-01-01 22:34:50,12055.862,136.96333,-299.3677,3.4336512,12.38746,317.2786
1970-01-01 22:34:51,12109.311,139.3925,-4.5227137,-0.9449386,4.871436,316.47647
1970-01-01 22:34:52,11931.93,134.46132,247.71143,-1.4477987,1.178555,315.4301
1970-01-01 22:34:53,12028.399,142.58534,-38.92646,2.8370132,-7.919072,315.58948
1970-01-01 22:34:54,11976.415,137.76585,-51.66292,3.7329564,1.7695311,314.85632
1970-01-01 22:34:55,12086.835,139.76967,16.201855,4.0815783,-6.584056,314.3822
1970-01-01 22:34:56,12027.276,138.7464,-295.25134,-6.486921,17.428782,315.13803
1970-01-01 22:34:57,11996.844,132.40451,55.51978,1.1694535,21.764492,313.3338
1970-01-01 22:34:58,12054.131,141.66884,-91.6192,2.5802937,-1.096124,313.97324
1970-01-01 22:34:59,12001.955,134.07933,-8.7718935,2.689912,4.1168947,315.04767
1970-01-01 22:35:00,12152.836,137.68199,27.733856,-3.393097,15.81235,314.2219
1970-01-01 22:35:01,12136.414,132.4069,-167.8664,-3.4667935,1.4155905,312.69843
1970-01-01 22:35:02,12091.721,141.12048,4.0925336,2.1938455,1.7542017,313.10785
1970-01-01 22:35:03,12018.756,135.26607,7.7125673,4.656905,6.3036094,312.85574
1970-01-01 22:35:04,12076.941,131.06955,259.48996,-1.0560391,14.967123,312.46307
1970-01-01 22:35:05,12038.067,134.12946,-181.0145,-0.93054616,-4.530633,313.80032
1970-01-01 22:35:06,12116.702,134.19128,-74.10521,1.850776,-6.180322,314.52664
1970-01-01 22:35:07,12007.554,143.22476,103.072105,1.8364058,3.7653499,314.23068
1970-01-01 22:35:08,11940.795,140.24294,68.26493,5.0810075,-11.561378,314.32004
1970-01-01 22:35:09,12069.538,136.81209,-19.707712,-3.3004856,-10.785933,313.16302
1970-01-01 22:35:10,12085.162,141.23244,-197.3679,6.306954,9.872412,312.11542
1970-01-01 22:35:11,12037.592,133.12314,125.481514,-2.605021,0.48590958,312.99115
1970-01-01 22:35:12,12020.74,143.0911,335.72745,5.4180446,-7.0388274,314.60205
1970-01-01 22:35:13,12036.057,137.71857,38.273895,4.655831,6.1094294,314.97443
1970-01-01 22:35:14,11988.583,141.07295,140.19598,5.5753016,-4.6938863,315.05478
1970-01-01 22:35:15,12011.754,139.62657,95.31398,-7.2358365,-2.4490635,
1970-01-01 22:35:16,11942.405,138.70454,73.44536,-1.7193393,17.484697,316.44736
1970-01-01 22:35:17,11868.181,144.69237,-428.6468,-3.050519,0.9295643,314.387
1970-01-01 22:35:18,11991.162,148.98949,-187.4663,-1.8074546,-1.3430781,316.11942
1970-01-01 22:35:19,12127.899,136.14362,-66.730606,7.9327393,-0.15737371,316.98074
1970-01-01 22:35:20,12074.973,140.70612,-248.97856,0.7832617,18.906128,316.83356
1970-01-01 22:35:21,12118.742,134.43036,-99.10987,1.1998607,-3.1480346,319.13306
1970-01-01 22:35:22,11991.943,143.5278,186.27983,0.7459395,-11.481884,320.59964
1970-01-01 22:35:23,12022.493,143.16127,-61.740448,0.7713188,-10.525259,319.9228
1970-01-01 22:35:24,12020.624,139.07185,191.1338,3.6842954,0.7126609,318.50757
1970-01-01 22:35:25,12001.923,144.75887,-114.76144,2.3443193,-2.573573,318.4874
1970-01-01 22:35:26,12196.97,131.9264,-111.95183,1.7140853,-9.153908,317.51242
1970-01-01 22:35:27,12176.821,139.41699,-154.0631,6.4680758,16.260178,318.37128
1970-01-01 22:35:28,12024.055,145.62431,198.01546,5.2738495,-10.779284,318.47302
1970-01-01 22:35:29,12071.793,136.32506,44.408234,2.993281,31.012117,319.74216
1970-01-01 22:35:30,11885.115,142.34155,-39.53486,0.9289788,-3.2390616,319.7225
1970-01-01 22:35:31,11909.109,135.95723,118.686035,-0.34107196,2.5878716,319.20593
1970-01-01 22:35:32,11935.924,130.25601,-177.22258,2.7950864,-2.302279,320.8363
1970-01-01 22:35:33,12100.72,139.66963,164.8855,3.1181908,,320.39484
1970-01-01 22:35:34,12020.374,138.91542,264.2449,1.8157465,4.1983957,320.17117
1970-01-01 22:35:35,11946.59,141.27992,67.07207,7.0860705,-6.396461,321.57748
1970-01-01 22:35:36,12100.18,131.80168,-164.12854,2.5577917,-6.33154,322.2116
1970-01-01 22:35:37,11916.006,143.9148,-50.37603,-0.92487746,-9.544982,322.93417
1970-01-01 22:35:38,12033.296,141.3187,66.64166,0.9182558,16.060009,322.4073
1970-01-01 22:35:39,11838.948,142.41359,91.173744,-0.9547666,21.580069,321.5655
1970-01-01 22:35:40,12110.747,143.64192,344.06396,3.6524801,4.38382,320.65585
1970-01-01 22:35:41,12047.115,140.65558,18.70287,1.6452918,-3.7414858,319.82526
1970-01-01 22:35:42,11933.829,135.4223,-292.3398,-1.2999974,-0.25926912,319.1116
1970-01-01 22:35:43,11967.567,140.15266,36.163692,2.2459812,-7.7868524,320.86996
1970-01-01 22:35:44,11985.922,127.83449,312.92215,2.2825673,2.135813,321.933
1970-01-01 22:35:45,12193.59,130.43536,132.37581,1.7558777,-7.2181697,322.14362
1970-01-01 22:35:46,12061.236,143.21666,69.57079,-1.2140949,13.741635,323.5153
1970-01-01 22:35:47,12046.447,143.98402,-338.26624,3.4835665,1.0229298,322.7988
1970-01-01 22:35:48,12065.138,144.63432,-149.89116,0.041677807,-7.717629,322.79214
1970-01-01 22:35:49,11878.279,139.15758,-236.14894,-3.9975915,-16.993393,322.8665
1970-01-01 22:35:50,12046.436,138.68138,-135.5161,3.657495,10.558583,323.69064
1970-01-01 22:35:51,12033.349,144.62567,106.40787,1.5161726,4.869458,324.0264
1970-01-01 22:35:52,11939.379,136.78659,-185.0759,4.728223,4.8947997,323.9204
1970-01-01 22:35:53,12009.998,137.90964,-161.47356,-2.3083787,-22.748306,324.16504
1970-01-01 22:35:54,11848.344,134.7512,220.67155,-2.0824318,-8.831447,323.0231
1970-01-01 22:35:55,11923.675,141.82523,-51.64114,1.6420654,-2.4548337,322.54797
1970-01-01 22:35:56,11999.591,141.6818,442.79797,7.8763843,-9.475722,322.1018
1970-01-01 22:35:57,11940.506,144.6868,250.7619,2.5027359,13.79814,321.34637
1970-01-01 22:35:58,11935.797,141.43628,40.982376,3.2190828,-9.168878,321.82553
1970-01-01 22:35:59,11980.682,143.17729,378.08813,-0.71716774,10.555068,322.3577
1970-01-01 22:36:00,12047.872,132.2365,13.587612,3.477233,-5.576363,322.43073
1970-01-01 22:36:01,11857.716,147.23018,24.969517,0.91653025,-2.8110592,321.1058
1970-01-01 22:36:02,,138.66484,12.557324,3.0797935,-2.0095112,321.56598
1970-01-01 22:36:03,12023.885,143.84886,123.330124,4.520481,-6.2466516,322.55426
1970-01-01 22:36:04,11942.248,140.0868,106.85737,2.9432719,-11.476606,322.04736
1970-01-01 22:36:05,11951.085,134.01288,207.20624,-0.13859531,12.248246,322.495
1970-01-01 22:36:06,11944.464,146.32019,13.956614,4.442025,20.076534,322.40332
1970-01-01 22:36:07,12012.438,140.3424,-90.92913,2.1827376,-4.499543,321.17636
1970-01-01 22:36:08,11945.463,138.95293,309.218,3.8633165,-5.9399323,320.92245
1970-01-01 22:36:09,11879.994,143.27068,-64.89662,3.7462041,-1.3165251,319.88562
1970-01-01 22:36:10,11953.379,139.07924,61.94588,-1.4341246,-20.27799,320.56555
1970-01-01 22:36:11,12121.62,141.3005,-71.08015,0.8720521,6.384622,319.52078
1970-01-01 22:36:12,11966.269,142.65509,-30.618511,3.332387,-6.557958,320.13483
1970-01-01 22:36:13,11936.231,138.71524,72.948814,1.3296485,1.3374075,321.2764
1970-01-01 22:36:14,11958.07,143.44147,-182.38188,2.7065108,19.61272,321.08255
1970-01-01 22:36:15,11923.783,138.94176,82.45977,3.4865615,-14.483711,319.6482
1970-01-01 22:36:16,11997.44,144.97575,88.80714,1.9841444,-4.3871636,319.02362
1970-01-01 22:36:17,11917.873,145.01045,117.611595,-1.4874055,16.46078,320.12622
1970-01-01 22:36:18,12014.87,150.02132,-40.425274,3.4403825,-21.523603,318.07516
1970-01-01 22:36:19,11954.897,146.55458,-150.33871,-3.255285,5.781687,317.21585
1970-01-01 22:36:20,12003.311,144.237,81.78209,1.1548018,8.96006,317.0098
1970-01-01 22:36:21,12124.392,136.35663,-121.50462,1.3275012,-0.32520548,317.2883
1970-01-01 22:36:22,11965.868,143.10878,-192.5669,2.9518473,-5.1772485,315.1311
1970-01-01 22:36:23,12132.55,146.24611,412.7314,0.118835084,-11.071465,315.89676
1970-01-01 22:36:24,11926.406,140.14267,133.21259,3.7561214,20.227163,317.61053
1970-01-01 22:36:25,11897.253,132.79216,-192.58421,2.7196534,12.983285,318.57996
1970-01-01 22:36:26,11987.674,144.20244,231.82292,3.9686375,-9.9113455,318.83716
1970-01-01 22:36:27,11918.31,140.51208,95.56807,7.133289,3.388272,317.36716
1970-01-01 22:36:28,11977.084,142.44905,-352.12982,3.5826569,6.5525813,317.5107
1970-01-01 22:36:29,12003.745,,68.23929,2.6735353,-12.747436,317.855
1970-01-01 22:36:30,11980.822,141.68626,43.14108,1.7125096,-5.2061005,318.13095
1970-01-01 22:36:31,12090.157,142.11827,-85.47327,4.484664,-2.188718,319.11108
1970-01-01 22:36:32,12064.396,148.77786,41.34225,2.8968544,-1.3960421,318.79416
1970-01-01 22:36:33,11970.635,139.07938,-192.57626,6.9217143,18.07267,320.9983
1970-01-01 22:36:34,11940.327,139.1942,-163.21495,1.5248544,5.1269956,322.60706
1970-01-01 22:36:35,12206.608,140.36748,50.714283,3.1533697,7.288859,323.8097
1970-01-01 22:36:36,11975.352,145.82756,-208.83557,3.106074,11.392426,324.50656
1970-01-01 22:36:37,11810.877,146.55756,-0.41634667,-2.9974387,-10.598614,323.5821
1970-01-01 22:36:38,12056.026,138.6416,-80.525764,-0.8371945,-1.4262278,321.0921
1970-01-01 22:36:39,12079.157,143.7834,-177.13109,-0.15379177,-1.7039505,321.51135
1970-01-01 22:36:40,11940.402,130.25966,26.351942,5.2811112,-1.5639579,319.96738
1970-01-01 22:36:41,11925.506,145.74756,-317.9274,0.2517706,1.9733907,319.57062
1970-01-01 22:36:42,11852.646,145.52266,-442.1008,2.8353205,-5.81148,320.04437
1970-01-01 22:36:43,12138.2705,139.68687,165.54437,0.43609744,-6.9956503,319.25095
1970-01-01 22:36:44,11951.349,132.00302,53.709305,7.4517236,2.6080368,318.85147
1970-01-01 22:36:45,12089.359,147.89162,83.71707,0.6192851,4.439033,318.2621
1970-01-01 22:36:46,11954.541,143.5506,12.200242,-5.804284,-14.530205,318.08267
1970-01-01 22:36:47,12075.291,143.12312,-99.67156,0.4472973,1.9130806,316.25052
1970-01-01 22:36:48,11940.833,139.46628,70.31825,-5.084477,-0.96949774,316.2252
1970-01-01 22:36:49,12057.007,141.61049,-197.71202,1.287565,-10.083955,315.19467
1970-01-01 22:36:50,12022.738,146.79655,147.47638,-0.22396761,11.539509,315.4781
1970-01-01 22:36:51,11977.841,145.72688,307.57895,2.8949583,8.841003,317.10233
1970-01-01 22:36:52,12113.756,143.11131,-160.33263,6.282055,15.761098,315.98477
1970-01-01 22:36:53,12151.407,139.27489,232.63387,-1.5407075,-2.2307477,315.51422
1970-01-01 22:36:54,11959.529,144.24066,178.48697,1.3514011,-4.497332,315.01666
1970-01-01 22:36:55,11928.752,143.73807,-362.84995,2.4616075,14.412692,314.50098
1970-01-01 22:36:56,11937.59,142.999,-84.42506,3.427876,-20.876005,314.8438
1970-01-01 22:36:57,11995.573,140.11307,53.1798,-0.16909295,11.159943,315.96997
1970-01-01 22:36:58,12014.464,,220.06256,4.3653083,6.8410153,315.39484
1970-01-01 22:36:59,11883.25,138.97612,-94.631905,2.315609,-0.7499223,314.3132
1970-01-01 22:37:00,12063.618,143.21216,-71.254906,6.200421,-2.5938964,311.87164
1970-01-01 22:37:01,12148.09,149.5582,29.604816,1.5034583,-9.468045,311.1479
1970-01-01 22:37:02,12000.474,144.80655,50.78505,0.6589332,0.39734808,312.51288
1970-01-01 22:37:03,12179.0625,134.91605,499.1224,-0.8225166,7.891576,313.41687
1970-01-01 22:37:04,12006.326,141.48242,,4.1188884,-1.2402624,313.04245
1970-01-01 22:37:05,12087.425,137.55,-24.278713,-0.15663078,-6.52833,313.09213
1970-01-01 22:37:06,12154.015,138.04724,-222.60913,0.13824446,-7.9890676,312.2101
1970-01-01 22:37:07,12001.095,140.06682,-98.02352,-2.8724573,-8.379264,312.88333
1970-01-01 22:37:08,12020.008,144.93283,145.08272,2.5224297,5.6562705,311.78326
1970-01-01 22:37:09,12184.59,144.72433,257.51215,-2.7811296,-14.971656,312.7208
1970-01-01 22:37:10,11985.868,140.7996,-37.815926,4.7047834,-3.112899,314.06314
1970-01-01 22:37:11,11985.717,148.17917,81.44466,3.7143285,12.083171,312.83948
1970-01-01 22:37:12,11876.023,137.72044,-76.04504,2.2708519,0.25469586,312.84515
1970-01-01 22:37:13,11904.389,143.85489,-70.790245,5.4671183,-2.0498428,312.7296
1970-01-01 22:37:14,11920.759,150.6217,-92.574585,1.6607233,7.895521,312.24274
1970-01-01 22:37:15,12075.741,138.8479,206.01918,-4.4915648,1.5453044,312.65457
1970-01-01 22:37:16,11889.689,139.2569,85.07585,3.180673,10.082434,311.82974
1970-01-01 22:37:17,12055.479,137.76537,-465.35126,2.500084,-1.0922382,314.13553
1970-01-01 22:37:18,11972.268,140.01338,90.78332,-0.4562938,-6.0027013,311.56134
1970-01-01 22:37:19,12024.469,146.00694,23.679932,3.9424696,-8.148919,310.71512
1970-01-01 22:37:20,12018.56,139.6911,-186.63774,-1.7727607,-8.774125,309.22784
1970-01-01 22:37:21,12006.714,139.20642,357.93112,1.141061,-9.15411,310.18677
1970-01-01 22:37:22,12039.002,140.54697,-131.53107,2.8441715,-8.588461,307.0175
1970-01-01 22:37:23,12012.58,145.74239,140.73668,-1.7267021,0.67920005,307.3466
1970-01-01 22:37:24,12014.51,145.71823,-39.047638,3.3293772,9.773097,305.09167
1970-01-01 22:37:25,11985.067,140.52785,-498.40576,8.31695,1.3316216,306.19052
1970-01-01 22:37:26,12061.652,149.77171,182.72948,4.520153,-9.816154,307.3428
1970-01-01 22:37:27,11903.738,143.75418,86.370445,1.3966385,-26.383877,306.81555
1970-01-01 22:37:28,11995.072,152.93816,-147.11958,4.323807,-9.464925,306.98724
1970-01-01 22:37:29,11957.043,145.55347,250.09033,0.13094695,-4.727312,305.83105
1970-01-01 22:37:30,12014.235,138.85452,-27.843729,2.3721795,-7.210108,307.00696
1970-01-01 22:37:31,11865.013,138.75876,-428.3735,-2.2658665,,306.64462
1970-01-01 22:37:32,12204.126,142.23982,147.35727,2.2992947,-7.3229494,304.67734
1970-01-01 22:37:33,12066.018,137.90102,-18.670847,-0.71700835,-0.75490355,304.27408
1970-01-01 22:37:34,12017.059,143.19862,229.12561,4.550556,-3.4914792,304.47806
1970-01-01 22:37:35,12003.305,146.86972,-165.11063,-2.893885,9.053453,304.1339
1970-01-01 22:37:36,11996.134,138.27089,-315.21033,2.7918377,2.946457,303.68878
1970-01-01 22:37:37,11902.499,135.61401,144.57828,6.0452194,-7.3936863,303.52924
1970-01-01 22:37:38,11948.457,134.96727,-101.88741,2.320789,-3.1812282,302.34167
1970-01-01 22:37:39,12064.737,135.40027,-234.48148,-2.451262,-3.9413583,302.08667
1970-01-01 22:37:40,12001.223,142.45491,108.98745,8.581417,-9.806039,300.8346
1970-01-01 22:37:41,11885.292,145.76433,475.79895,-4.189601,-13.331137,299.99826
1970-01-01 22:37:42,11903.472,147.35533,203.63141,-0.44785622,-14.990512,301.912
1970-01-01 22:37:43,11994.405,151.39143,-5.3087344,-3.25858,6.6286345,301.87595
1970-01-01 22:37:44,11962.562,144.07027,-54.835907,2.7043538,6.594247,300.9944
1970-01-01 22:37:45,11963.036,139.85065,55.87964,1.9072673,-5.342044,299.0152
1970-01-01 22:37:46,11976.572,139.12994,26.59572,-0.12193889,-15.821474,299.7691
1970-01-01 22:37:47,12094.563,140.2541,-397.7771,1.8498992,-5.2248588,298.2019
1970-01-01 22:37:48,12132.887,146.97276,108.8134,-1.96824,-8.04776,297.29227
1970-01-01 22:37:49,11846.293,143.57002,15.471262,3.214031,-7.6895494,298.1993
1970-01-01 22:37:50,12139.023,143.18756,-204.72342,5.062763,-3.496706,296.6558
1970-01-01 22:37:51,12209.157,151.24434,-100.37959,-3.3716624,-13.735728,296.59726
1970-01-01 22:37:52,12039.16,145.39528,-35.446762,-2.6619048,1.3509983,297.05954
1970-01-01 22:37:53,12021.47,141.44963,234.8743,9.842485,-15.590953,296.7732
1970-01-01 22:37:54,11929.235,138.50089,-126.08212,3.4780574,-9.326295,298.06598
1970-01-01 22:37:55,12053.444,141.9244,418.623,0.6357818,-5.823677,299.0733
1970-01-01 22:37:56,12066.646,148.2079,-255.85928,0.093560055,-1.8860825,297.99887
1970-01-01 22:37:57,11988.054,,251.18468,-0.12057442,-8.335403,296.8877
1970-01-01 22:37:58,12011.56,139.94394,82.85642,1.6592761,-2.9647846,296.3567
1970-01-01 22:37:59,12140.64,144.78722,-12.248351,9.209132,-1.412059,295.83707
1970-01-01 22:38:00,12070.5,147.33405,-385.28656,4.5851984,22.591497,297.7606
1970-01-01 22:38:01,11857.192,143.84785,-60.973896,2.2085063,9.748677,298.51334
1970-01-01 22:38:02,11927.823,149.00334,72.80388,8.475205,-3.146546,298.09308
1970-01-01 22:38:03,11889.328,142.6541,-78.66997,1.2800345,6.001557,298.02942
1970-01-01 22:38:04,12153.003,148.76057,143.12625,-3.166149,2.107478,297.6813
1970-01-01 22:38:05,11931.31,144.44072,122.449135,1.3465317,40.146442,296.6177
1970-01-01 22:38:06,12075.237,147.45068,195.37839,5.355045,-3.4163678,297.53293
1970-01-01 22:38:07,12104.802,142.38567,166.20567,5.4219723,7.73136,296.7401
1970-01-01 22:38:08,11951.795,151.38275,105.49607,3.2253234,-11.250813,296.9553
1970-01-01 22:38:09,12073.393,145.78265,-272.5073,5.4785275,7.8108187,298.81424
1970-01-01 22:38:10,12030.944,144.39484,485.21912,-2.4031122,-8.556405,299.0051
1970-01-01 22:38:11,11977.668,142.32047,123.940956,1.9237725,-15.016036,296.441
1970-01-01 22:38:12,11866.891,140.09996,-208.47353,0.55365,9.55809,295.99777
1970-01-01 22:38:13,12134.91,149.47662,-209.95024,0.7685776,-10.037135,298.48358
1970-01-01 22:38:14,12178.554,145.34668,577.3291,2.7674303,15.351423,299.96533
1970-01-01 22:38:15,11837.472,146.6471,-164.1696,1.4340103,-1.8210917,300.9976
1970-01-01 22:38:16,11899.35,149.1826,-352.08563,5.995643,-3.4315767,302.48517
1970-01-01 22:38:17,11967.322,137.78897,-133.52953,5.269672,1.5948759,301.33298
1970-01-01 22:38:18,12043.919,142.87181,-156.31601,3.418289,-18.874475,300.79004
1970-01-01 22:38:19,12020.152,141.96457,14.5865345,6.2564907,0.59031916,301.92935
1970-01-01 22:38:20,12021.094,141.03346,154.42998,-4.650428,-1.2868737,302.27267
1970-01-01 22:38:21,11901.803,143.58644,-73.66069,1.9208956,-19.736607,303.99402
1970-01-01 22:38:22,11900.955,142.46423,-185.88358,0.69381964,-6.428233,304.8658
1970-01-01 22:38:23,11868.68,148.21051,-257.25577,-0.11258579,5.817163,305.55847
1970-01-01 22:38:24,12020.206,149.12958,-198.58112,6.0312614,-1.6959406,306.0078
1970-01-01 22:38:25,12090.501,148.60925,97.81426,2.8778443,2.6375651,305.1747
1970-01-01 22:38:26,12105.231,145.60536,-48.4217,2.399816,1.3716434,306.63333
1970-01-01 22:38:27,12003.722,145.70016,-203.49184,4.7557855,-1.5945581,304.93033
1970-01-01 22:38:28,12085.136,147.09937,179.20058,2.025958,-6.2405744,305.76068
1970-01-01 22:38:29,11967.87,146.63464,-32.143887,1.2800744,8.101149,305.88342
1970-01-01 22:38:30,12015.715,148.08618,104.91841,2.1767595,-7.946924,305.2143
1970-01-01 22:38:31,11923.524,136.4722,-156.33543,2.8070014,-14.225429,304.37158
1970-01-01 22:38:32,12062.933,144.4321,109.46896,2.5565267,22.723999,303.034
1970-01-01 22:38:33,12091.618,151.96738,-243.95128,3.3045037,5.142337,303.30875
1970-01-01 22:38:34,12072.546,151.03693,-205.57831,0.7241849,-7.359407,304.42847
1970-01-01 22:38:35,12053.143,141.48145,-4.6623106,-0.15142046,7.3403897,305.33572
1970-01-01 22:38:36,11927.601,140.71858,43.85842,-0.7507354,10.092768,306.37024
1970-01-01 22:38:37,12158.768,144.37788,311.18063,-1.9455435,-2.0645611,306.41647
1970-01-01 22:38:38,11875.78,149.44327,188.89098,-3.3690844,-6.332968,307.1765
1970-01-01 22:38:39,11829.364,142.95401,-105.01881,6.5765576,-0.101042315,306.78262
1970-01-01 22:38:40,11900.326,149.15952,-9.903498,2.858457,-2.6694903,305.1733
1970-01-01 22:38:41,12046.039,139.21297,75.62869,3.7028685,-4.835614,304.62006
1970-01-01 22:38:42,11931.88,150.69925,447.97858,0.03772976,7.0974903,305.2869
1970-01-01 22:38:43,11961.874,147.98787,197.19905,-1.6914127,-8.878764,304.85248
1970-01-01 22:38:44,11906.209,143.09204,68.438515,4.4084716,6.6742096,303.0459
1970-01-01 22:38:45,11974.089,140.6605,323.55942,3.5981965,-5.2639146,301.70593
1970-01-01 22:38:46,11935.874,145.76395,-182.48618,1.3162255,-2.6993148,301.50333
1970-01-01 22:38:47,11998.571,141.90259,96.50852,4.625063,-7.3068495,302.93338
1970-01-01 22:38:48,12027.643,145.93982,238.86049,4.8164387,-1.1970106,303.20078
1970-01-01 22:38:49,11995.615,145.38475,-264.2089,-3.3330219,-1.002744,302.22592
1970-01-01 22:38:50,12109.804,145.61037,-319.90576,4.3995166,-17.9204,301.92206
1970-01-01 22:38:51,12067.151,146.64235,27.285576,-3.9278781,6.4935517,302.40878
1970-01-01 22:38:52,12028.913,147.64006,-25.900764,4.4334774,-7.8607874,301.80084
1970-01-01 22:38:53,12109.787,147.06523,-174.4306,3.3818364,0.00527899,301.44754
1970-01-01 22:38:54,11996.22,150.05675,-154.45253,3.5852177,20.519222,301.96274
1970-01-01 22:38:55,11980.985,144.8784,182.81985,3.0283775,-11.429558,303.81873
1970-01-01 22:38:56,11976.476,147.48523,-68.3948,0.23506665,-4.0284863,304.5371
1970-01-01 22:38:57,12043.868,147.01614,191.12953,2.5654607,9.696651,304.1693
1970-01-01 22:38:58,11977.212,143.65297,-353.95667,-3.5365677,1.7288165,304.61395
1970-01-01 22:38:59,12200.943,141.8506,145.84685,5.304844,-6.7616644,305.48502
1970-01-01 22:39:00,12012.317,,-254.7337,1.6416942,6.5588956,305.5272
1970-01-01 22:39:01,12167.173,149.09918,-415.3778,5.1545653,-1.7196648,305.14117
1970-01-01 22:39:02,12130.652,146.29651,-182.67624,3.9153557,-9.260605,305.94244
1970-01-01 22:39:03,12009.503,145.4974,-91.025375,-0.11026033,-2.8619397,305.56558
1970-01-01 22:39:04,11978.669,141.85057,406.60345,5.1782103,13.971627,305.54587
1970-01-01 22:39:05,12069.977,138.57858,317.32904,1.5064019,2.4765382,304.5565
1970-01-01 22:39:06,11985.884,145.7348,-92.498726,2.9137826,7.9268904,304.6395
1970-01-01 22:39:07,12055.097,153.13356,121.502075,0.5652214,0.23052257,303.2176
1970-01-01 22:39:08,11998.207,154.68832,203.10855,6.480487,-7.0633707,303.01312
1970-01-01 22:39:09,11873.37,149.27794,-175.98232,-0.53141975,2.6525393,301.7634
1970-01-01 22:39:10,12139.428,149.07413,-222.7216,-2.212736,9.873542,300.32257
1970-01-01 22:39:11,12083.179,147.69618,170.18756,2.0252247,1.7074863,298.9261
1970-01-01 22:39:12,12064.512,141.38747,31.139347,1.8588768,7.343168,299.56827
1970-01-01 22:39:13,12020.193,141.42172,286.7271,4.1433525,-5.6393933,299.57632
1970-01-01 22:39:14,12007.736,136.941,153.52577,3.3049948,14.830773,299.99042
1970-01-01 22:39:15,11991.229,146.41336,101.60546,1.961827,-8.2028265,299.49194
1970-01-01 22:39:16,12026.177,149.17024,138.50284,-1.2005647,20.798891,301.6225
1970-01-01 22:39:17,12164.264,147.01704,21.515629,0.35535812,4.6105003,299.63406
1970-01-01 22:39:18,11982.158,151.55147,-41.954544,2.0500708,0.30505288,300.78
1970-01-01 22:39:19,12159.922,151.44913,-0.8982746,7.3402443,-10.381786,299.45462
1970-01-01 22:39:20,12069.799,144.11513,116.89687,-1.2898101,4.9469604,298.41583
1970-01-01 22:39:21,11916.078,141.75305,-48.492832,-2.3017251,8.58693,300.3754
1970-01-01 22:39:22,12032.54,142.17543,-36.067665,3.7881565,-11.006288,300.87427
1970-01-01 22:39:23,11954.249,146.17705,-274.67447,0.96917945,6.285835,300.56494
1970-01-01 22:39:24,11946.419,152.01569,124.101875,4.425732,-8.961669,300.5916
1970-01-01 22:39:25,11868.186,149.61928,-204.98384,-1.519006,3.808018,301.22955
1970-01-01 22:39:26,11949.861,151.48674,-134.23685,-3.0753982,-9.798036,299.93176
1970-01-01 22:39:27,11980.626,146.56068,22.997328,-0.44500092,11.325832,297.79947
1970-01-01 22:39:28,11956.712,150.39723,265.16028,1.9688541,1.9842763,296.55
1970-01-01 22:39:29,11995.023,148.72914,-193.60173,0.47853646,9.56369,296.41043
1970-01-01 22:39:30,12003.845,153.59286,109.178185,2.5351505,6.405734,295.10428
1970-01-01 22:39:31,11974.986,142.53697,-189.25491,6.2068696,-10.307318,294.2453
1970-01-01 22:39:32,11969.564,146.31142,-42.813152,-1.6369232,5.4222813,293.1466
1970-01-01 22:39:33,11932.93,141.96043,172.42078,-2.2340121,-3.774858,292.69162
1970-01-01 22:39:34,11956.24,147.45921,-100.72134,-0.4775914,21.90765,291.16815
1970-01-01 22:39:35,11989.78,148.45982,-43.850945,6.918544,8.555004,292.60077
1970-01-01 22:39:36,12015.603,146.17851,136.87534,2.6424432,4.991434,293.0276
1970-01-01 22:39:37,12057.086,143.433,50.43457,-0.47523353,-0.87323636,293.55646
1970-01-01 22:39:38,12002.395,144.73529,231.10152,3.5084376,5.2739687,293.94507
1970-01-01 22:39:39,12010.375,143.03265,45.23641,2.638569,-10.692275,294.41812
1970-01-01 22:39:40,11978.294,144.23592,-205.4078,5.3323975,13.184373,294.9803
1970-01-01 22:39:41,12061.488,144.43063,-101.71085,-1.6583264,-6.1337557,295.43762
1970-01-01 22:39:42,11912.727,143.54517,-139.08536,2.8533056,13.606811,295.39313
1970-01-01 22:39:43,12022.354,147.29929,338.23447,2.108851,-4.253783,296.85287
1970-01-01 22:39:44,11961.143,138.43765,-56.580692,2.502885,-6.9736633,298.57626
1970-01-01 22:39:45,11992.718,147.02213,195.16605,2.1329114,6.8552656,299.32913
1970-01-01 22:39:46,11979.253,143.90173,79.34779,4.4951296,15.710736,299.83475
1970-01-01 22:39:47,11924.198,144.98186,100.28102,3.4062874,-7.7299433,299.88986
1970-01-01 22:39:48,12114.893,157.6239,-128.99202,4.9414625,-1.6699319,300.66394
1970-01-01 22:39:49,11938.855,146.25865,121.50919,-0.28241098,11.91038,300.1973
1970-01-01 22:39:50,12050.903,150.37497,-92.50878,0.9139785,-11.976721,300.5102
1970-01-01 22:39:51,11934.82,145.74734,-274.64795,2.548358,-15.215763,300.4295
1970-01-01 22:39:52,11856.2705,146.61574,160.67001,-1.5447792,8.345518,299.57816
1970-01-01 22:39:53,11894.492,143.77246,-263.51123,2.9530063,14.763894,298.06458
1970-01-01 22:39:54,12040.89,157.10522,-65.82451,1.9060501,0.63337994,297.1681
1970-01-01 22:39:55,11925.455,145.70645,205.92798,-0.19428813,0.9498971,298.01266
1970-01-01 22:39:56,11909.357,140.39482,341.07303,2.5312965,6.9794726,297.62524
1970-01-01 22:39:57,11991.258,154.45398,-224.50333,0.51663727,10.40551,297.42087
1970-01-01 22:39:58,12024.337,146.97975,-356.3898,0.8996848,-7.397371,297.6722
1970-01-01 22:39:59,11954.391,145.3213,-87.04199,2.4450402,8.88449,300.1434
1970-01-01 22:40:00,11884.815,147.45583,-174.8847,-2.1055095,8.516615,298.69223
1970-01-01 22:40:01,11907.411,148.56456,-303.07864,1.0018034,-9.01202,299.23087
1970-01-01 22:40:02,12006.053,146.21602,141.61273,1.4116708,4.3980317,298.6037
1970-01-01 22:40:03,11934.956,153.77034,-13.656906,1.8276345,-2.7284467,299.058
1970-01-01 22:40:04,12082.701,146.02354,-352.84378,4.711035,8.73739,299.82584
1970-01-01 22:40:05,11975.265,144.2532,-41.42196,0.946198,-2.2391682,300.08713
1970-01-01 22:40:06,11829.027,142.1277,-50.447685,-0.32779244,-2.5174112,300.008
1970-01-01 22:40:07,11988.5205,141.88927,-30.308178,-0.96647584,-3.241278,300.4453
1970-01-01 22:40:08,12004.222,146.69083,24.760227,5.3180904,4.5818353,299.19733
1970-01-01 22:40:09,11911.803,150.52548,-131.05722,4.601714,9.491198,299.8718
1970-01-01 22:40:10,12096.424,150.16872,-401.25632,1.4948591,15.879152,300.1545
1970-01-01 22:40:11,12009.684,148.57628,168.08864,0.6290594,6.180997,300.72644
1970-01-01 22:40:12,12016.222,144.89796,-176.63667,4.274771,-0.81703776,301.61655
1970-01-01 22:40:13,11968.535,145.03258,-232.82355,2.9802883,6.661049,301.4186
1970-01-01 22:40:14,11934.545,154.92998,-510.74268,0.7576017,15.599753,300.81232
1970-01-01 22:40:15,12019.64,145.54863,192.78545,3.58406,10.475368,301.46643
1970-01-01 22:40:16,11874.505,145.77069,-258.74426,1.416466,7.95237,302.59384
1970-01-01 22:40:17,12092.249,146.86787,280.3225,4.5157003,17.303959,302.64264
1970-01-01 22:40:18,11911.926,148.0712,75.47401,-1.2474993,6.4826217,301.9706
1970-01-01 22:40:19,11951.729,154.57907,-176.54172,4.404703,-0.62841344,302.04657
1970-01-01 22:40:20,12073.2,142.10762,-17.203114,1.1940111,5.0811024,301.296
1970-01-01 22:40:21,11916.3545,151.81926,47.19006,1.5924013,0.45803136,300.74057
1970-01-01 22:40:22,12083.985,153.75087,338.5657,-3.1878204,-4.149085,299.90738
1970-01-01 22:40:23,12048.804,148.65936,-284.44913,-4.9533668,20.17275,300.05307
1970-01-01 22:40:24,12128.092,145.7465,119.3506,5.6607747,-3.273257,298.6653
1970-01-01 22:40:25,11968.572,149.52567,-71.78986,3.7909439,-1.9677718,298.33075
1970-01-01 22:40:26,11924.419,142.8385,72.04515,-1.1613767,-5.514021,299.0475
1970-01-01 22:40:27,12036.822,153.26733,221.246,8.056662,1.4184953,298.74805
1970-01-01 22:40:28,12016.621,143.13705,-128.73718,8.35989,4.2745705,298.72592
1970-01-01 22:40:29,12085.517,151.00821,-194.65082,-5.1303077,1.1999917,300.0622
1970-01-01 22:40:30,11966.62,150.62949,62.51835,-0.6258419,-11.194226,299.96564
1970-01-01 22:40:31,12073.315,153.76399,-46.13617,3.1089232,-0.17138326,299.41205
1970-01-01 22:40:32,12014.839,145.90463,-117.59299,1.4629198,-2.7564104,300.96628
1970-01-01 22:40:33,12025.529,147.28293,307.94476,-1.8093181,-20.988749,301.17218
1970-01-01 22:40:34,12066.52,147.23357,4.0034447,4.1465683,-3.7394538,303.44202
1970-01-01 22:40:35,11915.852,150.04163,-4.2960033,0.10482086,3.5369978,303.39914
1970-01-01 22:40:36,11946.098,150.16273,275.33347,11.616199,5.924055,303.98267
1970-01-01 22:40:37,12015.639,142.30627,306.85605,2.3953195,-4.895655,303.1855
1970-01-01 22:40:38,12014.885,151.08281,-51.481686,1.4622442,-11.222508,302.9808
1970-01-01 22:40:39,11895.715,145.54453,-49.769375,2.5410092,7.7516775,301.4485
1970-01-01 22:40:40,12074.359,147.34042,-59.782623,-0.21955518,0.79382014,301.9482
1970-01-01 22:40:41,11862.245,148.32207,-477.37915,-1.8230864,-6.1365166,302.5208
1970-01-01 22:40:42,11869.1045,144.06558,116.74899,1.02247,-2.0629592,301.5683
1970-01-01 22:40:43,12214.325,153.46983,606.7918,3.467454,4.637019,301.39096
1970-01-01 22:40:44,12038.511,149.04124,96.750336,-0.65873975,1.1676188,302.84702
1970-01-01 22:40:45,11850.625,146.61728,183.47063,-2.9886715,-0.886727,303.4099
1970-01-01 22:40:46,12079.671,157.32318,-462.62433,-0.9558327,-20.92847,301.9388
1970-01-01 22:40:47,11895.108,154.75377,400.8706,5.221025,12.41204,301.3387
1970-01-01 22:40:48,11945.438,147.93517,,1.7753592,-17.507046,302.697
1970-01-01 22:40:49,12009.262,147.52118,138.2375,2.6611953,6.935968,303.19205
1970-01-01 22:40:50,11958.908,146.42072,-228.38947,3.976998,11.481837,303.3327
1970-01-01 22:40:51,12099.95,,-195.1214,-1.1173947,-1.1549125,302.60962
1970-01-01 22:40:52,11828.235,148.1503,132.12012,1.6146613,-1.8656775,304.19174
1970-01-01 22:40:53,12045.289,145.01364,-206.70186,3.4931068,18.660927,303.57474
1970-01-01 22:40:54,11906.423,148.88588,124.73813,9.128742,-10.105679,303.50443
1970-01-01 22:40:55,12078.938,156.59178,-84.62648,2.5604448,-5.153839,302.387
1970-01-01 22:40:56,11894.386,149.11261,161.92175,0.08732637,6.6239386,302.4002
1970-01-01 22:40:57,12044.8955,147.43169,-397.52417,4.647574,-7.201396,303.48935
1970-01-01 22:40:58,12044.862,148.36238,243.69568,7.5074787,-15.909287,301.4364
1970-01-01 22:40:59,12108.265,145.53029,219.50873,8.138899,,301.76328
1970-01-01 22:41:00,11943.547,152.19107,23.12787,4.080651,-1.8921,300.83972
1970-01-01 22:41:01,12003.214,151.46452,68.29351,-1.0642912,-4.846505,300.64282
1970-01-01 22:41:02,12034.905,147.83047,365.90207,4.0910063,-0.7319316,300.9764
1970-01-01 22:41:03,11974.972,145.82666,-30.013952,3.1454492,4.7519026,301.89764
1970-01-01 22:41:04,12060.598,153.01015,-63.129257,3.7311661,5.873271,300.87982
1970-01-01 22:41:05,12025.061,146.07504,-163.48642,-0.43470785,-9.044957,301.86758
1970-01-01 22:41:06,12057.668,145.66011,2.5702868,-0.34057975,-3.9950387,302.43964
1970-01-01 22:41:07,12036.914,149.96631,-37.817253,1.5263745,-2.9634876,302.92413
1970-01-01 22:41:08,11891.126,145.5656,159.13602,3.4833324,-10.433363,304.15753
1970-01-01 22:41:09,12004.43,153.75728,-228.70483,4.6314435,0.8245419,303.41022
1970-01-01 22:41:10,12028.849,141.09593,48.411385,-3.3459768,10.647494,304.5025
1970-01-01 22:41:11,12037.506,151.78775,463.87833,2.0986238,-1.7476732,303.77042
1970-01-01 22:41:12,11904.627,148.04047,58.996174,3.7399168,5.7493696,302.2398
1970-01-01 22:41:13,12045.513,152.28517,-127.25364,2.4905376,8.482213,304.5312
1970-01-01 22:41:14,11995.162,136.65228,14.488947,4.0397835,-1.1302508,304.08588
1970-01-01 22:41:15,11981.926,146.98526,325.0548,2.8534493,5.9297576,304.28165
1970-01-01 22:41:16,11952.847,150.26808,125.29091,4.620211,-1.2387903,304.9606
1970-01-01 22:41:17,12063.057,152.23425,35.940025,3.3091688,11.7878275,305.8848
1970-01-01 22:41:18,11954.932,151.25113,-184.55215,-2.107519,-9.880937,305.39124
1970-01-01 22:41:19,11958.402,148.56364,218.18045,2.1447785,12.234642,305.40308
1970-01-01 22:41:20,11820.965,,-95.48715,-1.0161805,-15.880535,305.073
1970-01-01 22:41:21,11901.476,147.38293,-47.089367,3.2463615,-0.3051514,305.32162
1970-01-01 22:41:22,11952.596,145.50938,-1.1186045,0.15195727,-16.11102,305.29156
1970-01-01 22:41:23,12049.763,147.03795,-127.650665,2.503414,-5.348348,304.63635
1970-01-01 22:41:24,12117.057,159.08653,-244.42381,-1.538074,10.210961,305.01947
1970-01-01 22:41:25,12096.611,149.46527,216.48676,1.5515132,-2.896534,305.31192
1970-01-01 22:41:26,12022.946,151.08339,224.8617,6.984618,-12.531776,304.67825
1970-01-01 22:41:27,12028.686,146.55203,-359.17606,4.4229116,1.9718415,302.3936
1970-01-01 22:41:28,12136.284,154.52892,-78.39511,4.5537906,-5.860005,301.3055
1970-01-01 22:41:29,11951.189,150.50464,-142.28967,2.637434,0.22769338,301.50586
1970-01-01 22:41:30,12068.62,157.309,-176.75253,-1.9165275,-7.172597,301.1079
1970-01-01 22:41:31,11907.522,160.19139,146.71599,3.9511104,-8.481875,301.2868
1970-01-01 22:41:32,11980.209,150.34265,-19.771532,7.1735506,1.8979886,300.98877
1970-01-01 22:41:33,12056.029,144.18471,248.88728,2.489855,-8.545908,300.5873
1970-01-01 22:41:34,11980.344,146.78862,112.37382,-1.4386902,-7.0285044,301.68518
1970-01-01 22:41:35,11971.949,154.97768,-44.67403,7.332891,10.770903,302.1612
1970-01-01 22:41:36,12025.362,149.81331,-72.77015,-1.4775265,3.8667977,301.4399
1970-01-01 22:41:37,12112.514,152.04677,95.054146,4.5204144,-16.451754,300.19067
1970-01-01 22:41:38,11955.461,151.1352,54.99774,3.725468,-24.22769,300.28235
1970-01-01 22:41:39,11959.105,145.02467,106.28073,3.5728445,-0.9883736,301.78766
1970-01-01 22:41:40,12023.7295,145.64972,70.75053,-1.0756413,-1.4052485,301.52304
1970-01-01 22:41:41,11902.771,149.59142,173.01546,1.0976213,10.642024,302.06543
1970-01-01 22:41:42,11950.417,153.12541,-122.29107,4.6494303,-9.52038,303.99893
1970-01-01 22:41:43,12016.493,150.38638,37.818134,-7.7142754,8.940375,304.26193
1970-01-01 22:41:44,12060.682,142.31358,158.82304,1.497181,-16.451197,304.62796
1970-01-01 22:41:45,11909.634,148.48769,-159.52841,1.8858016,7.043935,303.98685
1970-01-01 22:41:46,12094.157,147.29881,51.30312,-0.29520458,4.682232,302.20065
1970-01-01 22:41:47,11923.148,147.43817,59.457344,0.30226707,17.330393,302.32687
1970-01-01 22:41:48,11909.913,142.48444,18.594498,-6.158491,-6.573302,301.43356
1970-01-01 22:41:49,11981.429,145.7857,-370.80435,1.9378655,-23.449022,301.38855
1970-01-01 22:41:50,11831.799,156.93808,-357.16214,2.9910421,-6.8020444,301.4454
1970-01-01 22:41:51,11981.727,142.95984,61.385143,0.34477565,25.021715,300.88937
1970-01-01 22:41:52,11932.135,151.40533,71.98253,-0.45138833,-3.4236262,302.6544
1970-01-01 22:41:53,12024.123,149.45453,-137.66031,3.6643627,-4.521743,303.66617
1970-01-01 22:41:54,11941.261,148.96678,-101.11561,5.3238206,8.435523,305.36307
1970-01-01 22:41:55,11924.003,149.41241,73.038734,2.9499254,-9.452946,305.3881
1970-01-01 22:41:56,12079.522,147.79619,11.966489,-0.17432824,-13.671143,306.987
1970-01-01 22:41:57,12146.039,148.07254,-28.445711,5.619705,-8.368146,307.68436
1970-01-01 22:41:58,12050.58,149.38556,-141.72252,1.0201325,3.6547124,307.72955
1970-01-01 22:41:59,11917.893,148.81393,-288.4333,2.5867648,-5.862953,306.8621
1970-01-01 22:42:00,,151.4629,83.98634,5.1690865,-0.91465056,307.2777
1970-01-01 22:42:01,11903.085,153.14761,-220.39284,1.795216,4.4514275,307.98007
1970-01-01 22:42:02,11857.454,152.90875,235.49934,2.5874436,0.7040546,308.61755
1970-01-01 22:42:03,12148.841,153.99309,11.980026,2.081696,-0.034623582,306.67667
1970-01-01 22:42:04,11924.885,148.10912,426.7026,2.9169927,0.015656244,305.80585
1970-01-01 22:42:05,12038.582,149.17088,296.20227,-0.18159652,-4.7186675,306.0927
1970-01-01 22:42:06,11778.335,151.13597,-38.977703,10.765949,15.341556,305.96423
1970-01-01 22:42:07,12012.697,153.5368,19.327229,-0.26300335,-0.13256621,304.62128
1970-01-01 22:42:08,11931.706,151.06969,331.9207,-0.6390811,8.8754635,304.39212
1970-01-01 22:42:09,12019.356,146.37999,-128.94997,3.911178,22.826414,303.79376
1970-01-01 22:42:10,12125.891,147.81601,198.45078,4.0323277,1.6564301,302.9803
1970-01-01 22:42:11,12053.578,157.28156,90.05317,1.5574417,-3.5027585,302.36453
1970-01-01 22:42:12,11998.214,148.48509,263.25848,6.329798,-10.640341,302.27036
1970-01-01 22:42:13,11926.39,145.21077,135.20094,-1.8332278,16.876114,302.1114
1970-01-01 22:42:14,11934.881,149.91061,542.25934,4.2715125,-3.0178041,
1970-01-01 22:42:15,11825.874,147.81363,-183.3802,2.066498,-10.150341,303.35458
1970-01-01 22:42:16,12086.641,149.09703,93.031235,3.4925964,11.019352,301.9431
1970-01-01 22:42:17,12107.73,149.78262,-345.78995,0.3854111,5.054521,301.5105
1970-01-01 22:42:18,12053.317,153.63107,-214.81303,1.9222981,-4.4577427,303.31372
1970-01-01 22:42:19,12009.822,156.72627,-202.15343,0.82453537,6.559854,304.17136
1970-01-01 22:42:20,11998.296,151.37177,219.65552,-1.2677014,-3.7995536,305.9823
1970-01-01 22:42:21,11859.199,149.43318,281.5896,3.453143,-17.591257,307.1742
1970-01-01 22:42:22,12054.719,150.42935,91.67357,-1.9130105,4.0326753,306.37396
1970-01-01 22:42:23,12063.36,155.3463,-167.63817,3.2110925,1.4133204,307.48862
1970-01-01 22:42:24,12089.638,149.16754,177.42212,1.7449021,4.6585264,308.08005
1970-01-01 22:42:25,12070.148,148.40053,246.18289,-1.5791961,4.9563894,308.03662
1970-01-01 22:42:26,11953.225,149.09094,125.3284,3.9813514,11.254592,307.87723
1970-01-01 22:42:27,11914.564,147.40816,-130.14801,8.009918,-6.4232597,308.58548
1970-01-01 22:42:28,11917.762,148.40468,1.1536657,-3.6301978,1.4878486,307.78427
1970-01-01 22:42:29,12044.07,148.96396,-260.01868,3.0341644,-4.989319,306.86914
1970-01-01 22:42:30,11869.9795,145.29497,61.191246,0.349824,8.756268,307.2924
1970-01-01 22:42:31,,146.70503,-298.94766,2.2162104,9.966395,307.2504
1970-01-01 22:42:32,11983.894,149.69795,-207.04042,3.6964726,-11.079616,307.13696
1970-01-01 22:42:33,12064.08,157.65657,-58.72256,5.5126038,0.43806,305.86203
1970-01-01 22:42:34,12003.421,151.55675,-193.02228,2.5739963,10.832108,303.05652
1970-01-01 22:42:35,11838.961,148.88004,-127.05014,4.575116,-20.64587,302.02057
1970-01-01 22:42:36,12019.884,151.7368,-54.36116,-0.38696623,2.4798973,302.5348
1970-01-01 22:42:37,12016.811,155.79697,-207.51889,6.7226624,8.209943,304.0349
1970-01-01 22:42:38,12051.893,156.65182,-115.14164,3.8153224,-8.3717,303.82678
1970-01-01 22:42:39,12101.094,139.45184,50.896317,-1.1963814,-5.605595,304.2274
1970-01-01 22:42:40,12014.562,159.49855,-118.60937,-4.6232677,-21.699457,303.64798
1970-01-01 22:42:41,11866.801,141.59283,-120.30769,1.2895511,10.470026,303.42175
1970-01-01 22:42:42,11977.763,154.22429,-159.11586,3.6764596,-4.468985,303.6323
1970-01-01 22:42:43,12024.923,155.05728,-157.83606,6.444022,12.446536,304.0405
1970-01-01 22:42:44,11942.366,153.20805,40.219143,-0.9181514,-1.6292768,301.78534
1970-01-01 22:42:45,12005.695,162.2341,270.44827,3.347434,-9.688234,302.10754
1970-01-01 22:42:46,12027.777,151.64511,234.09386,-0.81438696,3.3630679,302.8065
1970-01-01 22:42:47,11983.87,151.36891,32.355175,-2.2525444,5.9630475,303.26938
1970-01-01 22:42:48,11979.551,155.40211,18.564566,1.9579761,-13.289124,302.9987
1970-01-01 22:42:49,11900.691,143.86635,293.54626,4.019592,17.154446,303.07022
1970-01-01 22:42:50,12008.782,152.69048,-212.86853,5.4628005,8.811073,303.06726
1970-01-01 22:42:51,12155.235,155.89337,266.98413,0.027924255,-3.8981097,302.72806
1970-01-01 22:42:52,12084.618,157.91945,17.672207,-1.2553109,9.108512,303.31384
1970-01-01 22:42:53,11942.647,156.34004,-59.687565,1.1083219,-2.2862875,303.97543
1970-01-01 22:42:54,12033.798,149.9078,-94.18662,4.8222365,18.966885,305.3519
1970-01-01 22:42:55,12144.141,154.14944,223.01932,7.1795783,-10.518767,306.48822
1970-01-01 22:42:56,12057.606,147.49109,32.945038,0.7972553,-22.23722,307.84595
1970-01-01 22:42:57,12033.216,154.56203,170.49933,2.0808403,-6.0216,307.1588
1970-01-01 22:42:58,12173.37,147.1619,-143.62418,-0.5704845,-0.8975364,306.5141
1970-01-01 22:42:59,12019.367,149.17514,236.45537,5.494162,-19.925598,305.05743
1970-01-01 22:43:00,11993.77,152.43904,-525.7774,2.6220856,-5.5595813,304.8004
1970-01-01 22:43:01,11883.818,151.98506,-68.82421,4.2091584,-3.4816048,304.8754
1970-01-01 22:43:02,11893.44,153.41113,280.18863,1.6117487,1.1829122,305.12537
1970-01-01 22:43:03,11862.679,150.31755,-46.026432,2.6388195,-19.492376,305.70782
1970-01-01 22:43:04,12102.295,146.68681,99.16837,2.5554435,-8.4344,305.36185
1970-01-01 22:43:05,11909.78,151.14482,-154.5546,-1.9103515,9.4915,304.52963
1970-01-01 22:43:06,12059.185,153.72983,-179.54224,-1.2043461,14.38684,304.48785
1970-01-01 22:43:07,11900.497,144.86562,283.31482,-0.88978255,6.7963405,304.6689
1970-01-01 22:43:08,12080.511,150.70691,-133.12509,4.4883595,-5.1888494,303.83633
1970-01-01 22:43:09,12063.098,152.9242,-316.67374,-5.4805384,-7.0470796,304.38553
1970-01-01 22:43:10,12009.848,155.11227,-899.36774,-0.17265067,25.501966,305.19586
1970-01-01 22:43:11,11907.592,158.83992,-742.4315,,0.5799976,305.38666
1970-01-01 22:43:12,11912.1,149.97897,-716.82874,-1.9477743,6.431141,307.31192
1970-01-01 22:43:13,11858.278,155.88818,-594.2178,-1.5794274,-4.4804077,308.035
1970-01-01 22:43:14,11806.378,154.30644,-1135.371,4.844239,-3.5230844,
1970-01-01 22:43:15,12008.914,157.2953,-608.12646,2.2011662,-10.687957,309.04303
1970-01-01 22:43:16,11874.712,,-854.30536,3.2133038,-2.9830449,307.41357
1970-01-01 22:43:17,11947.485,154.76656,-833.8642,4.2599645,7.7948933,307.4181
1970-01-01 22:43:18,11862.83,154.15309,-959.9988,0.72678536,-4.3644743,309.02606
1970-01-01 22:43:19,11928.077,153.74083,-516.0481,1.3469589,17.846645,309.18353
1970-01-01 22:43:20,12000.413,158.83345,-1021.2753,2.5950346,-22.303759,309.0818
1970-01-01 22:43:21,11902.345,149.42006,-831.3734,4.0752344,10.426763,308.72955
1970-01-01 22:43:22,11922.235,146.48128,-373.881,-4.2638407,-17.43426,310.1523
1970-01-01 22:43:23,11873.101,155.73764,-620.62354,2.6155062,12.496763,311.51865
1970-01-01 22:43:24,11859.06,154.75272,-648.7018,4.78559,2.1547577,312.3075
1970-01-01 22:43:25,11906.034,158.50708,-1192.2833,0.36487585,0.37293628,311.8269
1970-01-01 22:43:26,11850.69,152.82964,-594.8046,5.9428744,-1.4035392,312.0559
1970-01-01 22:43:27,11839.055,150.58827,-354.98163,0.96390265,-3.5328302,310.4675
1970-01-01 22:43:28,11926.6,154.05574,-737.0432,-1.1718752,7.4663806,310.86084
1970-01-01 22:43:29,11726.735,157.83134,-842.7441,3.5471308,0.73332614,310.64856
1970-01-01 22:43:30,11669.625,155.55049,-558.0603,5.003755,-4.2464395,311.6255
1970-01-01 22:43:31,11774.526,162.36293,-844.7156,2.3715708,9.634297,310.95605
1970-01-01 22:43:32,11722.667,151.56912,-999.2124,4.9419355,15.10117,311.01233
1970-01-01 22:43:33,11746.869,153.86954,-747.89484,6.0004854,-13.483557,311.6863
1970-01-01 22:43:34,11680.249,147.2717,-548.1056,-4.124578,2.5578804,311.4403
1970-01-01 22:43:35,11684.173,148.3878,-1171.2692,1.4278065,13.719906,312.74347
1970-01-01 22:43:36,11727.887,156.55305,-583.0936,0.6256469,10.330219,312.68283
1970-01-01 22:43:37,11549.861,147.9115,-866.3038,-0.15136726,-6.662865,312.45813
1970-01-01 22:43:38,11656.353,154.64032,-1233.9176,6.0800967,-4.479088,312.64282
1970-01-01 22:43:39,11646.425,149.80688,-593.38544,0.3159057,6.941339,310.38727
1970-01-01 22:43:40,11650.764,145.82907,-612.3249,,-5.8649397,309.2565
1970-01-01 22:43:41,11651.295,162.75375,-651.0039,7.319617,9.848075,309.59406
1970-01-01 22:43:42,11608.419,151.7589,-794.4378,3.423117,-1.6064619,310.8621
1970-01-01 22:43:43,11853.775,154.02036,-881.1656,-0.585203,5.2629952,310.04047
1970-01-01 22:43:44,11736.015,150.27487,-468.24844,3.9852452,13.115042,308.3682
1970-01-01 22:43:45,11491.8,147.6177,-862.4804,4.189495,-8.502879,307.31903
1970-01-01 22:43:46,11468.077,155.17133,-587.54865,1.111904,23.95922,307.5486
1970-01-01 22:43:47,11494.01,157.06119,-897.54285,-1.6286635,-6.0994616,308.10507
1970-01-01 22:43:48,11556.747,151.25154,-1103.1426,4.2748756,-0.012929243,308.59088
1970-01-01 22:43:49,11446.766,154.0904,-862.5064,2.594576,8.02666,308.35022
1970-01-01 22:43:50,11567.644,152.33679,-886.99713,0.31410637,-8.486262,308.88696
1970-01-01 22:43:51,11526.779,158.73024,-702.6695,-2.7720747,-10.534437,309.7801
1970-01-01 22:43:52,11438.777,153.94322,-1064.8904,-4.1118,-8.569971,312.35794
1970-01-01 22:43:53,11335.32,153.72044,-861.56824,2.7835133,-5.17468,312.56808
1970-01-01 22:43:54,11340.627,156.76048,-895.3636,4.46419,-14.861735,314.22144
1970-01-01 22:43:55,11443.065,152.18787,-558.5704,0.9707097,-7.4470143,315.16843
1970-01-01 22:43:56,11495.241,150.3225,-720.7506,-3.1817987,-0.8584391,317.003
1970-01-01 22:43:57,11413.556,156.42174,-677.5217,1.7805114,-2.268738,316.35596
1970-01-01 22:43:58,11420.712,147.49199,-1027.7854,1.7760923,3.6279452,317.01443
1970-01-01 22:43:59,11450.836,156.84207,-770.06885,-2.0838087,7.2182064,317.06104
1970-01-01 22:44:00,11411.172,149.22968,-496.14514,-1.4466633,-18.564539,317.98782
1970-01-01 22:44:01,11435.535,148.66966,-571.6827,0.75046617,-7.1357503,318.82977
1970-01-01 22:44:02,11436.735,155.61609,-566.90204,6.3977375,10.121198,319.13843
1970-01-01 22:44:03,11277.571,144.52197,-995.94714,5.672734,8.657858,321.02634
1970-01-01 22:44:04,11348.275,151.09053,-764.5639,5.9811687,6.0095625,321.23532
1970-01-01 22:44:05,11369.712,152.43082,-1305.0579,1.2751707,6.247667,320.25476
1970-01-01 22:44:06,11421.998,154.37097,-907.3834,3.0070968,-6.5296044,319.55164
1970-01-01 22:44:07,11354.897,160.06767,-1162.2567,1.0599505,-1.7811565,320.21194
1970-01-01 22:44:08,11407.269,156.52744,-856.3219,5.963094,-8.427253,320.6664
1970-01-01 22:44:09,11304.06,149.60567,-972.7536,1.0691173,11.299832,321.61795
1970-01-01 22:44:10,11291.631,155.22853,-1144.7247,-0.6917521,9.559665,322.24344
1970-01-01 22:44:11,11309.075,152.69418,-1019.6611,-2.4266284,9.097271,320.7191
1970-01-01 22:44:12,11254.091,152.43849,-588.9825,0.16591738,-16.640713,320.82666
1970-01-01 22:44:13,11274.346,159.34483,-735.3394,1.0210936,16.482521,321.8571
1970-01-01 22:44:14,11249.228,155.61418,-731.60034,-1.7391897,7.457443,322.40967
1970-01-01 22:44:15,11227.696,148.415,-803.3305,4.1540475,-3.636023,321.28137
1970-01-01 22:44:16,11145.997,146.2215,-898.8618,0.4729245,0.26102963,322.2767
1970-01-01 22:44:17,11186.504,159.5345,-700.9901,-1.7052628,-10.041607,321.5189
1970-01-01 22:44:18,10958.426,152.50888,-904.72894,5.6730375,12.982683,321.48212
1970-01-01 22:44:19,11086.699,155.78041,-600.39825,5.607738,10.50568,322.40085
1970-01-01 22:44:20,11256.528,152.9772,-656.7249,4.5725083,5.5278273,323.89722
1970-01-01 22:44:21,11167.626,157.68713,-849.8683,3.855792,4.209613,322.9241
1970-01-01 22:44:22,11219.831,161.29243,-899.54364,4.602843,-11.62853,323.18173
1970-01-01 22:44:23,11037.221,155.0855,-1063.4968,2.8137314,-7.5865684,322.82288
1970-01-01 22:44:24,11063.931,149.17784,-824.93713,0.02923928,-22.918173,323.15402
1970-01-01 22:44:25,11004.444,150.58131,-1044.1594,2.4424605,-18.986538,324.08633
1970-01-01 22:44:26,11015.172,157.30025,-429.83142,-1.3326052,0.9266813,321.93268
1970-01-01 22:44:27,11151.785,145.08315,-1063.3535,2.507808,-8.39482,321.51456
1970-01-01 22:44:28,11084.519,151.5338,-901.10425,-0.084674835,1.5125973,321.84988
1970-01-01 22:44:29,11051.296,160.52689,-915.63055,3.6518462,-6.57327,321.46207
1970-01-01 22:44:30,10971.097,161.53146,-633.74304,1.2418975,4.858928,321.93454
1970-01-01 22:44:31,11022.24,151.24359,-472.05405,3.9194763,-0.5622239,322.68155
1970-01-01 22:44:32,10903.926,155.08984,-534.05194,1.2092232,21.858717,324.10074
1970-01-01 22:44:33,11035.877,151.02554,-1065.1257,2.6477065,-6.72403,326.14145
1970-01-01 22:44:34,10919.3545,157.54456,-1027.7441,3.9013112,-1.910172,325.18893
1970-01-01 22:44:35,11026.522,141.37633,-1029.5759,1.6618258,1.7922323,323.66635
1970-01-01 22:44:36,10917.069,157.40408,-1023.74445,1.6300106,12.545525,323.66534
1970-01-01 22:44:37,10863.197,152.00552,-694.47955,5.618972,-1.5824047,323.40744
1970-01-01 22:44:38,10936.8,148.52437,-726.9281,-0.45097205,7.6056523,322.72034
1970-01-01 22:44:39,10965.928,152.54007,-758.0817,-0.18823834,-8.375436,322.078
1970-01-01 22:44:40,,155.47131,-944.45605,2.0932026,7.679979,322.4632
1970-01-01 22:44:41,10812.181,149.14906,-1002.62616,-2.1191795,17.039522,322.35788
1970-01-01 22:44:42,10925.032,158.76425,-843.5238,4.485851,19.994806,323.40613
1970-01-01 22:44:43,10841.272,151.01715,-709.0381,1.4223098,15.104293,323.74384
1970-01-01 22:44:44,10806.036,148.7598,-706.02637,0.830925,-0.38054204,324.41104
1970-01-01 22:44:45,10870.974,147.0322,-1410.076,9.38061,6.464832,324.51547
1970-01-01 22:44:46,10859.298,151.87584,-710.2667,3.2400699,-13.416435,324.06662
1970-01-01 22:44:47,10968.545,148.24744,-684.7948,3.1538916,3.2820938,326.10284
1970-01-01 22:44:48,10727.208,157.15175,-740.06445,1.2821723,-6.308216,327.1176
1970-01-01 22:44:49,10928.683,154.80331,-305.294,1.6069704,-4.498315,327.95425
1970-01-01 22:44:50,10694.625,152.79979,-523.88904,2.4523168,-2.826883,328.40973
1970-01-01 22:44:51,10778.271,154.57043,-747.3451,1.2344574,16.833643,328.69843
1970-01-01 22:44:52,10741.354,152.07254,-840.79083,4.5011845,7.203576,327.7464
1970-01-01 22:44:53,10830.678,148.1654,-821.4348,3.5429943,2.4426484,325.78876
1970-01-01 22:44:54,10882.57,155.37032,-716.14124,4.606636,-13.378557,325.34952
1970-01-01 22:44:55,10701.456,154.31453,-643.62604,2.763262,-3.6422625,325.33347
1970-01-01 22:44:56,10767.39,151.46834,-840.7444,-0.5246446,-10.299667,325.34082
1970-01-01 22:44:57,10646.873,154.41042,-1001.98755,4.1444297,18.121658,324.91348
1970-01-01 22:44:58,10632.409,150.15077,-866.1944,1.4186724,9.985833,324.50577
1970-01-01 22:44:59,10671.734,155.90561,-659.0766,-1.2680576,-3.6761463,324.81232
1970-01-01 22:45:00,10704.018,160.99622,-1111.2156,4.1202464,-5.160978,325.52502
1970-01-01 22:45:01,10649.85,,-564.35516,0.88474274,10.308822,325.80838
1970-01-01 22:45:02,10696.616,152.37126,-654.9727,1.2313178,-1.3718114,326.23526
1970-01-01 22:45:03,10647.528,150.75761,-776.7026,5.2923183,-6.9018197,326.24075
1970-01-01 22:45:04,10693.095,155.22993,-1026.6283,2.947977,6.4847655,324.24893
1970-01-01 22:45:05,10638.777,154.43079,-1106.4473,1.5710832,-3.5102477,323.7755
1970-01-01 22:45:06,,144.24278,-762.471,6.2049375,10.235549,322.37268
1970-01-01 22:45:07,10608.766,152.33415,-424.11423,1.8627119,11.583193,321.75717
1970-01-01 22:45:08,10512.014,160.91583,-842.47253,1.8518746,1.3968673,321.9927
1970-01-01 22:45:09,10453.721,150.19453,-817.6984,-0.15092815,-4.61113,322.55704
1970-01-01 22:45:10,10531.883,148.641,-342.3638,3.6677592,-0.8001597,322.21698
1970-01-01 22:45:11,10477.37,151.15446,-1031.6234,0.73924404,6.434615,321.48154
1970-01-01 22:45:12,10571.154,159.15877,,0.55380243,0.43173465,321.52338
1970-01-01 22:45:13,10608.861,153.31145,-804.7425,-1.4119155,2.760863,320.80374
1970-01-01 22:45:14,10397.322,159.47256,-724.97174,3.5357456,19.501822,321.0695
1970-01-01 22:45:15,10515.964,151.02803,-1016.923,2.0236187,8.976486,321.56247
1970-01-01 22:45:16,10478.392,157.17894,-928.0157,1.3304386,-15.676135,322.40875
1970-01-01 22:45:17,10300.667,155.36052,-985.4837,6.538633,9.26664,322.30902
1970-01-01 22:45:18,10428.253,157.04874,-728.2221,-0.16362737,5.3440423,321.92212
1970-01-01 22:45:19,10431.041,154.2444,-999.318,0.7500037,5.254643,322.05698
1970-01-01 22:45:20,10393.645,159.20015,-748.35004,2.7494717,-3.2076805,322.78952
1970-01-01 22:45:21,10476.211,152.44965,-607.73096,1.5684776,0.26868787,322.16455
1970-01-01 22:45:22,10375.813,157.43062,-765.2258,6.4500966,-16.634972,321.85995
1970-01-01 22:45:23,10373.24,151.96793,-948.82745,-2.3482132,-3.9224482,319.9655
1970-01-01 22:45:24,10385.7295,162.74959,-840.2806,2.7643404,7.2361484,320.31607
1970-01-01 22:45:25,10365.236,160.28133,-874.6838,0.048208795,12.840405,321.1768
1970-01-01 22:45:26,10496.667,152.48425,-381.21466,-1.0635813,-11.609362,321.0243
1970-01-01 22:45:27,10145.611,152.90482,-752.17566,-0.9826073,-4.258463,321.9562
1970-01-01 22:45:28,10283.387,152.01913,-783.52234,6.4185386,8.195132,321.35858
1970-01-01 22:45:29,10326.847,156.7025,-1041.0103,6.4865036,-9.942133,319.51065
1970-01-01 22:45:30,10319.036,151.48303,-796.4596,4.457464,10.447638,318.32693
1970-01-01 22:45:31,10176.726,139.82896,-706.16455,1.3420075,-0.65483403,318.89716
1970-01-01 22:45:32,10191.06,160.5041,-735.1012,1.8134737,-7.037425,320.1434
1970-01-01 22:45:33,10256.65,151.1503,-979.8528,1.1072809,1.4749202,320.26346
1970-01-01 22:45:34,10308.698,151.5758,-634.94916,1.0014046,-4.507127,320.01578
1970-01-01 22:45:35,10222.442,155.38516,-364.75156,2.8806665,9.363638,320.19592
1970-01-01 22:45:36,10189.801,150.47293,-788.0118,-0.4564604,-2.5536532,321.23126
1970-01-01 22:45:37,10139.927,156.23,-1041.9255,-1.154456,3.1573336,321.93097
1970-01-01 22:45:38,10154.978,152.41502,-1084.92,1.7610108,3.9242544,322.54538
1970-01-01 22:45:39,10071.572,156.76125,-807.33044,4.1897936,-4.667457,323.73563
1970-01-01 22:45:40,10146.49,154.40979,-862.0502,6.265649,-14.569977,325.16403
1970-01-01 22:45:41,10164.651,150.03545,-839.6811,-3.571481,18.994434,325.2233
1970-01-01 22:45:42,10087.184,152.45113,-707.06824,2.5096815,5.4078693,324.408
1970-01-01 22:45:43,10153.335,159.87099,-387.70624,2.8161526,0.4919953,325.341
1970-01-01 22:45:44,10086.269,155.55629,-887.2528,-2.228647,-5.605493,326.35626
1970-01-01 22:45:45,9889.514,149.99466,-984.4466,0.6892128,1.0117278,325.6708
1970-01-01 22:45:46,10145.525,154.5122,-848.51355,2.2996752,2.9618645,326.0904
1970-01-01 22:45:47,10106.251,152.40935,-942.12915,6.7141027,10.653953,327.9228
1970-01-01 22:45:48,10053.502,154.57759,-1044.9387,0.4661264,-4.495402,327.79764
1970-01-01 22:45:49,9897.386,147.59235,-1013.48047,2.285966,4.4803896,327.4673
1970-01-01 22:45:50,10100.099,147.25569,-701.6471,-1.4775834,11.226067,328.31555
1970-01-01 22:45:51,9935.379,157.88545,-806.86554,-4.9435563,6.8561873,328.93555
1970-01-01 22:45:52,9937.034,157.59598,-1113.763,2.9966114,11.268496,328.8518
1970-01-01 22:45:53,9995.291,151.49557,-558.67255,2.2923167,-8.786,327.77145
1970-01-01 22:45:54,9850.585,153.43199,-595.9408,2.437199,-5.2984514,329.2464
1970-01-01 22:45:55,10036.145,156.39188,-895.54944,7.3784943,12.627895,328.61133
1970-01-01 22:45:56,9947.309,155.71628,-799.4351,2.5916452,17.309628,326.76816
1970-01-01 22:45:57,9953.75,166.84201,-716.495,6.393,1.5141139,327.75024
1970-01-01 22:45:58,9883.025,156.14236,-790.51526,-3.7719805,9.628955,328.4943
1970-01-01 22:45:59,9947.219,156.08423,-873.7632,6.8623414,9.709714,329.76578
1970-01-01 22:46:00,9759.35,153.7966,-843.57306,4.7015996,-10.460882,329.4259
1970-01-01 22:46:01,9878.239,151.66522,-459.82718,-7.2075233,0.09129368,331.3063
1970-01-01 22:46:02,9879.674,150.98141,-1069.118,0.15713052,12.009947,331.16412
1970-01-01 22:46:03,9882.534,150.28822,-317.968,0.22299801,-10.88108,331.23215
1970-01-01 22:46:04,10008.055,149.58827,-570.96063,3.8461003,4.750554,331.64667
1970-01-01 22:46:05,9833.573,160.8556,-760.99774,1.8355346,0.0602699,331.9743
1970-01-01 22:46:06,9689.872,150.13599,-889.07,0.7887446,-16.206263,330.63947
1970-01-01 22:46:07,9771.449,153.61717,-850.7311,0.07735553,10.028533,327.96002
1970-01-01 22:46:08,9713.747,150.96497,-686.69543,0.76619625,4.5208077,328.06525
1970-01-01 22:46:09,9797.689,157.7241,-697.62964,6.573991,-12.504762,327.34863
1970-01-01 22:46:10,9711.667,154.11362,,-1.5876428,-6.71958,326.5547
1970-01-01 22:46:11,9788.897,163.17929,-1083.929,-1.8779576,9.301804,325.67752
1970-01-01 22:46:12,9810.35,154.66496,-598.2459,0.5322338,-6.863064,324.5401
1970-01-01 22:46:13,9747.013,157.43758,-821.4616,2.6658435,8.690444,322.3877
1970-01-01 22:46:14,9751.803,158.29881,-892.63226,4.8529053,-17.740557,321.99176
1970-01-01 22:46:15,9648.707,154.78676,-882.90845,3.5134313,,321.72668
1970-01-01 22:46:16,9733.249,157.10707,-919.95404,-8.158174,-2.4467983,321.4289
1970-01-01 22:46:17,9757.319,156.11147,-752.9439,-0.027135393,6.644392,321.59695
1970-01-01 22:46:18,9817.661,151.2602,-689.81683,-0.6639655,0.72839546,323.60135
1970-01-01 22:46:19,9680.775,153.6441,-811.37823,4.880546,-10.834659,325.0729
1970-01-01 22:46:20,9684.016,150.45135,-318.06238,-3.1223927,13.192394,325.11084
1970-01-01 22:46:21,9588.214,153.91902,-879.6892,-2.5813165,-5.929951,324.9671
1970-01-01 22:46:22,9556.995,151.24753,-760.7917,3.0063298,-5.994133,326.15765
1970-01-01 22:46:23,9815.904,157.78177,-647.44025,6.6157565,22.033176,328.24295
1970-01-01 22:46:24,9529.699,149.10861,-798.5169,0.24960628,-9.448287,328.12137
1970-01-01 22:46:25,9660.727,155.51698,-857.48553,1.6811018,4.0661283,327.9693
1970-01-01 22:46:26,9495.385,153.7528,-728.06775,5.650001,-15.765201,327.3014
1970-01-01 22:46:27,9459.563,159.7429,-677.7399,-1.9423819,-14.869815,325.61118
1970-01-01 22:46:28,9553.019,144.60591,-692.4303,5.3779855,-4.9992895,324.81805
1970-01-01 22:46:29,9582.347,160.69357,-486.57556,1.8604442,16.733557,325.84705
1970-01-01 22:46:30,9562.415,150.5964,-920.4016,6.8354235,0.6612623,327.1486
1970-01-01 22:46:31,9396.179,153.72296,-591.87823,3.3388412,3.5736299,327.0674
1970-01-01 22:46:32,9557.228,161.10748,-687.6905,4.622357,18.501736,326.9476
1970-01-01 22:46:33,9443.096,158.37843,-974.60065,3.1108217,1.6986282,327.1232
1970-01-01 22:46:34,9570.643,157.1045,-1134.8013,2.7010057,11.09788,326.1023
1970-01-01 22:46:35,9540.9795,152.05946,-1104.7822,5.038166,-6.492085,324.6765
1970-01-01 22:46:36,9298.524,156.93887,-424.46158,0.4591739,13.941187,325.02597
1970-01-01 22:46:37,9451.887,155.61836,-932.7955,3.9512293,-2.0477684,323.40002
1970-01-01 22:46:38,9390.21,151.17943,-839.0617,2.940041,-3.6035843,325.23453
1970-01-01 22:46:39,9407.918,157.43887,-1012.4791,4.559927,-15.062948,326.72922
1970-01-01 22:46:40,9422.175,150.00389,-873.30164,1.1612537,2.3105643,325.09753
1970-01-01 22:46:41,9361.878,157.50864,-520.3056,-0.2889984,-12.633786,324.97284
1970-01-01 22:46:42,9396.311,152.07248,-770.5461,5.0347867,-2.0823016,324.3095
1970-01-01 22:46:43,9357.467,154.12743,-410.77274,2.598288,13.728596,325.27853
1970-01-01 22:46:44,9261.205,158.38794,-1077.0042,1.7647557,1.0569214,325.03516
1970-01-01 22:46:45,9182.641,155.73596,-981.4315,4.795207,-0.5850525,324.33716
1970-01-01 22:46:46,9346.198,159.82211,-1052.9115,8.35444,-4.489572,322.70215
1970-01-01 22:46:47,9335.81,153.41978,-820.6847,2.3739421,14.126731,322.95834
1970-01-01 22:46:48,9215.238,162.20583,-651.4888,3.6660955,-8.015097,322.55832
1970-01-01 22:46:49,9148.51,160.63734,-825.874,0.68916506,2.2856092,321.52054
1970-01-01 22:46:50,9345.373,154.27112,-427.37686,0.15407564,3.0311458,322.61893
1970-01-01 22:46:51,9307.501,160.39148,-805.9514,2.4758186,15.073593,324.1945
1970-01-01 22:46:52,9327.142,150.58797,-903.9601,4.3313055,-30.468624,324.27097
1970-01-01 22:46:53,9314.958,156.86075,-669.14764,1.0081851,-11.500466,324.22052
1970-01-01 22:46:54,9226.181,150.34666,-1005.19543,7.1546125,-1.1638836,322.45828
1970-01-01 22:46:55,9192.798,158.52051,-692.8853,0.21235815,13.50379,322.3094
1970-01-01 22:46:56,9258.914,152.09929,-516.9873,-2.2339308,2.0477984,321.3415
1970-01-01 22:46:57,9175.575,161.00206,-581.937,-0.46755242,-0.7490967,320.6539
1970-01-01 22:46:58,9221.677,155.65553,-751.85034,6.649714,3.1618536,319.9771
1970-01-01 22:46:59,9168.161,154.05647,-1145.67,2.067112,3.6545582,320.61432
1970-01-01 22:47:00,9070.28,154.2126,-716.62885,6.3163023,-8.008729,321.2667
1970-01-01 22:47:01,9199.327,156.75842,-901.47784,6.766533,2.7852368,322.1474
1970-01-01 22:47:02,9221.69,151.87926,-811.15375,3.7944999,-5.1698484,322.07513
1970-01-01 22:47:03,9076.783,150.81686,-1009.6369,-1.2701645,-4.988521,323.17673
1970-01-01 22:47:04,9026.852,144.04881,-870.01587,-1.2823818,-11.075452,324.9671
1970-01-01 22:47:05,9120.277,160.50204,-648.47,4.0973077,28.928452,324.44284
1970-01-01 22:47:06,9177.979,158.71146,-912.4282,4.7698755,6.982876,325.57983
1970-01-01 22:47:07,9098.176,153.12416,-963.4037,6.4556394,-3.5437021,326.46298
1970-01-01 22:47:08,9121.431,156.88007,-724.8232,0.24909434,-2.9064658,326.2053
1970-01-01 22:47:09,8829.962,153.62119,-466.67657,4.1931,-2.4029434,326.2369
1970-01-01 22:47:10,9070.146,151.31331,-895.68146,8.249987,-6.7198424,328.0707
1970-01-01 22:47:11,9120.956,153.66895,-686.2981,3.470367,1.842295,326.06046
1970-01-01 22:47:12,9138.167,155.11827,-1047.9082,-1.152766,-6.599602,326.03668
1970-01-01 22:47:13,9149.36,148.85947,-567.2944,1.5628779,17.37589,327.09412
1970-01-01 22:47:14,8984.665,151.71124,-547.2911,3.2026281,4.723122,326.8897
1970-01-01 22:47:15,8864.405,155.33286,-693.3949,0.77609146,-9.517403,327.5947
1970-01-01 22:47:16,9120.204,158.27203,-729.0266,4.965389,-8.707719,327.92673
1970-01-01 22:47:17,8963.14,162.27184,-859.46625,1.4509753,9.306928,328.17715
1970-01-01 22:47:18,8788.35,160.00195,-1146.5422,1.6555793,6.49214,326.0068
1970-01-01 22:47:19,8816.998,146.00873,-991.9143,0.3020098,-1.4718393,326.92352
1970-01-01 22:47:20,8929.298,159.14575,-923.6996,-2.9122896,-3.6694317,327.3807
1970-01-01 22:47:21,9034.976,155.66798,-1038.6433,-0.0029543606,5.875407,326.43967
1970-01-01 22:47:22,8859.04,160.89403,-507.71918,2.6659267,8.124125,327.34372
1970-01-01 22:47:23,8987.376,152.64279,-802.52576,0.52377605,9.568624,327.78494
1970-01-01 22:47:24,8843.222,156.71664,-355.99615,1.2572109,13.764463,329.39062
1970-01-01 22:47:25,8841.396,156.46126,-878.33673,0.94848794,1.8876734,331.60297
1970-01-01 22:47:26,8910.373,157.08662,-717.9127,-1.1204914,-1.3171221,330.04816
1970-01-01 22:47:27,8782.844,154.95697,-1171.6799,5.1568723,-9.096105,328.73877
1970-01-01 22:47:28,8846.831,161.24507,-898.0939,0.67571723,-7.076965,329.74033
1970-01-01 22:47:29,8785.856,153.36705,-660.9368,1.4498128,2.8064995,329.81744
1970-01-01 22:47:30,8811.312,155.92647,-910.6458,-3.304246,-3.7209404,328.44998
1970-01-01 22:47:31,8785.624,155.49316,-805.23004,2.573464,-3.6352742,328.1887
1970-01-01 22:47:32,8769.451,152.69974,-713.61285,1.3420589,-5.649303,329.18414
1970-01-01 22:47:33,8711.93,156.91013,-870.9814,-0.7078407,12.065119,329.0878
1970-01-01 22:47:34,8683.317,157.28589,-907.2443,0.13783881,-17.181107,
1970-01-01 22:47:35,8872.443,158.18684,-889.2401,0.28253275,8.8202915,327.68497
1970-01-01 22:47:36,8639.837,162.90805,-454.88354,-2.0903196,-8.243336,328.49106
1970-01-01 22:47:37,8716.441,153.10599,-774.2896,6.4684057,1.8859851,328.28024
1970-01-01 22:47:38,8707.501,151.36668,-1022.89496,-1.3756118,0.6377523,326.8782
1970-01-01 22:47:39,8658.3545,159.53204,-1034.888,5.1776037,-16.954834,326.67645
1970-01-01 22:47:40,8671.753,157.00183,-799.70105,5.6485176,-5.5579123,329.41235
1970-01-01 22:47:41,8560.17,158.50179,-1137.1984,0.2326919,-2.7033865,329.9529
1970-01-01 22:47:42,8620.757,151.80565,-654.0964,2.0385127,7.9704657,329.92065
1970-01-01 22:47:43,8573.063,161.93155,-604.71844,,-10.998843,329.35242
1970-01-01 22:47:44,8754.602,151.68604,-714.38275,2.5602605,23.48757,328.74878
1970-01-01 22:47:45,8601.916,155.06207,-723.0743,6.4772353,2.0493774,328.69434
1970-01-01 22:47:46,8695.044,156.4034,-808.13525,-0.3614445,8.47382,328.7463
1970-01-01 22:47:47,8516.364,153.33315,-1084.7505,-0.2075842,-4.8516545,329.62604
1970-01-01 22:47:48,8625.388,160.20511,-494.31534,-0.19276644,12.271965,329.54626
1970-01-01 22:47:49,8463.884,154.52217,-986.18567,5.9320254,4.7847657,330.79166
1970-01-01 22:47:50,8592.099,165.98834,-864.01733,1.90568,7.517801,330.86487
1970-01-01 22:47:51,8432.249,153.56471,-522.2912,6.72582,-3.6135783,330.27664
1970-01-01 22:47:52,8554.024,155.13477,-554.6924,1.3202051,3.0019512,331.27844
1970-01-01 22:47:53,8569.389,153.16638,-770.9977,-0.13944769,-10.460731,331.5733
1970-01-01 22:47:54,8405.316,153.7581,-919.11646,0.3982779,-6.818461,330.76376
1970-01-01 22:47:55,8510.141,153.2554,-757.3157,-1.5179546,6.8550925,332.54422
1970-01-01 22:47:56,8597.585,155.0618,-768.1171,-1.9600066,-11.2258,331.66995
1970-01-01 22:47:57,8585.126,163.82242,-678.9188,0.38508037,-8.597704,331.55194
1970-01-01 22:47:58,8501.526,158.63696,-722.1407,-0.07441784,-4.851278,330.89453
1970-01-01 22:47:59,8486.735,157.23474,-778.04626,1.5901543,-15.892314,331.50522
1970-01-01 22:48:00,8480.8955,159.91248,-756.94977,-2.1195974,11.787677,333.43283
1970-01-01 22:48:01,8270.238,150.9492,-862.55426,3.2773693,-11.2180395,333.76352
1970-01-01 22:48:02,8468.792,160.17404,-753.79297,0.09509732,6.654632,334.06735
1970-01-01 22:48:03,8429.912,152.66054,-785.9513,-2.9125996,4.1543427,334.11935
1970-01-01 22:48:04,8405.218,148.51796,-821.3514,3.451563,-0.56973946,333.5825
1970-01-01 22:48:05,8392.915,155.06284,-697.94354,0.46124917,4.548214,333.11737
1970-01-01 22:48:06,8378.671,159.65991,-668.53455,0.6196208,,332.60086
1970-01-01 22:48:07,8263.38,149.7838,-794.53424,1.0107218,-1.2512195,331.70352
1970-01-01 22:48:08,8308.877,155.91147,-931.8186,2.1357524,14.156134,333.0798
1970-01-01 22:48:09,8262.108,151.2807,-831.86804,1.1747258,15.540189,333.82095
1970-01-01 22:48:10,8353.051,155.06279,-1158.1177,-0.43365362,-0.05323786,335.51044
1970-01-01 22:48:11,8517.167,166.7962,-926.3339,-0.868948,-16.491812,335.6054
1970-01-01 22:48:12,8389.601,154.39479,-795.38135,-0.21035963,-3.7927828,334.35953
1970-01-01 22:48:13,8275.775,159.74658,-705.63763,-0.2639159,-6.523453,333.35205
1970-01-01 22:48:14,8235.49,141.01999,-847.2461,5.3950768,6.464683,333.71432
1970-01-01 22:48:15,8296.5625,155.9965,-677.91705,-0.09404943,15.292588,333.2105
1970-01-01 22:48:16,8229.352,156.73618,-1106.7292,0.5381669,3.7511125,333.12943
1970-01-01 22:48:17,8279.79,152.53374,-286.1552,0.11326528,3.582866,330.76956
1970-01-01 22:48:18,8165.4316,153.4165,-1299.2964,3.2083833,0.5596297,328.99762
1970-01-01 22:48:19,8220.831,161.0315,-995.2063,4.953328,-2.1160007,326.54257
1970-01-01 22:48:20,8213.666,154.31798,-607.8128,-5.0290723,-6.62078,326.49146
1970-01-01 22:48:21,8148.0225,158.77863,-948.5418,0.37917972,0.9946473,325.71033
1970-01-01 22:48:22,8224.252,153.83836,-833.3535,2.1973622,-10.077045,323.90414
1970-01-01 22:48:23,8136.2144,154.46538,-827.79395,5.9190016,12.631991,324.51062
1970-01-01 22:48:24,8052.1865,155.91464,-837.8028,-5.107875,12.777953,326.6233
1970-01-01 22:48:25,8044.0625,158.57779,-1045.8628,-1.809287,-10.129825,328.2067
1970-01-01 22:48:26,8121.8535,155.41187,-813.6174,7.626392,-2.1715944,326.90552
1970-01-01 22:48:27,8291.609,159.53053,-667.9244,1.9306362,-24.383291,327.351
1970-01-01 22:48:28,8133.063,155.8552,-719.83124,2.9325423,-0.028857134,325.92996
1970-01-01 22:48:29,8130.709,157.70738,-714.4835,0.30343556,9.055085,325.20825
1970-01-01 22:48:30,8137.804,158.27173,-599.79193,5.4122996,8.200762,325.65533
1970-01-01 22:48:31,8132.1396,158.51915,-1133.1061,0.6238519,-17.52687,326.5862
1970-01-01 22:48:32,8079.9214,163.30006,-573.7844,4.507038,-2.010738,327.10767
1970-01-01 22:48:33,8044.499,154.159,-840.21344,0.65814877,12.078938,327.2148
1970-01-01 22:48:34,7927.7734,151.94058,-828.49854,5.537787,19.022072,326.0229
1970-01-01 22:48:35,7980.154,150.13165,-1231.3392,4.636539,-3.4052875,325.5691
1970-01-01 22:48:36,8000.9585,154.45033,-982.9698,3.4945638,14.51831,326.17957
1970-01-01 22:48:37,8045.699,162.36769,-693.0289,0.7903724,-15.902047,326.61145
1970-01-01 22:48:38,7914.664,,-869.3274,0.069196016,0.1167992,328.0032
1970-01-01 22:48:39,7942.7915,161.43004,-690.0357,2.1232514,8.769038,328.7942
1970-01-01 22:48:40,7928.1504,149.24966,-831.4281,-1.5688341,13.85034,327.96118
1970-01-01 22:48:41,7884.0327,153.92458,-814.44995,-0.342678,2.7808876,329.36957
1970-01-01 22:48:42,7908.345,156.87517,-601.3062,-1.400908,7.536903,330.03317
1970-01-01 22:48:43,7873.29,157.30682,-1214.9641,0.8403678,-19.42376,330.67007
1970-01-01 22:48:44,7914.828,156.54941,-1006.5678,0.2720553,1.931177,332.0909
1970-01-01 22:48:45,7868.8457,157.62709,-868.56805,2.7184467,-14.807332,332.479
1970-01-01 22:48:46,7927.932,160.1799,-612.1806,-1.5236317,2.1064963,330.94635
1970-01-01 22:48:47,8048.5913,153.07288,-814.65436,-0.10166842,6.1963816,331.33612
1970-01-01 22:48:48,7848.024,158.15488,-586.6697,-0.2970138,8.475948,330.366
1970-01-01 22:48:49,7972.977,161.72209,-911.89404,0.859667,-0.9527928,330.866
1970-01-01 22:48:50,7684.1016,159.17287,-1270.8428,2.0774488,18.26033,330.98877
1970-01-01 22:48:51,7960.819,154.38863,-905.47437,7.118182,7.2549653,330.31232
1970-01-01 22:48:52,7716.0845,159.07253,-886.17017,1.550379,11.531371,332.24405
1970-01-01 22:48:53,7868.314,155.82841,-786.2469,2.8395052,-5.886059,331.9022
1970-01-01 22:48:54,7778.9243,152.98206,-602.0406,7.0649066,-6.3411508,332.9451
1970-01-01 22:48:55,7824.72,161.64633,-432.5517,0.5129202,-11.30969,331.3807
1970-01-01 22:48:56,7681.0137,158.7626,-985.0575,0.96890324,-6.624017,331.12427
1970-01-01 22:48:57,7742.5723,157.08969,40.01308,5.1684566,18.516712,330.18463
1970-01-01 22:48:58,7539.8203,154.62172,-463.20764,-1.6799598,17.525084,327.83472
1970-01-01 22:48:59,7627.8384,152.94585,-802.03204,-3.6598716,-3.767765,329.113
1970-01-01 22:49:00,7690.3013,157.58717,-825.87634,0.8165921,4.11346,329.313
1970-01-01 22:49:01,7772.967,155.75372,-859.9231,3.0635576,-0.69664437,330.37598
1970-01-01 22:49:02,7709.0366,157.84665,-498.27286,-0.6869793,2.7964795,329.0424
1970-01-01 22:49:03,7630.6807,155.93745,-811.7989,1.6503042,-3.3272667,329.70798
1970-01-01 22:49:04,7641.5386,155.56741,-788.5313,3.9991567,9.745811,328.69803
1970-01-01 22:49:05,7647.4116,154.54315,-977.3884,0.517438,6.79006,328.83823
1970-01-01 22:49:06,7706.7363,160.44383,-903.49225,1.6581639,12.045816,325.6786
1970-01-01 22:49:07,7657.9517,152.81712,-830.01807,4.8342624,0.3866733,326.60568
1970-01-01 22:49:08,7486.898,154.18225,-770.0137,4.7880955,19.103811,325.4489
1970-01-01 22:49:09,7526.2207,152.90471,-978.9211,-0.7329322,4.618715,326.41013
1970-01-01 22:49:10,7482.9414,158.57506,-798.8165,1.3964067,3.1718674,325.83472
1970-01-01 22:49:11,7586.7207,157.37622,-959.1463,6.282896,,325.17154
1970-01-01 22:49:12,7542.4336,155.43106,-685.9228,6.107561,5.3378086,325.4367
1970-01-01 22:49:13,7584.9565,153.82054,-714.837,3.5444944,-7.224118,324.93222
1970-01-01 22:49:14,7438.268,152.3225,-868.2402,1.084195,14.063951,324.1051
1970-01-01 22:49:15,7407.157,146.17636,-776.38336,4.8424377,28.929348,324.9901
1970-01-01 22:49:16,7505.091,156.40483,-1250.2583,0.32034028,8.692376,324.16263
1970-01-01 22:49:17,7541.3477,161.63655,-753.0576,2.4104898,-5.5082803,325.08148
1970-01-01 22:49:18,7517.226,150.64525,-610.349,3.2895594,5.012619,327.23834
1970-01-01 22:49:19,7509.855,153.93095,-892.1954,1.7162051,3.1451893,325.56226
1970-01-01 22:49:20,7498.338,156.79686,-521.08,3.0920799,-21.215055,323.10443
1970-01-01 22:49:21,7410.563,158.5718,-800.4226,5.2608414,-2.6067965,323.3807
1970-01-01 22:49:22,7490.7764,161.73505,-918.7914,3.8963852,-4.2897515,321.9125
1970-01-01 22:49:23,7450.623,158.38985,-306.06995,-1.1634064,10.191261,321.90256
1970-01-01 22:49:24,7448.6475,157.47739,-714.97736,7.7115016,7.792048,322.69257
1970-01-01 22:49:25,7477.6797,157.32144,-910.4814,-3.889011,-2.3249724,322.06064
1970-01-01 22:49:26,7480.006,157.10884,-904.0053,1.5911818,0.36028978,323.78848
1970-01-01 22:49:27,,162.09601,-578.1045,0.68252593,-2.3711655,325.24954
1970-01-01 22:49:28,7360.698,156.54985,-792.5228,4.999571,-13.548722,324.90323
1970-01-01 22:49:29,7315.633,157.7956,-670.2079,-3.1335113,-7.5930324,326.62436
1970-01-01 22:49:30,7341.0474,155.82932,-730.01746,4.6372423,9.396372,
1970-01-01 22:49:31,7351.3843,155.80733,-733.48517,3.4212656,6.947474,329.5044
1970-01-01 22:49:32,7195.739,164.31879,-1065.9838,-2.0431561,10.66694,330.14526
1970-01-01 22:49:33,7512.18,157.12582,-610.8437,1.08281,12.166256,329.03226
1970-01-01 22:49:34,7434.9365,153.06453,-909.55176,-3.212549,5.3258142,329.6894
1970-01-01 22:49:35,7084.5376,149.30197,-1156.8574,-2.5665457,-16.598724,329.45447
1970-01-01 22:49:36,7114.744,154.71854,-845.3166,2.8594005,-10.6632,328.0517
1970-01-01 22:49:37,7283.934,157.33276,-890.2464,2.6310751,13.910642,328.12015
1970-01-01 22:49:38,7109.4536,153.36726,-662.8234,1.5988803,-2.2971647,330.21094
1970-01-01 22:49:39,7279.632,153.49518,-1166.3563,7.3565116,-1.1728433,328.91006
1970-01-01 22:49:40,7198.349,155.69748,-727.3965,-1.0670028,-2.3898163,329.59818
1970-01-01 22:49:41,7201.7227,157.31148,-766.0014,2.2214854,2.0165288,329.19852
1970-01-01 22:49:42,7129.151,152.91722,-675.6478,-0.8604853,-12.771976,328.28394
1970-01-01 22:49:43,7162.905,151.90326,-346.8417,0.97740924,8.944074,329.15805
1970-01-01 22:49:44,7099.1826,155.30106,-786.3611,0.78105754,3.1776695,328.91522
1970-01-01 22:49:45,7089.635,151.26628,-1297.6174,2.44568,5.916622,327.70773
1970-01-01 22:49:46,7073.7817,156.74821,-774.78345,2.2939243,3.8355029,325.19925
1970-01-01 22:49:47,,161.13014,-999.6699,8.469076,-10.673865,324.44415
1970-01-01 22:49:48,7138.243,154.79329,-796.5094,1.6240973,-7.6217365,324.22128
1970-01-01 22:49:49,6987.665,152.34537,-789.83844,2.2398221,-3.4150774,324.17435
1970-01-01 22:49:50,6998.9966,153.00815,-702.27045,-0.00085561955,-14.986628,324.67212
1970-01-01 22:49:51,6895.204,163.50388,-1009.029,2.9015362,-8.063325,325.0043
1970-01-01 22:49:52,7139.3403,160.12428,-806.353,-3.119374,0.28978142,325.80426
1970-01-01 22:49:53,7066.8413,156.06673,-983.1362,8.667346,3.866355,324.47244
1970-01-01 22:49:54,7064.864,154.95726,-638.5557,4.392493,7.9572,323.9622
1970-01-01 22:49:55,6952.4126,159.05383,-1025.1675,6.3189235,-0.41281435,322.6446
1970-01-01 22:49:56,6964.444,155.67548,-860.8294,3.1646132,-20.51816,324.2326
1970-01-01 22:49:57,6993.543,158.40398,-1036.168,3.1821835,7.629705,324.5843
1970-01-01 22:49:58,7028.3306,157.6688,-726.101,2.825742,-7.7272916,325.84628
1970-01-01 22:49:59,7001.914,159.49808,-571.7975,-4.632072,6.8693533,326.22372
1970-01-01 22:50:00,7027.74,156.78596,-867.26556,8.291461,-1.0716774,325.7336
1970-01-01 22:50:01,6876.549,150.68578,-824.09515,1.8573625,7.00286,326.30847
1970-01-01 22:50:02,6887.7026,147.96568,-985.40137,3.6204052,-0.5932722,326.7528
1970-01-01 22:50:03,7003.3105,159.41139,-836.1195,3.4462914,1.0249455,326.84857
1970-01-01 22:50:04,6840.9717,156.54556,-959.48663,5.686471,20.251093,327.46793
1970-01-01 22:50:05,6857.9956,153.44962,-866.91205,6.188255,2.7654414,328.84222
1970-01-01 22:50:06,6758.82,158.0619,-806.9024,-0.7356341,1.9828273,329.03217
1970-01-01 22:50:07,6709.7925,164.97086,-878.8795,-0.15149789,-4.2395663,328.53326
1970-01-01 22:50:08,6967.5464,157.10857,-743.7737,2.8855128,10.47483,328.96054
1970-01-01 22:50:09,6819.8945,151.65598,-646.7821,1.939042,-2.8337913,329.57816
1970-01-01 22:50:10,6682.0044,158.03574,-821.7186,3.6382067,1.5577556,328.7701
1970-01-01 22:50:11,6856.468,152.89568,-734.5234,-4.6509347,6.4999957,329.18323
1970-01-01 22:50:12,6806.8687,160.70047,-621.33734,1.6704848,4.899159,329.10327
1970-01-01 22:50:13,6803.306,159.37933,-671.561,0.21149644,8.601376,329.1569
1970-01-01 22:50:14,6785.584,158.91264,-532.3543,-0.2802422,-9.166244,329.58368
1970-01-01 22:50:15,6834.157,163.90799,-773.9306,-2.836872,-15.246601,328.7747
1970-01-01 22:50:16,6745.3486,160.4933,-663.0356,13.021768,3.7301342,328.60803
1970-01-01 22:50:17,6741.0933,160.62254,-1023.32416,2.7004209,-3.1023383,328.58142
1970-01-01 22:50:18,6615.6064,153.43059,-715.3988,4.211134,-9.511512,328.43365
1970-01-01 22:50:19,6637.5312,162.18709,-427.47385,-1.0894841,-13.492318,328.68008
1970-01-01 22:50:20,6643.2783,160.84016,-621.182,1.6869607,-8.0696745,329.04767
1970-01-01 22:50:21,6753.7876,153.87294,-779.372,0.69480085,-4.1314425,327.84616
1970-01-01 22:50:22,6718.0938,157.51591,-846.2966,8.0544405,0.9991581,326.95703
1970-01-01 22:50:23,6562.9966,161.7161,-1283.4744,2.533021,-3.4682121,328.01572
1970-01-01 22:50:24,6677.579,156.62947,-708.3093,3.0031044,-11.875827,328.48755
1970-01-01 22:50:25,6749.956,158.39528,-802.60913,1.7928311,-1.9870834,327.96957
1970-01-01 22:50:26,6806.6094,153.07602,-915.03217,4.526847,2.8198254,328.8275
1970-01-01 22:50:27,6543.3257,157.2152,-910.1198,4.25458,-1.2485062,328.4769
1970-01-01 22:50:28,6542.423,163.31908,-956.9955,-1.0819368,15.580103,326.988
1970-01-01 22:50:29,6625.5483,162.91016,-581.30835,2.437777,-19.814806,327.5204
1970-01-01 22:50:30,6590.3267,151.90425,-817.9303,5.001628,-10.227533,328.11682
1970-01-01 22:50:31,6558.4927,159.3604,-599.05286,0.24899985,3.7494698,328.87073
1970-01-01 22:50:32,6672.3276,160.39377,-506.5391,3.478647,12.564513,328.06342
1970-01-01 22:50:33,6548.177,158.30225,-777.7494,-5.0446587,3.470784,327.67795
1970-01-01 22:50:34,6486.7773,159.36057,-771.6509,7.344269,9.236446,327.71594
1970-01-01 22:50:35,6541.7676,153.54659,-586.71295,1.3835341,11.635727,329.69687
1970-01-01 22:50:36,6511.6294,154.15706,-974.403,0.98865706,-21.78536,328.69833
1970-01-01 22:50:37,6501.774,155.89714,-867.52826,3.5210373,17.991405,328.6412
1970-01-01 22:50:38,6486.3755,157.37831,-473.5407,-1.2089776,-5.4619684,329.82193
1970-01-01 22:50:39,6620.0176,154.92487,-680.7024,0.18011482,-8.657122,330.09796
1970-01-01 22:50:40,6490.976,156.47345,-800.59247,2.4462183,3.176552,329.17212
1970-01-01 22:50:41,6341.4116,161.86124,-737.8734,2.920687,-5.184215,331.12643
1970-01-01 22:50:42,6528.865,163.18648,-727.19116,0.75223994,1.747476,329.98682
1970-01-01 22:50:43,6561.631,157.21075,-1078.748,1.8635845,-1.0489032,329.84967
1970-01-01 22:50:44,6395.654,160.33559,-802.368,-0.4927964,-12.91489,330.03165
1970-01-01 22:50:45,6400.974,159.86479,-854.33435,-1.459493,2.0308697,330.93283
1970-01-01 22:50:46,6398.7773,157.07103,-645.76794,1.1393133,3.7933376,330.01035
1970-01-01 22:50:47,6426.669,159.28052,-1114.5824,0.55594933,-4.151664,329.25732
1970-01-01 22:50:48,6348.235,152.94514,-871.52515,5.982445,6.3580375,330.02347
1970-01-01 22:50:49,6318.8823,160.61781,-733.41785,5.982166,-6.7042956,329.2627
1970-01-01 22:50:50,6342.1714,154.60313,-577.7851,-5.2374806,2.4164174,329.4669
1970-01-01 22:50:51,6257.657,153.49757,-481.15726,4.541801,3.0821822,327.66376
1970-01-01 22:50:52,6250.1846,156.07848,-813.0767,-0.2863887,-8.217668,326.86618
1970-01-01 22:50:53,6294.0933,157.82501,-526.8053,-0.8905528,20.510118,327.12097
1970-01-01 22:50:54,6242.023,155.97882,-482.63623,3.1140704,22.633307,327.61908
1970-01-01 22:50:55,6237.3706,153.76114,-920.2938,3.2276995,-2.51344,327.11627
1970-01-01 22:50:56,6162.49,152.3964,-632.99146,2.395401,-1.9452258,326.61325
1970-01-01 22:50:57,6243.3853,157.64381,-652.9735,-2.194689,-9.458131,327.52606
1970-01-01 22:50:58,6198.7515,152.98193,-890.1066,-0.7458859,-13.902216,330.88495
1970-01-01 22:50:59,6105.155,151.88602,-860.54376,-1.01076,-4.3191977,330.27332
1970-01-01 22:51:00,6276.6763,161.3821,-669.0336,9.4444275,-6.9879436,330.46194
1970-01-01 22:51:01,6176.7617,161.94693,-901.8427,-0.46663588,8.351062,328.86813
1970-01-01 22:51:02,6197.9067,161.54356,-612.57495,2.7604644,-8.127966,327.7568
1970-01-01 22:51:03,6146.4077,162.12924,-341.9048,0.7140271,-3.0864067,328.42935
1970-01-01 22:51:04,6216.1807,163.85373,-822.82153,1.7494764,-4.99832,328.7826
1970-01-01 22:51:05,6204.871,156.37814,-1070.7312,1.1203803,-6.710026,327.52472
1970-01-01 22:51:06,6207.802,157.5758,-907.4673,3.7979634,-13.968592,328.78812
1970-01-01 22:51:07,6041.601,150.62675,-743.5692,-0.5384879,0.6724519,328.53894
1970-01-01 22:51:08,6051.1084,153.81587,-868.32764,-1.1309867,-7.486471,325.97406
1970-01-01 22:51:09,6121.6445,160.78241,-706.91516,0.24807613,-11.215895,325.9927
1970-01-01 22:51:10,6148.2935,163.10303,-934.36237,0.84364295,-2.400309,327.4
1970-01-01 22:51:11,6193.24,156.33745,-670.6836,2.7202456,-3.8914251,328.78677
1970-01-01 22:51:12,6058.2095,157.94832,-826.2847,4.579512,22.313097,329.24887
1970-01-01 22:51:13,6114.6875,154.68977,-720.81506,-1.1938889,30.918537,328.17758
1970-01-01 22:51:14,6093.728,150.0145,-683.6975,6.0664864,-5.1110845,327.40387
1970-01-01 22:51:15,6019.071,162.03275,-895.33057,-2.21065,11.651507,326.45163
1970-01-01 22:51:16,6108.449,165.40385,-971.45624,5.7643323,-7.761001,324.60263
1970-01-01 22:51:17,6138.7686,159.45032,-861.8912,0.31772432,-18.79096,325.33774
1970-01-01 22:51:18,6138.315,154.47466,-1193.2561,5.2762947,6.406112,324.71713
1970-01-01 22:51:19,6015.534,151.16312,-648.24396,4.4003577,-2.9911058,325.67056
1970-01-01 22:51:20,5936.666,162.30603,-1029.9781,5.7469635,-15.41262,324.98608
1970-01-01 22:51:21,5973.296,156.24709,-1174.2991,2.572784,-9.262837,326.8962
1970-01-01 22:51:22,6001.6616,154.16025,-666.49286,-5.269263,0.90466774,327.15494
1970-01-01 22:51:23,5925.0938,161.00705,-661.6767,-1.0242784,6.0867248,326.74918
1970-01-01 22:51:24,5846.523,155.37257,-1172.8688,5.044275,-1.4813579,327.01562
1970-01-01 22:51:25,5816.9287,148.75293,-810.2326,5.035041,7.9542427,328.191
1970-01-01 22:51:26,5862.464,157.9393,-938.477,2.0724733,7.674398,325.99268
1970-01-01 22:51:27,5936.3037,154.21188,-534.1757,-2.6802077,12.400387,324.64957
1970-01-01 22:51:28,6030.965,155.76721,-622.3189,9.094315,11.390269,324.574
1970-01-01 22:51:29,5870.062,151.16057,-750.55853,1.4811647,2.693153,324.08582
1970-01-01 22:51:30,5723.2974,151.39555,-523.3845,2.678912,-5.185001,324.75537
1970-01-01 22:51:31,5957.4775,154.66727,-1013.28107,6.9182186,-13.238482,324.34262
1970-01-01 22:51:32,5851.98,156.61101,-1078.4845,3.680772,-20.301231,323.90674
1970-01-01 22:51:33,5808.101,150.86192,-1254.2965,0.78798056,5.1499896,324.1414
1970-01-01 22:51:34,5849.6987,152.05435,-683.1432,-0.11733283,3.940528,322.55072
1970-01-01 22:51:35,5746.095,157.50928,-1065.8702,1.8180053,-1.7086619,321.36594
1970-01-01 22:51:36,5837.6475,162.52695,-813.8957,9.106073,1.2523134,320.015
1970-01-01 22:51:37,5841.0615,156.59705,-457.49405,1.1542803,-6.775616,320.10382
1970-01-01 22:51:38,5726.1333,155.01027,-729.191,1.5117786,20.397821,318.56146
1970-01-01 22:51:39,5680.994,159.1461,-1049.5868,1.9013696,-2.9302044,317.83762
1970-01-01 22:51:40,5542.082,155.57439,-764.6171,4.3393145,-13.134909,316.9391
1970-01-01 22:51:41,5763.8237,158.36716,-860.2051,8.957275,-5.9649124,316.10416
1970-01-01 22:51:42,5666.352,159.08824,-443.25952,5.603602,-9.613173,316.4049
1970-01-01 22:51:43,5697.9805,154.42331,-831.24634,4.2684712,-4.5570445,316.77856
1970-01-01 22:51:44,5739.9805,164.89249,-887.2546,-0.4114758,-13.167981,317.5098
1970-01-01 22:51:45,5634.721,160.42229,-488.43604,-7.603267,-18.970829,317.35742
1970-01-01 22:51:46,5504.761,151.27147,-699.27686,-0.5557793,14.21224,317.13962
1970-01-01 22:51:47,5682.1025,158.16434,-1268.6915,1.8004004,7.5556164,318.30484
1970-01-01 22:51:48,5559.0923,155.44902,-674.2954,5.785649,9.83857,320.09622
1970-01-01 22:51:49,5609.661,157.72983,-865.69086,1.0461687,-3.6953323,320.04962
1970-01-01 22:51:50,5762.732,159.23058,-1026.2498,1.7588058,-14.431676,320.87634
1970-01-01 22:51:51,5610.535,158.07828,-598.511,1.5870113,-15.998379,320.89355
1970-01-01 22:51:52,5534.3516,158.46591,-819.0546,6.837911,-17.917307,322.10944
1970-01-01 22:51:53,5539.9834,154.59949,-885.244,-0.7838235,13.724831,323.44308
1970-01-01 22:51:54,5482.052,155.77376,-765.3461,5.436983,7.6524425,322.06525
1970-01-01 22:51:55,5482.6187,155.90477,-861.75476,-2.1730108,0.19642937,321.6481
1970-01-01 22:51:56,5603.1626,163.8176,-127.36728,3.3524985,-10.208722,322.2798
1970-01-01 22:51:57,5548.2373,164.24069,-615.08746,-1.4911932,-6.5184197,322.22647
1970-01-01 22:51:58,5498.5024,152.17856,-882.9182,1.1555343,-10.581568,325.40366
1970-01-01 22:51:59,5543.693,156.28604,-966.5807,-1.8225245,-5.822924,326.45932
1970-01-01 22:52:00,5494.0986,151.1957,-628.6727,0.90658116,21.06083,327.6905
1970-01-01 22:52:01,5422.127,159.54591,-703.8231,2.8212416,3.6263258,328.68018
1970-01-01 22:52:02,5472.855,153.9302,-828.6155,3.261676,5.943167,327.6086
1970-01-01 22:52:03,5461.512,156.16934,-509.05408,-2.4191287,-3.9841597,328.2767
1970-01-01 22:52:04,5394.461,162.93445,-551.61414,0.8721537,13.238673,327.71744
1970-01-01 22:52:05,5557.143,154.04005,-1030.4254,0.8673692,10.960564,326.7568
1970-01-01 22:52:06,5394.078,161.3075,-633.7539,3.1542995,-15.5733185,327.45258
1970-01-01 22:52:07,5421.764,157.81252,-580.81213,0.52842283,7.1701026,326.17734
1970-01-01 22:52:08,5537.3677,162.43463,-657.97815,3.7345126,11.560798,326.3574
1970-01-01 22:52:09,5501.8735,158.74677,-574.3906,-2.2177377,-2.1787643,325.09418
1970-01-01 22:52:10,5251.928,162.59839,-870.7871,4.1430655,-6.5809,325.44415
1970-01-01 22:52:11,5447.1465,169.40784,-766.20825,3.4964359,17.994745,323.6957
1970-01-01 22:52:12,5406.855,154.89633,-903.6584,4.0192084,-4.8829784,323.39597
1970-01-01 22:52:13,5425.1025,158.81378,-444.97845,3.4343736,-3.7650204,321.93414
1970-01-01 22:52:14,5279.432,157.2253,-933.1328,0.68332666,-18.849546,322.07562
1970-01-01 22:52:15,5199.9653,153.97278,-1130.205,2.1707375,3.406412,322.84604
1970-01-01 22:52:16,5220.7104,163.07016,-871.93274,2.5565307,10.429687,323.1235
1970-01-01 22:52:17,5302.506,153.4105,-568.15845,5.029528,-2.5617883,323.99844
1970-01-01 22:52:18,5250.8086,158.4166,-1030.2572,6.260614,-6.9971147,324.0257
1970-01-01 22:52:19,5240.016,151.22968,-657.44293,4.33463,-10.794378,323.72064
1970-01-01 22:52:20,5119.51,155.63507,-879.87164,1.9524635,-15.968808,323.16046
1970-01-01 22:52:21,5223.197,154.09947,-951.9624,4.5624685,2.441177,323.6251
1970-01-01 22:52:22,5202.8765,160.68657,-857.44434,0.4469716,10.185315,324.8342
1970-01-01 22:52:23,5238.9233,152.03693,-426.77307,0.8778319,-18.363037,323.47495
1970-01-01 22:52:24,5154.291,159.92711,-1101.589,4.305878,14.900744,321.07578
1970-01-01 22:52:25,5317.0967,155.12222,-852.1368,8.172448,1.9932319,321.82846
1970-01-01 22:52:26,5090.7554,157.37592,-849.13696,-1.8625107,4.78946,321.85422
1970-01-01 22:52:27,5160.744,164.06877,-719.62317,1.1569597,-3.0942943,323.7426
1970-01-01 22:52:28,5148.2734,162.47849,-622.7979,0.6822432,17.197319,323.1272
1970-01-01 22:52:29,5199.4497,162.99057,-886.2872,3.9176788,-8.185245,323.25452
1970-01-01 22:52:30,5149.753,157.35695,-672.87134,-2.544842,-13.755461,323.14737
1970-01-01 22:52:31,5186.6147,155.76646,-890.6522,6.7190614,-5.797677,323.00623
1970-01-01 22:52:32,5049.0337,164.84085,-775.22974,3.9069102,0.4462999,323.04773
1970-01-01 22:52:33,4973.19,155.71272,-887.9772,2.1197011,10.462823,323.0273
1970-01-01 22:52:34,5079.193,153.85416,-1022.309,3.9377081,-0.45354167,323.45935
1970-01-01 22:52:35,5051.1587,160.97342,-642.2392,-1.3813171,4.370813,324.93326
1970-01-01 22:52:36,5039.8823,157.8433,-768.15515,0.8967659,6.192478,324.14523
1970-01-01 22:52:37,5014.7153,156.86171,-526.8357,2.506782,12.501002,324.12152
1970-01-01 22:52:38,5076.083,158.57472,-955.9008,-0.27913716,-10.849518,324.38922
1970-01-01 22:52:39,4924.0747,153.26035,-964.87396,5.9979544,10.510842,324.75842
1970-01-01 22:52:40,4933.5117,154.0502,-657.7247,1.470098,4.0005517,324.70474
1970-01-01 22:52:41,5018.244,162.43585,-914.3019,9.867456,2.7913785,323.98785
1970-01-01 22:52:42,5025.1157,162.10376,-616.5763,3.34874,1.4800558,324.68463
1970-01-01 22:52:43,5006.151,161.38918,-530.8279,1.7526493,-8.213568,325.22342
1970-01-01 22:52:44,4922.945,159.675,-819.30853,0.111359924,-2.1393468,324.5142
1970-01-01 22:52:45,4957.7607,156.96544,-1077.9167,-2.8133948,5.3444033,324.11267
1970-01-01 22:52:46,5005.8794,155.27692,-692.7331,2.3980372,2.9492393,324.05618
1970-01-01 22:52:47,4928.388,155.43065,-823.1496,0.11918866,-4.2451544,323.98743
1970-01-01 22:52:48,4870.7603,159.92705,-1270.625,1.9527457,-8.336255,324.06323
1970-01-01 22:52:49,4790.645,152.92163,-524.5618,-6.7889423,8.660448,323.7598
1970-01-01 22:52:50,4913.829,158.84189,-1053.4492,5.865973,15.864262,323.72107
1970-01-01 22:52:51,4911.733,157.40576,-606.49066,3.8942573,-6.5353675,325.44455
1970-01-01 22:52:52,4806.1455,151.2045,-791.17395,2.9763775,-4.4822226,325.61023
1970-01-01 22:52:53,4854.433,162.17311,-1117.198,3.5343544,12.575539,322.89633
1970-01-01 22:52:54,4790.7217,163.0688,-375.55664,2.178214,-14.422824,323.488
1970-01-01 22:52:55,4800.2817,159.69191,-921.78503,3.585847,3.0049405,323.95328
1970-01-01 22:52:56,4800.8413,157.43806,-818.307,-0.41730207,-6.3431125,325.4225
1970-01-01 22:52:57,4896.058,164.4672,-875.69806,0.19431634,9.970621,323.07687
1970-01-01 22:52:58,4779.72,157.99593,-254.19531,-1.1641095,10.406784,324.44586
1970-01-01 22:52:59,4751.7793,155.40868,-748.39624,3.4505715,3.8228242,324.92014
1970-01-01 22:53:00,4728.4697,151.5774,-1028.5491,-2.26084,11.317695,327.34003
1970-01-01 22:53:01,4709.033,162.62439,-721.1206,0.24387053,2.6612215,325.85852
1970-01-01 22:53:02,4764.2534,159.8344,-789.3939,-1.7451783,-12.179245,326.00052
1970-01-01 22:53:03,4685.974,153.66177,-596.0457,-1.9805338,-9.212881,325.40814
1970-01-01 22:53:04,4816.5215,159.02246,-824.6736,-1.622748,0.5385426,325.37845
1970-01-01 22:53:05,4714.418,162.62604,-847.5969,-3.015948,0.6329863,324.6919
1970-01-01 22:53:06,4594.0605,157.102,-1132.1157,0.34191972,0.33145678,325.01163
1970-01-01 22:53:07,4595.5234,160.95952,-621.4461,-0.02783453,5.2564206,325.4267
1970-01-01 22:53:08,,156.3516,-608.43243,1.7993221,11.016547,324.2549
1970-01-01 22:53:09,4713.3774,169.67766,-964.2617,-0.6079416,-1.5374188,324.37827
1970-01-01 22:53:10,4613.39,159.61084,-760.8532,5.301822,-1.4552232,325.2467
1970-01-01 22:53:11,4525.9253,157.4445,-954.34045,-3.0853925,-10.058714,324.46378
1970-01-01 22:53:12,4628.057,160.6327,-944.66693,4.70129,-5.607978,324.88632
1970-01-01 22:53:13,4719.249,152.98955,-604.0811,-5.693021,12.572971,324.8419
1970-01-01 22:53:14,4595.9097,158.18146,-515.18604,8.6406555,-5.4908524,324.69592
1970-01-01 22:53:15,4602.769,156.48854,-1016.1438,3.9749658,-1.6363286,325.47833
1970-01-01 22:53:16,4444.4604,159.7045,-594.1635,9.966979,11.10246,324.82834
1970-01-01 22:53:17,4469.415,154.11876,-603.10583,5.8179984,0.5481266,325.10538
1970-01-01 22:53:18,4558.134,164.4138,-712.6999,0.86653453,-8.227684,325.63312
1970-01-01 22:53:19,4535.8076,153.576,-226.05782,3.7758415,-5.493903,324.02567
1970-01-01 22:53:20,4517.622,165.7624,-330.0829,-2.6026921,17.701487,325.39487
1970-01-01 22:53:21,4584.652,152.46834,-509.62628,0.20457266,-8.766753,327.3372
1970-01-01 22:53:22,4607.527,159.05046,-541.91864,-1.9268879,-13.594996,329.6231
1970-01-01 22:53:23,4395.961,155.65642,-536.6355,4.1888156,8.222486,331.32553
1970-01-01 22:53:24,4518.0483,158.08899,-846.1809,7.8084936,-8.180984,333.45078
1970-01-01 22:53:25,4415.8604,151.75081,-799.82764,-2.2670755,13.478046,332.58218
1970-01-01 22:53:26,4341.1494,164.11761,-942.92126,0.86803925,3.0722697,331.41202
1970-01-01 22:53:27,4394.8687,163.99864,-775.99255,2.7334902,-2.2252665,331.10806
1970-01-01 22:53:28,4391.7188,156.34698,-810.7609,6.552195,10.310373,333.1976
1970-01-01 22:53:29,4413.6743,160.41745,-515.52246,2.1874835,9.705264,332.07532
1970-01-01 22:53:30,4390.869,158.15201,-636.0101,4.172491,-15.153848,331.63757
1970-01-01 22:53:31,4580.886,158.55638,-947.7011,-0.30145383,-8.450225,331.85748
1970-01-01 22:53:32,4301.0215,162.08324,-805.8498,5.5811048,-30.342445,333.07098
1970-01-01 22:53:33,4198.8613,163.21065,-763.1241,3.1154737,12.479895,331.16687
1970-01-01 22:53:34,4235.505,160.05441,-828.23145,3.3125618,-13.350647,331.29648
1970-01-01 22:53:35,4286.9136,163.26599,-802.237,4.1451774,11.960102,331.31378
1970-01-01 22:53:36,4427.814,161.58063,-578.6865,1.5937345,-16.0895,328.5634
1970-01-01 22:53:37,4470.1904,157.36116,-673.11554,6.4748406,3.2889621,329.82797
1970-01-01 22:53:38,4259.753,166.1985,-981.52386,1.51377,3.8230424,330.5237
1970-01-01 22:53:39,4337.6064,158.56326,-778.54456,-0.2293269,-1.4705787,330.06775
1970-01-01 22:53:40,4268.284,154.53664,-653.7232,1.1224111,-0.9792224,331.8385
1970-01-01 22:53:41,4327.89,157.75851,-920.4853,4.7497945,-15.218943,329.28656
1970-01-01 22:53:42,4315.9395,157.1694,-707.27405,5.4943414,1.9698604,328.59668
1970-01-01 22:53:43,4216.552,154.78807,-1029.0964,2.449203,-29.388815,328.2596
1970-01-01 22:53:44,4185.703,156.23515,-992.7426,1.2744726,-13.030628,330.56833
1970-01-01 22:53:45,4257.193,158.97638,-1126.136,-1.9879133,-0.95490545,330.63077
1970-01-01 22:53:46,4315.839,162.75995,-828.19904,7.6598563,1.9291011,331.1328
1970-01-01 22:53:47,4249.024,162.08197,-1085.5829,-0.48955175,9.931596,332.35922
1970-01-01 22:53:48,4046.0706,162.58806,-809.4321,3.5399122,-12.410194,332.16156
1970-01-01 22:53:49,4100.2905,153.80779,-931.5734,6.0878277,0.7179963,333.17334
1970-01-01 22:53:50,4123.9385,155.35608,-794.99146,0.25312987,1.2792109,334.04733
1970-01-01 22:53:51,4054.6755,157.64049,-783.2386,-0.04505184,0.30520684,333.94336
1970-01-01 22:53:52,4240.665,154.9423,-873.8321,-1.9000467,-11.856378,335.8238
1970-01-01 22:53:53,4036.806,159.58488,-878.4573,0.004310804,16.401997,335.6202
1970-01-01 22:53:54,4040.7666,153.62303,-754.2091,-2.9903479,10.084768,336.20453
1970-01-01 22:53:55,4093.3835,156.95699,-1022.49255,2.8227665,-5.1458735,336.03992
1970-01-01 22:53:56,3976.0178,160.92664,-838.5148,2.4960687,-7.630961,336.62262
1970-01-01 22:53:57,3941.7332,158.04774,-539.885,5.494616,3.686893,335.75772
1970-01-01 22:53:58,4138.7803,162.20827,-842.7012,6.4021125,7.6456313,336.21317
1970-01-01 22:53:59,3975.2087,166.26248,-833.03656,-0.6497903,-6.1360316,337.58304
1970-01-01 22:54:00,3919.1362,,-632.04407,-0.9899102,3.6087158,337.4615
1970-01-01 22:54:01,3964.4307,157.14128,-771.50854,7.592255,1.0868565,338.00058
1970-01-01 22:54:02,3884.4263,157.40025,-578.1785,4.3766975,-5.970173,337.21124
1970-01-01 22:54:03,3967.4504,159.97029,-447.65927,0.25942364,-4.8054485,336.64142
1970-01-01 22:54:04,3973.9265,163.62976,-850.9269,4.299698,10.318218,338.23392
1970-01-01 22:54:05,3965.0945,154.13419,-824.181,1.5287048,-7.7942553,337.64825
1970-01-01 22:54:06,3871.2178,156.94768,-1156.2767,-0.61913246,3.2530327,340.5756
1970-01-01 22:54:07,3915.4092,157.55103,-812.50726,3.7964036,0.7468701,341.32614
1970-01-01 22:54:08,3778.9792,171.0431,-670.1236,5.151948,3.9349627,340.72693
1970-01-01 22:54:09,4036.3757,158.42981,-686.73267,1.3324894,3.890474,341.2885
1970-01-01 22:54:10,4020.1233,157.79346,-605.03656,6.418338,-14.286972,341.48352
1970-01-01 22:54:11,3943.3726,159.73996,-469.54535,0.6521963,-8.956473,340.03833
1970-01-01 22:54:12,3820.093,157.77222,-1019.9032,-2.6794837,2.5247514,339.61005
1970-01-01 22:54:13,3859.1948,157.13394,-1205.1388,-2.0139823,-0.7137076,340.11957
1970-01-01 22:54:14,3792.9841,162.08612,-590.9797,3.7080128,-2.8787627,340.49533
1970-01-01 22:54:15,3838.9727,152.63959,-685.5917,4.5783095,8.52666,340.51932
1970-01-01 22:54:16,3931.8308,160.99869,-853.2002,2.1455214,-4.595656,341.88007
1970-01-01 22:54:17,3760.0874,156.29204,-756.6315,-3.65075,11.470895,339.53278
1970-01-01 22:54:18,3697.886,160.38649,-997.0487,0.8846645,19.157927,340.10135
1970-01-01 22:54:19,3902.9578,161.75604,-736.4386,2.3435338,1.7739475,339.84384
1970-01-01 22:54:20,3730.65,161.32402,-1146.0803,2.310197,-7.464859,339.57587
1970-01-01 22:54:21,3692.0044,158.6449,-635.7337,-0.4089551,2.6302638,338.522
1970-01-01 22:54:22,3681.694,152.0252,-563.08765,-2.2143261,-6.415033,338.07028
1970-01-01 22:54:23,3760.1704,150.87164,-588.11566,0.8387751,-16.249893,336.20154
1970-01-01 22:54:24,3809.4133,156.36545,-652.2625,6.733495,-5.1754127,335.77322
1970-01-01 22:54:25,3720.3108,157.16377,-890.99536,1.5925186,5.781002,336.88412
1970-01-01 22:54:26,3789.5627,153.25264,-723.2027,,-3.9267673,338.53293
1970-01-01 22:54:27,3739.2456,157.99544,-749.8872,3.4279573,-7.784116,336.62958
1970-01-01 22:54:28,3686.6533,155.76793,-1153.1816,1.716717,-4.2767286,335.66403
1970-01-01 22:54:29,3780.9133,161.68555,-1143.3224,5.2158136,-3.8512156,335.01343
1970-01-01 22:54:30,3599.7412,159.11514,-1038.9432,-0.53631616,3.791868,336.23895
1970-01-01 22:54:31,3625.5667,156.06589,-848.1769,2.6131902,5.7632117,334.82547
1970-01-01 22:54:32,3569.122,149.21176,-1087.4452,4.4856253,-7.8676577,335.34933
1970-01-01 22:54:33,3575.655,161.79414,-582.5739,2.072024,10.382414,335.10696
1970-01-01 22:54:34,3591.8174,159.46683,-1125.4524,6.214048,3.575743,333.55942
1970-01-01 22:54:35,3633.0579,161.41173,-660.507,2.9954216,-2.4919562,333.40253
1970-01-01 22:54:36,3471.3918,159.61798,-712.8156,1.8625824,3.3864164,333.11572
1970-01-01 22:54:37,3559.1216,160.9936,-792.9115,2.450598,1.6965749,333.73718
1970-01-01 22:54:38,3596.6772,152.51956,-797.3948,1.5962746,-6.87382,333.48572
1970-01-01 22:54:39,3569.5164,151.88606,,7.066139,-16.68265,332.86212
1970-01-01 22:54:40,3381.3772,159.12518,-664.755,0.08439231,-0.41335768,333.4261
1970-01-01 22:54:41,3464.1653,155.06993,-782.1274,-1.2840543,4.6066265,334.01016
1970-01-01 22:54:42,3441.8308,154.70267,-693.6357,1.6977386,-5.2175746,333.29248
1970-01-01 22:54:43,,160.80727,-608.2891,0.0011512625,-7.1669555,332.6986
1970-01-01 22:54:44,3341.7373,157.12708,-1115.0853,-1.2527725,0.18142968,333.01624
1970-01-01 22:54:45,3541.2495,159.38695,-647.81213,-1.841505,9.906147,332.11694
1970-01-01 22:54:46,3531.7715,157.38538,-738.7438,3.25329,-5.8484964,333.5583
1970-01-01 22:54:47,3470.5728,162.10634,-647.202,3.5585215,-13.118848,333.14166
1970-01-01 22:54:48,3261.0684,,-827.04333,1.139296,20.40464,332.65988
1970-01-01 22:54:49,3548.0217,159.16646,,0.40771818,20.10698,334.753
1970-01-01 22:54:50,3405.8865,154.12541,-872.23145,-2.5481057,5.4289775,336.09027
1970-01-01 22:54:51,3459.989,156.46838,-452.25797,6.5887203,18.638512,336.00473
1970-01-01 22:54:52,3335.7288,163.1729,-548.45374,-1.5864416,-5.3940153,336.26337
1970-01-01 22:54:53,3343.1226,160.86572,-446.88947,1.5531255,-0.6133847,339.3856
1970-01-01 22:54:54,3456.8545,159.75816,-537.6766,3.2098024,3.7710803,338.80164
1970-01-01 22:54:55,3247.9812,157.49132,-765.83905,6.5174313,11.151693,337.99747
1970-01-01 22:54:56,3462.8962,165.74695,-750.91235,0.11492683,-5.087914,336.45248
1970-01-01 22:54:57,3294.852,159.5058,-899.3023,0.8081659,-6.324156,335.89877
1970-01-01 22:54:58,3249.7566,156.53128,-572.84717,-0.523636,-12.955739,335.76846
1970-01-01 22:54:59,3341.4463,158.87114,-638.92755,1.1456105,9.500048,336.0849
1970-01-01 22:55:00,3208.3206,156.23795,-941.46246,-2.890287,-3.1253915,336.42307
1970-01-01 22:55:01,3209.9878,160.86949,-876.6053,4.2786326,-1.6995153,337.14215
1970-01-01 22:55:02,3251.1704,151.80785,-677.2891,0.48916516,-3.3563461,335.1074
1970-01-01 22:55:03,3183.0903,167.02103,-566.62463,4.8870697,-5.620154,334.7232
1970-01-01 22:55:04,3241.9666,167.5257,-1006.62524,6.4437327,-13.052023,332.4459
1970-01-01 22:55:05,3169.6416,153.8083,-839.5789,-3.0635552,-13.61853,334.61035
1970-01-01 22:55:06,3178.467,153.04251,-686.257,5.585847,2.145668,336.04977
1970-01-01 22:55:07,3287.3516,162.4858,-1022.9463,5.6021876,-7.8779073,337.36334
1970-01-01 22:55:08,3157.411,163.4257,-751.25323,0.7975097,-2.577899,335.70642
1970-01-01 22:55:09,3201.3262,158.40877,-1012.8786,5.8190947,-1.6319038,334.7184
1970-01-01 22:55:10,3140.9446,166.32648,-615.7895,-3.0871801,-12.10778,336.1238
1970-01-01 22:55:11,3106.1077,159.34714,-891.7318,0.9916066,-1.3148367,336.22925
1970-01-01 22:55:12,3036.4663,153.03589,-1038.5428,1.884889,-8.926066,335.0303
1970-01-01 22:55:13,3375.2183,160.81729,-921.2255,3.6501813,-6.50992,334.85416
1970-01-01 22:55:14,3197.3074,160.98643,-983.4863,5.457798,10.759402,334.77695
1970-01-01 22:55:15,3053.3916,159.88002,-830.2801,1.3556837,-2.7867196,336.06912
1970-01-01 22:55:16,3204.6982,155.03491,-586.0311,-1.8041612,-7.837815,335.74463
1970-01-01 22:55:17,3020.014,165.12115,-1000.473,0.126606,16.16843,335.8185
1970-01-01 22:55:18,3070.749,162.02824,-658.49554,2.5939734,21.633915,337.42386
1970-01-01 22:55:19,3076.844,158.21472,-706.57806,-4.6043696,-2.288868,338.05865
1970-01-01 22:55:20,3178.3533,165.75883,-652.4942,2.2470148,20.139593,340.08685
1970-01-01 22:55:21,3020.0015,157.83759,-658.16876,3.036979,-14.638276,340.52863
1970-01-01 22:55:22,3066.9587,156.00659,-659.65576,2.6251981,-4.3828063,339.43298
1970-01-01 22:55:23,3023.7036,156.4023,-820.6581,-0.9392654,-6.103948,340.48694
1970-01-01 22:55:24,3005.0847,157.43575,-791.2909,2.7554011,-25.20938,339.54114
1970-01-01 22:55:25,2905.175,159.75024,-679.7958,1.4145664,-8.7319355,339.23282
1970-01-01 22:55:26,3013.249,156.80559,-541.8598,1.5235511,25.952055,339.87415
1970-01-01 22:55:27,2794.887,150.89394,-939.4269,3.0907753,7.665341,339.56973
1970-01-01 22:55:28,2902.4116,162.01064,-1128.7108,2.9056754,6.2478795,340.84967
1970-01-01 22:55:29,3048.6223,153.01924,-1034.5388,0.37840098,5.367322,341.10754
1970-01-01 22:55:30,2893.5745,160.12778,-751.68524,-6.1901097,12.048164,340.80304
1970-01-01 22:55:31,2894.6914,155.64482,-1259.4387,6.0436726,-0.96512973,339.7548
1970-01-01 22:55:32,2823.112,156.16931,-917.7733,0.27345684,-1.9851401,338.95346
1970-01-01 22:55:33,2817.2786,155.72838,-606.869,-1.5342454,-8.179051,339.45285
1970-01-01 22:55:34,2762.4663,158.61629,-754.0357,6.834401,0.72615665,340.07794
1970-01-01 22:55:35,2951.772,151.68758,-688.16406,2.5870159,16.093544,339.5097
1970-01-01 22:55:36,2780.4373,156.41559,,4.1810484,-7.699292,340.2448
1970-01-01 22:55:37,2799.16,166.4298,-976.4186,-0.4120782,-22.91469,338.81372
1970-01-01 22:55:38,2869.0051,157.82118,-715.99915,2.1180665,-6.1807237,338.97037
1970-01-01 22:55:39,2654.1433,156.71497,-1042.7,3.4275196,-14.345461,339.7448
1970-01-01 22:55:40,2717.6929,158.85072,-612.1365,6.299428,2.3365164,338.5717
1970-01-01 22:55:41,2743.4043,159.899,-898.5911,-3.312469,15.255646,337.51526
1970-01-01 22:55:42,2711.583,155.31422,-944.73474,-1.1935724,-10.672088,337.1272
1970-01-01 22:55:43,2659.1357,158.35522,-1042.6486,1.2094094,10.978298,337.58185
1970-01-01 22:55:44,2812.483,159.82495,-661.9063,1.8745825,0.71028197,339.33197
1970-01-01 22:55:45,2633.3433,159.65125,-807.03754,-2.2319853,10.613098,338.1106
1970-01-01 22:55:46,2618.6816,162.06055,-449.4058,7.290671,-1.0031842,337.63425
1970-01-01 22:55:47,2681.139,157.66621,-1166.0187,-1.9931399,-2.5378087,336.67932
1970-01-01 22:55:48,2641.6233,158.1836,-633.2884,0.8025085,-7.5048513,335.5063
1970-01-01 22:55:49,2594.2349,158.77306,-929.425,2.0211518,-2.2912436,335.03174
1970-01-01 22:55:50,2556.0588,153.21786,-730.3624,-0.5661534,-10.645198,337.44733
1970-01-01 22:55:51,2570.3105,165.11052,-690.5634,4.3504786,11.032168,337.6364
1970-01-01 22:55:52,2657.0256,156.58083,-967.76965,-0.284884,4.3734293,337.95993
1970-01-01 22:55:53,2695.1553,156.97707,-1056.2999,-0.095884636,0.4766191,337.02856
1970-01-01 22:55:54,2565.488,162.73906,-806.9219,5.23009,-10.12018,336.94482
1970-01-01 22:55:55,2654.4658,154.70732,-974.10504,-3.4354548,-17.75217,337.36115
1970-01-01 22:55:56,2480.2444,161.26945,-801.89606,-2.7074602,-19.830593,338.128
1970-01-01 22:55:57,2537.8687,156.19003,-783.9356,5.079258,8.405169,338.31937
1970-01-01 22:55:58,2691.0261,161.43549,-782.1361,4.718065,-6.5615597,338.73428
1970-01-01 22:55:59,2574.561,155.01476,-794.34863,4.0442004,10.202165,337.15845
1970-01-01 22:56:00,2638.8228,158.99185,-791.2697,4.194535,-2.0680015,336.88278
1970-01-01 22:56:01,2564.836,159.20378,-493.39984,3.5877228,15.337731,336.74585
1970-01-01 22:56:02,2349.4563,162.20021,-1288.5009,0.58278394,9.22945,337.94348
1970-01-01 22:56:03,2496.4521,160.31158,-658.59344,5.2160234,-17.341604,337.22983
1970-01-01 22:56:04,2394.1577,163.55989,-656.1819,-1.0315926,-0.5054466,337.7175
1970-01-01 22:56:05,2508.3545,155.68797,-767.976,-1.1792881,-5.7333255,339.03656
1970-01-01 22:56:06,2416.2888,159.04987,-621.7792,-1.0975542,3.2586353,341.06583
1970-01-01 22:56:07,2443.521,158.28374,-909.54407,0.2255824,-6.595102,340.99765
1970-01-01 22:56:08,2530.478,158.62642,-831.0302,2.0247982,-0.07860517,340.9467
1970-01-01 22:56:09,2441.127,161.63806,-742.207,-0.07029952,0.9339152,341.3142
1970-01-01 22:56:10,2343.9436,159.6923,-781.9205,-0.4889635,1.5488244,341.10138
1970-01-01 22:56:11,2501.811,157.46843,-1185.5719,1.3211098,-10.634752,340.261
1970-01-01 22:56:12,2423.06,155.10748,-862.1571,-2.641906,1.9531966,338.99222
1970-01-01 22:56:13,2378.7905,160.06192,-482.56094,1.3567425,1.9945649,339.21707
1970-01-01 22:56:14,2365.6077,162.95456,-650.16797,2.9579911,13.086473,339.12622
1970-01-01 22:56:15,2224.3914,155.97556,-729.5021,1.8917516,6.120812,340.45987
1970-01-01 22:56:16,2316.2417,164.62244,-1000.14606,2.9266987,-13.54519,340.26605
1970-01-01 22:56:17,2344.0828,156.16348,-885.15063,3.1192334,0.42140844,339.94955
1970-01-01 22:56:18,2265.7676,154.81947,-797.589,-0.54515415,10.159138,339.2844
1970-01-01 22:56:19,2375.888,163.32664,-480.21478,4.128007,-12.886502,340.17477
1970-01-01 22:56:20,2235.366,163.33377,-671.9741,7.979268,5.5846815,340.64243
1970-01-01 22:56:21,2306.0588,162.82784,-688.4308,7.308593,2.0391757,342.17416
1970-01-01 22:56:22,2287.9666,155.20808,-413.19742,-2.0364525,3.2159936,342.36118
1970-01-01 22:56:23,2172.2534,165.45607,-602.49945,3.1202126,5.7631965,340.9299
1970-01-01 22:56:24,2218.23,158.92064,-768.8867,5.9075694,-5.8089886,342.04868
1970-01-01 22:56:25,2215.7014,162.61801,-1021.51874,0.25411654,-6.9184985,342.81802
1970-01-01 22:56:26,2263.259,151.25331,-1214.3284,4.4129376,5.0852513,342.64423
1970-01-01 22:56:27,2339.4426,152.91571,-832.1056,0.4949826,8.457707,341.54492
1970-01-01 22:56:28,2208.7153,153.32802,-987.39197,5.206274,8.562473,340.82855
1970-01-01 22:56:29,2179.607,158.61473,-520.7765,7.101405,-6.695242,342.40277
1970-01-01 22:56:30,2004.9493,166.02144,-1077.7998,3.388038,14.28271,343.0309
1970-01-01 22:56:31,2162.9688,160.69104,-748.17377,1.0417376,-17.69887,344.15247
1970-01-01 22:56:32,2080.4404,164.68167,-856.21313,2.3362374,5.9524674,345.11145
1970-01-01 22:56:33,2267.7256,156.90697,-1186.8173,4.9772468,-5.7698436,345.38202
1970-01-01 22:56:34,2152.9336,163.37895,-335.30423,-3.8126988,-3.9401965,345.0054
1970-01-01 22:56:35,2070.7336,161.43497,-501.05646,0.78518355,-4.4312873,344.84183
1970-01-01 22:56:36,2098.479,164.19875,-1033.508,-3.699164,-11.179491,345.6851
1970-01-01 22:56:37,2163.485,160.64923,-424.60175,4.1524844,6.1004524,345.68118
1970-01-01 22:56:38,2054.5981,159.69615,-851.2625,4.7347045,6.006442,345.6651
1970-01-01 22:56:39,2023.2662,160.67526,-1068.7025,9.200626,-23.353397,345.17154
1970-01-01 22:56:40,2042.0421,160.95006,-1205.1301,1.6167252,-9.138841,345.81415
1970-01-01 22:56:41,2086.321,159.50684,-735.9503,1.0167207,16.20652,347.95523
1970-01-01 22:56:42,2184.9182,163.52162,-818.5078,-0.08494217,7.176069,349.246
1970-01-01 22:56:43,2041.172,157.94841,-777.95703,2.8554258,-0.5049252,348.8705
1970-01-01 22:56:44,1951.0935,155.2956,-498.48203,2.4039059,-12.449527,348.5532
1970-01-01 22:56:45,1911.0969,158.5828,-884.1411,2.929688,2.0732083,348.74777
1970-01-01 22:56:46,2109.1333,158.69351,-478.84064,-1.7389222,0.19353661,348.565
1970-01-01 22:56:47,1922.1034,166.72649,-801.77997,1.8927006,1.2460126,347.94037
1970-01-01 22:56:48,1907.7985,152.9113,-825.64966,1.6267772,-9.530277,
1970-01-01 22:56:49,1961.9705,155.5485,-1168.2985,0.21445508,-1.8506896,351.1195
1970-01-01 22:56:50,1937.406,157.33548,-670.059,1.5732847,-7.6057396,352.83517
1970-01-01 22:56:51,1926.4257,153.21758,-608.5931,4.337989,-2.05049,353.10526
1970-01-01 22:56:52,1781.7603,152.31314,-988.32776,-0.16354515,10.88967,
1970-01-01 22:56:53,1912.009,157.9945,-726.3225,5.4665613,14.06483,352.68124
1970-01-01 22:56:54,1825.7052,153.51173,-852.35895,2.8528173,3.143949,351.6477
1970-01-01 22:56:55,1955.0486,153.67181,-1040.7302,3.9470417,9.555733,351.49686
1970-01-01 22:56:56,1646.4885,156.96541,-1029.1945,1.0591003,2.8226347,353.6848
1970-01-01 22:56:57,1957.8281,156.03067,-782.6709,6.0475554,-4.737437,352.29218
1970-01-01 22:56:58,1763.6649,164.67194,-649.28345,3.0355477,6.3226876,353.16
1970-01-01 22:56:59,1788.9834,158.06067,-821.37775,-2.8499112,-1.4936872,352.94528
1970-01-01 22:57:00,1737.389,160.8093,-1115.2491,1.1746565,4.52487,354.18808
1970-01-01 22:57:01,1743.2225,152.69975,-600.3805,1.8226508,5.142923,352.81784
1970-01-01 22:57:02,1791.4293,162.87096,-953.31537,3.4415588,8.541012,354.6404
1970-01-01 22:57:03,1806.1292,163.44905,,4.297709,-4.6582766,356.92288
1970-01-01 22:57:04,1671.9373,162.73279,-748.4249,7.2029586,6.799468,357.091
1970-01-01 22:57:05,1769.9506,164.44339,-748.21686,-0.13827863,-8.938816,357.3323
1970-01-01 22:57:06,1849.901,156.37119,-1050.5276,0.047759853,1.656025,357.46674
1970-01-01 22:57:07,1657.1051,162.39723,-863.00397,0.07290485,-1.1867982,356.68936
1970-01-01 22:57:08,1905.1418,171.18239,-631.89044,-2.4100826,-13.7786455,356.6127
1970-01-01 22:57:09,1802.9563,165.45549,-787.6552,7.7649207,-2.5287266,356.99057
1970-01-01 22:57:10,1815.812,158.49872,-706.53613,5.693102,4.133989,356.8522
1970-01-01 22:57:11,1619.9736,158.41568,-1039.1473,4.293765,-13.991405,356.88745
1970-01-01 22:57:12,1941.167,156.36052,-608.63226,2.7234883,-9.703265,357.01767
1970-01-01 22:57:13,1796.275,156.25545,-956.28064,0.661073,-3.776526,356.07138
1970-01-01 22:57:14,1626.1798,157.8675,-1165.6184,1.0085945,-0.9003493,356.70428
1970-01-01 22:57:15,1762.2155,170.1155,-494.16452,10.228778,-16.391794,356.25095
1970-01-01 22:57:16,1518.2301,160.62048,-458.57977,0.6132029,-5.6816273,356.6783
1970-01-01 22:57:17,1681.068,158.19112,-582.38196,-0.9359302,-2.8823445,357.03397
1970-01-01 22:57:18,1404.1056,164.15111,-264.5378,-1.1857222,1.6590812,355.78433
1970-01-01 22:57:19,1546.3555,148.74847,-543.9453,-1.1810316,-2.6782095,355.8425
1970-01-01 22:57:20,1585.8689,163.82904,-801.7252,-1.9172349,-6.187176,357.26312
1970-01-01 22:57:21,1523.0471,160.36003,-580.5121,1.961616,-17.755625,356.09113
1970-01-01 22:57:22,1537.9601,167.21869,-670.1815,1.414584,10.225905,355.88614
1970-01-01 22:57:23,1610.9261,166.13608,-743.23083,,-16.832245,356.54016
1970-01-01 22:57:24,1594.7242,157.53246,-585.71063,5.146675,-11.238492,356.4631
1970-01-01 22:57:25,1381.9979,163.11209,-1126.6414,5.19181,-0.3456704,357.78183
1970-01-01 22:57:26,1457.3043,157.71844,-1200.3413,3.2786605,-22.82057,358.35672
1970-01-01 22:57:27,1489.169,157.35309,-578.44354,6.042223,1.9338207,358.17096
1970-01-01 22:57:28,1414.915,155.69783,-578.41486,-2.2195697,-22.876488,359.85263
1970-01-01 22:57:29,1525.0233,161.68724,-785.4144,4.021947,7.1143804,358.2881
1970-01-01 22:57:30,1353.4882,162.90051,-996.3804,0.8855707,5.602848,358.6521
1970-01-01 22:57:31,1454.7034,157.55125,-766.8082,6.6911206,-12.508301,358.82495
1970-01-01 22:57:32,1357.0808,157.96858,-639.8967,1.7553974,3.8374546,358.4201
1970-01-01 22:57:33,1324.7902,,-662.65857,1.2488835,-9.709615,358.8209
1970-01-01 22:57:34,1350.2935,158.40813,-908.1113,0.5392199,-19.081064,0.76372135
1970-01-01 22:57:35,1375.6025,163.1703,-929.2513,-2.926294,1.0581262,0.68616116
1970-01-01 22:57:36,1339.4219,160.8298,-523.16046,,9.402897,2.078956
1970-01-01 22:57:37,1195.6708,159.15445,-761.0393,1.4877578,-20.095541,3.2364545
1970-01-01 22:57:38,1222.1406,158.82317,-885.5973,0.52037096,4.328956,2.6900234
1970-01-01 22:57:39,1307.1804,155.76813,-701.3952,0.030851917,-7.213666,0.91260153
1970-01-01 22:57:40,1282.9741,158.78189,-787.27094,-1.5341917,-6.995247,1.1928297
1970-01-01 22:57:41,1289.9971,158.618,-787.3781,3.556879,3.2086885,2.9921405
1970-01-01 22:57:42,1338.7731,160.28925,-621.65845,2.6313317,-10.269967,1.6825547
1970-01-01 22:57:43,1299.9165,160.29628,-756.4731,1.8933971,3.077253,3.4736938
1970-01-01 22:57:44,1242.2065,161.19455,-988.5344,-1.0901968,3.5942838,4.976008
1970-01-01 22:57:45,1298.368,158.676,-961.14417,-1.0217557,-9.120004,4.5422463
1970-01-01 22:57:46,1289.1918,156.26187,-885.49115,5.323483,1.9479038,2.2266092
1970-01-01 22:57:47,1137.0358,168.90471,-888.9827,0.29755178,0.45833907,1.9399711
1970-01-01 22:57:48,1206.5201,157.46736,-624.16565,3.2683074,-2.0361629,1.5220716
1970-01-01 22:57:49,1268.5985,164.81369,-487.57275,7.933815,-8.653447,0.5331158
1970-01-01 22:57:50,1038.7104,156.41989,-463.3382,1.5608791,11.105095,2.1894245
1970-01-01 22:57:51,1234.1874,157.26683,-924.20795,-1.356657,-11.018549,2.3272765
1970-01-01 22:57:52,1226.037,152.08145,-679.4164,0.70234257,8.612751,1.3888043
1970-01-01 22:57:53,1203.8785,160.6521,-617.10364,7.662531,-2.4078722,0.5585024
1970-01-01 22:57:54,1174.2509,160.29451,-488.10147,5.3365107,4.879885,2.613209
1970-01-01 22:57:55,1112.967,160.5638,-328.31024,1.3708382,19.982782,3.5787175
1970-01-01 22:57:56,1096.3152,161.18309,-1102.4108,0.8746974,4.17394,4.0445986
1970-01-01 22:57:57,1225.0603,161.94945,-558.7802,6.277212,-11.025936,2.288962
1970-01-01 22:57:58,1084.6672,157.53435,-610.60657,2.0490592,-3.9718626,3.3856804
1970-01-01 22:57:59,1170.2032,160.88747,-559.36487,3.6960258,-21.335505,3.3035283
1970-01-01 22:58:00,942.86804,155.00252,-971.8319,-5.6540694,-13.153892,0.9929777
1970-01-01 22:58:01,1263.2928,151.75336,-995.5498,3.312974,-6.488268,2.26035
1970-01-01 22:58:02,1022.09717,170.45152,-845.0691,4.4182243,2.504679,2.7333255
1970-01-01 22:58:03,977.90985,168.14218,-815.1782,1.0922894,16.35312,4.397287
1970-01-01 22:58:04,1039.79,160.44083,-401.98224,-0.70421666,-21.929228,5.6987896
1970-01-01 22:58:05,939.5967,155.56238,-611.91266,5.597393,-12.328905,5.013356
