timestamp,altmsl,ias,vspd,pitch,roll,hdg
1970-01-01 00:00:00,70.70861,120.56129,806.13403,1.0467193,-4.694387,0.34959856
1970-01-01 00:00:01,-128.69199,123.58059,961.9792,-1.8525057,-11.634464,359.2364
1970-01-01 00:00:02,22.121578,115.843346,595.69104,5.7454567,6.3409095,358.7623
1970-01-01 00:00:03,-33.858696,117.44991,762.563,3.0225601,-15.140474,358.24222
1970-01-01 00:00:04,39.358047,122.66585,1017.0334,1.247762,-8.802004,357.4503
1970-01-01 00:00:05,85.47935,118.12104,931.34235,-1.5943333,-9.335879,357.31342
1970-01-01 00:00:06,9.94739,125.89944,600.39136,2.0989377,6.12661,357.8811
1970-01-01 00:00:07,51.466274,116.7424,1216.6908,-4.9804573,5.3935575,359.3161
1970-01-01 00:00:08,36.425747,121.56336,731.0502,3.475958,5.712348,0.18439716
1970-01-01 00:00:09,59.752464,123.121445,844.47034,5.9057636,-3.2271502,359.87247
1970-01-01 00:00:10,,116.833145,725.2735,5.839248,-3.8807447,359.8416
1970-01-01 00:00:11,134.3787,117.54961,890.99866,-0.26487973,-5.2935424,358.55743
1970-01-01 00:00:12,16.937418,121.81351,355.14365,1.9982425,12.620571,357.99646
1970-01-01 00:00:13,57.98233,119.47466,822.52423,0.9948042,-15.732118,357.60443
1970-01-01 00:00:14,153.33261,111.39231,862.7777,6.91575,-12.68695,357.58215
1970-01-01 00:00:15,128.2769,127.33951,1059.5796,0.6700499,23.972282,356.69275
1970-01-01 00:00:16,228.5272,120.68832,986.83374,1.0160288,-6.5475497,358.49863
1970-01-01 00:00:17,198.68456,119.63855,926.3759,4.276699,-3.214031,358.92227
1970-01-01 00:00:18,300.64688,119.005875,1101.002,1.402481,-5.184825,358.69772
1970-01-01 00:00:19,110.64546,124.95415,984.1506,-5.168408,-13.856741,357.97464
1970-01-01 00:00:20,243.10637,114.13051,885.8186,1.0723907,4.310976,358.24576
1970-01-01 00:00:21,317.93646,128.54796,1027.179,2.5868773,-0.68771154,358.8697
1970-01-01 00:00:22,184.65579,119.014885,546.282,-1.4414381,-5.9618015,357.5575
1970-01-01 00:00:23,231.38461,118.60529,976.54974,0.18055402,3.3563762,357.15952
1970-01-01 00:00:24,340.6288,120.36914,852.063,0.5824775,-8.969245,358.8061
1970-01-01 00:00:25,280.8365,127.71527,881.9776,1.3720787,1.8819385,359.02795
1970-01-01 00:00:26,435.42282,117.994835,577.13776,-2.9841218,-3.7752254,358.70648
1970-01-01 00:00:27,478.90677,120.9107,783.33246,3.9677932,12.40736,358.3515
1970-01-01 00:00:28,256.61032,120.98091,1046.8412,5.052036,23.028954,0.36527318
1970-01-01 00:00:29,352.861,122.904335,439.2375,0.019553645,-0.10732976,0.03150885
1970-01-01 00:00:30,424.48264,122.83509,1198.2268,2.3049884,6.059455,359.9837
1970-01-01 00:00:31,521.5215,118.78168,489.45166,-1.1333427,-20.70663,0.081231564
1970-01-01 00:00:32,365.21866,115.87786,892.57166,-1.7545394,-2.223254,359.97574
1970-01-01 00:00:33,426.26254,123.18367,312.28894,0.6409775,-7.5631423,0.78587896
1970-01-01 00:00:34,411.7392,105.99824,553.9465,1.362133,14.577171,0.9998331
1970-01-01 00:00:35,457.5967,117.3702,845.6538,-5.9447546,-20.263607,0.75447124
1970-01-01 00:00:36,419.76474,124.19496,735.8646,4.5436263,-9.239067,1.0049715
1970-01-01 00:00:37,470.46802,123.23542,1053.1667,-1.5397018,-8.156427,1.5973319
1970-01-01 00:00:38,355.96182,124.291695,832.0552,2.4194524,8.546482,0.68237805
1970-01-01 00:00:39,378.86774,115.33897,1188.0101,6.9748454,8.073928,1.2899125
1970-01-01 00:00:40,493.67474,121.12,678.67926,1.2449,0.1141714,0.11205537
1970-01-01 00:00:41,571.7419,119.53153,593.7932,2.2009435,8.540166,358.74127
1970-01-01 00:00:42,555.54614,118.89947,740.3115,-1.5737973,2.5069847,0.7086657
1970-01-01 00:00:43,416.3053,117.90329,826.5321,5.6412,-18.122168,1.4410828
1970-01-01 00:00:44,504.94257,115.99524,973.30475,5.8353558,-5.3886447,1.4975394
1970-01-01 00:00:45,542.564,117.723694,944.9997,3.7697756,8.315562,3.182351
1970-01-01 00:00:46,577.9463,121.02009,652.737,1.073194,10.946225,2.6545222
1970-01-01 00:00:47,562.5042,118.28134,889.4682,2.8893218,2.1850815,2.992216
1970-01-01 00:00:48,601.513,117.710045,840.02734,2.84739,-12.695635,2.8947861
1970-01-01 00:00:49,672.5508,121.44459,531.7226,-0.12139211,-9.683163,2.229159
1970-01-01 00:00:50,541.10425,111.96943,938.3337,6.55491,-6.206144,1.4704118
1970-01-01 00:00:51,564.98157,124.965225,648.6857,1.5939918,-16.887222,2.6237998
1970-01-01 00:00:52,703.02094,113.59883,1167.7937,3.4558814,5.9152746,4.8068013
1970-01-01 00:00:53,633.9886,121.986916,896.5561,3.7798085,1.7090051,3.436876
1970-01-01 00:00:54,853.62726,122.77122,1078.5353,1.5530341,1.2967424,4.0551033
1970-01-01 00:00:55,606.0588,120.1205,802.5536,2.0863895,13.862459,4.8753204
1970-01-01 00:00:56,738.2091,119.15678,853.03656,-0.49983412,-5.3532743,3.9666748
1970-01-01 00:00:57,813.5318,119.44483,888.6128,6.744933,-13.412479,3.9579132
1970-01-01 00:00:58,855.89496,128.45116,890.60095,5.5887566,3.5898123,3.7959793
1970-01-01 00:00:59,785.9449,125.72743,890.05756,3.9318914,3.2346256,3.94574
1970-01-01 00:01:00,837.79474,110.41237,568.1799,1.4013287,4.9293036,4.4631824
1970-01-01 00:01:01,729.04895,121.164925,650.7049,-3.1626518,4.883818,4.69073
1970-01-01 00:01:02,710.60126,113.77703,854.78284,4.145433,-10.496545,4.417788
1970-01-01 00:01:03,981.8954,119.02544,960.38385,3.6914208,-11.438224,4.9640117
1970-01-01 00:01:04,772.0486,121.39212,424.32883,1.3376111,-1.636635,5.237497
1970-01-01 00:01:05,815.5746,124.91912,746.50903,1.5953557,8.350804,3.6974149
1970-01-01 00:01:06,908.9517,119.62424,1180.397,1.7494684,-10.995521,3.671276
1970-01-01 00:01:07,819.8684,120.84448,764.6169,1.0604879,-6.317705,2.9922183
1970-01-01 00:01:08,975.5037,123.983795,927.96075,5.5276995,0.0019017714,2.9864388
1970-01-01 00:01:09,898.8151,123.037865,1127.509,0.9687914,0.60920644,3.9391909
1970-01-01 00:01:10,889.57385,124.04707,1004.4934,-0.23472583,-7.3674684,4.9770837
1970-01-01 00:01:11,905.66943,113.571594,869.327,3.2249782,20.558867,2.781144
1970-01-01 00:01:12,843.22284,122.993546,932.0117,2.1372964,-8.840953,4.225161
1970-01-01 00:01:13,1048.0371,115.59407,597.1433,9.114584,7.4273143,4.866776
1970-01-01 00:01:14,1026.4508,125.228004,743.8639,2.2863612,10.933748,5.137344
1970-01-01 00:01:15,968.21655,121.82384,1014.8549,0.53457946,-0.56259465,5.7357755
1970-01-01 00:01:16,1021.2608,125.9762,741.0178,2.3781302,-6.0221224,6.8356967
1970-01-01 00:01:17,1075.0706,117.77656,545.98,3.7829685,-0.24031828,7.555926
1970-01-01 00:01:18,1031.1733,118.37485,785.3276,-0.024869278,-16.613138,6.796472
1970-01-01 00:01:19,1020.3488,125.16282,741.963,4.9191804,-2.6289518,5.936369
1970-01-01 00:01:20,1080.3047,118.71748,1011.6717,-3.7724752,-2.3910105,7.3444233
1970-01-01 00:01:21,1012.0193,122.63616,501.84467,0.8559644,-8.098988,5.643024
1970-01-01 00:01:22,859.46967,126.75547,904.50806,1.9953507,3.7954783,5.1702747
1970-01-01 00:01:23,1025.7301,117.62904,889.43823,-3.878703,1.49495,4.575111
1970-01-01 00:01:24,1086.8175,119.70587,962.71783,-1.842254,7.5879316,5.231894
1970-01-01 00:01:25,1242.5592,122.09664,1034.6001,-0.8031277,12.140394,4.9650707
1970-01-01 00:01:26,1038.9628,123.52064,1037.7778,-0.2320849,11.997762,2.1561584
1970-01-01 00:01:27,1073.6663,116.66025,804.60565,3.146536,-9.915271,2.273419
1970-01-01 00:01:28,1141.1107,127.04386,860.4518,8.787231,3.8881617,3.3191335
1970-01-01 00:01:29,1259.1014,121.845474,787.20807,3.9492302,-9.107255,2.12879
1970-01-01 00:01:30,1249.7207,124.119736,699.50903,-1.4930559,10.125548,0.75787437
1970-01-01 00:01:31,1177.6958,122.6397,840.55237,4.96323,-4.31107,1.3263161
1970-01-01 00:01:32,1185.281,119.916885,827.6958,-0.23420769,12.07155,1.0406044
1970-01-01 00:01:33,1095.927,125.36854,519.7578,1.1703355,2.2466276,1.0442232
1970-01-01 00:01:34,1172.5624,120.77994,436.6527,1.4196806,8.198192,1.8548148
1970-01-01 00:01:35,1171.7517,123.07462,1222.2755,2.759931,-4.745174,0.7887251
1970-01-01 00:01:36,1160.2638,127.39926,1014.11163,-0.08558124,9.7928705,2.626537
1970-01-01 00:01:37,1334.442,119.12213,556.05896,1.4229983,,3.531776
1970-01-01 00:01:38,1244.6656,117.972946,776.9755,-2.9169445,-14.992466,4.6761694
1970-01-01 00:01:39,1112.3281,129.97273,1047.1426,6.3683987,1.6053662,7.6892447
1970-01-01 00:01:40,1222.7427,120.625114,795.3396,4.919648,-0.5964672,8.1108
1970-01-01 00:01:41,1284.672,116.34263,440.6342,2.0602298,12.359634,9.574351
1970-01-01 00:01:42,1327.6157,118.6523,1034.0298,-0.089547075,18.76856,9.563826
1970-01-01 00:01:43,1408.712,124.51329,822.68713,1.2825536,4.009068,9.982305
1970-01-01 00:01:44,1468.1748,126.08161,939.0144,1.4210943,-3.1937857,10.15544
1970-01-01 00:01:45,1440.0297,116.012054,604.5092,-1.7849827,15.985418,9.225645
1970-01-01 00:01:46,1209.6133,118.44578,1134.5023,0.8764334,5.949441,9.305981
1970-01-01 00:01:47,1250.2494,120.17678,897.87994,-0.14100765,-4.9026065,7.3682218
1970-01-01 00:01:48,1374.3296,123.9115,1218.759,3.0830564,4.5511613,6.638913
1970-01-01 00:01:49,1418.9478,119.84306,868.2572,1.8136725,10.568319,4.231664
1970-01-01 00:01:50,1421.9513,120.798546,776.45386,5.784626,-4.7816887,4.917253
1970-01-01 00:01:51,1380.5444,120.31668,618.8041,-0.23930028,13.777679,5.5427403
1970-01-01 00:01:52,1501.6777,120.65988,1142.8605,4.0457063,-13.169471,6.0943446
1970-01-01 00:01:53,1411.6744,124.58804,1044.1409,2.0038507,-8.546965,4.3302565
1970-01-01 00:01:54,1639.0037,114.474884,862.7138,-2.4703176,-2.3355289,4.362164
1970-01-01 00:01:55,1488.1993,116.3492,918.16394,1.83954,-11.856771,4.939211
1970-01-01 00:01:56,1465.7705,121.07902,1054.7787,0.03266008,-6.5160213,3.6996145
1970-01-01 00:01:57,1513.277,118.841354,800.1932,1.7829742,-1.165908,2.7360501
1970-01-01 00:01:58,1614.132,125.44149,671.48737,2.647979,-11.771912,2.6207342
1970-01-01 00:01:59,1564.1005,123.78748,1255.6965,4.6790967,27.253538,1.9331397
1970-01-01 00:02:00,1597.0775,117.89562,347.20456,-0.21529204,5.759232,2.1533248
1970-01-01 00:02:01,1582.5249,129.38536,628.5593,4.5665383,16.11947,0.96475613
1970-01-01 00:02:02,1576.8411,122.766426,610.9621,0.43832412,-10.714132,0.5815131
1970-01-01 00:02:03,1745.6401,124.11637,701.59576,4.8668985,2.1525726,1.3484354
1970-01-01 00:02:04,1474.562,120.796745,992.9835,0.53454876,-17.959877,1.5817063
1970-01-01 00:02:05,1677.6696,121.25685,807.7734,3.5947707,7.979132,1.609833
1970-01-01 00:02:06,1620.2704,120.02861,656.10895,3.2172084,2.4764092,1.3365846
1970-01-01 00:02:07,1612.0272,120.63535,521.2133,4.6355104,-14.228314,1.0984741
1970-01-01 00:02:08,1636.5011,117.37919,874.9902,-3.553656,10.688152,1.4333948
1970-01-01 00:02:09,1727.336,117.85971,685.5525,7.607268,11.266703,1.2924007
1970-01-01 00:02:10,1681.9105,120.86515,884.81805,0.913317,1.852374,1.7267306
1970-01-01 00:02:11,1738.7726,125.29918,1168.0164,-0.37765622,5.321508,1.3902422
1970-01-01 00:02:12,1606.1108,124.05292,372.04056,0.5879217,-11.91707,1.4107084
1970-01-01 00:02:13,1774.8451,123.7991,831.9908,5.1483946,0.57874995,1.9584817
1970-01-01 00:02:14,1860.1494,124.79846,686.54474,4.906758,-4.082617,3.1492712
1970-01-01 00:02:15,1694.8599,118.31611,808.2815,,-9.87136,2.4600713
1970-01-01 00:02:16,1912.7955,122.01833,832.786,4.2341757,7.3199105,1.3964233
1970-01-01 00:02:17,1639.8871,126.8062,965.6769,2.6774533,-20.334368,0.60837024
1970-01-01 00:02:18,1743.5576,120.908936,974.0281,1.388773,10.681721,0.5039664
1970-01-01 00:02:19,1804.1512,112.279724,717.0433,4.426573,8.147203,1.7349489
1970-01-01 00:02:20,1817.5122,118.315544,816.6094,-2.228018,1.5208752,1.6219444
1970-01-01 00:02:21,1807.264,116.527115,845.5485,1.1961272,2.0256867,1.57503
1970-01-01 00:02:22,1682.7034,119.51922,1076.4565,4.3540144,-8.791329,2.8812406
1970-01-01 00:02:23,1790.3862,120.20095,1130.1161,3.8609025,2.919138,3.088209
1970-01-01 00:02:24,1969.7737,119.64847,1048.7644,3.6173859,-0.5712454,3.1266005
1970-01-01 00:02:25,1859.5228,116.14814,983.9679,1.589495,-10.6051855,3.6734936
1970-01-01 00:02:26,1795.2926,125.089966,730.19696,2.275676,3.7739027,3.759488
1970-01-01 00:02:27,1951.4882,120.56907,858.1999,4.6072392,0.7187588,2.7146347
1970-01-01 00:02:28,1899.2601,121.71987,1069.119,-2.4538364,1.2365903,3.0934324
1970-01-01 00:02:29,2061.395,121.59833,726.5895,1.0322477,12.117022,4.1593738
1970-01-01 00:02:30,1939.0905,125.57665,626.5313,3.6530817,13.260126,6.198365
1970-01-01 00:02:31,1979.1875,123.00149,693.0297,3.9074452,-3.559513,7.021968
1970-01-01 00:02:32,2085.2734,121.400314,723.4307,0.7445264,-11.469077,5.0318894
1970-01-01 00:02:33,2046.4761,116.72864,801.0834,8.658112,20.712158,5.39519
1970-01-01 00:02:34,2032.6282,124.90759,828.38074,-2.827129,-0.18270478,6.1442947
1970-01-01 00:02:35,2113.2302,122.846344,164.23347,7.086027,-2.2356727,5.0042405
1970-01-01 00:02:36,2084.9666,120.11965,977.3813,4.6701264,1.8950114,5.987375
1970-01-01 00:02:37,2036.6858,119.80699,447.92065,2.0067208,15.221125,5.770981
1970-01-01 00:02:38,2101.7422,115.784035,761.488,1.220649,-3.8650584,4.9602413
1970-01-01 00:02:39,2061.7488,120.4683,566.49396,5.880016,12.656077,5.4263215
1970-01-01 00:02:40,2044.4608,118.34931,644.5053,1.016059,-18.6951,3.5155356
1970-01-01 00:02:41,2015.6399,123.09972,706.867,1.6639446,17.137396,3.6963036
1970-01-01 00:02:42,2085.4622,122.95372,731.08966,1.1618748,-18.488348,3.6934597
1970-01-01 00:02:43,2208.8125,128.03345,833.0971,2.8046782,-4.9125247,2.2034175
1970-01-01 00:02:44,2078.576,120.6984,1080.7655,0.68779635,13.123768,2.787224
1970-01-01 00:02:45,2143.3647,119.86054,1121.149,2.8737302,4.6999907,3.9030132
1970-01-01 00:02:46,2145.4148,114.84552,837.63605,-4.001621,-11.686662,4.75462
1970-01-01 00:02:47,2164.6016,116.190155,1172.1022,2.787686,6.055247,5.519628
1970-01-01 00:02:48,2109.7253,128.52242,846.65936,6.8803663,11.606633,5.37048
1970-01-01 00:02:49,2235.0854,124.63664,1001.4159,1.4463048,6.9430704,5.18899
1970-01-01 00:02:50,2233.5352,129.8078,1282.7056,1.4912292,-11.289687,5.3263984
1970-01-01 00:02:51,2280.092,124.19857,739.21814,2.8033555,2.354375,3.8009148
1970-01-01 00:02:52,2155.247,115.72411,663.7221,-6.23937,8.559931,3.6924543
1970-01-01 00:02:53,2286.7275,126.459076,634.3456,1.5959979,-4.025126,3.8922734
1970-01-01 00:02:54,2322.1743,119.92688,899.30835,-0.9959614,-3.3113859,3.9246986
1970-01-01 00:02:55,2268.1045,125.05129,873.50165,4.1347713,6.8885427,3.6292787
1970-01-01 00:02:56,2295.7249,125.04912,873.69324,1.9598774,5.4396663,3.94569
1970-01-01 00:02:57,2357.2576,114.2197,1048.7249,3.2866735,8.069133,3.701041
1970-01-01 00:02:58,2387.0513,121.874916,799.9045,1.1305115,-10.014255,4.029473
1970-01-01 00:02:59,2149.1274,119.61318,743.6201,1.112922,12.832679,4.6193805
1970-01-01 00:03:00,2333.7727,123.05574,595.93933,-0.37955153,3.4422905,6.5027275
1970-01-01 00:03:01,2345.5273,122.71746,241.67395,3.456718,-33.981144,6.0315657
1970-01-01 00:03:02,2306.9705,112.360214,454.67715,,-9.155385,8.294662
1970-01-01 00:03:03,2316.7942,120.06454,776.26385,4.130506,-8.963604,8.645846
1970-01-01 00:03:04,2453.9053,124.831764,600.6678,-0.10786976,6.26257,7.4663568
1970-01-01 00:03:05,2416.022,121.28142,499.7331,5.347761,-0.112146445,6.3309
1970-01-01 00:03:06,2436.7778,115.95663,1064.8698,2.1516519,-3.0028274,5.6097984
1970-01-01 00:03:07,2501.8853,121.34072,,-2.088048,7.9803014,6.5011187
1970-01-01 00:03:08,2524.5735,120.44713,1052.0677,-5.7785163,9.904001,6.9080467
1970-01-01 00:03:09,2480.9797,121.656395,1181.1736,5.123936,6.681043,5.2358913
1970-01-01 00:03:10,2520.8293,123.09631,470.09445,3.0012214,3.9724612,6.1560106
1970-01-01 00:03:11,2449.173,115.369774,662.6626,-0.38515985,7.157327,6.258343
1970-01-01 00:03:12,2530.9124,113.31832,750.20044,0.22288828,6.782583,5.470339
1970-01-01 00:03:13,2610.1785,122.66082,551.75964,6.7561593,7.67628,5.1706257
1970-01-01 00:03:14,2478.4094,117.78294,558.4147,0.63848424,8.894,4.0447145
1970-01-01 00:03:15,2414.3918,121.64949,763.0357,5.455755,-1.5535629,4.145602
1970-01-01 00:03:16,2662.827,125.88712,769.5921,0.22862156,-13.0265255,4.614302
1970-01-01 00:03:17,2653.6003,126.3069,896.1636,1.9608457,-13.609173,5.772092
1970-01-01 00:03:18,2720.412,126.29409,731.0112,0.8221438,-4.1776347,6.3099656
1970-01-01 00:03:19,2781.9497,130.15906,912.0277,1.190822,-2.3952966,4.914302
1970-01-01 00:03:20,2704.7913,121.009384,1108.2173,1.5098736,-2.763836,5.566043
1970-01-01 00:03:21,2474.8513,124.478516,700.2615,1.2744235,-12.101454,4.5034175
1970-01-01 00:03:22,2548.5303,121.58206,521.35974,2.8484082,-6.9089255,4.789071
1970-01-01 00:03:23,2556.4163,122.81619,728.39465,2.501607,2.6401448,5.0580244
1970-01-01 00:03:24,2606.5762,121.24151,782.5783,0.8982338,-0.38965008,6.095148
1970-01-01 00:03:25,2611.1125,121.28005,1033.5945,-3.907344,-2.2638323,6.1110644
1970-01-01 00:03:26,2673.2004,112.87095,755.7052,1.860857,-5.1427703,6.6108975
1970-01-01 00:03:27,2735.871,117.76501,642.0385,1.7209814,5.5546947,6.5254955
1970-01-01 00:03:28,2706.0305,124.62699,971.42694,5.4330873,-1.6487805,7.963056
1970-01-01 00:03:29,2784.0854,117.839966,551.0482,0.23260057,8.454058,7.5432177
1970-01-01 00:03:30,2885.4001,120.463425,656.3001,0.55811614,-11.5280075,7.5856214
1970-01-01 00:03:31,2802.5598,126.13648,579.80005,3.2077887,8.124724,8.270849
1970-01-01 00:03:32,2796.312,116.199265,1110.3469,3.939214,5.544016,7.4132257
1970-01-01 00:03:33,2786.3413,118.9843,885.11316,8.380805,-4.9319324,8.669411
1970-01-01 00:03:34,2733.8853,116.442276,670.2513,3.2256367,-1.5108516,10.322901
1970-01-01 00:03:35,2915.9722,121.01674,757.89954,-1.0630792,6.6822915,9.531308
1970-01-01 00:03:36,2808.9304,117.96966,686.1429,2.9134285,-2.7586281,9.814997
1970-01-01 00:03:37,2870.8647,118.591286,506.78714,4.0254445,12.122564,9.758835
1970-01-01 00:03:38,2927.026,118.6851,962.3589,3.225151,13.672497,8.669904
1970-01-01 00:03:39,2831.5615,122.890274,698.1978,2.6123915,10.609564,10.142226
1970-01-01 00:03:40,2871.056,120.663025,590.83344,0.034022573,4.4486837,9.834777
1970-01-01 00:03:41,2984.7612,118.379745,931.4722,3.2503576,1.3336419,11.571842
1970-01-01 00:03:42,2834.5217,123.75507,707.6976,2.922661,4.8971114,11.651594
1970-01-01 00:03:43,2864.3755,121.51998,527.1841,1.2630119,15.994866,10.901292
1970-01-01 00:03:44,2812.4346,124.77406,269.8688,3.291948,-1.8442193,13.511498
1970-01-01 00:03:45,2908.1665,122.77409,552.9978,4.5887394,-5.1270585,15.062553
1970-01-01 00:03:46,2969.3738,125.27071,825.5639,-4.328944,3.4941182,14.940081
1970-01-01 00:03:47,2941.693,119.587845,319.64975,0.2912169,-2.8239775,14.631868
1970-01-01 00:03:48,2905.5208,123.16319,772.2276,-0.13352907,11.242739,12.984472
1970-01-01 00:03:49,2941.7021,121.16774,865.18665,6.4234657,-2.4457161,13.651181
1970-01-01 00:03:50,3003.0566,122.44974,1094.3146,3.827593,-3.7666786,14.803275
1970-01-01 00:03:51,3063.4275,121.48948,576.6833,-2.532019,9.615048,13.995205
1970-01-01 00:03:52,3055.9749,120.81334,833.5069,-2.0780807,2.9600604,12.945223
1970-01-01 00:03:53,2991.0342,116.33733,975.8689,2.181967,8.8079195,12.486497
1970-01-01 00:03:54,3002.5461,130.09105,714.2304,2.5389662,-23.728624,12.944441
1970-01-01 00:03:55,3065.098,120.87599,799.01086,-1.4803451,4.2804885,11.08338
1970-01-01 00:03:56,3077.7556,128.81747,483.69403,-0.42798325,2.5963917,11.946746
1970-01-01 00:03:57,3020.9585,124.202126,709.73914,1.6955906,12.092179,12.019127
1970-01-01 00:03:58,2970.7551,116.63797,902.353,6.057565,1.5734569,10.945579
1970-01-01 00:03:59,3149.523,126.545425,556.0288,1.3700031,-12.822765,11.35836
1970-01-01 00:04:00,3178.624,126.95894,925.8981,3.57523,-5.8962045,11.523745
1970-01-01 00:04:01,3193.348,123.53259,1076.7672,0.22694542,4.2656755,12.1333475
1970-01-01 00:04:02,3125.237,120.49052,574.6301,-4.132592,1.1166428,13.959089
1970-01-01 00:04:03,3155.9294,117.563866,842.3482,2.4736364,0.28965214,12.095641
1970-01-01 00:04:04,3182.7947,120.51387,1053.2635,2.2266045,15.876769,12.846581
1970-01-01 00:04:05,3161.636,121.44594,438.14212,-1.0997301,-7.755272,13.991606
1970-01-01 00:04:06,3266.4163,125.3885,459.94345,5.187716,-3.8067787,13.575007
1970-01-01 00:04:07,3194.8174,121.21274,882.0612,-2.075653,14.452904,13.208504
1970-01-01 00:04:08,3175.6726,119.58923,1192.6572,0.6088231,-8.25908,12.190277
1970-01-01 00:04:09,3283.5498,126.41252,892.3269,4.6743636,-1.4014205,13.750331
1970-01-01 00:04:10,3179.921,129.88013,509.82797,-1.3942382,8.418188,15.1074295
1970-01-01 00:04:11,3270.5269,125.2289,937.9587,2.5442443,-2.1407752,16.090876
1970-01-01 00:04:12,3329.0657,124.746506,912.301,2.0214972,-17.791656,14.4342165
1970-01-01 00:04:13,3367.8093,123.99691,980.66046,-0.6474917,-0.7829875,14.212055
1970-01-01 00:04:14,3297.7688,118.67849,991.42896,4.007738,-2.930928,13.839087
1970-01-01 00:04:15,3334.5276,117.842445,495.31122,0.83979976,4.367282,14.215693
1970-01-01 00:04:16,3466.0608,120.1464,1028.7996,2.5489984,-5.82793,13.021994
1970-01-01 00:04:17,3284.725,121.14126,1087.0659,3.557706,-21.683012,11.904218
1970-01-01 00:04:18,3414.6807,124.65824,979.32074,5.6311593,-1.6789545,12.794379
1970-01-01 00:04:19,3372.4734,128.61795,1019.59216,2.5057125,-2.1350558,11.199091
1970-01-01 00:04:20,3374.242,122.740715,789.9821,0.16118564,19.987864,11.862012
1970-01-01 00:04:21,3411.0203,123.330925,677.9988,2.094398,-3.5587273,10.364016
1970-01-01 00:04:22,3442.0625,121.38317,905.1408,4.751936,7.2120047,12.120834
1970-01-01 00:04:23,3370.008,120.719696,519.14124,1.3003676,3.8003902,12.102507
1970-01-01 00:04:24,3512.7234,117.35623,1010.885,-0.4253731,7.4464383,12.618196
1970-01-01 00:04:25,3501.2656,120.11836,627.5062,2.9477158,1.6514299,13.549891
1970-01-01 00:04:26,3419.9167,125.8148,541.34546,-3.7582366,-13.041684,13.005662
1970-01-01 00:04:27,3444.746,125.70573,,-0.5980884,-13.212454,12.672995
1970-01-01 00:04:28,,123.68076,842.606,1.0670799,-21.51367,12.672322
1970-01-01 00:04:29,3471.643,123.92208,929.6228,1.5900711,-17.47589,12.534921
1970-01-01 00:04:30,3566.6907,121.061584,661.5167,-1.6656426,19.489706,13.62645
1970-01-01 00:04:31,3472.815,126.50221,1374.8689,1.8964062,-6.936466,15.936617
1970-01-01 00:04:32,3523.4695,119.802536,1127.909,2.5899656,0.94296265,16.467834
1970-01-01 00:04:33,3496.4421,124.60914,940.9797,-5.3410754,-14.29738,16.626266
1970-01-01 00:04:34,3517.7097,126.28226,914.87085,2.6602662,-8.406035,16.163641
1970-01-01 00:04:35,3595.2034,125.46093,781.0299,2.6837637,-4.343025,16.096943
1970-01-01 00:04:36,3649.9995,119.68981,822.1898,1.6219878,11.334569,17.977913
1970-01-01 00:04:37,3717.0496,116.632256,822.72766,1.0245466,20.650156,18.892641
1970-01-01 00:04:38,3658.849,124.054436,1187.7421,1.7836227,-7.2914805,18.035742
1970-01-01 00:04:39,3563.5576,117.28115,529.4546,5.8869395,-10.322265,18.660172
1970-01-01 00:04:40,3664.6929,123.35847,1133.8845,0.6213001,-2.6063385,17.446444
1970-01-01 00:04:41,3606.3804,121.137505,604.82263,3.4328237,8.431182,17.221197
1970-01-01 00:04:42,3570.584,127.60511,,-3.1797183,7.9862742,17.715433
1970-01-01 00:04:43,3810.419,127.68797,553.32184,3.7244585,0.048180956,16.699741
1970-01-01 00:04:44,3606.1777,121.547966,849.54785,5.9467883,-5.818881,15.309437
1970-01-01 00:04:45,3727.9802,123.38306,723.03455,0.7050749,-11.3330555,13.7533
1970-01-01 00:04:46,3786.6147,129.13318,666.55835,-2.2576818,3.310644,13.842807
1970-01-01 00:04:47,3818.964,125.63246,900.88837,0.60557854,-12.57085,12.988895
1970-01-01 00:04:48,3793.8489,124.64206,458.73843,4.9512496,-7.6837955,14.841853
1970-01-01 00:04:49,3867.1016,116.80694,738.3653,-2.4433925,-0.74645144,13.810145
1970-01-01 00:04:50,3917.0796,117.31693,984.91003,1.2952218,2.4541636,14.177521
1970-01-01 00:04:51,3774.3096,118.78606,520.8104,3.6870615,-5.2323685,14.341751
1970-01-01 00:04:52,3556.601,122.618546,820.5498,2.860654,8.5135765,13.206666
1970-01-01 00:04:53,3766.0156,118.49584,917.15375,0.902828,-3.801912,12.173396
1970-01-01 00:04:54,3784.3865,119.21173,721.0109,3.3643498,6.1141315,14.581255
1970-01-01 00:04:55,3901.9314,119.37319,591.63446,0.74160874,10.853486,14.241794
1970-01-01 00:04:56,3886.0676,114.41941,593.2347,3.130403,-12.195899,15.943129
1970-01-01 00:04:57,3743.658,122.10664,580.7454,4.2100196,-9.117298,16.201317
1970-01-01 00:04:58,3831.2563,123.23163,881.77466,2.8409002,-0.20153084,17.22723
1970-01-01 00:04:59,3897.53,118.10013,508.66315,-1.0471282,5.22312,18.32091
1970-01-01 00:05:00,3913.103,117.256256,696.56946,5.37754,22.18462,18.800785
1970-01-01 00:05:01,3995.2988,122.637886,552.99835,0.47460774,0.12290845,18.44704
1970-01-01 00:05:02,3883.5566,124.04895,1371.1322,6.433347,5.8139014,19.161018
1970-01-01 00:05:03,3968.4575,126.2322,966.7156,1.5321463,-4.018015,19.971918
1970-01-01 00:05:04,3939.4758,121.58766,780.01544,5.0609093,-6.4870315,20.380438
1970-01-01 00:05:05,3825.3994,116.697075,939.0751,-4.9081774,-15.083195,22.541876
1970-01-01 00:05:06,3987.7478,123.820114,658.7517,6.0687814,-11.643351,21.940351
1970-01-01 00:05:07,4094.2776,118.35939,1131.7974,-0.025140537,5.4924784,21.162725
1970-01-01 00:05:08,3945.8943,125.41074,947.49133,-0.12516214,0.29953554,22.141796
1970-01-01 00:05:09,4046.0925,120.22241,1048.1019,-2.2213125,-7.422025,21.736807
1970-01-01 00:05:10,3874.3672,120.23602,787.0511,0.74309826,23.033838,22.984055
1970-01-01 00:05:11,4085.382,131.68639,901.0681,2.074003,20.43566,24.075478
1970-01-01 00:05:12,3958.862,126.09205,699.2243,-0.716271,6.36658,22.86771
1970-01-01 00:05:13,3953.8384,124.62344,753.4272,0.78898704,9.19103,23.251308
1970-01-01 00:05:14,4203.3604,118.99416,761.789,1.1087948,22.42907,22.354183
1970-01-01 00:05:15,4014.7124,124.83389,620.8515,1.7312723,-12.612869,21.726295
1970-01-01 00:05:16,4196.782,120.67685,724.5256,1.924422,-5.032241,21.361244
1970-01-01 00:05:17,4021.6887,121.23232,898.6743,7.1491046,5.580777,20.137007
1970-01-01 00:05:18,4023.7698,122.85858,899.8206,2.238539,3.2609754,19.893923
1970-01-01 00:05:19,4226.222,123.503716,1132.0975,-1.1882188,-13.452943,21.288338
1970-01-01 00:05:20,4150.239,118.81069,503.67377,-1.4464895,5.162487,20.606123
1970-01-01 00:05:21,4097.216,118.9717,937.7573,-1.3247774,8.354516,20.183437
1970-01-01 00:05:22,4252.936,116.313034,1004.6162,-4.0935183,18.721268,20.34753
1970-01-01 00:05:23,4201.309,121.11128,936.33655,0.850393,10.3276005,21.18969
1970-01-01 00:05:24,4188.2925,123.94841,427.726,6.899681,0.7638966,22.132362
1970-01-01 00:05:25,4301.5073,113.440544,902.98395,3.2549222,10.974096,22.144655
1970-01-01 00:05:26,4112.7837,122.772224,887.11584,2.9227824,-10.461387,20.863127
1970-01-01 00:05:27,4125.749,125.18425,980.80206,4.641655,-3.2718952,21.639214
1970-01-01 00:05:28,4297.38,116.40257,1235.3022,3.925276,12.775823,22.518597
1970-01-01 00:05:29,4257.5107,123.17381,943.03284,1.5007396,0.67703915,24.518951
1970-01-01 00:05:30,4321.946,121.69928,1186.7728,2.840729,12.908262,25.275887
1970-01-01 00:05:31,4301.3022,122.94323,574.99457,7.4282446,-1.0672809,24.587048
1970-01-01 00:05:32,4300.618,,523.6154,2.8962955,6.760271,22.679451
1970-01-01 00:05:33,4251.2026,118.31085,702.55286,0.9053156,-1.1264281,22.649641
1970-01-01 00:05:34,4365.6006,119.150444,,0.578888,-3.7718637,22.771152
1970-01-01 00:05:35,4371.3755,123.59762,1120.5704,-1.9530814,-2.4314516,21.681503
1970-01-01 00:05:36,4317.7954,119.794785,906.08997,3.5727475,13.549516,22.529116
1970-01-01 00:05:37,4232.813,123.55048,979.3127,4.0931673,2.3187752,21.504892
1970-01-01 00:05:38,4321.372,116.62854,771.71136,4.484383,-4.1132154,22.015118
1970-01-01 00:05:39,4358.2104,121.90464,710.7301,4.753188,-13.215527,21.311836
1970-01-01 00:05:40,4281.658,117.80727,960.72253,3.6533031,10.270837,20.982822
1970-01-01 00:05:41,4360.931,116.59045,701.7018,3.7542875,-5.5995574,21.81822
1970-01-01 00:05:42,4420.843,115.06786,778.38116,2.8892028,-11.688747,24.053207
1970-01-01 00:05:43,4433.198,123.24166,1047.5371,2.5650613,30.35482,23.440989
1970-01-01 00:05:44,4362.312,131.08748,633.8847,-2.2648418,-5.0548415,23.461489
1970-01-01 00:05:45,4389.221,124.87181,691.43207,-1.9427197,-12.898742,22.510342
1970-01-01 00:05:46,4452.687,120.71167,584.06055,2.7993302,-2.8733106,24.357553
1970-01-01 00:05:47,4769.0923,117.66934,754.6436,1.1656926,-13.970951,26.024986
1970-01-01 00:05:48,4470.7217,123.09315,1122.752,3.5437133,,26.864077
1970-01-01 00:05:49,4410.059,123.51891,841.1061,4.281994,-3.3357954,26.726553
1970-01-01 00:05:50,4543.201,121.868546,702.71,4.116349,-1.032457,26.946733
1970-01-01 00:05:51,4687.7163,120.21732,875.4741,-4.2282705,-5.171227,25.93347
1970-01-01 00:05:52,4452.636,117.7963,733.20966,1.7998872,5.086527,27.667751
1970-01-01 00:05:53,4590.534,120.668205,999.43195,7.252284,10.927239,28.693985
1970-01-01 00:05:54,4673.1357,125.06679,746.92053,4.259594,11.154296,28.156294
1970-01-01 00:05:55,4499.691,120.00126,314.47583,0.2017269,-0.9821864,28.860628
1970-01-01 00:05:56,4708.5605,124.15617,754.87286,2.8031785,-15.242596,30.132797
1970-01-01 00:05:57,4606.995,119.13371,634.81213,0.49679384,0.91732746,30.098026
1970-01-01 00:05:58,4658.503,123.95982,700.0352,0.73850274,-9.266966,29.91733
1970-01-01 00:05:59,4738.7827,118.69286,522.0564,6.127114,-4.452951,29.469093
1970-01-01 00:06:00,4679.6216,128.78287,968.0408,3.2298295,-6.068071,30.522602
1970-01-01 00:06:01,4725.9287,119.94718,776.3742,2.4929678,-3.8641312,31.028482
1970-01-01 00:06:02,4726.918,125.51352,900.97675,1.0321766,4.602329,32.515553
1970-01-01 00:06:03,4740.051,120.81776,479.78302,2.4136193,12.401632,31.675283
1970-01-01 00:06:04,4758.7554,122.77937,1005.3981,0.31388775,0.42877674,32.709972
1970-01-01 00:06:05,4861.7104,122.85794,816.4192,1.7322744,-0.077347875,32.880264
1970-01-01 00:06:06,4767.073,126.25742,641.771,2.3891833,-17.19806,32.92776
1970-01-01 00:06:07,4800.1616,118.50708,170.96117,3.963718,13.582556,31.88708
1970-01-01 00:06:08,4743.517,120.55283,929.4211,2.0412912,14.928921,31.856894
1970-01-01 00:06:09,4831.5415,116.634415,494.64966,3.6618516,-7.061658,30.12754
1970-01-01 00:06:10,4691.4707,123.32404,994.8953,1.2871059,1.9671301,30.000109
1970-01-01 00:06:11,4801.8896,123.95089,482.90958,-0.33690426,4.516815,29.857832
1970-01-01 00:06:12,4773.1416,121.3337,856.8432,-1.4297277,2.8216658,30.075499
1970-01-01 00:06:13,4973.5635,123.47486,973.7202,1.6107165,-3.7877524,30.157137
1970-01-01 00:06:14,4827.5225,133.3414,1093.2644,0.8740552,-21.496262,30.058525
1970-01-01 00:06:15,4833.2085,118.03366,796.42584,4.5494075,-4.218881,28.873438
1970-01-01 00:06:16,4983.759,124.71858,993.16644,7.0582094,-13.870999,27.866318
1970-01-01 00:06:17,4876.327,122.753,625.2892,-0.3549576,9.25355,26.890581
1970-01-01 00:06:18,4950.666,120.24208,920.6802,2.8188045,6.3266134,26.565481
1970-01-01 00:06:19,4869.0684,126.11184,773.2597,5.052336,9.335994,28.511383
1970-01-01 00:06:20,4937.6553,118.15191,827.45544,1.9298822,-7.6345286,29.36811
1970-01-01 00:06:21,4990.3457,125.16538,1009.604,1.3652134,-25.490053,30.863867
1970-01-01 00:06:22,4900.258,121.29656,693.3161,2.3517373,6.6970534,30.32985
1970-01-01 00:06:23,4869.079,123.19613,821.4951,-3.8244565,-8.477517,31.123346
1970-01-01 00:06:24,4987.998,118.620186,1046.6337,5.3112345,0.9851399,31.286238
1970-01-01 00:06:25,5050.978,116.10163,873.82855,-0.34625286,-8.547712,30.90992
1970-01-01 00:06:26,5125.359,124.5155,498.13556,4.9390845,1.1989985,32.56234
1970-01-01 00:06:27,4922.9067,121.99328,840.8956,2.9835587,5.7023377,30.80626
1970-01-01 00:06:28,5152.802,122.83368,550.8075,1.023436,0.51562303,30.586266
1970-01-01 00:06:29,5028.1377,127.07466,954.694,3.1364334,1.947549,31.058022
1970-01-01 00:06:30,5036.299,115.862885,564.70514,2.4163587,4.830531,31.362713
1970-01-01 00:06:31,5024.116,124.56584,791.10016,1.4126635,-7.6190386,29.096727
1970-01-01 00:06:32,5123.569,118.33975,723.47345,8.244896,-7.404551,29.823444
1970-01-01 00:06:33,5173.4272,110.117775,1206.1366,3.663876,20.385199,27.864555
1970-01-01 00:06:34,5173.4956,122.41684,717.0254,3.598103,4.7456408,27.157003
1970-01-01 00:06:35,5211.154,124.402176,449.49237,6.4696,-5.7921996,27.445366
1970-01-01 00:06:36,5182.429,126.70278,806.71014,-4.4387403,-10.139871,27.319675
1970-01-01 00:06:37,5146.904,123.488846,697.0758,-0.68076134,-14.908666,28.828627
1970-01-01 00:06:38,5231.325,122.065094,564.70355,7.6830454,-10.875894,28.950481
1970-01-01 00:06:39,5171.175,123.9774,678.0416,3.0683758,-5.7192783,28.77911
1970-01-01 00:06:40,5236.2183,119.91734,871.8892,1.0745637,0.8370739,29.073122
1970-01-01 00:06:41,5260.7007,122.44194,605.37274,1.2246376,4.06205,28.313446
1970-01-01 00:06:42,,123.18876,836.0725,-0.8717376,4.6267405,26.851677
1970-01-01 00:06:43,5134.8345,121.57745,565.03485,2.0353315,-4.220543,25.963654
1970-01-01 00:06:44,5063.19,116.846954,837.8271,2.0704947,-3.129145,27.308203
1970-01-01 00:06:45,5292.341,119.06284,674.6256,-0.6371771,-1.3429446,27.189472
1970-01-01 00:06:46,5272.394,124.85217,703.8324,3.27837,-9.527803,26.625952
1970-01-01 00:06:47,5395.048,122.845505,990.0073,-0.0041772476,-8.201488,28.39342
1970-01-01 00:06:48,5208.623,120.34284,1038.5906,-1.3480753,17.17831,29.405535
1970-01-01 00:06:49,5230.5337,123.33536,872.9373,-0.20350972,6.7235208,28.298218
1970-01-01 00:06:50,5318.7705,120.82034,881.6843,5.26144,2.4008796,27.745708
1970-01-01 00:06:51,5324.665,121.57014,958.4839,4.782537,-0.87830573,29.518766
1970-01-01 00:06:52,5400.3433,121.47071,779.09796,2.1561155,15.729614,28.481123
1970-01-01 00:06:53,5347.821,119.853226,657.9603,4.98655,8.918617,28.598999
1970-01-01 00:06:54,5313.4854,117.78316,743.07104,-0.03618932,5.0164404,28.23145
1970-01-01 00:06:55,5319.4453,127.63581,735.77997,2.324861,3.797059,27.802645
1970-01-01 00:06:56,5359.4653,114.8416,847.7324,1.5036813,-21.765003,28.304317
1970-01-01 00:06:57,5322.258,121.490875,440.15298,4.7917457,-5.535324,29.031235
1970-01-01 00:06:58,5524.1875,128.76915,769.69934,1.6476802,5.9925246,29.805986
1970-01-01 00:06:59,5494.728,124.697,1049.4958,3.4056792,15.746697,28.91945
1970-01-01 00:07:00,5662.2417,125.74969,482.1412,3.0455406,-5.639163,28.194908
1970-01-01 00:07:01,5335.3726,125.25621,747.8053,-3.8436236,17.921467,28.429419
1970-01-01 00:07:02,5403.2007,124.64251,903.90955,-1.2910607,10.782039,27.757341
1970-01-01 00:07:03,5502.3438,120.49416,794.3285,7.076796,-0.7037183,28.128046
1970-01-01 00:07:04,5471.8164,123.64695,798.73334,3.3859632,3.0842857,27.817877
1970-01-01 00:07:05,5552.9116,126.37482,1008.2827,-1.0775594,0.9827331,27.859568
1970-01-01 00:07:06,5445.9023,119.94066,693.68243,-3.9546876,-1.7151334,25.479013
1970-01-01 00:07:07,5637.7407,121.704,846.34674,-1.7585584,9.872773,25.39205
1970-01-01 00:07:08,5460.156,121.69571,827.31616,2.2025082,-25.827442,24.899397
1970-01-01 00:07:09,5733.423,115.92006,432.53348,3.5276246,15.994301,24.628824
1970-01-01 00:07:10,5590.393,125.5123,705.3938,7.863353,-5.208215,26.753202
1970-01-01 00:07:11,5669.8867,123.91721,577.0175,-3.4085603,14.058578,28.012167
1970-01-01 00:07:12,5696.867,127.581215,947.40186,-0.93490213,-3.3028948,27.108463
1970-01-01 00:07:13,5710.8804,127.595894,1226.3411,-0.24047887,5.864947,26.879147
1970-01-01 00:07:14,5613.3984,127.76348,741.3516,3.638178,6.43131,27.037195
1970-01-01 00:07:15,5691.31,126.99907,587.7882,-0.16299458,-8.722624,26.469357
1970-01-01 00:07:16,5762.174,124.533966,751.992,0.3352059,7.639301,26.775211
1970-01-01 00:07:17,5634.249,125.327194,1014.1132,2.3740048,12.741155,26.379845
1970-01-01 00:07:18,5864.602,117.7641,523.03687,5.268195,-4.4960294,27.24037
1970-01-01 00:07:19,5756.719,117.77872,456.39114,-1.6158185,12.391213,26.786512
1970-01-01 00:07:20,5843.042,122.35665,632.90155,-0.73627114,-3.458957,28.22896
1970-01-01 00:07:21,5756.2593,123.42691,713.68,1.2460841,-18.85203,25.13698
1970-01-01 00:07:22,5902.292,120.55732,826.1527,-1.7024455,7.342067,24.919891
1970-01-01 00:07:23,5742.054,126.14955,989.55145,3.0809884,-1.6395831,23.51829
1970-01-01 00:07:24,5689.006,124.47869,774.6757,3.1326535,11.172232,23.924515
1970-01-01 00:07:25,5777.5693,118.66312,896.5085,-1.056232,0.4586451,24.41083
1970-01-01 00:07:26,5761.937,127.40725,610.00824,-0.23019373,13.37551,24.61562
1970-01-01 00:07:27,5878.734,121.70502,660.9574,-1.8431522,10.279204,25.371273
1970-01-01 00:07:28,5672.6167,126.24783,1005.5527,-2.7787921,-3.9406338,26.805004
1970-01-01 00:07:29,5889.729,123.240234,463.35474,5.3506327,-4.8837566,26.492386
1970-01-01 00:07:30,5961.43,127.02849,1260.4893,-0.20707014,4.279249,26.992989
1970-01-01 00:07:31,5830.5537,125.47352,966.12463,-1.6865314,1.393218,26.607016
1970-01-01 00:07:32,5857.114,123.28128,647.177,2.910003,-8.352389,25.337675
1970-01-01 00:07:33,5868.7603,128.22665,495.14352,7.7238183,1.3245226,25.207859
1970-01-01 00:07:34,5905.7217,122.06236,457.1104,7.0831223,-11.713345,25.288584
1970-01-01 00:07:35,5873.1875,121.17066,697.26825,-0.29971355,20.107351,24.111908
1970-01-01 00:07:36,5927.169,122.991646,941.23114,7.7956614,6.2244935,23.805124
1970-01-01 00:07:37,6045.5327,120.47459,515.271,1.8333575,5.137557,22.351816
1970-01-01 00:07:38,5920.5737,123.2021,711.5138,-0.74989116,4.587222,20.495016
1970-01-01 00:07:39,5860.726,122.80422,694.50037,5.5896635,-7.0949492,19.1592
1970-01-01 00:07:40,5747.9336,123.397934,701.70386,2.528307,7.3327847,21.18282
1970-01-01 00:07:41,5923.844,117.51774,465.40576,2.72537,-13.620811,21.498816
1970-01-01 00:07:42,5932.2065,126.07921,839.7047,4.8172855,21.25805,22.42783
1970-01-01 00:07:43,5986.521,120.70061,774.2167,-0.57815653,4.086579,21.69182
1970-01-01 00:07:44,6088.72,117.04712,739.70294,1.9095882,-6.900989,22.967276
1970-01-01 00:07:45,6020.9575,127.72479,992.7521,0.5550826,-3.8011193,23.442533
1970-01-01 00:07:46,6054.2026,127.87186,854.8203,4.387077,23.986631,23.295769
1970-01-01 00:07:47,6006.1987,127.46339,546.9538,-1.8174853,-1.9904972,22.60957
1970-01-01 00:07:48,5946.5312,120.01284,547.1205,0.12018684,20.23444,22.320349
1970-01-01 00:07:49,6116.2124,119.79091,704.84644,-0.42544168,5.055544,22.289976
1970-01-01 00:07:50,6064.484,125.581665,796.0225,0.7311838,-15.4251995,20.694588
1970-01-01 00:07:51,6030.197,121.49838,1515.2524,0.91904914,1.0566971,21.572441
1970-01-01 00:07:52,6085.6826,120.01706,566.4637,5.9724813,4.4063244,22.277267
1970-01-01 00:07:53,6177.4287,119.442856,881.85205,-1.4643385,-6.4173574,23.028404
1970-01-01 00:07:54,6192.6836,115.95658,687.67676,1.7193782,-14.569625,21.6493
1970-01-01 00:07:55,6149.7075,118.42539,812.3206,6.7634115,5.3099174,21.61394
1970-01-01 00:07:56,6279.121,124.39617,774.34143,3.7021203,-3.1466558,20.943584
1970-01-01 00:07:57,6242.7983,120.942635,617.3559,3.5635805,-31.731874,21.124126
1970-01-01 00:07:58,6199.0605,124.60944,721.9335,-0.36497816,21.300228,22.091625
1970-01-01 00:07:59,6257.422,126.03577,670.41174,2.2216148,-10.818909,22.143074
1970-01-01 00:08:00,6269.4004,121.00777,794.18384,-0.7571922,-11.786067,22.935535
1970-01-01 00:08:01,6173.979,118.76997,1048.4592,1.9256967,4.140351,23.80923
1970-01-01 00:08:02,6288.2935,119.79232,853.5656,1.920754,0.5051504,23.696493
1970-01-01 00:08:03,6351.8438,121.27555,1193.8547,5.7965255,-4.7935076,24.505007
1970-01-01 00:08:04,6231.781,120.69346,1049.0521,10.479863,6.5919447,23.100735
1970-01-01 00:08:05,6240.076,116.12736,938.94446,1.2751919,7.258832,23.163168
1970-01-01 00:08:06,6376.235,124.64619,,4.8005424,7.5427694,21.964905
1970-01-01 00:08:07,6319.8623,121.24655,611.1435,5.281531,9.9031725,19.581442
1970-01-01 00:08:08,6343.577,122.21927,1024.6072,1.5461665,1.6283234,19.740263
1970-01-01 00:08:09,6386.8105,113.88407,561.6871,-0.114062175,4.1348114,20.024797
1970-01-01 00:08:10,6322.7573,124.121086,806.8761,5.715876,1.3685719,19.024084
1970-01-01 00:08:11,6322.389,119.059555,876.7245,5.7947125,10.208563,18.970037
1970-01-01 00:08:12,6422.1616,125.87984,1124.7076,4.4508524,-1.3624058,18.740685
1970-01-01 00:08:13,6369.954,119.60113,896.6506,-0.66000956,-14.684156,20.170359
1970-01-01 00:08:14,6426.8945,119.056496,870.0862,-0.4282982,-3.422164,21.023878
1970-01-01 00:08:15,6376.158,119.36153,734.0998,2.426041,-15.862888,20.838995
1970-01-01 00:08:16,6478.2964,124.8707,791.9967,2.9867089,2.7819948,20.734306
1970-01-01 00:08:17,6503.3013,119.59495,759.2838,1.8458899,-11.623743,19.03902
1970-01-01 00:08:18,6384.089,121.65724,565.044,3.685106,-2.2737885,18.782516
1970-01-01 00:08:19,6580.745,121.0735,455.5384,-0.4598625,-12.429281,18.467142
1970-01-01 00:08:20,6470.5537,122.67725,748.73126,5.326584,-0.18658787,16.409187
1970-01-01 00:08:21,6423.5254,121.41827,376.0129,1.6667321,-7.0568714,17.483568
1970-01-01 00:08:22,6516.5356,128.34305,763.7902,5.9632053,-8.197717,15.666699
1970-01-01 00:08:23,6420.6074,120.861404,816.3544,7.681072,7.7463055,15.252079
1970-01-01 00:08:24,6670.2695,114.283264,583.94806,0.94967175,-6.537042,15.804664
1970-01-01 00:08:25,6658.6353,123.741974,692.5463,0.7879237,1.7056057,16.595594
1970-01-01 00:08:26,6595.4756,122.519424,701.6205,8.6103325,10.711849,15.935334
1970-01-01 00:08:27,6591.5845,121.39946,638.24396,8.8166895,-0.8978181,16.493015
1970-01-01 00:08:28,6649.152,128.4977,438.00854,2.620636,-6.8304477,16.078289
1970-01-01 00:08:29,6643.8286,118.51269,878.8484,-0.100823015,-21.150564,17.588017
1970-01-01 00:08:30,6495.2944,129.22005,915.0234,2.824549,0.7529031,16.309212
1970-01-01 00:08:31,6501.402,119.53003,780.123,8.039026,12.132843,15.8652935
1970-01-01 00:08:32,6643.6465,120.061714,537.73285,5.427946,18.95101,14.96742
1970-01-01 00:08:33,6902.7554,122.89239,578.393,4.561386,1.2083099,14.651993
1970-01-01 00:08:34,6607.812,117.931244,515.60767,-4.264309,13.040795,15.163709
1970-01-01 00:08:35,6638.8506,125.3055,487.17212,-4.333063,-3.028085,14.092377
1970-01-01 00:08:36,6633.7466,120.678116,642.422,0.22200342,-13.986603,13.425351
1970-01-01 00:08:37,6749.4414,128.41156,920.6224,3.4635808,-4.4483843,13.123253
1970-01-01 00:08:38,6823.4805,128.13684,672.39374,-2.48038,7.753494,13.983844
1970-01-01 00:08:39,6907.6855,124.72599,646.0294,0.21127822,-0.6931065,15.618443
1970-01-01 00:08:40,6685.8164,123.3764,764.55646,1.6309183,-11.188859,15.8607855
1970-01-01 00:08:41,6804.2466,128.0171,620.0071,8.638195,-3.73601,14.99479
1970-01-01 00:08:42,6699.7393,129.58894,602.6594,2.4133651,9.86177,15.711178
1970-01-01 00:08:43,6818.164,121.3851,894.8835,-1.5477519,,15.31565
1970-01-01 00:08:44,6751.8535,126.23993,563.7514,-1.365311,-10.709469,
1970-01-01 00:08:45,6848.788,127.94728,610.4759,2.3496373,-13.988839,17.985037
1970-01-01 00:08:46,6772.9185,116.13346,947.8129,1.4892081,-5.40299,18.762285
1970-01-01 00:08:47,6741.549,120.28146,546.83154,4.536552,-13.190877,19.243301
1970-01-01 00:08:48,6893.661,130.59053,422.309,-0.19777684,-14.018626,18.920265
1970-01-01 00:08:49,6681.105,130.27841,773.09216,4.724352,15.502818,17.019016
1970-01-01 00:08:50,6875.4434,122.40185,774.6678,0.90887076,-12.370708,15.630488
1970-01-01 00:08:51,6858.755,126.02001,1135.9062,1.7734146,-11.560605,16.55473
1970-01-01 00:08:52,6763.573,123.50689,1011.87244,2.1116405,4.755,17.70422
1970-01-01 00:08:53,6960.7314,121.738495,861.32825,2.023285,3.0991957,17.85084
1970-01-01 00:08:54,6962.5845,122.92374,279.07108,7.6865606,11.575917,16.766008
1970-01-01 00:08:55,6965.1226,120.40032,783.68665,5.7766867,-13.521144,16.869238
1970-01-01 00:08:56,6954.227,120.03893,751.93884,3.5459676,1.7673929,17.206902
1970-01-01 00:08:57,6823.8022,120.17263,822.37695,-1.5870785,-13.750922,19.482803
1970-01-01 00:08:58,7063.5205,116.871994,1366.1498,5.369755,6.57984,21.186172
1970-01-01 00:08:59,6962.6694,126.05897,1051.4343,0.7337341,3.5945637,20.84422
1970-01-01 00:09:00,6982.1562,113.9626,620.835,7.567589,-9.948245,21.870495
1970-01-01 00:09:01,7161.101,123.224106,986.5573,0.55786383,9.410748,21.761654
1970-01-01 00:09:02,7094.186,117.61142,1086.9061,-3.723327,-10.084537,22.05676
1970-01-01 00:09:03,7019.324,115.68267,772.4879,6.444529,-2.340801,23.379179
1970-01-01 00:09:04,7128.383,124.551506,1056.0742,3.3550315,-23.777597,23.908205
1970-01-01 00:09:05,7104.875,118.90202,840.0217,-1.5028975,-9.562501,24.280367
1970-01-01 00:09:06,7231.4033,124.668816,870.63153,-3.8460307,4.912132,23.468544
1970-01-01 00:09:07,7049.4414,133.54868,951.1808,1.5838717,-7.0574646,23.553988
1970-01-01 00:09:08,7097.8193,123.65575,965.5643,1.3978992,21.795322,23.398607
1970-01-01 00:09:09,6992.0547,119.63816,577.9337,1.7749078,-24.736038,24.504519
1970-01-01 00:09:10,7271.997,126.40558,829.61884,4.741528,-20.481155,24.249264
1970-01-01 00:09:11,7210.254,126.168365,758.3091,2.764682,0.62630886,23.89845
1970-01-01 00:09:12,7091.13,125.02336,707.74915,1.432388,3.611815,24.915644
1970-01-01 00:09:13,7246.9214,122.40447,605.1565,-1.5464032,-3.9928012,25.536787
1970-01-01 00:09:14,7173.15,130.65141,631.2619,7.442616,12.586633,25.831917
1970-01-01 00:09:15,7326.059,125.67263,829.9498,7.060793,13.880731,
1970-01-01 00:09:16,7180.7515,125.49995,942.3515,-2.167248,8.736515,26.06386
1970-01-01 00:09:17,7133.5728,127.66592,848.8843,2.0563474,0.9228078,26.031843
1970-01-01 00:09:18,7128.328,125.676254,961.65424,2.9552913,4.055772,26.296064
1970-01-01 00:09:19,7150.2344,121.75903,479.40796,3.0678072,-2.360941,26.347178
1970-01-01 00:09:20,7266.733,126.939384,989.9353,-0.7419058,-7.2342963,24.871912
1970-01-01 00:09:21,7406.1055,114.46699,778.8626,1.4284959,-10.134251,24.587942
1970-01-01 00:09:22,7274.7446,128.68701,600.2193,-1.2050191,9.890796,24.18015
1970-01-01 00:09:23,7391.0796,127.67857,773.2033,4.839741,-11.886218,24.921608
1970-01-01 00:09:24,7252.089,122.15259,932.1502,0.9644005,-10.865302,25.100853
1970-01-01 00:09:25,7154.6313,119.707886,1166.2762,3.1581314,-9.373932,24.223207
1970-01-01 00:09:26,7526.39,127.32877,1381.8926,1.2342528,12.020273,24.26176
1970-01-01 00:09:27,7311.1772,117.79472,745.0911,0.67946637,5.2889886,23.011679
1970-01-01 00:09:28,7308.8647,125.48446,692.0336,-4.2457175,-15.2915325,23.659279
1970-01-01 00:09:29,7400.7173,125.649506,856.49194,1.662535,-0.8218723,24.973251
1970-01-01 00:09:30,7269.679,126.39042,1077.9645,2.0198514,-5.1488323,25.55145
1970-01-01 00:09:31,7346.689,119.36308,788.369,0.8470369,7.0380526,25.548784
1970-01-01 00:09:32,7310.864,123.92737,880.3077,1.0699455,9.591274,27.022993
1970-01-01 00:09:33,7544.9336,113.371,791.81824,1.2090688,1.2305166,28.832735
1970-01-01 00:09:34,7502.6562,125.519165,362.35034,4.707273,-16.56367,28.365252
1970-01-01 00:09:35,7436.099,122.082466,591.3744,2.1942413,-23.972185,26.20736
1970-01-01 00:09:36,7303.3916,123.08944,1165.867,-0.44214493,-1.3077745,25.80322
1970-01-01 00:09:37,7420.5205,123.29549,981.4058,2.1416492,5.729018,26.008604
1970-01-01 00:09:38,7539.8594,129.09116,837.3806,6.613382,9.258809,25.887148
1970-01-01 00:09:39,7387.2715,118.11711,976.6774,-0.40095857,-6.9405603,24.950718
1970-01-01 00:09:40,7725.5913,125.76544,1028.2567,1.0271308,-3.4460983,24.016575
1970-01-01 00:09:41,7555.893,124.2656,1042.22,3.6942847,-19.919245,22.675917
1970-01-01 00:09:42,7580.3735,123.49387,678.66174,-0.19478054,0.38938132,24.417572
1970-01-01 00:09:43,7658.172,124.40791,838.3706,3.7381346,-6.541598,25.845049
1970-01-01 00:09:44,7483.824,122.48919,748.6254,1.9898902,26.501379,27.933802
1970-01-01 00:09:45,7702.124,120.81613,495.12576,1.2736658,9.080933,28.423365
1970-01-01 00:09:46,7642.3105,126.03544,1398.9711,-0.1701578,10.195839,28.17818
1970-01-01 00:09:47,7516.175,130.49918,992.8129,6.3795156,20.057447,27.277794
1970-01-01 00:09:48,7611.5723,126.84688,649.238,-2.8818192,-6.9406757,28.153824
1970-01-01 00:09:49,7654.0474,120.558846,879.5485,1.4899505,-4.870054,27.692898
1970-01-01 00:09:50,7728.2725,121.76226,437.0111,2.9227145,-3.4395518,27.423693
1970-01-01 00:09:51,7567.636,118.40767,480.41544,2.879633,-2.9130933,27.915102
1970-01-01 00:09:52,7624.6294,126.659836,814.43884,4.7202606,12.204011,27.145502
1970-01-01 00:09:53,7706.92,123.47055,989.0862,-1.249759,5.092081,26.57656
1970-01-01 00:09:54,7605.233,127.295456,588.60095,0.57340497,-20.036077,25.108416
1970-01-01 00:09:55,7686.991,127.79288,528.06934,1.7546165,-10.431979,27.115465
1970-01-01 00:09:56,7751.3813,119.03487,613.0531,1.8254963,-9.769297,26.027939
1970-01-01 00:09:57,7799.471,119.44721,691.4702,2.4162076,13.649776,25.52702
1970-01-01 00:09:58,7768.787,127.21709,782.14404,3.1511137,3.0521128,25.121239
1970-01-01 00:09:59,7869.0,125.868706,769.5118,2.8760614,14.151824,27.010715
1970-01-01 00:10:00,7845.6963,122.73764,1001.1452,-1.5893625,-17.481014,28.943832
1970-01-01 00:10:01,7872.114,123.68314,473.53012,-0.7759107,19.980059,29.974993
1970-01-01 00:10:02,7963.1543,123.036995,1154.1017,5.525316,20.982006,30.419798
1970-01-01 00:10:03,7695.514,123.36007,927.5599,1.2328892,0.3355327,30.244944
1970-01-01 00:10:04,7852.216,122.64425,1336.4545,4.271992,-0.8548467,30.161736
1970-01-01 00:10:05,7847.413,127.419815,1208.8784,0.49528658,13.837797,30.34721
1970-01-01 00:10:06,7905.294,128.08717,633.8412,0.37313,10.667401,29.571661
1970-01-01 00:10:07,8033.2314,119.48574,654.2955,5.610953,-11.612742,30.825523
1970-01-01 00:10:08,7862.262,129.92075,695.03265,1.8142647,-16.97921,29.948036
1970-01-01 00:10:09,7825.753,119.314445,910.4609,1.1960933,-0.1799757,31.079374
1970-01-01 00:10:10,7795.4985,124.03873,704.6478,2.3905807,-4.446455,31.578577
1970-01-01 00:10:11,7898.698,127.34015,575.1456,-1.1085835,18.479246,29.799515
1970-01-01 00:10:12,8177.467,123.435104,556.62213,5.330239,8.880458,28.12765
1970-01-01 00:10:13,7993.366,119.19669,873.77264,3.5578141,-6.609553,27.9252
1970-01-01 00:10:14,7929.6406,121.50366,947.6164,8.140472,2.7715032,27.88137
1970-01-01 00:10:15,7990.466,124.74495,796.20795,-0.98647654,3.09644,26.257565
1970-01-01 00:10:16,8038.5854,125.23338,1098.9005,4.396386,12.811383,26.482668
1970-01-01 00:10:17,8100.371,127.21015,714.56775,4.6463914,7.222977,27.77667
1970-01-01 00:10:18,7896.2344,127.88844,521.1809,-1.4394218,1.10707,27.872602
1970-01-01 00:10:19,8091.432,123.58321,1039.6694,1.8524681,-2.5490556,28.119387
1970-01-01 00:10:20,8033.6274,118.72435,986.4721,-2.662135,-10.679897,28.25516
1970-01-01 00:10:21,8334.86,123.97484,631.54144,0.14238578,-14.553057,26.560888
1970-01-01 00:10:22,8019.447,126.65395,747.4817,-0.28132543,4.864758,26.329363
1970-01-01 00:10:23,8103.9224,127.071335,968.182,0.96506006,13.527569,26.112263
1970-01-01 00:10:24,8188.2227,123.38281,793.36774,4.513984,9.679758,26.04317
1970-01-01 00:10:25,8238.5625,121.40203,606.3389,1.4556518,-4.7097845,26.30467
1970-01-01 00:10:26,8168.6416,125.569435,615.5644,1.3208946,-0.19433622,26.079561
1970-01-01 00:10:27,8137.7417,119.409744,644.52277,5.280574,-2.4131567,25.799116
1970-01-01 00:10:28,8284.3955,122.5171,352.95584,2.4942129,16.934992,26.617317
1970-01-01 00:10:29,8286.367,129.91077,690.89386,4.800999,-0.8303709,27.361134
1970-01-01 00:10:30,8257.779,123.66193,596.2788,-4.7558417,-17.45185,27.34427
1970-01-01 00:10:31,8114.1733,127.60653,760.4326,-2.5487769,12.475766,27.374134
1970-01-01 00:10:32,8304.645,122.352425,844.2056,2.865981,-3.3901968,28.51182
1970-01-01 00:10:33,8126.7925,123.17095,818.0498,8.498073,-8.751515,28.046967
1970-01-01 00:10:34,8199.157,127.38816,674.5476,-2.4543152,-1.3537668,29.89599
1970-01-01 00:10:35,8338.031,119.358475,464.39774,0.3656775,-20.90328,28.394768
1970-01-01 00:10:36,8289.919,126.79121,765.47174,-0.029882614,1.0143671,27.627989
1970-01-01 00:10:37,8315.703,130.11328,994.2484,3.62007,-8.364978,29.007
1970-01-01 00:10:38,8250.651,120.92948,642.628,2.9219756,1.090426,30.077961
1970-01-01 00:10:39,8243.293,123.47787,780.299,-1.4178804,-4.6769457,28.754705
1970-01-01 00:10:40,8295.338,133.24324,1015.6764,1.4350805,-0.094511986,30.04234
1970-01-01 00:10:41,8479.767,124.95625,797.2574,-2.4010139,10.683209,31.246338
1970-01-01 00:10:42,8433.363,124.00651,759.7912,-2.1001785,-6.722774,32.889957
1970-01-01 00:10:43,8297.244,122.47332,739.685,2.58054,-15.950021,34.220837
1970-01-01 00:10:44,8258.13,128.78911,1229.0104,6.36118,5.8438983,35.251755
1970-01-01 00:10:45,8336.777,129.81583,797.0193,4.982813,-6.275097,36.019684
1970-01-01 00:10:46,8400.765,125.07851,980.3726,4.9172535,12.809135,35.310688
1970-01-01 00:10:47,8317.971,125.25486,725.0369,-0.25794917,16.1091,35.615917
1970-01-01 00:10:48,8470.42,122.37419,564.072,-2.7827952,-11.22683,38.2506
1970-01-01 00:10:49,8340.628,120.62133,507.65903,8.161267,-2.2201953,37.64231
1970-01-01 00:10:50,8476.013,117.91134,848.07477,6.1836157,-18.450304,35.072598
1970-01-01 00:10:51,8460.465,120.90499,722.54364,2.7178247,11.968383,35.407898
1970-01-01 00:10:52,8408.544,132.69347,612.51855,-3.6958952,2.9081326,35.715637
1970-01-01 00:10:53,8525.124,122.58901,757.33606,-5.995217,3.2547312,35.274136
1970-01-01 00:10:54,8497.638,118.1876,978.2482,3.18492,-0.29120907,36.22799
1970-01-01 00:10:55,8599.897,121.626114,376.18234,0.32629508,-23.843422,36.34315
1970-01-01 00:10:56,8705.421,127.621574,649.26086,-0.39108297,-8.447995,37.023094
1970-01-01 00:10:57,8702.975,118.57291,630.1041,1.8888013,-2.323757,36.3724
1970-01-01 00:10:58,8617.728,129.59389,754.4215,1.1654946,-3.668752,36.43387
1970-01-01 00:10:59,8515.954,115.38319,852.5079,-1.0617254,14.337875,36.563232
1970-01-01 00:11:00,8614.743,125.89446,478.10687,-3.650537,-14.968799,33.732555
1970-01-01 00:11:01,8494.687,121.39385,611.5535,-0.66838604,-7.7704487,32.534233
1970-01-01 00:11:02,8666.825,121.55062,558.9025,1.0376732,8.936887,31.632483
1970-01-01 00:11:03,8612.895,119.66969,886.2152,-2.4713745,5.429524,31.427929
1970-01-01 00:11:04,8498.766,125.94481,1065.0577,4.0718164,-9.702143,32.065224
1970-01-01 00:11:05,8519.417,122.796524,608.717,3.8497446,-8.753879,32.740673
1970-01-01 00:11:06,8623.951,123.274475,806.6815,3.0073836,2.871775,31.48939
1970-01-01 00:11:07,8512.401,128.8176,483.6342,-0.24386798,2.3840446,31.874907
1970-01-01 00:11:08,8715.316,127.14229,948.73047,11.198096,-19.269241,33.51372
1970-01-01 00:11:09,8709.9795,130.74365,652.6037,1.1330978,-16.85384,32.78145
1970-01-01 00:11:10,8615.558,123.30627,1046.821,8.478542,-5.92327,31.746223
1970-01-01 00:11:11,8703.307,122.532616,1019.41144,-3.3472767,-3.3296132,32.655384
1970-01-01 00:11:12,8708.445,122.44524,753.7999,3.51424,7.5052466,31.491905
1970-01-01 00:11:13,8692.818,132.90643,1014.7571,-0.28211933,14.334555,33.53809
1970-01-01 00:11:14,8648.215,116.71626,1224.0079,3.0530906,10.7108555,32.308964
1970-01-01 00:11:15,8696.629,127.72557,626.79767,0.89476305,-3.5547302,33.014175
1970-01-01 00:11:16,8697.881,122.75444,724.5169,1.9153191,-2.8840075,31.788576
1970-01-01 00:11:17,8864.528,130.7673,779.956,6.156271,8.06164,31.481361
1970-01-01 00:11:18,8990.629,128.26959,773.50854,4.024451,15.216219,31.365805
1970-01-01 00:11:19,8998.653,119.99056,1169.361,-2.0936685,7.825192,33.433323
1970-01-01 00:11:20,8873.151,122.52672,666.79816,0.893523,-10.17403,33.194805
1970-01-01 00:11:21,8802.445,122.41003,827.67065,5.038812,4.781695,32.261433
1970-01-01 00:11:22,8799.167,128.36263,638.5512,-2.6627858,4.923481,33.385315
1970-01-01 00:11:23,8821.668,126.98409,825.1844,-1.9454153,10.176519,33.494095
1970-01-01 00:11:24,8813.005,126.94071,833.3377,3.4712572,-3.9196963,32.879658
1970-01-01 00:11:25,8964.4795,126.315926,693.43933,4.3429284,-22.96738,32.080006
1970-01-01 00:11:26,8968.682,116.94908,621.2626,5.4172935,15.7512455,32.498405
1970-01-01 00:11:27,8934.277,129.07764,702.87067,7.350158,14.526858,30.830133
1970-01-01 00:11:28,8877.284,131.51999,1112.5905,7.0521035,2.3920443,28.520481
1970-01-01 00:11:29,9033.822,124.0922,673.334,-1.814343,-0.73375356,28.936745
1970-01-01 00:11:30,8914.118,119.09069,594.92224,8.377177,0.48905954,28.844616
1970-01-01 00:11:31,9005.205,125.76747,864.332,2.7102606,3.8902574,27.819757
1970-01-01 00:11:32,9028.335,125.95448,802.3331,0.87052464,-0.28951982,28.193716
1970-01-01 00:11:33,8940.395,123.39695,542.2284,4.4911427,-3.3925266,28.051895
1970-01-01 00:11:34,9117.062,130.99458,789.95526,-0.45569065,17.651726,29.070177
1970-01-01 00:11:35,9046.598,123.37389,349.2253,2.4631698,-10.610306,29.972195
1970-01-01 00:11:36,9115.77,131.092,518.5287,4.11043,-2.9772937,30.538538
1970-01-01 00:11:37,9067.853,129.63875,923.61786,3.9174762,-3.3203702,31.141407
1970-01-01 00:11:38,9098.703,129.79567,825.16583,-0.559228,-12.769479,31.973555
1970-01-01 00:11:39,9181.923,121.252785,831.7264,0.28281885,25.778917,30.52536
1970-01-01 00:11:40,9170.4375,126.20787,587.9223,7.232959,4.7292023,29.464457
1970-01-01 00:11:41,9034.867,132.21095,843.8752,-0.6906739,12.750495,27.456087
1970-01-01 00:11:42,9091.482,116.81889,771.6393,-2.8084939,-14.011793,28.67955
1970-01-01 00:11:43,9075.626,125.2995,1162.9396,3.6402223,3.7627864,27.819387
1970-01-01 00:11:44,9131.688,125.14316,702.2618,4.661661,-21.444046,26.71853
1970-01-01 00:11:45,9102.511,125.30454,349.50958,0.09016458,0.89821213,25.442303
1970-01-01 00:11:46,9190.291,126.5576,759.1541,-0.6027346,-19.757294,24.645763
1970-01-01 00:11:47,9080.222,121.28468,934.93414,3.0280614,-5.451092,24.123528
1970-01-01 00:11:48,9295.596,127.214645,1285.8187,0.23177983,10.86143,23.48749
1970-01-01 00:11:49,9289.39,124.23582,1101.0082,-0.40697148,1.571176,22.411945
1970-01-01 00:11:50,9338.988,131.34222,1084.8501,3.5092437,-15.01894,22.491928
1970-01-01 00:11:51,9177.015,126.10492,796.09576,-1.4477292,13.386059,23.601347
1970-01-01 00:11:52,9414.587,124.51498,1016.18396,2.4764686,-11.939125,23.399527
1970-01-01 00:11:53,9259.09,123.583466,482.6162,4.699916,-8.966141,23.901966
1970-01-01 00:11:54,9318.534,120.95678,931.8405,0.7191879,-9.6517105,25.106804
1970-01-01 00:11:55,9271.31,115.78759,790.146,-0.32952592,-6.063442,25.651531
1970-01-01 00:11:56,9423.834,124.50223,859.17035,2.700138,-17.217567,24.724007
1970-01-01 00:11:57,9295.338,123.91138,812.10535,1.3089241,-15.682502,25.20685
1970-01-01 00:11:58,9407.789,121.26221,814.3008,2.0915334,-14.413399,24.848808
1970-01-01 00:11:59,9302.907,126.78127,910.8239,0.12532586,6.666924,25.003605
1970-01-01 00:12:00,9267.18,122.45067,628.1976,0.4216091,6.6064944,25.399197
1970-01-01 00:12:01,9358.616,119.975464,1348.4069,4.804021,9.54383,24.977861
1970-01-01 00:12:02,9324.114,124.34574,650.2637,0.28109476,-10.5478,23.326488
1970-01-01 00:12:03,9337.351,120.481224,844.42334,7.2587676,15.125004,24.002977
1970-01-01 00:12:04,9486.364,130.62599,805.60126,3.6177955,-3.7138524,25.124573
1970-01-01 00:12:05,9653.789,122.208466,503.1868,2.8894682,-4.3548226,24.891193
1970-01-01 00:12:06,9517.625,116.80784,913.13605,2.466643,-3.6661205,24.604925
1970-01-01 00:12:07,9409.227,124.840485,720.9816,2.228384,-8.723697,24.503006
1970-01-01 00:12:08,9408.103,118.946846,823.0318,7.414591,19.896015,24.38047
1970-01-01 00:12:09,9424.057,120.95376,1212.7775,0.5835341,4.6132026,26.357756
1970-01-01 00:12:10,9355.199,122.15468,1033.3396,-1.5268077,1.7526037,26.563478
1970-01-01 00:12:11,9410.291,121.68701,1056.237,2.592382,-3.8222244,26.330118
1970-01-01 00:12:12,9412.898,132.37192,623.35175,4.470867,11.218998,25.3271
1970-01-01 00:12:13,9558.428,128.50885,886.3694,4.6119666,7.8258033,25.53519
1970-01-01 00:12:14,9512.126,115.15612,603.8289,4.65411,-1.5742991,24.130161
1970-01-01 00:12:15,9539.921,127.75357,767.6539,2.520446,3.452262,24.222147
1970-01-01 00:12:16,9567.311,120.38673,937.29816,6.821089,6.2347746,24.34587
1970-01-01 00:12:17,9593.751,124.91853,717.0082,1.5749345,4.877028,25.456282
1970-01-01 00:12:18,9478.937,124.8374,739.9005,1.8665855,-17.075428,25.544994
1970-01-01 00:12:19,9770.724,123.85379,652.39215,5.9836874,-5.9248447,26.170298
1970-01-01 00:12:20,9510.338,126.17123,674.8752,2.2644715,3.1605177,25.710379
1970-01-01 00:12:21,9736.624,124.322556,564.035,2.2189007,10.227516,23.912735
1970-01-01 00:12:22,9565.935,125.26223,872.8042,-2.2759814,-1.93519,24.586895
1970-01-01 00:12:23,9656.42,124.09406,548.95825,4.264963,13.272141,22.945744
1970-01-01 00:12:24,9781.673,119.50822,159.53398,-1.8307041,-2.083191,23.767683
1970-01-01 00:12:25,9738.569,126.75548,687.93896,7.2629037,4.7739906,24.55273
1970-01-01 00:12:26,9804.589,121.17518,1051.1798,2.518222,21.140585,25.41366
1970-01-01 00:12:27,9736.37,121.490295,593.6383,-3.236355,3.6631427,24.105516
1970-01-01 00:12:28,9491.086,121.12625,1023.64484,0.38630205,-16.166832,24.87703
1970-01-01 00:12:29,9568.931,135.13911,588.9308,5.635376,-20.081272,25.050268
1970-01-01 00:12:30,9689.072,126.10528,801.20636,2.1884627,1.1687732,25.090054
1970-01-01 00:12:31,9798.938,131.32138,730.02936,-5.1602216,-13.809905,25.738811
1970-01-01 00:12:32,9784.095,128.8876,479.91495,5.010573,13.709721,25.993025
1970-01-01 00:12:33,9806.303,119.858406,970.1667,1.7967807,10.9048815,26.540737
1970-01-01 00:12:34,9921.196,118.952065,765.20087,-1.2613587,-18.866985,26.133549
1970-01-01 00:12:35,9862.58,121.701294,705.38135,0.5420518,7.897175,27.352709
1970-01-01 00:12:36,9730.526,120.58324,791.5667,-0.9943325,6.6794605,28.112427
1970-01-01 00:12:37,9737.302,125.91031,1075.5348,-0.6263207,15.9076395,29.395027
1970-01-01 00:12:38,9777.945,126.51687,1059.1042,2.768939,-11.252598,29.307165
1970-01-01 00:12:39,9791.656,127.5718,665.1702,-2.0217607,4.7484894,28.328451
1970-01-01 00:12:40,9786.017,126.85993,913.1545,-1.2378411,-10.274801,29.015642
1970-01-01 00:12:41,9802.472,119.961266,830.78436,2.9996433,8.044469,28.288136
1970-01-01 00:12:42,9845.999,120.96783,706.14905,4.47951,16.15534,25.629314
1970-01-01 00:12:43,10015.059,126.20841,695.1821,6.289648,-6.787878,25.054234
1970-01-01 00:12:44,9933.768,129.43527,913.04706,4.312286,4.3302417,24.239674
1970-01-01 00:12:45,10017.984,117.02137,629.4296,-0.46426892,11.62894,24.198767
1970-01-01 00:12:46,9822.306,126.0743,1016.4729,6.2947073,3.6766348,25.195135
1970-01-01 00:12:47,10045.705,116.43934,978.50806,1.9807408,-3.9845862,26.274464
1970-01-01 00:12:48,10017.226,122.34871,1124.3789,1.2237687,-11.18929,27.340534
1970-01-01 00:12:49,9981.498,134.52934,1163.3813,-3.924188,20.711466,26.958715
1970-01-01 00:12:50,9950.982,127.796524,652.92255,1.8485068,9.700706,27.469273
1970-01-01 00:12:51,9877.023,128.16039,515.40784,-1.1770546,-9.123361,26.17394
1970-01-01 00:12:52,10056.715,123.27665,1001.28143,8.067607,-17.85984,26.087955
1970-01-01 00:12:53,9948.139,118.66617,1255.4274,4.4803457,-15.223811,26.364065
1970-01-01 00:12:54,9947.031,128.02078,814.2058,5.7405534,-12.322394,25.682383
1970-01-01 00:12:55,10111.017,124.83616,805.0091,4.6575303,-12.369781,25.446142
1970-01-01 00:12:56,10043.655,126.11197,915.21173,-1.8364513,-7.650259,28.105623
1970-01-01 00:12:57,10091.002,127.61588,889.1796,2.0040185,-3.0863175,27.825998
1970-01-01 00:12:58,10062.111,129.93063,1323.9731,3.6953287,7.0497975,27.327095
1970-01-01 00:12:59,10083.355,122.86154,631.0732,1.3811812,2.3603556,25.53347
1970-01-01 00:13:00,10070.928,118.64015,720.3018,2.2022736,-0.2887215,26.24734
1970-01-01 00:13:01,10098.554,126.097786,687.95123,0.7202168,-7.5926538,26.97767
1970-01-01 00:13:02,10206.447,127.734764,1232.3186,0.003771061,-4.3563666,27.262737
1970-01-01 00:13:03,10177.79,124.58398,856.244,4.0862665,-0.019343458,27.293684
1970-01-01 00:13:04,10152.178,131.64067,761.7564,1.3431226,-24.533848,27.976353
1970-01-01 00:13:05,10148.369,131.642,564.4542,-1.1954048,-16.950762,29.13964
1970-01-01 00:13:06,10138.795,131.13484,574.1279,6.135455,12.735322,29.876049
1970-01-01 00:13:07,10127.584,126.30212,1013.23816,1.6371062,17.301256,30.044708
1970-01-01 00:13:08,10350.965,132.91034,711.7869,2.1145797,5.9817934,29.574678
1970-01-01 00:13:09,10320.677,122.55229,1117.7435,-1.9538386,12.428333,29.83237
1970-01-01 00:13:10,10162.946,125.18438,452.06604,3.1040273,-9.464331,
1970-01-01 00:13:11,10211.37,122.72128,295.82767,2.4293919,1.0948367,29.319891
1970-01-01 00:13:12,10271.192,127.87227,802.2634,0.8671991,2.8186297,30.401407
1970-01-01 00:13:13,10236.67,121.5466,623.3953,3.9321268,15.955087,31.831022
1970-01-01 00:13:14,10200.181,121.36874,755.4885,-1.0363544,8.208739,31.721678
1970-01-01 00:13:15,10291.538,127.5313,752.6697,-5.6289506,-2.586475,31.610802
1970-01-01 00:13:16,10207.631,124.67283,814.55634,-0.30829033,0.19644992,31.980768
1970-01-01 00:13:17,10251.855,122.51312,785.9611,-0.3531337,3.2808893,32.145683
1970-01-01 00:13:18,10347.956,132.92166,1078.0404,0.075170435,-14.184614,31.658085
1970-01-01 00:13:19,10309.525,119.32498,976.54944,-1.2973111,15.676484,31.706715
1970-01-01 00:13:20,10269.875,121.3058,623.52747,-0.38486797,4.8484216,32.47851
1970-01-01 00:13:21,10526.519,131.3951,994.2523,0.6848286,-0.5182299,33.571262
1970-01-01 00:13:22,10252.365,125.425064,930.114,1.4229678,-7.447972,34.004993
1970-01-01 00:13:23,10377.379,127.30051,809.1984,-2.7867785,-2.568864,33.039783
1970-01-01 00:13:24,10567.871,126.31449,709.8142,-0.66471136,-0.6818538,33.726215
1970-01-01 00:13:25,10569.602,124.01175,816.1314,1.3004261,-22.9253,34.869167
1970-01-01 00:13:26,10452.169,128.84854,843.9271,-2.6525505,27.296917,33.86024
1970-01-01 00:13:27,10516.292,131.44562,1014.4695,3.1547196,-5.9115634,33.406647
1970-01-01 00:13:28,10465.371,125.517365,817.60016,6.430331,4.38357,35.342697
1970-01-01 00:13:29,10592.442,131.99178,768.143,1.683778,-0.4094963,35.44288
1970-01-01 00:13:30,10551.169,123.121735,827.7994,2.8771923,2.7737157,35.04429
1970-01-01 00:13:31,10699.307,123.07616,465.08237,3.8272722,10.721492,34.90157
1970-01-01 00:13:32,10539.265,124.12578,712.0104,-0.7620001,7.902252,35.025227
1970-01-01 00:13:33,10513.604,125.95501,857.9297,-3.5439682,0.0433402,35.579548
1970-01-01 00:13:34,10541.73,124.41852,650.3272,8.106034,9.15546,35.623337
1970-01-01 00:13:35,10640.01,129.31142,887.5253,4.2560835,13.50001,34.830406
1970-01-01 00:13:36,10553.492,120.816826,504.9837,0.34868914,9.543391,33.677906
1970-01-01 00:13:37,10746.17,123.922676,859.774,0.574929,6.688936,32.35299
1970-01-01 00:13:38,10775.029,123.524704,488.8759,0.048542667,14.908431,33.21855
1970-01-01 00:13:39,10592.253,130.7649,1198.0696,5.3844557,-3.7314365,33.490215
1970-01-01 00:13:40,10784.509,129.78369,685.23724,4.9133973,13.196642,34.360527
1970-01-01 00:13:41,10698.422,126.78461,678.92706,4.2178373,,35.18773
1970-01-01 00:13:42,10775.663,129.25053,989.0846,0.5578951,-11.408708,35.536533
1970-01-01 00:13:43,10682.31,127.69913,629.6472,-3.4869564,18.582127,36.546005
1970-01-01 00:13:44,10602.604,125.82039,896.4411,3.1176338,-0.6917174,36.753174
1970-01-01 00:13:45,10810.9795,125.5112,577.2546,-1.3448983,-11.031965,35.27249
1970-01-01 00:13:46,10785.612,127.20053,544.2084,-1.5621439,-5.739687,36.622227
1970-01-01 00:13:47,10848.511,122.5507,709.00336,1.6463239,10.710942,35.199814
1970-01-01 00:13:48,10750.545,130.65375,777.5261,4.04867,-13.613799,35.632244
1970-01-01 00:13:49,10826.307,134.28868,681.85425,1.8932145,2.9820404,35.698486
1970-01-01 00:13:50,10806.45,127.429184,714.6145,3.5028527,1.7313694,35.224483
1970-01-01 00:13:51,10799.465,121.91996,731.67786,5.814579,15.85802,36.3763
1970-01-01 00:13:52,10777.597,125.666016,1008.9147,-1.6846288,1.3742013,35.224712
1970-01-01 00:13:53,10756.181,119.296555,837.6802,5.4977117,9.950219,36.211246
1970-01-01 00:13:54,10814.256,126.58181,842.3391,3.7055948,-17.91665,35.73947
1970-01-01 00:13:55,10799.775,112.77245,1263.4387,-3.402348,-13.0747385,35.24477
1970-01-01 00:13:56,10960.741,130.1323,820.5796,-2.38091,-1.8943533,35.414547
1970-01-01 00:13:57,10807.851,120.40546,840.9365,0.3298666,-9.999911,35.37378
1970-01-01 00:13:58,10924.677,126.55808,615.8231,0.948719,1.7246238,36.72502
1970-01-01 00:13:59,10802.779,123.413826,937.2308,4.475234,4.562456,37.656685
1970-01-01 00:14:00,10862.043,126.75804,1427.7751,1.7218546,-7.3611045,36.82814
1970-01-01 00:14:01,11001.254,125.9809,1028.311,6.9766703,-6.929493,36.904774
1970-01-01 00:14:02,10832.458,124.89045,483.22824,5.6983957,-1.8539727,36.534294
1970-01-01 00:14:03,11139.171,122.84896,503.3037,5.906852,1.2425388,36.823116
1970-01-01 00:14:04,10949.39,128.69724,820.4383,-2.3038046,3.9529662,37.23739
1970-01-01 00:14:05,10972.854,125.31773,602.3602,-0.4285442,4.4083023,38.90348
1970-01-01 00:14:06,11018.749,134.97011,451.2921,-3.2647488,-3.9004948,39.595757
1970-01-01 00:14:07,11123.636,129.52687,904.8457,-4.234648,-5.9391174,39.62827
1970-01-01 00:14:08,10967.565,127.07614,737.2359,0.85545725,-11.523183,39.061115
1970-01-01 00:14:09,,125.64181,579.935,-0.27080238,11.719276,38.950462
1970-01-01 00:14:10,11042.698,126.82178,869.8609,3.5002046,23.958254,38.42381
1970-01-01 00:14:11,11074.235,123.033264,1158.8666,1.2320722,4.2882247,39.33789
1970-01-01 00:14:12,11055.125,126.75964,594.08954,4.574126,-12.713997,40.535572
1970-01-01 00:14:13,11159.515,122.232895,871.91626,-0.6932322,11.083765,40.893635
1970-01-01 00:14:14,,136.53072,525.3909,0.16897224,8.229219,41.52217
1970-01-01 00:14:15,11172.794,121.159706,882.86383,8.1890745,-10.2936735,41.6932
1970-01-01 00:14:16,11030.6455,135.2569,633.49133,-0.39995438,6.581529,40.952602
1970-01-01 00:14:17,11183.92,121.14402,732.8003,1.8231372,8.293278,40.67732
1970-01-01 00:14:18,11200.465,124.84329,665.9967,6.5972924,-13.245806,41.470158
1970-01-01 00:14:19,11090.062,122.814644,639.864,0.037616637,16.52454,40.67395
1970-01-01 00:14:20,11183.702,124.045616,274.21048,2.6830409,-6.8675804,41.106552
1970-01-01 00:14:21,11118.917,126.01383,608.6011,6.273299,-11.295393,39.997967
1970-01-01 00:14:22,11182.41,130.5118,714.74713,0.7118983,18.91745,41.251556
1970-01-01 00:14:23,11133.952,128.53131,551.0858,4.383529,2.1620846,39.964157
1970-01-01 00:14:24,11286.395,131.98416,511.37003,-3.232188,-4.9049406,40.669075
1970-01-01 00:14:25,11247.57,124.76145,550.4975,-0.6128374,13.052607,42.687103
1970-01-01 00:14:26,11257.784,131.84013,755.20807,1.4026316,-9.501027,41.0056
1970-01-01 00:14:27,11221.615,129.01045,885.9662,0.43175706,-4.8024116,41.693386
1970-01-01 00:14:28,11206.499,126.707275,887.09265,0.50571984,8.70657,44.3031
1970-01-01 00:14:29,11395.936,125.13574,1032.2733,-1.1946929,-3.5496364,44.11977
1970-01-01 00:14:30,11383.598,121.64749,613.4417,-0.26579267,-25.687656,43.457813
1970-01-01 00:14:31,11278.698,137.21819,921.5208,1.4714577,-3.0890975,43.81482
1970-01-01 00:14:32,11215.896,116.37947,532.06964,1.2405832,-11.544838,44.873978
1970-01-01 00:14:33,11304.13,124.767746,873.1344,5.1833277,3.9420247,42.79386
1970-01-01 00:14:34,11185.516,128.02927,611.7432,4.459968,-6.638237,42.683468
1970-01-01 00:14:35,11352.708,122.29412,878.7546,-1.3194283,-6.663677,41.94852
1970-01-01 00:14:36,11454.484,133.62035,775.59607,3.072366,14.952824,42.0991
1970-01-01 00:14:37,11273.463,127.12733,557.5601,2.779486,-2.207658,40.176476
1970-01-01 00:14:38,11359.587,129.92628,835.9909,6.0924,-11.3283825,41.664642
1970-01-01 00:14:39,11547.156,123.974594,501.4355,5.896528,9.831656,42.119576
1970-01-01 00:14:40,11479.607,126.50073,531.77203,0.23409753,0.0149928555,41.731953
1970-01-01 00:14:41,11500.377,135.26234,861.9904,0.8119271,-9.036355,41.506645
1970-01-01 00:14:42,11498.417,126.02714,909.809,-3.4141643,13.123561,41.41324
1970-01-01 00:14:43,11534.375,132.36201,567.76074,3.3448613,-4.0492134,43.283176
1970-01-01 00:14:44,11547.096,128.47525,859.6001,0.48604617,10.110256,42.137005
1970-01-01 00:14:45,11597.441,130.07782,961.85596,0.1035181,9.31081,41.475468
1970-01-01 00:14:46,11517.374,130.20699,813.39197,-0.048275284,12.90488,40.818336
1970-01-01 00:14:47,11490.826,121.677055,827.5734,-0.5381156,1.8319415,41.797237
1970-01-01 00:14:48,11490.153,127.03595,713.9678,-4.540182,8.685952,44.040585
1970-01-01 00:14:49,11571.3545,121.7114,550.47174,0.8514751,8.774164,43.062843
1970-01-01 00:14:50,11471.861,119.830154,955.61597,-1.0651009,-4.589028,42.840946
1970-01-01 00:14:51,11519.494,121.49705,539.53217,-0.98282504,-8.697099,44.195007
1970-01-01 00:14:52,11666.539,119.588554,1005.8471,-0.5453568,-8.414766,42.865692
1970-01-01 00:14:53,11599.469,131.71877,905.0473,-0.7139135,-2.9495049,43.036064
1970-01-01 00:14:54,11591.461,129.40483,,-4.8302326,-28.643896,41.321022
1970-01-01 00:14:55,11606.56,122.43987,476.79858,1.6546626,-5.8643546,39.860962
1970-01-01 00:14:56,11647.801,126.675,875.48987,0.6731142,-3.1341574,38.87157
1970-01-01 00:14:57,11664.749,132.90408,1069.109,7.970086,4.749239,38.645798
1970-01-01 00:14:58,11780.831,126.436195,691.34735,0.2760237,5.160997,38.390076
1970-01-01 00:14:59,11837.801,129.23512,815.334,10.541154,2.2873108,37.55837
1970-01-01 00:15:00,11621.091,128.1254,701.1258,2.0808372,5.782118,38.85717
1970-01-01 00:15:01,11644.869,126.59538,569.51447,2.113713,4.093026,41.13409
1970-01-01 00:15:02,11626.215,129.96703,890.32245,1.9663826,11.790336,38.85746
1970-01-01 00:15:03,11671.818,125.45758,959.0294,3.5846224,-6.85346,39.50079
1970-01-01 00:15:04,11681.707,113.233795,715.9511,0.46912476,-11.931039,40.924103
1970-01-01 00:15:05,11702.806,131.50745,570.9808,5.891265,,40.66117
1970-01-01 00:15:06,11807.052,134.32729,756.3431,-0.49312472,1.5356855,41.714764
1970-01-01 00:15:07,11883.12,126.96504,594.40186,3.5053065,-2.4454348,41.700176
1970-01-01 00:15:08,11872.069,127.272804,990.6373,1.548204,-0.48668104,41.259705
1970-01-01 00:15:09,11925.642,140.62178,563.1685,7.366015,2.5444186,38.780415
1970-01-01 00:15:10,11777.409,129.12296,799.11743,1.3830941,-6.128749,36.84872
1970-01-01 00:15:11,11818.645,124.21483,800.9678,2.0537457,-15.81636,37.167698
1970-01-01 00:15:12,11902.795,124.547676,1163.8373,2.6688285,-9.900542,35.682774
1970-01-01 00:15:13,11855.124,127.48144,863.3012,2.7776933,0.43086913,36.35299
1970-01-01 00:15:14,11813.724,138.40921,993.35175,3.0967627,18.231276,37.225063
1970-01-01 00:15:15,11828.7,129.9944,436.88647,0.95696217,-9.22299,36.141396
1970-01-01 00:15:16,11882.66,123.954475,1084.7456,6.9424844,-5.1241293,35.919727
1970-01-01 00:15:17,11861.313,124.5276,854.44836,-0.19454831,-0.41731694,35.472797
1970-01-01 00:15:18,11939.7705,129.85081,874.6889,-4.217995,-6.603548,35.52557
1970-01-01 00:15:19,12045.943,122.06374,1177.6516,5.4600177,-9.035087,35.825985
1970-01-01 00:15:20,,117.560165,748.2096,4.9501233,14.265702,35.104557
1970-01-01 00:15:21,11850.97,,758.64435,6.9844174,14.864029,35.915775
1970-01-01 00:15:22,11977.896,128.72067,833.0928,0.20177731,6.766239,35.346416
1970-01-01 00:15:23,12067.196,118.90088,613.10596,-1.1663601,8.234972,35.0609
1970-01-01 00:15:24,12076.024,125.50328,865.5631,3.3199358,-11.573384,34.827187
1970-01-01 00:15:25,12139.757,128.339,-14.05556,-4.6742845,2.4853625,35.463333
1970-01-01 00:15:26,11869.233,129.63097,235.68924,6.310265,1.9548057,35.900925
1970-01-01 00:15:27,12115.8,124.759285,-234.14548,5.4117146,-5.71646,35.72829
1970-01-01 00:15:28,12003.385,128.2853,-204.19698,,6.4539695,36.838005
1970-01-01 00:15:29,12048.899,130.2913,13.718573,8.020599,21.602997,35.388508
1970-01-01 00:15:30,12075.261,127.82467,170.23373,0.2943161,-23.356194,35.29538
1970-01-01 00:15:31,12040.318,127.19207,,5.857005,-17.306572,35.014515
1970-01-01 00:15:32,12007.494,130.36227,-76.52567,3.7434177,11.468616,36.451733
1970-01-01 00:15:33,12063.285,133.63109,-101.85638,5.602636,1.0642272,37.258293
1970-01-01 00:15:34,12115.133,131.01334,-133.41707,3.7938085,-7.513708,35.529324
1970-01-01 00:15:35,11970.364,125.43221,98.80058,5.7333107,5.8752136,35.5257
1970-01-01 00:15:36,11933.769,133.87689,76.76416,1.8883612,8.223874,34.319355
1970-01-01 00:15:37,11998.946,136.68086,31.311687,2.3943884,7.7981243,34.84928
1970-01-01 00:15:38,12070.223,129.52196,26.28129,-1.6234906,4.308296,34.524727
1970-01-01 00:15:39,11951.54,122.72643,124.48395,-0.8147166,-14.095643,34.24954
1970-01-01 00:15:40,11986.423,128.92715,221.04855,-3.8330903,-1.5891824,34.16759
1970-01-01 00:15:41,11839.088,132.06956,36.623444,-1.7075038,17.711445,34.612778
1970-01-01 00:15:42,11806.32,138.49123,195.90686,6.261215,-2.1286573,33.928516
1970-01-01 00:15:43,11904.708,124.1914,-32.917583,5.657314,2.7011287,35.443233
1970-01-01 00:15:44,11979.534,123.461395,30.21997,2.724466,1.6539996,34.079662
1970-01-01 00:15:45,11919.956,130.77084,62.90368,-3.0521257,-8.51617,33.35773
1970-01-01 00:15:46,11971.775,132.83737,-57.277527,4.2132325,8.730971,35.34341
1970-01-01 00:15:47,12057.716,123.67819,65.552734,-1.9990703,-6.634205,34.103844
1970-01-01 00:15:48,12017.1455,127.27303,26.167358,0.4362638,-0.90216863,34.726192
1970-01-01 00:15:49,12032.507,130.266,33.42103,-0.13326955,-17.178106,33.308937
1970-01-01 00:15:50,11995.794,127.06442,-145.1713,7.9696083,0.9473425,30.59777
1970-01-01 00:15:51,12010.144,127.861984,-76.599014,-1.0569873,9.87536,29.115822
1970-01-01 00:15:52,11981.079,127.83565,-31.804104,4.207645,13.562809,28.469837
1970-01-01 00:15:53,11942.769,132.6461,-261.55014,-1.442758,15.286725,29.205137
1970-01-01 00:15:54,12082.271,125.47231,-185.5147,4.7316575,-15.457662,28.215714
1970-01-01 00:15:55,11932.232,125.493835,164.1691,3.4250996,7.694981,27.26491
1970-01-01 00:15:56,11882.95,125.77615,157.75339,4.059125,-20.482712,27.490211
1970-01-01 00:15:57,11936.173,129.86017,-54.705883,2.7073462,2.3958979,27.398155
1970-01-01 00:15:58,11958.216,138.45801,24.823904,1.1896807,-10.973315,25.628832
1970-01-01 00:15:59,12170.72,125.2292,474.69763,5.873884,-7.196,25.549776
1970-01-01 00:16:00,12030.437,129.12608,196.1284,3.761765,-0.8382487,25.664497
1970-01-01 00:16:01,11903.077,129.77866,5.3622236,2.822058,4.4853845,25.602959
1970-01-01 00:16:02,11990.359,124.94419,-18.361782,-0.14400548,-10.419398,26.02856
1970-01-01 00:16:03,11943.934,130.11266,59.632576,-4.141924,-5.4170594,27.250397
1970-01-01 00:16:04,12037.474,127.51552,151.18448,-3.4796023,7.552714,29.237185
1970-01-01 00:16:05,11942.6875,126.20769,111.53189,-2.5659573,-18.237972,27.626099
1970-01-01 00:16:06,12023.981,,-162.73698,-2.6794925,-17.40639,28.43854
1970-01-01 00:16:07,11953.525,128.40659,160.92676,1.284751,13.102168,30.011724
1970-01-01 00:16:08,11915.514,129.9919,245.53278,2.9544802,6.808178,32.36418
1970-01-01 00:16:09,11932.22,135.18211,298.29825,2.3044188,4.525243,33.33977
1970-01-01 00:16:10,12000.871,136.82195,-72.98518,0.7292788,23.515898,34.2663
1970-01-01 00:16:11,11933.645,132.84378,-288.99597,0.34217104,19.653667,34.374523
1970-01-01 00:16:12,12051.949,132.46246,8.132876,0.48046288,1.73276,33.974026
1970-01-01 00:16:13,11979.343,133.88474,-113.20667,7.6321254,-8.095397,34.416473
1970-01-01 00:16:14,12061.794,124.80631,79.56881,0.38277024,12.935727,35.785564
1970-01-01 00:16:15,11957.441,126.51567,-86.56522,2.638278,9.115526,36.70749
1970-01-01 00:16:16,11974.31,127.90801,-261.63644,2.4711788,-16.39104,35.25213
1970-01-01 00:16:17,11974.51,130.02122,-492.83325,3.1385517,2.2775068,35.53509
1970-01-01 00:16:18,11920.798,128.54971,-169.91081,4.8921003,6.1745,35.307896
1970-01-01 00:16:19,12039.808,128.12546,522.75555,9.028373,-19.598816,35.73186
1970-01-01 00:16:20,12068.703,129.80249,78.94902,5.8571506,9.163617,35.945
1970-01-01 00:16:21,11890.394,128.36858,-73.36793,5.928019,-3.14325,35.689983
1970-01-01 00:16:22,11990.599,127.39672,-5.8122163,5.0038567,-10.366057,35.217266
1970-01-01 00:16:23,11933.196,126.72608,-285.92252,2.2239234,-13.326346,35.17314
1970-01-01 00:16:24,11924.929,125.32802,-70.56883,7.4927235,-3.0382612,36.58303
1970-01-01 00:16:25,11986.603,133.61555,-9.67896,3.9644585,-12.654468,37.87843
1970-01-01 00:16:26,11916.782,132.49821,205.69897,1.4342415,4.747711,36.32661
1970-01-01 00:16:27,12151.434,128.15315,-231.9612,3.7624876,7.1453876,36.042633
1970-01-01 00:16:28,12019.276,132.3554,-165.66846,4.153778,-8.90881,36.53309
1970-01-01 00:16:29,11916.557,133.60243,232.27486,5.662031,-3.9144697,36.86413
1970-01-01 00:16:30,12024.794,130.86246,79.14228,0.07187973,7.7376995,36.17151
1970-01-01 00:16:31,12012.931,130.03342,-41.588623,4.722645,4.9510174,36.562283
1970-01-01 00:16:32,11947.234,128.38461,-548.2165,0.6916295,-9.545173,34.55704
1970-01-01 00:16:33,12004.299,132.57306,-268.28677,5.853203,-7.337643,34.661617
1970-01-01 00:16:34,12043.726,140.1256,91.186104,3.5885797,6.070666,33.48634
1970-01-01 00:16:35,12008.999,130.43077,-405.48697,1.2797002,0.8552508,32.59805
1970-01-01 00:16:36,11862.943,128.65718,-314.21503,4.169717,9.950856,32.049873
1970-01-01 00:16:37,11937.233,130.32195,144.97202,0.8910134,-4.491855,31.530704
1970-01-01 00:16:38,11975.847,134.86732,82.887886,5.5606346,13.8773,31.29271
1970-01-01 00:16:39,11783.674,126.112305,-72.51359,6.0131006,-0.7712287,33.702393
1970-01-01 00:16:40,12098.631,130.72534,134.9062,3.4440885,3.3134735,31.941723
1970-01-01 00:16:41,12091.002,129.38297,196.68448,-4.298215,5.318401,31.064207
1970-01-01 00:16:42,12103.805,123.80667,316.53812,0.36583734,4.916971,31.052519
1970-01-01 00:16:43,11968.509,135.10226,-103.68101,3.5094876,-9.70612,31.094845
1970-01-01 00:16:44,12012.806,129.84837,94.877045,3.1300814,18.424755,31.624004
1970-01-01 00:16:45,12125.97,131.97075,-84.321075,-0.6962479,19.036268,30.62362
1970-01-01 00:16:46,11909.424,130.77235,119.460396,2.2742486,8.404735,29.87688
1970-01-01 00:16:47,11895.9375,132.88824,-383.30133,-2.4966185,-12.412406,31.236383
1970-01-01 00:16:48,12038.761,123.50902,95.18667,4.627374,0.82030743,30.14162
1970-01-01 00:16:49,11914.198,131.48145,28.97471,0.5437437,-0.7959491,30.702436
1970-01-01 00:16:50,12049.277,126.71933,143.65466,-1.6427684,-2.6437066,29.929064
1970-01-01 00:16:51,12007.635,129.77243,-144.8198,4.054599,-3.1436923,28.96351
1970-01-01 00:16:52,11929.747,125.33192,-47.16874,-0.5809958,-1.1859639,28.463139
1970-01-01 00:16:53,11955.539,128.48625,209.0426,-0.72273505,7.4161367,27.429907
1970-01-01 00:16:54,11887.234,128.75015,302.57434,0.6102677,9.941684,26.271353
1970-01-01 00:16:55,11943.024,127.945526,-190.80675,4.0176883,-7.7337785,24.322058
1970-01-01 00:16:56,11930.48,129.0481,-243.25899,1.4849842,6.0802097,25.053766
1970-01-01 00:16:57,11907.495,128.80914,-430.61664,-0.18076468,-1.1657375,25.28619
1970-01-01 00:16:58,12054.154,139.17691,-214.32138,-2.3920531,11.390776,24.886003
1970-01-01 00:16:59,11942.233,127.5627,318.11826,-3.383198,-8.802488,24.491781
1970-01-01 00:17:00,12126.875,130.56085,-248.7277,2.5782452,1.7933993,22.396435
1970-01-01 00:17:01,12042.155,130.01097,-9.09502,3.176448,-7.161532,22.480648
1970-01-01 00:17:02,12059.458,128.21599,-98.83962,3.473103,10.364357,21.22093
1970-01-01 00:17:03,12040.941,133.23549,134.88864,1.4803472,-9.624297,21.985203
1970-01-01 00:17:04,11891.126,134.48029,-421.3347,-0.60468036,-10.383494,21.334759
1970-01-01 00:17:05,11902.173,131.98174,183.8914,3.0863,-0.030143343,21.446901
1970-01-01 00:17:06,12242.513,125.94507,71.65615,0.8588949,2.0555027,20.813725
1970-01-01 00:17:07,11999.799,128.06029,163.3613,-2.221833,-4.7860456,22.048836
1970-01-01 00:17:08,12062.682,131.27025,-127.98097,0.67621255,-2.3887112,22.27428
1970-01-01 00:17:09,11975.655,129.86064,352.57364,1.5783855,-0.20167579,24.033203
1970-01-01 00:17:10,11981.4375,133.86989,40.60866,0.3781642,13.810007,24.391014
1970-01-01 00:17:11,11807.802,132.16782,-19.565763,1.9126633,4.3628926,24.169357
1970-01-01 00:17:12,11902.888,131.76117,-115.43592,2.8311539,7.7750683,23.582111
1970-01-01 00:17:13,12055.542,129.95169,-252.20396,2.8889434,7.4629703,23.916891
1970-01-01 00:17:14,11984.353,130.51706,-122.86514,6.0843368,14.239667,23.24766
1970-01-01 00:17:15,11847.114,132.1651,77.74058,2.490107,-7.8506336,23.549015
1970-01-01 00:17:16,11961.146,124.47126,-523.50134,6.35548,-4.2591853,23.958015
1970-01-01 00:17:17,11948.3955,141.72438,-21.376322,8.058465,1.3697003,23.615711
1970-01-01 00:17:18,11944.998,130.59665,-315.50723,4.677226,-14.103498,24.299978
1970-01-01 00:17:19,11913.367,134.63518,-153.9692,-0.7130274,5.7183886,25.096384
1970-01-01 00:17:20,12006.787,132.3385,-392.8903,4.9222856,-1.2437633,24.944767
1970-01-01 00:17:21,12077.817,137.39684,6.239254,-1.5402299,-3.9954455,24.384426
1970-01-01 00:17:22,12050.18,128.66826,-4.7740164,6.2263227,9.837238,25.733017
1970-01-01 00:17:23,11992.297,132.34312,110.97387,2.9654922,3.4188654,26.781519
1970-01-01 00:17:24,11993.191,126.77346,-205.46198,6.329209,4.3416805,27.242182
1970-01-01 00:17:25,11900.708,125.02371,-354.48468,4.164918,-4.329952,28.143904
1970-01-01 00:17:26,11967.116,130.3726,-120.06465,-1.2815793,-8.141768,27.344421
1970-01-01 00:17:27,11899.126,129.61768,-232.28075,4.613239,-10.047183,26.07385
1970-01-01 00:17:28,12071.61,131.22543,-83.91578,3.3598907,1.7076237,25.324356
1970-01-01 00:17:29,12065.422,134.74391,-72.773125,3.2507021,-3.1160867,24.620983
1970-01-01 00:17:30,11941.854,127.24143,-204.94832,0.9041351,9.735494,24.219774
1970-01-01 00:17:31,12072.966,130.80038,91.4684,5.4068556,-4.279304,23.112507
1970-01-01 00:17:32,12132.963,130.19756,10.286248,1.7520801,-7.0037956,22.950153
1970-01-01 00:17:33,12186.097,128.5575,242.39127,-0.58624977,-0.26568538,23.23499
1970-01-01 00:17:34,12105.486,125.06106,-205.78911,4.385163,7.458009,23.675802
1970-01-01 00:17:35,11892.991,129.32059,60.59073,-1.839858,13.150459,25.04202
1970-01-01 00:17:36,11962.366,128.11194,-150.6748,3.9872637,-7.7223787,23.120686
1970-01-01 00:17:37,11884.964,131.47935,-102.658966,1.0314666,7.258408,21.695406
1970-01-01 00:17:38,12140.017,136.64926,51.79891,1.2737936,11.231353,21.475986
1970-01-01 00:17:39,11970.905,,-248.40671,6.200568,2.9444282,22.107965
1970-01-01 00:17:40,12017.936,135.28189,267.73895,4.8818016,-1.2902119,22.565197
1970-01-01 00:17:41,12115.995,132.67007,-9.023716,2.5297985,15.754912,23.471226
1970-01-01 00:17:42,12032.753,132.3227,-43.585762,0.14962704,-6.212655,23.538124
1970-01-01 00:17:43,12055.6045,132.8149,360.02515,-4.027326,-5.9863396,23.134544
1970-01-01 00:17:44,12032.262,134.48625,-69.38195,1.0312873,-9.13264,23.59454
1970-01-01 00:17:45,12161.956,135.65755,212.49323,-1.0572333,-12.202707,23.642475
1970-01-01 00:17:46,12022.228,133.69536,-26.512337,6.0940337,-5.68105,23.54485
1970-01-01 00:17:47,12035.913,129.90526,-37.44252,-0.7333967,-1.572701,22.821075
1970-01-01 00:17:48,11948.448,126.30468,195.57034,1.640641,-11.630476,23.079857
1970-01-01 00:17:49,12020.525,125.83966,-141.6829,3.3132355,5.3495884,22.00987
1970-01-01 00:17:50,11961.409,133.34299,61.406124,-0.20625865,-6.644801,22.299816
1970-01-01 00:17:51,12104.956,132.90082,-1.5450097,3.6630502,2.66706,22.187513
1970-01-01 00:17:52,12077.909,129.2874,-239.86383,8.120771,-4.8348417,24.255888
1970-01-01 00:17:53,11937.567,128.24692,51.67666,0.75238675,-29.534424,25.199892
1970-01-01 00:17:54,12031.567,131.25777,-243.16101,9.274727,29.941992,25.097858
1970-01-01 00:17:55,12087.686,134.0562,236.2801,5.122773,3.2225032,24.48744
1970-01-01 00:17:56,11979.6,130.72736,-211.61937,1.7655568,-13.251553,23.781477
1970-01-01 00:17:57,12003.53,128.39037,-67.96187,3.5310364,-13.038463,23.469086
1970-01-01 00:17:58,11972.711,125.748215,-246.88292,2.278868,-11.544195,24.613205
1970-01-01 00:17:59,12016.343,130.16019,66.16032,-2.4186342,-14.692041,25.15605
1970-01-01 00:18:00,11920.247,138.54149,-307.59116,-1.2812006,10.056152,26.118505
1970-01-01 00:18:01,11852.988,128.87901,-32.673473,-0.122278705,-9.168863,26.720455
1970-01-01 00:18:02,11955.056,126.49061,20.8681,-0.044412687,12.989158,25.985058
1970-01-01 00:18:03,11935.71,137.68578,48.76503,6.7218003,-11.3445215,25.848675
1970-01-01 00:18:04,11887.133,132.50417,-65.39335,-0.91052115,2.8568673,25.886854
1970-01-01 00:18:05,11899.739,133.10358,124.17589,-5.2062216,1.3427805,24.640316
1970-01-01 00:18:06,12314.357,128.80376,211.24927,2.356356,24.329855,26.00678
1970-01-01 00:18:07,11999.967,134.96214,54.78467,2.3308837,-0.5024961,25.026484
1970-01-01 00:18:08,11926.291,133.44844,-534.8714,0.718193,-8.851463,25.363815
1970-01-01 00:18:09,12092.415,132.18968,388.96924,7.8870044,28.544844,26.098757
1970-01-01 00:18:10,11915.519,130.43132,-57.218056,-0.16474083,-8.79047,26.97697
1970-01-01 00:18:11,12114.5,131.43062,306.68088,-8.055649,6.212232,26.204683
1970-01-01 00:18:12,12112.283,133.71991,343.05057,3.568591,6.3646927,26.410727
1970-01-01 00:18:13,12004.829,128.30878,-406.53506,5.2961597,2.1776044,26.608479
1970-01-01 00:18:14,11944.4375,135.96194,324.54996,1.7450348,-8.499164,27.079588
1970-01-01 00:18:15,11968.455,132.61493,-63.52078,5.5420895,-1.7391518,28.066866
1970-01-01 00:18:16,11953.537,131.20105,-19.31578,,-2.9402306,30.07969
1970-01-01 00:18:17,11990.86,131.79832,-216.13916,2.238558,7.7282333,31.131704
1970-01-01 00:18:18,12137.963,137.38474,55.04486,4.5775976,-23.959064,27.940516
1970-01-01 00:18:19,11881.081,133.24513,138.54295,2.9497259,4.933871,27.315132
1970-01-01 00:18:20,12034.486,125.448296,64.64058,0.29671225,5.538006,29.14258
1970-01-01 00:18:21,12082.935,128.54297,191.28903,1.9993372,3.1183772,26.07328
1970-01-01 00:18:22,11984.988,135.33295,-250.17796,1.7254647,-10.315144,26.620964
1970-01-01 00:18:23,11973.106,134.57445,-136.15793,3.6092649,-24.189972,26.172527
1970-01-01 00:18:24,12131.309,132.74638,141.18022,4.3763113,1.3411825,26.057087
1970-01-01 00:18:25,12006.383,132.22363,-98.09038,1.9483403,-2.8033612,28.183815
1970-01-01 00:18:26,12005.58,133.36465,-268.86444,4.5196347,5.616414,28.515356
1970-01-01 00:18:27,11941.995,129.39174,169.00299,2.6080532,-2.7579315,27.937365
1970-01-01 00:18:28,12092.235,131.72118,-100.737045,,-5.6611295,27.658796
1970-01-01 00:18:29,11845.028,135.43547,9.203462,-0.17278644,5.662337,25.631727
1970-01-01 00:18:30,12137.27,130.73294,-205.30818,0.7317569,2.170147,24.571297
1970-01-01 00:18:31,11811.533,142.01001,165.6987,1.5436486,14.256799,24.210575
1970-01-01 00:18:32,11999.613,126.42594,-214.17615,3.2658987,0.76967883,22.60731
1970-01-01 00:18:33,12078.556,128.42699,-154.9065,1.7927567,4.5294075,23.997908
1970-01-01 00:18:34,11941.037,135.87405,-547.89,0.6200299,15.900134,23.172531
1970-01-01 00:18:35,11854.879,135.13101,-39.854794,1.8586272,-21.259897,23.536287
1970-01-01 00:18:36,11997.76,135.34528,-79.95569,-0.0627594,-17.63981,21.182144
1970-01-01 00:18:37,11932.72,128.06335,273.9535,2.4029648,-3.4201996,20.982311
1970-01-01 00:18:38,12073.958,131.49452,195.46869,5.4769163,20.408175,21.804644
1970-01-01 00:18:39,12044.079,130.88249,-284.1036,-1.7845656,18.792423,23.119846
1970-01-01 00:18:40,11930.997,133.49707,1.5264986,2.501987,-5.22636,22.757925
1970-01-01 00:18:41,12056.749,130.28957,411.3053,5.6109004,-8.806955,23.272245
1970-01-01 00:18:42,11956.662,135.21625,-212.561,-3.1562903,3.8743575,22.894146
1970-01-01 00:18:43,11933.733,135.29062,238.85298,2.422747,1.5489868,23.304724
1970-01-01 00:18:44,12074.156,135.46988,-43.00679,0.58783966,-7.396856,23.889013
1970-01-01 00:18:45,11927.56,132.54613,-251.68608,5.0282116,-5.4032726,24.636427
1970-01-01 00:18:46,11992.586,130.03857,16.653345,1.2104616,0.048745245,26.694847
1970-01-01 00:18:47,11988.897,128.61275,9.434042,5.6444,1.6906658,27.088373
1970-01-01 00:18:48,12062.173,135.77737,4.87901,-2.048472,-4.098367,27.324835
1970-01-01 00:18:49,11896.801,127.271454,-252.38095,-0.71723783,18.130089,27.88788
1970-01-01 00:18:50,12012.793,124.07509,66.97845,-1.9593682,-11.950491,29.348303
1970-01-01 00:18:51,11922.908,131.12317,56.14218,6.909345,-0.4909502,28.730894
1970-01-01 00:18:52,11919.616,131.83395,490.0535,6.2109237,7.726397,29.254293
1970-01-01 00:18:53,11982.776,128.73598,13.802239,-0.42283782,5.5239935,30.621489
1970-01-01 00:18:54,11950.73,128.76564,-142.87184,2.7573473,6.700687,30.783312
1970-01-01 00:18:55,12168.285,133.58398,32.922558,2.4181442,-21.818953,32.581097
1970-01-01 00:18:56,12022.629,131.16455,239.27095,2.1308851,19.67277,31.962755
1970-01-01 00:18:57,12007.748,126.80136,287.34335,1.3083595,10.020897,31.434376
1970-01-01 00:18:58,12071.8955,134.56389,245.66985,-2.1838758,0.49593097,31.224026
1970-01-01 00:18:59,12045.27,125.44731,-83.04689,1.4855616,-2.9573045,31.920732
1970-01-01 00:19:00,11855.573,133.77748,-70.625114,2.5453496,6.225454,32.34823
1970-01-01 00:19:01,11963.36,135.73064,229.42393,3.9705937,5.520594,32.605595
1970-01-01 00:19:02,11942.212,138.65326,-77.804726,-0.26590908,-1.8660191,31.666346
1970-01-01 00:19:03,12024.019,136.38876,-353.14255,0.7495986,4.421046,33.157772
1970-01-01 00:19:04,12012.832,130.7158,-24.367502,-2.0455632,-15.606115,33.007816
1970-01-01 00:19:05,11997.971,133.1372,-109.88493,3.2989023,-11.787736,33.494507
1970-01-01 00:19:06,11933.295,135.68234,508.59515,4.044275,-12.899096,32.296543
1970-01-01 00:19:07,12032.768,132.52419,5.0220695,3.1755528,10.145921,31.8843
1970-01-01 00:19:08,11914.926,128.8915,80.47964,-4.449907,10.677369,32.02309
1970-01-01 00:19:09,12103.522,126.33581,-123.80251,-6.31821,6.9306893,31.358925
1970-01-01 00:19:10,11857.1875,131.50311,114.420525,8.662336,15.431238,29.736885
1970-01-01 00:19:11,11958.728,134.22345,-268.59088,4.5374627,-1.6857902,28.765991
1970-01-01 00:19:12,11926.757,132.09833,241.42403,4.687691,0.014837527,28.504684
1970-01-01 00:19:13,12016.685,124.304146,65.3733,6.722221,-2.7059078,28.77643
1970-01-01 00:19:14,11936.307,132.53146,-93.1022,8.737589,-1.6250527,28.544258
1970-01-01 00:19:15,12132.768,136.40234,211.01343,-5.417006,-2.9882567,28.451286
1970-01-01 00:19:16,11984.233,131.91342,100.02651,0.19902849,-1.2704026,27.413496
1970-01-01 00:19:17,11968.227,133.437,330.54248,0.38080958,1.9893965,28.189974
1970-01-01 00:19:18,11915.036,140.26572,40.92352,-4.8539467,5.596187,26.602108
1970-01-01 00:19:19,12043.737,127.14604,499.59747,1.3260072,1.8941953,26.98065
1970-01-01 00:19:20,11944.411,138.1782,211.2812,-0.21380252,14.05474,26.646856
1970-01-01 00:19:21,12075.48,125.16921,90.96853,4.98914,3.34912,27.015642
1970-01-01 00:19:22,11938.969,139.42513,-470.1535,4.6585317,-10.675073,25.594772
1970-01-01 00:19:23,11861.302,140.37054,188.96594,4.133919,7.3266673,25.347694
1970-01-01 00:19:24,12016.969,131.08368,-50.6427,8.772203,-4.911062,24.08147
1970-01-01 00:19:25,11996.643,130.10248,46.198837,5.2191052,14.863411,26.459951
1970-01-01 00:19:26,12081.58,132.49606,64.03921,0.87115866,2.9359689,23.771442
1970-01-01 00:19:27,11924.55,135.5027,82.957016,4.855466,-2.9130528,24.338812
1970-01-01 00:19:28,12051.194,131.79471,111.302605,-0.5067645,9.238342,24.655111
1970-01-01 00:19:29,11839.465,140.30798,281.92767,5.5748186,0.62678266,24.40915
1970-01-01 00:19:30,12073.881,133.66583,128.93748,-1.5044315,0.6131807,25.167095
1970-01-01 00:19:31,11986.987,132.4435,-209.09225,2.9279408,-8.002675,24.872208
1970-01-01 00:19:32,11993.573,136.72235,-137.16457,1.6274718,2.7986493,26.183994
1970-01-01 00:19:33,11965.004,132.44823,-28.579035,0.49724096,8.972153,25.874605
1970-01-01 00:19:34,11943.289,135.75551,-81.65093,4.223956,4.1795707,26.253073
1970-01-01 00:19:35,12002.751,131.63928,509.7573,6.7848697,-7.5854163,27.140448
1970-01-01 00:19:36,12066.68,133.49191,102.09486,4.84026,5.05638,27.681738
1970-01-01 00:19:37,12069.654,129.93286,150.43027,8.445892,-1.6721964,30.291046
1970-01-01 00:19:38,12014.589,131.23763,-72.49148,-2.8100054,-4.065702,30.110018
1970-01-01 00:19:39,11987.264,136.67583,283.0893,4.0393343,-4.189021,30.460459
1970-01-01 00:19:40,12022.709,127.295654,43.704723,3.5483947,0.23425648,30.533344
1970-01-01 00:19:41,11972.112,133.11873,-135.64523,7.200865,-10.308219,30.665472
1970-01-01 00:19:42,11972.652,130.98988,-98.2666,5.421025,8.046036,30.748402
1970-01-01 00:19:43,11979.058,139.62141,-182.6742,3.543332,4.5904684,30.736277
1970-01-01 00:19:44,,131.78246,85.367714,2.3554688,6.083433,30.038391
1970-01-01 00:19:45,12189.37,130.46146,-221.711,0.87896854,-0.013537099,28.056915
1970-01-01 00:19:46,11983.598,136.32848,-59.432606,1.3096482,-18.418125,29.344439
1970-01-01 00:19:47,12071.895,132.53581,57.315407,4.526038,19.836782,29.509125
1970-01-01 00:19:48,11962.193,136.02269,191.90117,0.7504838,-3.3761222,28.124483
1970-01-01 00:19:49,12006.104,136.89648,-199.97766,-2.3424351,1.3399342,27.33634
1970-01-01 00:19:50,12050.969,132.47285,176.0307,1.6630348,0.31206906,26.573776
1970-01-01 00:19:51,11887.191,126.24125,127.75575,6.7553687,-0.5114897,25.588888
1970-01-01 00:19:52,11863.207,131.96652,-142.18495,-3.3189118,-5.0199876,25.453432
1970-01-01 00:19:53,11948.157,132.85481,-72.18429,3.4806504,13.121896,24.595945
1970-01-01 00:19:54,11966.678,137.27014,-327.64908,2.3546698,-1.639933,24.612818
1970-01-01 00:19:55,12082.511,131.47649,192.2577,0.82738215,-12.179853,25.481094
1970-01-01 00:19:56,11956.297,137.40996,198.70769,1.7690816,-10.520872,26.002861
1970-01-01 00:19:57,12079.982,137.54498,11.938841,6.6411934,-2.6577277,26.667965
1970-01-01 00:19:58,11882.335,131.40678,64.907196,-0.09369563,10.185023,27.4874
1970-01-01 00:19:59,12178.222,134.31056,99.77742,8.322786,-1.7693368,28.014318
1970-01-01 00:20:00,11826.076,135.26482,-16.889591,-0.8018782,3.7568948,27.473541
1970-01-01 00:20:01,12131.309,137.58014,-305.05212,3.325727,-11.370706,27.430532
1970-01-01 00:20:02,12081.689,140.13185,-498.66214,1.1918333,0.27923495,28.051685
1970-01-01 00:20:03,11936.765,133.87192,102.70641,1.1611382,9.7145,29.175234
1970-01-01 00:20:04,11997.596,144.40761,-454.22498,1.7809839,9.7239,29.436127
1970-01-01 00:20:05,12037.076,131.82991,182.84001,0.9566285,-14.883431,28.374983
1970-01-01 00:20:06,12029.906,128.90938,-175.77861,1.6216532,17.02822,27.633118
1970-01-01 00:20:07,11883.417,139.64868,-5.550718,-0.31171745,-4.2512407,27.141737
1970-01-01 00:20:08,12089.543,130.20665,-59.647804,3.5829983,17.773882,29.468218
1970-01-01 00:20:09,12017.277,138.09558,71.64341,0.62954503,7.41126,29.194838
1970-01-01 00:20:10,11938.832,143.32979,-156.18335,-0.38140815,-15.747238,29.764013
1970-01-01 00:20:11,12015.377,134.29276,-234.45139,2.8974652,11.987788,30.782381
1970-01-01 00:20:12,11923.366,128.27173,-232.36267,-1.3231729,-2.781999,31.512348
1970-01-01 00:20:13,12011.843,135.31108,182.00822,5.030161,-5.4821568,30.896338
1970-01-01 00:20:14,11964.822,135.98364,336.65796,2.2501812,-19.56116,30.645845
1970-01-01 00:20:15,11995.868,133.64287,243.89012,-4.66169,6.4253616,31.231962
1970-01-01 00:20:16,12030.164,134.81209,351.00464,1.7814094,16.9799,31.689802
1970-01-01 00:20:17,12048.169,130.46747,250.7231,3.5288336,7.3265147,31.669703
1970-01-01 00:20:18,11999.395,135.90477,-258.64154,5.547271,-0.5102279,32.360607
1970-01-01 00:20:19,11930.749,135.85631,184.30243,6.0653486,-2.9452832,31.933205
1970-01-01 00:20:20,11972.637,139.78273,-89.38078,4.0762153,-8.728085,32.063583
1970-01-01 00:20:21,11970.942,133.10736,-38.019806,0.5300498,15.172111,30.0091
1970-01-01 00:20:22,12103.375,131.692,98.9693,-1.9713075,-6.2057505,30.353199
1970-01-01 00:20:23,11998.319,134.25603,-150.17673,-3.4458292,-13.671167,30.628922
1970-01-01 00:20:24,11920.497,138.35275,13.914238,11.949262,8.102959,30.502121
1970-01-01 00:20:25,11901.606,135.41818,6.9125986,-4.9943337,10.763206,30.46478
1970-01-01 00:20:26,11971.989,134.0227,87.03309,-2.350932,20.560701,30.873331
1970-01-01 00:20:27,11980.0,142.86784,-143.85005,3.4400344,6.048597,31.406
1970-01-01 00:20:28,11913.782,141.40651,-162.09358,3.349541,4.497751,31.420887
1970-01-01 00:20:29,11812.385,140.56903,-7.2231107,-0.9196685,-2.3485065,30.636934
1970-01-01 00:20:30,11985.333,136.70598,85.80066,3.6151342,16.139235,30.715765
1970-01-01 00:20:31,12150.903,136.67403,-83.35909,2.8450997,0.962755,30.811674
1970-01-01 00:20:32,11982.408,132.96558,188.14049,-0.67400354,-10.395213,30.475632
1970-01-01 00:20:33,12077.809,135.3973,368.17572,4.681348,14.854841,29.380882
1970-01-01 00:20:34,12076.445,142.26282,252.3772,6.5586004,10.647923,29.744093
1970-01-01 00:20:35,11875.239,132.01656,-475.98572,3.051505,9.587123,29.914492
1970-01-01 00:20:36,12154.406,136.80777,232.38942,-1.0302421,24.883932,31.065495
1970-01-01 00:20:37,11909.905,131.87486,-175.3809,3.1057305,-11.554502,31.740913
1970-01-01 00:20:38,12049.709,132.56973,136.86853,0.13551974,11.632583,31.4371
1970-01-01 00:20:39,12031.461,134.57326,-24.661219,2.2248054,2.6978507,31.027653
1970-01-01 00:20:40,12019.086,138.45982,227.25688,1.6343887,-19.42097,30.99939
1970-01-01 00:20:41,11880.394,136.49298,-56.69649,5.5521054,12.147956,31.593395
1970-01-01 00:20:42,12019.718,135.94034,141.10228,2.1867638,13.194685,32.838882
1970-01-01 00:20:43,11926.758,136.71027,296.36807,1.1632886,1.2198354,34.02122
1970-01-01 00:20:44,12026.904,135.27388,-416.02997,1.0869235,-0.45583603,33.75507
1970-01-01 00:20:45,12128.654,144.13954,87.14476,3.3734539,3.6300035,30.97793
1970-01-01 00:20:46,11994.121,139.9491,-205.13618,0.68885523,7.1517477,30.37018
1970-01-01 00:20:47,11802.195,136.69945,-420.05466,6.5471463,0.8407042,29.740776
1970-01-01 00:20:48,12034.6,129.7481,-162.65936,0.9018843,-1.5362272,30.407873
1970-01-01 00:20:49,11982.179,132.94783,1.9408388,1.8173431,1.1188877,30.57186
1970-01-01 00:20:50,11948.706,141.87195,145.57108,0.8305438,-5.153136,32.041073
1970-01-01 00:20:51,12075.282,133.96408,-154.62784,0.81897175,-25.133211,31.214209
1970-01-01 00:20:52,12094.98,135.29642,-307.92926,2.1398451,-4.188869,31.079885
1970-01-01 00:20:53,11978.383,135.0658,163.54388,1.2465725,8.869398,30.237616
1970-01-01 00:20:54,12062.326,134.88275,421.4134,-0.92078406,-1.623377,29.416294
1970-01-01 00:20:55,12014.889,136.68117,-268.37674,1.744371,-9.324211,30.873013
1970-01-01 00:20:56,12096.022,133.18723,232.51205,7.117398,-3.6504786,31.274385
1970-01-01 00:20:57,12027.934,130.03302,-115.18796,-4.6273713,-3.9845614,32.533398
1970-01-01 00:20:58,12008.668,133.625,-152.02348,-0.4839663,19.86901,31.306635
1970-01-01 00:20:59,12035.837,138.9747,-31.247902,3.0201116,10.018166,30.585108
1970-01-01 00:21:00,11962.213,136.77489,-248.92198,-2.21585,4.0818334,27.994585
1970-01-01 00:21:01,11987.865,128.22162,-11.05456,2.3575056,11.710719,27.546818
1970-01-01 00:21:02,11933.179,133.40692,-578.23175,-0.9339488,6.0269,29.564198
1970-01-01 00:21:03,12068.364,129.77805,87.47895,-0.61003435,1.2942828,29.670023
1970-01-01 00:21:04,11892.439,136.51697,-296.5118,6.0619206,7.4941306,30.419693
1970-01-01 00:21:05,11974.088,139.78775,-154.97418,1.1879969,4.266536,30.606884
1970-01-01 00:21:06,11863.6045,140.10402,183.37262,2.7250588,-8.129641,31.15845
1970-01-01 00:21:07,12092.408,138.5153,71.27274,1.9547187,6.2266273,31.22301
1970-01-01 00:21:08,11958.727,138.00731,-461.03336,-5.232746,10.936509,31.247314
1970-01-01 00:21:09,11794.146,139.14212,-68.27675,7.3199706,3.949188,33.65882
1970-01-01 00:21:10,,143.3753,54.62155,6.7848673,-7.8180985,34.180637
1970-01-01 00:21:11,12117.395,131.05997,152.57036,3.2057185,1.7027133,34.19707
1970-01-01 00:21:12,11932.588,136.8808,196.31181,5.7837873,-3.4711828,33.256
1970-01-01 00:21:13,11903.806,133.86053,-28.96724,2.11561,4.2666645,34.532524
1970-01-01 00:21:14,11993.857,139.31024,830.03705,3.0469606,7.486927,33.986713
1970-01-01 00:21:15,11812.361,135.80199,92.83463,5.842119,5.3450923,34.864723
1970-01-01 00:21:16,11985.106,135.54895,-111.03966,1.4800515,-9.235808,35.147366
1970-01-01 00:21:17,11980.389,131.8754,186.082,0.22509766,8.20562,34.51822
1970-01-01 00:21:18,11890.092,132.84262,-170.62827,3.1859095,-11.916697,35.712086
1970-01-01 00:21:19,12006.769,140.2679,146.67787,0.56923884,1.2857357,35.496128
1970-01-01 00:21:20,12018.588,137.72078,576.0191,-1.4332429,8.774607,37.594616
1970-01-01 00:21:21,11942.123,136.43413,-11.304296,3.8120198,14.376144,38.194065
1970-01-01 00:21:22,11996.982,126.06042,-505.73517,-0.59167296,-11.906926,38.68136
1970-01-01 00:21:23,11949.225,141.58324,57.48222,-0.5879887,-1.5536882,37.108864
1970-01-01 00:21:24,11984.634,138.38593,-37.950645,1.5726812,5.1983833,36.400555
1970-01-01 00:21:25,12048.005,138.5384,-129.07588,-0.56982183,-7.3532543,37.003056
1970-01-01 00:21:26,12066.963,130.71474,-98.35616,2.9593787,1.6451876,37.828384
1970-01-01 00:21:27,11926.782,135.23105,224.75494,2.3396235,-4.3026576,37.599224
1970-01-01 00:21:28,12145.216,138.03664,-99.19426,3.6702325,-24.534725,36.896606
1970-01-01 00:21:29,11831.569,140.36922,161.42792,1.8673373,0.25157544,38.129948
1970-01-01 00:21:30,11888.264,141.32224,337.68082,0.56544,13.373884,38.752663
1970-01-01 00:21:31,12063.71,144.69058,-361.6802,2.2327962,24.072607,39.041996
1970-01-01 00:21:32,11963.35,138.14386,176.17511,2.0677009,-0.33014086,38.364883
1970-01-01 00:21:33,11934.872,142.34464,-3.8771782,2.3414342,-2.5116234,36.97978
1970-01-01 00:21:34,12000.596,138.38367,76.68285,5.472376,0.49136204,36.291145
1970-01-01 00:21:35,11931.684,145.8931,440.4269,6.2567058,-10.931518,35.903053
1970-01-01 00:21:36,11992.308,141.07425,30.167925,1.5871757,10.911145,36.551353
1970-01-01 00:21:37,12174.313,137.11934,225.49574,1.6023705,19.771975,37.52943
1970-01-01 00:21:38,12086.047,141.8545,102.438545,-1.819124,-4.358148,35.65237
1970-01-01 00:21:39,11929.6,144.777,-92.57292,0.57439625,-9.741296,34.344536
1970-01-01 00:21:40,12029.091,139.18025,149.54019,1.6245555,-12.152887,35.128017
1970-01-01 00:21:41,11922.193,,-339.26404,0.035462383,14.667039,34.85869
1970-01-01 00:21:42,12083.11,136.01585,-84.635635,9.225875,15.462722,35.048046
1970-01-01 00:21:43,11990.69,137.54723,-227.52754,-4.694227,-6.389273,34.99158
1970-01-01 00:21:44,11785.205,134.04587,395.38153,2.1281283,16.969105,35.292255
1970-01-01 00:21:45,11913.506,138.01021,-174.70464,2.0381851,20.527006,35.447273
1970-01-01 00:21:46,12055.975,133.47676,-196.90964,-1.6326225,17.917265,35.364082
1970-01-01 00:21:47,,140.10934,-247.66577,1.1343845,-14.392587,33.815132
1970-01-01 00:21:48,11988.173,137.40358,-66.37617,-2.9934118,-0.34808186,33.97549
1970-01-01 00:21:49,11911.315,135.92267,149.3193,3.8567472,-9.886703,33.059376
1970-01-01 00:21:50,12073.701,137.3607,-135.4298,3.074139,0.3433205,34.33964
1970-01-01 00:21:51,12003.757,133.30466,-82.46915,0.20688647,-4.911045,35.30599
1970-01-01 00:21:52,11900.26,138.0827,282.14172,7.0670795,,35.971085
1970-01-01 00:21:53,11973.731,136.07664,-128.53548,5.79364,2.1543763,34.492706
1970-01-01 00:21:54,11778.002,138.95337,130.96753,-1.1358242,-7.6231785,34.34401
1970-01-01 00:21:55,11978.336,135.24396,-315.2825,4.014853,14.271313,33.862343
1970-01-01 00:21:56,11934.248,143.87157,-3.5070431,5.327703,9.548451,33.83999
1970-01-01 00:21:57,12029.048,134.26523,-234.214,-2.8049781,3.9213364,33.108685
1970-01-01 00:21:58,11940.358,143.66893,-245.31209,-1.5271492,-0.9707724,32.17654
1970-01-01 00:21:59,12085.828,138.72516,398.9123,0.8670826,-22.988976,32.130615
1970-01-01 00:22:00,12034.232,126.039246,-142.27289,2.3861792,6.9521184,33.497204
1970-01-01 00:22:01,12048.495,143.8843,-59.173103,1.7129425,13.500757,33.55682
1970-01-01 00:22:02,11973.659,138.20299,133.24275,7.009334,4.532586,33.069717
1970-01-01 00:22:03,11994.074,135.47046,12.750417,3.4556224,8.171212,32.658337
1970-01-01 00:22:04,11910.444,132.59383,124.21266,0.18898498,17.020641,33.09932
1970-01-01 00:22:05,12026.917,138.23222,-300.37814,2.1104174,-8.151206,34.912125
1970-01-01 00:22:06,,136.55792,121.32075,1.8563263,-22.643372,33.95429
1970-01-01 00:22:07,12017.489,137.44179,15.842548,3.4142146,-11.461567,35.444794
1970-01-01 00:22:08,11966.758,139.14864,354.78848,1.5551736,7.5942082,36.9616
1970-01-01 00:22:09,12149.151,139.4886,-47.22582,1.7504208,3.6415157,36.424404
1970-01-01 00:22:10,11953.504,138.63712,366.2427,2.864875,2.082432,35.834637
1970-01-01 00:22:11,12021.978,142.01239,250.6928,-0.18504743,-8.058609,34.726032
1970-01-01 00:22:12,11974.507,135.47072,50.877876,2.7793524,-12.907511,33.24602
1970-01-01 00:22:13,11913.226,136.1182,59.20289,4.6435657,-4.6808505,32.72708
1970-01-01 00:22:14,12134.394,131.79996,75.295845,1.1581119,17.466167,
1970-01-01 00:22:15,12036.26,140.79785,-21.888721,2.125352,-21.4389,33.713295
1970-01-01 00:22:16,11969.327,137.53415,234.8966,2.8880694,1.6248381,35.103664
1970-01-01 00:22:17,11873.645,139.09924,-2.7022831,0.9804679,-7.794461,35.52063
1970-01-01 00:22:18,12077.491,142.2418,256.40805,1.133984,-3.4708645,35.47377
1970-01-01 00:22:19,11991.959,143.32079,-68.87284,1.7115502,1.7618312,35.569084
1970-01-01 00:22:20,12142.972,134.11305,59.44911,2.6681187,-1.5158952,35.216026
1970-01-01 00:22:21,12106.663,137.53668,-458.03198,-3.0708132,-5.358495,35.572075
1970-01-01 00:22:22,12011.757,143.05351,-255.13351,2.2925093,9.967793,34.54521
1970-01-01 00:22:23,12004.667,134.64006,-87.31461,-4.307609,-4.3398657,35.165916
1970-01-01 00:22:24,11954.772,145.98979,-109.051735,4.0349646,-1.3429328,34.033516
1970-01-01 00:22:25,12005.855,139.87999,172.61656,0.5231634,-5.748491,34.645454
1970-01-01 00:22:26,12073.545,147.44556,-605.1676,-0.936247,0.7187212,35.854305
1970-01-01 00:22:27,12164.799,139.5738,17.437347,3.7299109,-2.794458,36.70353
1970-01-01 00:22:28,12001.048,138.40344,374.9074,3.0628688,-13.710684,35.813694
1970-01-01 00:22:29,12049.662,138.68614,244.19536,3.8320494,3.6379175,35.872646
1970-01-01 00:22:30,11894.653,132.13654,-222.77432,-1.6000242,-1.741695,36.178043
1970-01-01 00:22:31,12040.533,140.32732,95.09848,-6.0196548,-13.027877,38.037228
1970-01-01 00:22:32,11922.652,138.19885,-115.492744,2.5110207,15.428886,37.46983
1970-01-01 00:22:33,12079.445,140.01947,192.37767,0.8000006,-4.679233,37.345406
1970-01-01 00:22:34,11867.147,139.60997,124.767426,2.3232749,6.9316463,37.33545
1970-01-01 00:22:35,11963.514,138.46448,-597.84503,0.5443467,-8.711374,37.043827
1970-01-01 00:22:36,11891.064,139.1864,-72.20463,-2.7454052,11.198357,36.685364
1970-01-01 00:22:37,11985.068,138.59062,-376.8867,3.3552852,-6.698651,35.985126
1970-01-01 00:22:38,11958.405,147.68492,28.332745,5.780907,11.064855,36.49261
1970-01-01 00:22:39,12031.081,135.0495,17.52221,1.9768195,11.535238,36.92528
1970-01-01 00:22:40,12007.7295,131.95932,-248.55368,-4.4063387,10.100161,37.33222
1970-01-01 00:22:41,11794.857,138.60799,5.891285,-1.063824,14.544416,38.916264
1970-01-01 00:22:42,11967.034,138.03806,181.23143,2.8768308,-1.532494,39.159225
1970-01-01 00:22:43,11961.824,,-239.80379,4.343603,-3.4386406,38.5504
1970-01-01 00:22:44,11973.178,141.8994,-215.30995,2.9863493,5.7252593,39.305866
1970-01-01 00:22:45,11996.389,139.84181,-214.04427,-0.07208691,5.462517,39.975334
1970-01-01 00:22:46,11930.284,146.59398,-198.3744,8.698645,1.8094151,39.303375
1970-01-01 00:22:47,12002.109,143.38857,-141.4255,-0.19468817,34.070816,36.842876
1970-01-01 00:22:48,11904.626,132.91078,-110.93244,6.477113,0.81839365,37.747902
1970-01-01 00:22:49,12065.537,141.48631,82.10993,3.601679,9.229608,39.48431
1970-01-01 00:22:50,12028.946,142.52266,128.06892,1.3745289,12.128414,39.362793
1970-01-01 00:22:51,12041.373,141.10022,168.35495,2.429032,-1.7633144,38.93055
1970-01-01 00:22:52,12031.089,135.88918,-254.98898,-0.42545503,-9.121325,39.73685
1970-01-01 00:22:53,12023.085,136.26363,-38.97966,-0.41759512,-0.31370896,37.161854
1970-01-01 00:22:54,12061.556,131.20837,-626.56696,6.2303314,15.1492405,36.72842
1970-01-01 00:22:55,11918.939,140.4353,-22.302238,-0.843918,-11.553928,35.84245
1970-01-01 00:22:56,11914.126,134.20337,94.055786,-0.8013427,-2.3610408,37.386696
1970-01-01 00:22:57,12042.263,143.62456,190.59964,-1.4507439,-3.7694678,38.517036
1970-01-01 00:22:58,11963.394,144.69513,61.79419,0.3233548,16.581337,38.78076
1970-01-01 00:22:59,11952.244,145.51434,-315.73743,3.2435312,7.0813866,40.16588
1970-01-01 00:23:00,12089.433,137.99803,12.444841,-1.0401574,27.969852,39.789528
1970-01-01 00:23:01,11980.74,145.87233,-65.29633,3.2261918,13.582463,38.655777
1970-01-01 00:23:02,11984.432,141.9167,-30.81691,-2.2380924,-3.5084085,37.869057
1970-01-01 00:23:03,12034.86,140.85294,-236.9609,-1.2345442,11.397278,37.774654
1970-01-01 00:23:04,12043.453,145.2572,-35.805756,1.0570338,5.604533,36.933117
1970-01-01 00:23:05,11960.124,133.83704,-211.56586,2.1695178,-0.30040267,36.264637
1970-01-01 00:23:06,12059.764,138.31252,93.39134,5.933102,21.097113,34.56468
1970-01-01 00:23:07,12088.803,143.87334,-178.27516,4.3209095,-11.517727,33.52546
1970-01-01 00:23:08,12130.932,133.41249,-174.25648,1.8305838,-32.499096,33.26643
1970-01-01 00:23:09,12049.958,140.04208,241.36629,1.7244022,3.871482,33.539818
1970-01-01 00:23:10,12092.539,140.67725,96.74913,3.0360727,4.790511,33.58756
1970-01-01 00:23:11,12026.288,139.54662,176.78941,3.0432913,1.4832011,33.742783
1970-01-01 00:23:12,11946.72,146.3524,106.65764,1.5691998,1.6638592,33.96127
1970-01-01 00:23:13,12015.565,141.75606,301.25168,4.5797296,-5.1293883,33.421978
1970-01-01 00:23:14,12063.2295,141.81995,-46.707985,1.2250881,9.242239,34.582733
1970-01-01 00:23:15,12099.856,135.87288,-565.07776,-3.0492733,-8.740102,35.283978
1970-01-01 00:23:16,11924.675,140.83505,-79.12767,2.171492,-19.39269,
1970-01-01 00:23:17,11860.242,130.07642,-312.6861,3.432498,-6.769552,37.438183
1970-01-01 00:23:18,12012.065,136.81316,224.15497,-2.2208004,-1.9194548,36.692432
1970-01-01 00:23:19,11902.301,143.15768,-198.58379,0.745512,-10.7971,37.891075
1970-01-01 00:23:20,12076.313,141.36353,77.83803,-4.1732616,9.062794,38.721092
1970-01-01 00:23:21,11875.836,141.42625,40.71588,1.7037519,-6.533183,38.4725
1970-01-01 00:23:22,11825.99,139.73157,396.56107,3.0703394,1.0963888,39.336273
1970-01-01 00:23:23,11985.364,139.68208,-145.23183,0.7761022,14.216835,41.6878
1970-01-01 00:23:24,11820.354,141.60535,-132.29984,0.80216706,-12.164768,41.315407
1970-01-01 00:23:25,11973.034,147.96759,50.53681,4.232861,1.8314514,42.034748
1970-01-01 00:23:26,11946.076,137.69417,83.525345,0.14255127,-3.462464,43.20299
1970-01-01 00:23:27,11955.663,143.97739,-365.75195,-0.8258471,-6.470053,41.8177
1970-01-01 00:23:28,12105.2,143.22578,-152.80508,-0.27580127,-15.045367,40.931316
1970-01-01 00:23:29,11981.2705,139.21327,-24.976107,0.004993558,-3.0185874,43.278236
1970-01-01 00:23:30,11951.341,134.74443,-298.45056,3.2072945,13.357488,43.445255
1970-01-01 00:23:31,11879.254,141.3597,-133.1063,3.8470817,-25.65736,44.426125
1970-01-01 00:23:32,12022.666,142.82494,167.19296,3.7260823,19.920567,45.067772
1970-01-01 00:23:33,11870.764,144.94821,-223.54611,6.639241,-6.553538,45.20491
1970-01-01 00:23:34,11988.423,140.13437,-124.155785,-3.671457,-5.387594,46.01123
1970-01-01 00:23:35,12013.449,145.20935,-31.663473,1.679342,3.2234282,46.427097
1970-01-01 00:23:36,11974.914,146.64047,345.40686,-2.270233,4.8957677,46.937256
1970-01-01 00:23:37,12100.168,143.6186,-267.51993,8.5853405,2.9781961,45.448906
1970-01-01 00:23:38,12063.035,145.365,151.99011,-0.8106041,5.2287383,45.141888
1970-01-01 00:23:39,12041.989,145.8795,-131.1378,3.148506,-2.4641588,43.568604
1970-01-01 00:23:40,12114.248,140.8867,-146.22131,6.510902,5.8429413,43.40235
1970-01-01 00:23:41,12053.825,137.98613,-137.81664,4.034285,21.250765,42.929985
1970-01-01 00:23:42,11995.145,139.53224,112.90156,2.1919153,6.8290176,43.121628
1970-01-01 00:23:43,12085.803,142.04037,126.672,3.667985,1.5568364,43.568287
1970-01-01 00:23:44,12091.748,141.50102,-402.87067,0.68522054,5.581614,42.680843
1970-01-01 00:23:45,12138.409,140.00505,-58.57231,1.0872964,19.333858,44.71906
1970-01-01 00:23:46,12068.385,139.16762,164.1683,-1.9539144,-22.754326,44.36396
1970-01-01 00:23:47,11969.475,144.85316,-53.548233,-1.5707614,-5.4868026,43.8266
1970-01-01 00:23:48,11902.915,135.60136,327.52353,1.7557698,-0.15094548,45.62144
1970-01-01 00:23:49,11984.316,137.88342,233.30817,2.7844841,6.2308955,47.649845
1970-01-01 00:23:50,12042.7295,142.56639,38.929893,4.773042,-12.643114,47.300205
1970-01-01 00:23:51,11866.596,148.35197,-28.977295,1.9035547,10.647362,46.76972
1970-01-01 00:23:52,11836.099,137.95416,66.805595,2.03947,5.297308,45.720154
1970-01-01 00:23:53,11985.35,153.47194,-59.95465,-1.6953872,4.1848764,44.807827
1970-01-01 00:23:54,12098.093,148.71053,-166.76665,3.0437799,4.715281,45.32439
1970-01-01 00:23:55,12082.702,139.24724,-128.98651,0.75620264,5.352281,47.340042
1970-01-01 00:23:56,12012.636,143.23772,-44.338043,-4.363263,-11.886194,47.740505
1970-01-01 00:23:57,12056.108,139.52225,-49.22918,2.9903035,-9.987544,46.66855
1970-01-01 00:23:58,11817.641,140.4532,-274.21375,-5.476305,11.347537,46.470745
1970-01-01 00:23:59,12043.396,138.84528,-166.45918,-1.0760072,22.51269,47.233612
1970-01-01 00:24:00,12006.0205,140.65497,-56.165634,5.15215,-4.8074155,47.63395
1970-01-01 00:24:01,12100.573,145.05714,211.72958,4.315254,-13.55381,46.93361
1970-01-01 00:24:02,12051.15,145.52034,323.43356,4.1518703,-5.8010383,45.406265
1970-01-01 00:24:03,11984.1455,138.01126,-213.33064,1.554647,-14.194338,43.51821
1970-01-01 00:24:04,11856.968,140.24623,346.6599,3.0958655,-2.0253701,45.563374
1970-01-01 00:24:05,,140.4739,-3.458904,2.1416054,1.4960386,45.0373
1970-01-01 00:24:06,12042.011,148.2543,49.949867,4.82478,-17.254599,43.83289
1970-01-01 00:24:07,11975.153,143.71642,-307.85907,2.8078241,-1.7297205,42.564426
1970-01-01 00:24:08,12057.688,146.04182,-405.5601,2.8825727,5.015111,
1970-01-01 00:24:09,12033.13,142.49297,202.73116,2.8936987,4.1160626,41.473446
1970-01-01 00:24:10,11976.982,136.76767,-34.20856,0.53428197,16.785845,42.308823
1970-01-01 00:24:11,11931.096,145.07404,297.26688,0.12809713,6.3351316,42.94056
1970-01-01 00:24:12,12072.582,141.72818,-445.34616,3.0821688,8.7584095,43.795086
1970-01-01 00:24:13,11922.982,142.4031,-279.64636,0.6392744,-14.939297,44.956276
1970-01-01 00:24:14,11942.197,145.3477,-154.6459,6.193309,-6.804759,46.072975
1970-01-01 00:24:15,12041.72,143.03288,-16.256908,-1.2802306,-8.040804,44.446434
1970-01-01 00:24:16,11993.349,145.53539,-55.367203,-0.48735088,8.527788,44.3486
1970-01-01 00:24:17,11818.202,133.55205,-210.70702,2.568219,2.3153293,45.096222
1970-01-01 00:24:18,12005.134,149.67673,267.7279,4.57755,8.553387,46.116367
1970-01-01 00:24:19,12103.981,136.8937,-5.9033804,7.651403,-5.4721017,46.04732
1970-01-01 00:24:20,11936.101,131.55708,-3.7496154,-1.760157,-0.40681416,45.330807
1970-01-01 00:24:21,12036.006,147.67796,200.89389,3.2626374,12.835195,45.21063
1970-01-01 00:24:22,11830.074,131.72144,-123.86664,2.9357147,-0.36554182,44.838802
1970-01-01 00:24:23,12078.183,144.80983,-8.523573,2.748186,-1.7664456,45.723244
1970-01-01 00:24:24,11934.45,140.02142,149.2762,1.0012115,-7.4307847,47.32271
1970-01-01 00:24:25,11946.693,142.92625,237.07053,5.614778,-4.855837,47.56634
1970-01-01 00:24:26,11934.382,141.32295,79.39526,-1.9956695,-2.7426054,46.608284
1970-01-01 00:24:27,11981.723,144.98912,-158.8486,2.368856,5.209461,46.252274
1970-01-01 00:24:28,11874.081,141.86069,141.31595,1.3003547,-5.923909,47.118896
1970-01-01 00:24:29,12107.253,140.5311,5.772939,2.2646804,9.560709,48.4151
1970-01-01 00:24:30,11962.956,138.13437,67.697914,-2.070715,-2.490597,47.86437
1970-01-01 00:24:31,11875.825,139.83218,-507.16748,-3.9188597,1.0473558,47.140446
1970-01-01 00:24:32,12198.012,133.89667,237.94345,4.875551,-5.9367537,45.756905
1970-01-01 00:24:33,12100.026,144.55304,-262.48584,0.72891754,-6.4860034,44.239067
1970-01-01 00:24:34,11976.616,139.04893,-383.27985,0.56342965,-11.15207,45.25752
1970-01-01 00:24:35,12051.265,139.62424,376.49976,2.9344864,-15.871081,45.929836
1970-01-01 00:24:36,11944.874,145.8618,-195.11894,2.4762914,13.173948,45.666874
1970-01-01 00:24:37,12092.536,144.66177,-72.72149,0.78592205,16.224834,45.07436
1970-01-01 00:24:38,12012.065,150.41083,-26.486292,1.2061142,8.585398,42.415565
1970-01-01 00:24:39,12060.7,139.94704,-136.971,8.22071,2.7870374,40.640743
1970-01-01 00:24:40,11866.191,147.79648,42.95075,4.621684,13.01303,41.404327
1970-01-01 00:24:41,11869.381,144.50986,-90.49054,-2.816328,-7.1154823,43.30719
1970-01-01 00:24:42,12059.646,141.2627,135.10852,0.96805656,-4.67903,42.70785
1970-01-01 00:24:43,11993.395,146.8941,-187.60266,-0.19477272,-3.5873497,43.661003
1970-01-01 00:24:44,11990.862,147.44286,384.65128,0.048449248,3.0551136,43.087822
1970-01-01 00:24:45,11958.114,141.87204,-116.593544,3.083238,,43.33807
1970-01-01 00:24:46,11986.871,137.46266,5.5678663,1.5395256,-11.7920885,41.781322
1970-01-01 00:24:47,11897.876,143.78188,-104.443634,2.195624,-16.091152,41.969765
1970-01-01 00:24:48,12176.775,144.72198,-76.52553,8.731361,-7.561604,41.964314
1970-01-01 00:24:49,12034.54,144.74994,152.18793,-2.5259585,-13.790326,40.12636
1970-01-01 00:24:50,12104.526,145.18555,-82.764145,-0.5617624,-5.0112653,40.35975
1970-01-01 00:24:51,11979.112,141.20793,-37.323837,7.10307,6.2006845,41.19664
1970-01-01 00:24:52,12001.375,138.62286,-452.09836,-2.1313593,-6.818992,41.635006
1970-01-01 00:24:53,12182.823,144.83618,-9.188004,-0.55231297,5.850425,42.222267
1970-01-01 00:24:54,11957.892,149.29987,-86.86258,1.7444005,15.792241,43.796604
1970-01-01 00:24:55,12041.618,146.79663,80.8597,0.41023836,12.002766,42.139496
1970-01-01 00:24:56,11968.723,148.81137,-104.59686,1.3203784,-6.1236734,42.974483
1970-01-01 00:24:57,12088.242,139.79794,98.802895,1.7085644,3.9157727,43.01678
1970-01-01 00:24:58,11994.168,142.1168,-513.9023,2.355452,-0.5135896,43.833176
1970-01-01 00:24:59,12030.053,136.7456,467.19156,1.4868243,0.98001266,43.041737
1970-01-01 00:25:00,12095.28,137.98436,-177.23216,1.0644993,11.109937,43.01259
1970-01-01 00:25:01,11911.657,138.64615,27.236843,0.11827123,-1.8798022,42.8622
1970-01-01 00:25:02,12099.012,143.37721,-228.18951,-3.0082848,0.12449004,42.84315
1970-01-01 00:25:03,11948.81,146.46404,-66.72925,1.1098715,-4.954503,42.097076
1970-01-01 00:25:04,11765.325,148.34523,-91.54878,1.0514163,-9.799148,43.351425
1970-01-01 00:25:05,12022.42,142.29741,-231.54037,2.6921394,-4.965301,42.76072
1970-01-01 00:25:06,11892.672,147.91357,-111.812614,-0.30393007,-13.199412,43.506264
1970-01-01 00:25:07,12015.688,149.83061,-233.88828,2.9743516,2.2636194,43.165016
1970-01-01 00:25:08,12136.28,139.29938,-106.67585,-1.183435,-8.241166,43.02824
1970-01-01 00:25:09,11962.074,143.50517,274.0361,1.0086834,23.38081,42.89264
1970-01-01 00:25:10,11846.263,150.23874,12.9460745,1.4856645,-2.4376397,41.850544
1970-01-01 00:25:11,11940.88,145.7135,131.62933,0.12845096,21.393116,41.605217
1970-01-01 00:25:12,11963.577,141.97276,192.07289,3.0862775,-12.105747,40.812885
1970-01-01 00:25:13,11977.919,146.22864,-345.4779,-3.7840035,10.634885,40.856995
1970-01-01 00:25:14,12021.969,151.44054,128.21689,2.6835515,7.399693,41.13832
1970-01-01 00:25:15,11977.749,136.92041,193.3327,5.977736,-12.030351,40.718987
1970-01-01 00:25:16,11996.226,141.95435,50.61398,3.7039757,4.387889,41.968647
1970-01-01 00:25:17,12033.201,137.58006,-12.368108,2.4243164,5.7527585,41.94158
1970-01-01 00:25:18,11968.003,145.89761,-136.9011,3.7599816,6.758518,41.96192
1970-01-01 00:25:19,11897.841,143.28862,120.108315,0.44001073,-2.9112267,43.28023
1970-01-01 00:25:20,11998.357,147.77429,1.6078948,6.2703586,13.416627,43.611534
1970-01-01 00:25:21,11903.174,141.7796,47.198338,4.889757,-14.664378,44.203964
1970-01-01 00:25:22,11956.643,138.09421,-416.45932,2.181059,-3.30172,44.50662
1970-01-01 00:25:23,12058.494,142.8484,-23.636213,9.935093,8.883489,46.48074
1970-01-01 00:25:24,12058.837,138.35555,8.074933,0.20439,-2.6487775,46.49717
1970-01-01 00:25:25,,146.80257,-432.52438,1.4729131,3.4531343,49.17071
1970-01-01 00:25:26,11973.747,145.91208,238.37343,4.348477,-4.816324,47.815563
1970-01-01 00:25:27,12083.515,151.60838,96.45465,-1.7488681,-21.301392,48.606792
1970-01-01 00:25:28,11764.073,145.1654,-201.63367,8.679135,0.04950148,50.16583
1970-01-01 00:25:29,12023.84,150.7664,-272.35864,-2.6570184,-0.6744592,50.393936
1970-01-01 00:25:30,11939.761,145.74992,149.40483,0.47647956,-22.140804,49.14134
1970-01-01 00:25:31,11984.214,140.16527,152.54745,0.61634326,-20.658388,48.80021
1970-01-01 00:25:32,12014.565,146.35558,-79.42769,10.664788,1.9147282,48.00602
1970-01-01 00:25:33,12134.032,143.99443,38.14971,3.2230923,-17.895716,48.02054
1970-01-01 00:25:34,11877.505,150.27342,-370.86926,-0.14163998,13.641222,47.27608
1970-01-01 00:25:35,12095.296,136.99564,80.82623,3.6444147,17.717487,47.934532
1970-01-01 00:25:36,11900.811,145.07733,147.29872,-0.8225001,6.7172627,48.838226
1970-01-01 00:25:37,12082.082,147.21558,4.83163,1.6159962,-7.579352,48.58271
1970-01-01 00:25:38,12034.753,148.9667,-172.72537,2.1420443,-9.11459,49.454117
1970-01-01 00:25:39,12022.278,147.70963,-169.56073,6.334699,3.969298,49.50022
1970-01-01 00:25:40,12054.813,141.79384,4.3522043,5.4441714,3.1580267,49.014973
1970-01-01 00:25:41,11963.629,147.73088,242.33603,-2.0769815,6.6081367,48.049885
1970-01-01 00:25:42,12015.916,143.14706,417.23376,2.6204777,6.2256126,47.625046
1970-01-01 00:25:43,12001.123,142.41191,-467.2702,5.7332244,21.571255,47.806828
1970-01-01 00:25:44,12115.681,139.8003,256.48083,3.0554242,-5.434441,48.83825
1970-01-01 00:25:45,11952.049,147.96089,-44.555103,3.0063198,-13.16299,48.67149
1970-01-01 00:25:46,11963.043,142.85371,-27.18052,-1.2921121,-6.309433,48.84424
1970-01-01 00:25:47,12155.465,136.0057,-247.24838,2.3465545,-0.49441615,49.797043
1970-01-01 00:25:48,11936.242,145.61633,-93.807335,1.7396429,-1.5656683,50.612564
1970-01-01 00:25:49,12047.53,148.18663,-159.57816,2.3383026,11.807163,51.319946
1970-01-01 00:25:50,12073.069,148.73953,-46.72335,7.223687,21.84098,51.74411
1970-01-01 00:25:51,11811.876,143.45627,-319.075,4.620693,-20.108843,50.87248
1970-01-01 00:25:52,11946.971,142.99503,-195.16734,-0.04499803,5.247984,51.486633
1970-01-01 00:25:53,11917.277,146.77975,-40.59605,2.28725,14.727445,51.561565
1970-01-01 00:25:54,12108.456,145.41556,-141.15189,-4.4959245,1.8582405,51.98422
1970-01-01 00:25:55,12032.371,142.90182,-124.311646,-0.51593673,6.088053,52.331512
1970-01-01 00:25:56,11988.6455,137.20924,-28.407148,-0.35084158,-8.04606,52.21954
1970-01-01 00:25:57,11966.964,140.3331,-391.81644,-1.2628452,1.0396955,53.31862
1970-01-01 00:25:58,11998.737,145.72998,187.61397,-0.9439848,-2.4828553,54.5854
1970-01-01 00:25:59,12070.756,141.10172,-19.043005,0.67299676,14.062807,54.832523
1970-01-01 00:26:00,12071.5625,149.12196,67.64515,1.5006206,-6.5027866,55.036827
1970-01-01 00:26:01,11992.613,146.90941,-6.440754,11.377129,4.1064763,53.777714
1970-01-01 00:26:02,12048.241,145.21432,-101.73933,1.0985601,-11.737673,54.27047
1970-01-01 00:26:03,11959.429,143.49164,34.38473,3.1027217,-0.77394855,54.29804
1970-01-01 00:26:04,11993.482,150.54178,176.79567,0.25501963,4.8238173,54.311638
1970-01-01 00:26:05,11918.85,139.64192,-270.1841,3.790291,19.152744,54.97933
1970-01-01 00:26:06,11918.866,141.57169,156.00415,-3.674439,0.799948,55.572086
1970-01-01 00:26:07,12027.221,152.53781,118.54872,0.9709437,7.3310738,56.628643
1970-01-01 00:26:08,12017.256,151.9192,-455.3151,-3.927367,7.333333,55.62465
1970-01-01 00:26:09,11917.412,152.64575,105.23225,3.0404732,-9.857094,55.83231
1970-01-01 00:26:10,12139.747,146.57512,146.75491,-1.3662012,,57.592125
1970-01-01 00:26:11,12044.265,145.07256,-37.475925,4.8289022,-4.4973297,58.210823
1970-01-01 00:26:12,11844.656,141.79192,56.79863,0.19032598,-11.157038,58.080204
1970-01-01 00:26:13,11986.955,144.32599,-66.47547,0.4780722,10.532018,56.933647
1970-01-01 00:26:14,12014.036,151.31189,291.09195,-3.229955,8.47624,57.050625
1970-01-01 00:26:15,12114.389,145.1001,-268.981,6.114712,-0.38277435,58.406624
1970-01-01 00:26:16,12063.841,147.1457,-0.09358389,6.6393723,-9.94008,56.905415
1970-01-01 00:26:17,12071.451,145.11113,-220.07346,1.5510908,0.27523878,57.068935
1970-01-01 00:26:18,11972.815,138.50323,-61.291004,1.8486364,2.1752,55.851315
1970-01-01 00:26:19,12095.411,143.0635,-146.69713,4.7476325,-3.9146063,55.512814
1970-01-01 00:26:20,12026.737,142.76788,188.4067,-3.2672908,,53.741276
1970-01-01 00:26:21,11999.432,144.5882,381.15738,1.2311318,-8.97811,53.940907
1970-01-01 00:26:22,12029.728,148.89688,-97.83489,3.5606902,-2.3084264,55.03862
1970-01-01 00:26:23,12025.034,151.60326,124.483894,0.9923058,-15.357199,54.736725
1970-01-01 00:26:24,12111.2,144.23402,11.444132,9.229387,5.944817,53.809555
1970-01-01 00:26:25,11962.35,147.20277,155.3045,2.8115187,4.033943,53.14185
1970-01-01 00:26:26,12081.8,145.07433,-58.28542,3.8680146,7.955769,53.28618
1970-01-01 00:26:27,12027.303,147.52661,186.1167,-1.8328028,13.950826,55.87754
1970-01-01 00:26:28,12064.755,141.32433,-47.177452,3.9584827,7.3081374,55.436333
1970-01-01 00:26:29,11890.291,147.24368,-219.60767,6.8641024,-6.1123767,56.29196
1970-01-01 00:26:30,11924.48,143.43015,246.00183,2.4747882,-5.4463587,56.22534
1970-01-01 00:26:31,12157.768,144.06752,321.95572,-2.745807,6.6979713,56.701626
1970-01-01 00:26:32,11992.254,142.40692,248.12373,0.3314099,-7.1910315,57.20759
1970-01-01 00:26:33,11909.46,143.52281,-15.88369,3.6583052,-0.8757384,56.403015
1970-01-01 00:26:34,11766.3125,150.96475,237.73022,-2.2352493,-8.13864,56.924786
1970-01-01 00:26:35,11967.489,144.49463,-180.13358,3.0423653,14.472507,57.36828
1970-01-01 00:26:36,12054.119,151.14197,-118.55384,0.30044073,-8.0897045,55.323765
1970-01-01 00:26:37,11976.604,146.10623,82.81548,2.285877,-6.1052656,55.16621
1970-01-01 00:26:38,12012.723,140.59773,193.08995,1.2089753,-10.593378,53.507923
1970-01-01 00:26:39,11970.636,148.2584,48.21213,4.3701177,-2.3918357,53.405556
1970-01-01 00:26:40,12091.858,142.39183,229.8214,-2.3323362,-1.328098,55.019676
1970-01-01 00:26:41,12022.732,144.65663,67.32459,2.2485707,-11.627463,55.063316
1970-01-01 00:26:42,12027.548,149.55188,-72.31952,1.015225,-2.1133165,55.898464
1970-01-01 00:26:43,12076.6045,142.677,-44.936275,0.7511174,-5.7606716,55.412563
1970-01-01 00:26:44,12035.361,148.43234,-40.266243,7.4252677,1.6876929,53.696564
1970-01-01 00:26:45,12050.296,137.28127,-52.877277,0.957329,11.430414,53.99295
1970-01-01 00:26:46,11913.052,149.98676,-30.547153,-3.811048,-0.33859438,55.045555
1970-01-01 00:26:47,11956.758,149.93756,184.23901,5.568604,-1.7620083,55.180088
1970-01-01 00:26:48,11993.251,144.6926,-16.834938,3.86236,-17.268278,53.50905
1970-01-01 00:26:49,12041.242,148.12427,133.03824,3.4362783,4.440368,52.47398
1970-01-01 00:26:50,11996.012,138.09456,104.22152,8.194299,11.679341,51.268593
1970-01-01 00:26:51,12044.86,151.87242,-180.85718,2.7845805,17.366335,52.555477
1970-01-01 00:26:52,12037.59,148.17348,81.93918,3.9646564,17.31519,52.564747
1970-01-01 00:26:53,11887.481,146.26701,-191.28682,-0.44026253,-0.6582029,54.24103
1970-01-01 00:26:54,12081.736,157.89807,219.22217,4.273744,4.9592876,55.24718
1970-01-01 00:26:55,12033.654,146.1044,-388.7358,0.7399145,-2.118666,56.333984
1970-01-01 00:26:56,12048.01,150.1644,74.35783,0.2653207,-7.3962173,57.65775
1970-01-01 00:26:57,12068.464,154.7354,-51.61794,4.411402,-8.43893,57.239643
1970-01-01 00:26:58,11920.775,144.16049,-197.58034,3.1446028,2.7662835,57.244728
1970-01-01 00:26:59,11969.7705,145.28358,139.46332,6.798653,8.499557,57.258125
1970-01-01 00:27:00,11898.053,139.25757,-264.57092,3.4884763,-6.357464,56.85293
1970-01-01 00:27:01,11968.487,141.23495,160.9897,-0.06832605,3.329154,57.21676
1970-01-01 00:27:02,11934.551,151.21422,-179.9091,-3.510526,-0.5169482,55.25589
1970-01-01 00:27:03,12049.202,150.56166,50.034958,2.599689,-3.9291987,55.372955
1970-01-01 00:27:04,12095.308,145.05237,105.77084,0.8759483,17.024733,54.519447
1970-01-01 00:27:05,11939.814,151.72011,412.89917,0.88987833,-25.176193,53.296135
1970-01-01 00:27:06,12023.953,146.38518,-183.00096,-1.5104198,-19.850399,53.3416
1970-01-01 00:27:07,11961.414,144.51428,-28.650316,-0.1762645,0.5753178,52.832832
1970-01-01 00:27:08,12000.059,152.12407,354.79135,3.3734875,-6.163826,53.534042
1970-01-01 00:27:09,12021.321,149.65765,-106.634125,-0.122924544,-2.9127696,55.230312
1970-01-01 00:27:10,11999.214,144.97163,-73.20007,-1.593565,-0.37487805,55.617134
1970-01-01 00:27:11,11942.74,145.4481,-87.49674,2.6827402,1.7197884,56.18229
1970-01-01 00:27:12,12033.224,154.28426,104.110596,3.8013265,-4.1854267,55.739864
1970-01-01 00:27:13,11869.108,135.76591,62.797806,1.345962,1.1403248,58.544132
1970-01-01 00:27:14,12017.158,148.93675,56.5289,-1.5809085,-1.9207351,59.531925
1970-01-01 00:27:15,12092.33,145.87639,-169.62692,0.752898,-8.813385,61.095253
1970-01-01 00:27:16,11953.484,148.99411,-118.68151,1.6968668,11.057175,61.959026
1970-01-01 00:27:17,12029.221,149.85768,182.76155,5.288406,1.9298608,60.5763
1970-01-01 00:27:18,11846.181,149.23868,-212.396,0.27608326,2.4782164,60.632103
1970-01-01 00:27:19,12003.668,145.04364,-304.2801,3.726166,6.163302,59.02914
1970-01-01 00:27:20,12101.052,143.55637,-237.70302,-1.5676419,-4.758844,60.03901
1970-01-01 00:27:21,12031.056,145.28864,-331.62582,9.954089,18.608276,61.275757
1970-01-01 00:27:22,12064.763,145.01575,229.37811,4.036931,5.103394,62.693157
1970-01-01 00:27:23,11913.753,,36.132317,1.289139,2.576139,62.450596
1970-01-01 00:27:24,12023.704,144.54166,-403.09894,-1.0947266,-5.40539,62.81293
1970-01-01 00:27:25,12010.225,149.95204,-15.105061,-2.2077258,17.890219,62.661922
1970-01-01 00:27:26,11935.051,145.86104,-96.963524,1.4531578,-4.7853723,63.022472
1970-01-01 00:27:27,12090.153,145.5999,197.16414,-0.7660616,-1.1904715,62.93042
1970-01-01 00:27:28,11862.876,146.81003,174.15497,0.2845493,-13.119886,61.59685
1970-01-01 00:27:29,11904.836,145.25958,259.9915,1.5178548,3.3688881,60.94261
1970-01-01 00:27:30,11986.3545,144.76743,-367.85956,4.9776015,-5.0434546,58.58066
1970-01-01 00:27:31,11902.352,143.81664,38.271202,-2.457732,-10.856804,56.113213
1970-01-01 00:27:32,12005.864,145.71935,159.71426,3.554719,1.5462142,56.61036
1970-01-01 00:27:33,11933.669,146.022,206.07135,0.27405366,0.7843505,56.762405
1970-01-01 00:27:34,11934.726,148.10925,413.8234,-1.4381596,-7.834797,56.840145
1970-01-01 00:27:35,11894.905,149.87688,-315.7145,3.5393562,-8.914315,56.741848
1970-01-01 00:27:36,12000.754,156.87918,-6.333304,-0.08613943,-1.3872095,57.547264
1970-01-01 00:27:37,12140.695,152.3065,-159.81633,3.8913157,-9.0095625,55.450638
1970-01-01 00:27:38,11940.546,142.7239,-320.83203,1.5192392,-4.2513127,56.395027
1970-01-01 00:27:39,11982.695,149.93732,215.16154,5.6745987,-20.210512,56.134422
1970-01-01 00:27:40,11977.374,136.09383,-431.02466,3.6518393,2.537466,54.91244
1970-01-01 00:27:41,12082.529,151.50307,317.64166,4.543851,-3.9266567,53.73525
1970-01-01 00:27:42,11954.443,149.03278,87.53073,0.18648228,-15.7392235,54.08597
1970-01-01 00:27:43,12057.279,148.89252,-117.49599,-3.4568336,0.12707733,55.281456
1970-01-01 00:27:44,12036.03,149.81898,-183.37633,4.895381,-8.85979,55.969097
1970-01-01 00:27:45,12123.856,148.66025,20.545877,0.8752635,8.451509,57.25473
1970-01-01 00:27:46,11974.532,143.43858,-178.58984,4.995051,0.6655678,57.070118
1970-01-01 00:27:47,11868.716,145.66093,196.10641,7.5364885,7.561599,56.363132
1970-01-01 00:27:48,11956.161,147.20676,54.80704,4.486111,-1.878892,58.161404
1970-01-01 00:27:49,12076.53,153.45995,44.081917,3.6650913,1.1693692,57.429558
1970-01-01 00:27:50,12080.807,145.89688,-47.43091,-1.754281,6.496834,57.62535
1970-01-01 00:27:51,11888.029,149.83607,42.085815,-2.202394,-3.9522166,56.958935
1970-01-01 00:27:52,12169.378,154.64331,53.10365,1.6015728,1.1709318,56.76417
1970-01-01 00:27:53,11890.982,148.8855,377.49493,6.8455,9.517076,56.48466
1970-01-01 00:27:54,11971.769,142.31854,174.08997,-1.1152539,-4.172968,56.163124
1970-01-01 00:27:55,11950.741,151.08186,-97.90986,2.0297008,14.17149,55.41483
1970-01-01 00:27:56,12063.048,148.46864,94.30525,3.3532574,-10.768821,55.367355
1970-01-01 00:27:57,12101.982,152.70882,42.327763,-1.2880814,9.105481,54.839287
1970-01-01 00:27:58,11981.658,147.07767,249.9254,7.672663,14.395952,54.717186
1970-01-01 00:27:59,11971.057,154.9152,86.17394,7.3152146,-8.751506,54.721203
1970-01-01 00:28:00,11816.522,140.56802,-264.58624,-3.4661531,-5.268228,55.539017
1970-01-01 00:28:01,11772.12,153.67928,-315.2961,-0.6959789,-12.280396,57.345703
1970-01-01 00:28:02,11987.172,147.0378,-210.32423,9.017228,-6.969985,57.902466
1970-01-01 00:28:03,12012.917,149.67584,14.912903,-2.32866,4.075915,57.864204
1970-01-01 00:28:04,12068.735,145.61584,41.461475,-4.4439545,3.2497447,58.3626
1970-01-01 00:28:05,12040.289,154.30667,54.649506,6.035221,2.1448154,57.901024
1970-01-01 00:28:06,12107.228,142.14851,51.60638,1.5253049,-7.1284275,57.7069
1970-01-01 00:28:07,12020.823,152.24237,64.90142,1.5492421,-11.400195,58.019394
1970-01-01 00:28:08,11957.265,148.47668,-177.85942,-3.5140417,4.82716,56.79104
1970-01-01 00:28:09,12090.421,153.45721,-402.95187,-1.2202008,1.873699,57.93906
1970-01-01 00:28:10,12188.995,146.53593,-296.00375,0.32796288,4.9691725,57.485973
1970-01-01 00:28:11,11938.243,150.74078,66.46484,5.7042212,-7.285267,58.58534
1970-01-01 00:28:12,11969.834,151.87799,-47.000427,3.7347488,-6.80589,60.47491
1970-01-01 00:28:13,11930.033,148.24341,-127.615585,5.583694,-13.249359,62.108814
1970-01-01 00:28:14,12081.847,149.84363,-319.53848,2.2453947,-12.487943,60.84729
1970-01-01 00:28:15,12024.779,151.8601,-95.366234,1.4308505,-4.6355224,60.80123
1970-01-01 00:28:16,12085.327,147.55922,217.8508,-0.28999913,18.984652,60.874615
1970-01-01 00:28:17,12008.624,,-95.820656,-0.37765944,17.986837,59.90862
1970-01-01 00:28:18,11990.894,149.3124,-22.119154,-0.03753503,20.745981,61.110844
1970-01-01 00:28:19,12131.491,147.88834,50.76139,8.186384,4.519851,60.43915
1970-01-01 00:28:20,11958.276,150.4475,-213.80011,-0.24424222,-2.132141,59.766212
1970-01-01 00:28:21,12028.991,150.78798,-292.0787,1.4567839,11.730966,59.37697
1970-01-01 00:28:22,12096.884,151.97804,233.03387,4.0004034,-4.283066,59.529636
1970-01-01 00:28:23,12063.161,147.14728,-34.64287,5.511959,-12.167,58.530666
1970-01-01 00:28:24,11971.015,148.94516,116.45812,5.5896516,12.893719,59.43674
1970-01-01 00:28:25,11902.11,142.99875,-211.07985,1.0064226,19.58378,58.649815
1970-01-01 00:28:26,11910.645,143.83765,-146.92714,2.4837525,7.669932,59.27907
1970-01-01 00:28:27,12051.544,152.04597,-169.59639,-1.8670676,-6.2294173,58.502888
1970-01-01 00:28:28,12208.168,152.55893,11.967497,2.2421322,1.7878896,57.06496
1970-01-01 00:28:29,11973.347,145.57372,69.34962,0.8763261,,57.648933
1970-01-01 00:28:30,12069.367,151.8665,126.40789,3.7957232,0.16735034,58.07628
1970-01-01 00:28:31,12021.152,152.39624,22.287714,1.84761,-14.239,59.301495
1970-01-01 00:28:32,11917.784,146.56035,-180.57327,1.3866314,4.736735,58.64033
1970-01-01 00:28:33,11966.323,150.38712,221.849,-8.290962,0.53255427,57.202343
1970-01-01 00:28:34,11995.054,149.20345,235.37566,1.9580556,-1.5628908,56.56568
1970-01-01 00:28:35,11899.855,148.859,303.55804,8.660623,-3.1868083,57.02829
1970-01-01 00:28:36,11955.113,149.98979,115.00098,-2.2152972,-0.5820429,57.721382
1970-01-01 00:28:37,12041.074,148.58673,77.443886,-1.7024829,1.866177,58.114437
1970-01-01 00:28:38,12034.805,146.72404,40.20385,5.4507113,-7.44749,57.573143
1970-01-01 00:28:39,12106.49,150.84279,-207.95601,3.7996178,-2.827743,57.505257
1970-01-01 00:28:40,12167.596,152.9291,95.178505,8.338882,3.3212614,57.824272
1970-01-01 00:28:41,11967.599,151.67719,-17.795816,5.005101,-3.14776,56.017162
1970-01-01 00:28:42,12129.63,145.2513,-231.3498,4.8047943,-9.467057,56.594597
1970-01-01 00:28:43,11965.302,147.72299,-56.346554,-3.0793865,-3.2153087,57.29312
1970-01-01 00:28:44,11894.522,146.02036,,5.1852684,1.5244819,57.30911
1970-01-01 00:28:45,12049.113,147.77255,306.6215,3.425843,-12.730794,57.00554
1970-01-01 00:28:46,12154.141,149.57173,-85.22839,6.970418,12.24186,56.991318
1970-01-01 00:28:47,11952.351,144.64288,-82.243744,-2.6358058,9.3802595,56.06193
1970-01-01 00:28:48,11993.437,153.32932,22.388994,3.0102983,-4.860698,56.76669
1970-01-01 00:28:49,12037.244,155.53107,190.21803,-0.65384394,7.5995593,57.11529
1970-01-01 00:28:50,12054.618,145.2644,-313.45322,3.5058258,4.4080057,57.622414
1970-01-01 00:28:51,11897.3955,142.98907,-187.52106,4.922882,-20.239412,59.368786
1970-01-01 00:28:52,12078.508,150.14635,-121.71767,1.6977098,,58.760475
1970-01-01 00:28:53,12011.858,147.85059,195.40016,-4.154505,-9.942238,57.97246
1970-01-01 00:28:54,11944.949,146.25963,143.58235,2.0567844,2.9696496,57.847313
1970-01-01 00:28:55,11969.134,151.772,222.8392,3.2927535,0.3032237,59.01234
1970-01-01 00:28:56,11934.979,144.47125,-36.79832,1.2375672,8.900736,59.5298
1970-01-01 00:28:57,12087.045,147.80818,9.757926,3.2846723,-0.09447658,58.18416
1970-01-01 00:28:58,12048.883,147.15517,-122.542,-1.3810581,10.937282,57.411266
1970-01-01 00:28:59,12020.915,145.67142,-323.8557,-1.0003834,-13.873561,58.659286
1970-01-01 00:29:00,11900.748,150.15396,-22.609875,2.4679928,-7.941855,59.2229
1970-01-01 00:29:01,12021.765,150.96303,265.2491,-0.3509574,3.760497,58.701885
1970-01-01 00:29:02,11932.508,151.94604,-161.90805,7.565458,14.663723,58.73327
1970-01-01 00:29:03,12067.229,143.95259,170.48624,-0.010258516,-6.045809,58.203396
1970-01-01 00:29:04,11987.357,147.1239,66.490005,0.92662954,-12.375788,59.0772
1970-01-01 00:29:05,12057.466,146.45496,-127.529274,1.9443989,-13.669927,59.967686
1970-01-01 00:29:06,12025.415,145.43765,-182.97021,-1.2430214,2.7135043,60.867397
1970-01-01 00:29:07,11845.545,,-13.984026,-1.142213,21.347513,60.165768
1970-01-01 00:29:08,11936.299,148.13821,-229.93698,7.6405373,-11.346317,59.616432
1970-01-01 00:29:09,12030.907,149.95097,205.16917,2.4018004,-11.0153055,60.080154
1970-01-01 00:29:10,12010.92,146.82724,-214.03674,2.3832014,4.3373685,61.3637
1970-01-01 00:29:11,11963.104,142.60474,226.77629,2.260653,0.4899493,61.250023
1970-01-01 00:29:12,11956.322,148.93196,1.8410598,2.4331465,3.0555518,60.684544
1970-01-01 00:29:13,11872.275,156.4217,-286.73874,8.138014,-27.115774,61.205254
1970-01-01 00:29:14,11961.89,143.32855,-8.390699,1.6241835,4.8529363,61.65426
1970-01-01 00:29:15,11898.388,151.55888,-46.831135,4.452183,-1.9430639,61.356483
1970-01-01 00:29:16,12011.058,147.28325,-158.44862,3.7761524,-22.242548,60.165363
1970-01-01 00:29:17,11953.156,147.67308,-212.0995,2.9373696,7.493145,59.618168
1970-01-01 00:29:18,12017.337,145.98032,-351.91815,0.52636164,-12.272445,59.28007
1970-01-01 00:29:19,12017.452,145.92082,-203.94473,6.0232973,4.094865,59.69769
1970-01-01 00:29:20,12230.607,150.34164,75.81819,4.6688733,-0.62557507,59.31355
1970-01-01 00:29:21,11960.138,155.74745,-212.28662,0.53583413,4.533488,59.45389
1970-01-01 00:29:22,11876.092,141.33994,-41.333843,-0.6646117,-3.3337493,60.99792
1970-01-01 00:29:23,12122.3,,-151.68187,4.8851004,8.169314,59.47225
1970-01-01 00:29:24,12069.717,155.18126,146.00989,0.81775415,17.236246,59.47654
1970-01-01 00:29:25,12070.136,152.45462,23.618927,-1.7074519,4.2095833,60.557705
1970-01-01 00:29:26,11985.397,144.0855,-176.29602,-1.7059199,-10.36474,59.781788
1970-01-01 00:29:27,12114.584,155.53789,279.85748,4.5461655,2.4377358,59.506886
1970-01-01 00:29:28,11991.596,141.8714,0.04920126,1.8924898,-9.179336,58.57327
1970-01-01 00:29:29,12101.433,145.41258,9.060924,3.7204254,-15.255633,57.507507
1970-01-01 00:29:30,12105.22,140.54979,-146.28798,4.789948,6.0438285,55.699886
1970-01-01 00:29:31,11916.048,152.72214,147.40955,2.557266,2.0181563,55.241352
1970-01-01 00:29:32,11872.321,149.86061,-198.96109,-1.9365501,-9.82087,53.366722
1970-01-01 00:29:33,11938.348,149.78859,-55.25069,-1.8804029,15.923441,54.041092
1970-01-01 00:29:34,11911.883,147.55765,150.0035,-2.6935081,-4.529931,54.0809
1970-01-01 00:29:35,,152.32208,243.64186,3.0001414,8.218827,53.92444
1970-01-01 00:29:36,12041.098,144.88072,-219.09712,5.7390966,0.056257132,53.837273
1970-01-01 00:29:37,11851.71,150.81061,109.57074,4.5612016,0.61638606,53.76348
1970-01-01 00:29:38,12028.328,146.44046,-241.94168,-3.13941,1.6213007,54.036148
1970-01-01 00:29:39,11993.628,142.23067,157.92719,7.5746984,6.051561,54.007847
1970-01-01 00:29:40,11959.629,146.37961,-121.415955,4.2771444,7.3701963,55.64216
1970-01-01 00:29:41,12030.547,148.05571,126.24547,-1.4350513,-3.0621529,55.7363
1970-01-01 00:29:42,12020.996,155.68704,-44.355194,5.2488894,-5.635197,55.868576
1970-01-01 00:29:43,11969.984,150.81346,-117.09413,4.8489666,6.3202095,54.849567
1970-01-01 00:29:44,12014.73,147.1329,-326.38904,1.9373591,-9.295122,53.64817
1970-01-01 00:29:45,11869.171,143.86525,-327.42264,4.1113963,11.177732,53.79407
1970-01-01 00:29:46,11902.441,145.6445,-15.689933,-0.9953172,7.024773,53.181217
1970-01-01 00:29:47,12185.853,158.11821,181.98016,4.4336777,-10.026116,53.2156
1970-01-01 00:29:48,12045.315,155.74231,74.070045,6.60252,-0.47348866,53.646645
1970-01-01 00:29:49,11944.614,151.12964,-5.9003935,0.21596184,-6.812281,53.150745
1970-01-01 00:29:50,11952.243,147.4054,-236.61212,4.5118947,13.903364,53.525757
1970-01-01 00:29:51,11962.755,146.9076,194.50629,1.0485089,-1.872818,53.98672
1970-01-01 00:29:52,12084.071,154.1792,-75.0793,2.030509,-5.3269725,53.32145
1970-01-01 00:29:53,11973.077,146.06458,18.087372,1.0279799,-5.713676,53.622536
1970-01-01 00:29:54,12118.138,148.21118,-108.10017,-2.7554648,-6.6069093,53.397392
1970-01-01 00:29:55,11916.419,154.6332,33.819256,4.5134697,-3.2452762,54.341415
1970-01-01 00:29:56,11971.915,155.83841,-248.98854,0.4633858,-6.4734125,52.482407
1970-01-01 00:29:57,12125.315,149.6725,74.106995,1.54751,-5.1284246,53.884544
1970-01-01 00:29:58,12061.178,143.61525,-59.50527,3.0603042,20.792124,54.16074
1970-01-01 00:29:59,11972.747,143.37119,-138.577,-4.147396,-9.122106,54.49023
1970-01-01 00:30:00,12009.575,152.73816,-171.74988,1.2223814,2.5372925,54.587086
1970-01-01 00:30:01,11858.465,156.43748,-104.42976,,-15.707322,54.50774
1970-01-01 00:30:02,11939.705,149.25761,183.72783,0.78071,0.05547937,53.53056
1970-01-01 00:30:03,11871.574,155.13321,16.019741,4.1545253,18.08955,53.640507
1970-01-01 00:30:04,11982.493,155.16649,317.74625,1.3129728,-15.258852,
1970-01-01 00:30:05,11951.767,150.59549,-80.65983,3.8645282,6.9448857,49.560696
1970-01-01 00:30:06,12021.505,150.75941,-124.74585,0.7915975,11.334499,49.666588
1970-01-01 00:30:07,,146.74625,38.81813,2.0694277,-8.099529,49.92584
1970-01-01 00:30:08,12012.806,156.77199,132.007,5.0539365,-8.641808,52.021664
1970-01-01 00:30:09,11737.932,154.66817,-474.12143,-1.0492555,23.00625,51.577
1970-01-01 00:30:10,12082.398,147.66913,164.98405,-0.86461705,8.763628,52.26547
1970-01-01 00:30:11,12123.699,153.52312,-205.59,2.717306,-8.160069,53.53411
1970-01-01 00:30:12,11843.266,156.05887,-242.42462,1.3782698,8.812504,51.662746
1970-01-01 00:30:13,12044.985,147.23663,36.50458,4.824823,-0.641607,52.079
1970-01-01 00:30:14,11893.076,152.02917,-25.061954,1.3647869,-9.056143,52.379707
1970-01-01 00:30:15,12115.967,154.02844,-180.08223,-2.081907,1.9410698,52.82252
1970-01-01 00:30:16,11948.392,149.10095,178.65675,-1.0719674,-5.9883623,54.297638
1970-01-01 00:30:17,12057.738,150.38115,-138.32895,0.22065175,16.543028,54.176327
1970-01-01 00:30:18,12049.611,143.51804,-259.82495,5.0247836,2.6295266,53.208843
1970-01-01 00:30:19,12012.819,153.27922,-18.072481,8.133469,-5.5860844,52.948296
1970-01-01 00:30:20,11908.688,152.64716,-64.440575,4.03119,-0.96674216,52.36884
1970-01-01 00:30:21,12028.248,152.34927,-30.37745,-0.916554,-3.2560692,52.07987
1970-01-01 00:30:22,11794.925,151.81429,-379.90707,-0.068610586,10.269296,52.81956
1970-01-01 00:30:23,11901.976,150.9768,-50.39507,4.5538597,-6.444094,53.98102
1970-01-01 00:30:24,11978.046,154.21812,-290.21063,6.4481997,-13.54077,52.760624
1970-01-01 00:30:25,12041.097,151.48282,9.7308445,-2.5261676,-2.5089648,53.731285
1970-01-01 00:30:26,12025.806,153.90912,325.94067,1.5819145,-6.2224054,53.734085
1970-01-01 00:30:27,11946.409,144.65051,-114.63467,1.9498178,-31.428066,53.659256
1970-01-01 00:30:28,11967.0,148.96556,-177.63885,-0.14998972,5.276848,52.521904
1970-01-01 00:30:29,11914.292,151.84271,135.94493,-1.2882556,4.0565343,52.45408
1970-01-01 00:30:30,11949.194,147.0154,274.66492,0.45013687,2.07692,52.001797
1970-01-01 00:30:31,11969.583,149.18208,87.03806,2.595489,-14.027611,51.37053
1970-01-01 00:30:32,11882.046,152.61992,39.537846,-0.2778827,20.879728,52.9566
1970-01-01 00:30:33,12034.823,153.33781,-339.74167,1.2023898,10.123521,51.63399
1970-01-01 00:30:34,11973.339,150.06482,-45.317,5.0188727,15.658632,50.72678
1970-01-01 00:30:35,11896.98,152.63853,299.85034,-0.6410935,-7.2730393,51.460255
1970-01-01 00:30:36,12103.279,153.06012,-351.87982,4.933892,-14.618521,52.406113
1970-01-01 00:30:37,11893.251,149.65039,-10.637116,1.6647223,-2.4695668,51.77535
1970-01-01 00:30:38,11951.935,150.72162,2.365261,2.4551725,5.881277,51.056496
1970-01-01 00:30:39,11957.048,151.35966,-122.01811,3.9233425,18.732857,51.583515
1970-01-01 00:30:40,11916.853,146.80046,212.40031,2.1436248,-18.67711,53.173134
1970-01-01 00:30:41,11908.815,150.37346,-372.56827,2.3126674,-1.8109804,53.48656
1970-01-01 00:30:42,11788.2705,151.15137,60.775223,5.6695085,3.582127,54.549416
1970-01-01 00:30:43,11921.107,151.40218,54.53441,4.5068355,-7.334657,54.11755
1970-01-01 00:30:44,12018.835,158.4249,60.59971,3.7259035,16.094913,54.652187
1970-01-01 00:30:45,12191.043,161.84221,314.09494,-0.6432255,-7.958993,55.937973
1970-01-01 00:30:46,11923.1455,152.34056,-352.23624,9.573355,-4.0758705,56.528023
1970-01-01 00:30:47,11884.148,155.99355,-90.910866,4.85185,10.431553,56.901196
1970-01-01 00:30:48,11976.926,153.31732,119.133644,4.851852,-22.816376,56.447693
1970-01-01 00:30:49,12065.446,151.2224,-38.34364,6.3404016,-17.119762,55.37051
1970-01-01 00:30:50,11934.119,145.99129,-609.04987,3.4480588,-12.05305,55.102276
1970-01-01 00:30:51,11957.321,160.48749,-604.8245,-2.6957626,1.7527355,55.807446
1970-01-01 00:30:52,11968.234,154.00468,-971.4351,-0.4515738,3.3244328,56.225014
1970-01-01 00:30:53,12075.195,154.65404,-654.6896,-1.3174827,-9.559044,54.744526
1970-01-01 00:30:54,11960.995,147.15819,-866.11285,-1.5205901,-11.749609,54.699955
1970-01-01 00:30:55,11954.496,150.70592,-768.67676,3.6988099,-2.9912922,53.71497
1970-01-01 00:30:56,12014.688,145.20238,-934.54474,-1.129904,4.932328,55.330574
1970-01-01 00:30:57,11991.682,156.15674,-1103.8341,-0.757249,5.4497366,56.48375
1970-01-01 00:30:58,11920.552,148.40405,-968.3322,6.119717,0.9393363,57.92478
1970-01-01 00:30:59,11856.88,154.3212,-786.72516,0.30710837,7.108588,58.032814
1970-01-01 00:31:00,11947.447,161.03317,-837.7075,1.9322462,-4.9977813,56.036293
1970-01-01 00:31:01,11657.181,155.9607,-807.4481,0.2816124,-22.159739,55.501987
1970-01-01 00:31:02,11965.968,152.93784,-668.76495,5.3173656,-4.770073,54.04642
1970-01-01 00:31:03,11799.372,155.97156,-906.5036,3.5400364,6.984454,53.05776
1970-01-01 00:31:04,11726.378,161.11472,-501.04166,0.66334045,-3.914344,54.141445
1970-01-01 00:31:05,11715.082,153.72073,-1049.3022,1.8047465,-1.2719024,54.294697
1970-01-01 00:31:06,11853.802,148.69453,-1143.379,1.1443784,-5.3782387,54.7474
1970-01-01 00:31:07,11820.058,153.91281,-754.23865,2.673583,1.759194,54.903896
1970-01-01 00:31:08,11809.373,152.73837,-929.23615,0.091362245,-1.1907341,54.780243
1970-01-01 00:31:09,11722.523,154.57913,-701.1942,1.8071766,-8.403619,55.452778
1970-01-01 00:31:10,11658.003,152.38477,-767.5936,-6.9374166,-6.127865,56.330578
1970-01-01 00:31:11,11777.956,152.18776,-892.49915,0.4645743,1.3360934,54.04122
1970-01-01 00:31:12,11751.768,157.22621,-1155.5499,3.0202475,-1.5094101,54.483555
1970-01-01 00:31:13,11667.428,156.68227,-713.71094,2.7702672,14.7436695,53.734234
1970-01-01 00:31:14,11669.945,150.13878,-571.0294,-1.8547323,-1.6209502,53.136513
1970-01-01 00:31:15,11652.302,149.50304,-983.84595,3.2621853,-0.74280405,54.051132
1970-01-01 00:31:16,11722.241,151.75224,-284.3615,6.2745824,,56.728317
1970-01-01 00:31:17,11691.1,151.13196,-637.02673,1.3029315,-11.068771,57.31451
1970-01-01 00:31:18,11709.443,146.09589,-959.3377,-2.3004558,-11.7235,56.911285
1970-01-01 00:31:19,11566.644,159.55392,-1052.7434,3.2744682,2.9595187,57.764027
1970-01-01 00:31:20,11698.837,154.28334,-864.72473,1.8642921,24.252733,57.97631
1970-01-01 00:31:21,11521.45,154.34468,-655.74976,2.0360236,0.2487834,58.8135
1970-01-01 00:31:22,11652.484,151.20166,-871.5411,0.69193,4.20831,59.374016
1970-01-01 00:31:23,11756.813,155.30057,-854.17267,-0.14247423,15.303186,60.775307
1970-01-01 00:31:24,11475.738,152.04533,-1125.1029,-1.0383806,7.333516,59.22926
1970-01-01 00:31:25,11589.893,151.16733,-630.5425,4.794005,3.6657066,61.246555
1970-01-01 00:31:26,11565.748,152.50325,-387.51553,-0.015095846,7.0047197,60.97564
1970-01-01 00:31:27,11559.016,156.21431,-869.35895,3.9046965,0.81747776,62.236115
1970-01-01 00:31:28,11527.357,145.02504,-502.88907,1.819617,7.969128,64.234604
1970-01-01 00:31:29,11452.361,151.42064,-899.8694,7.7031484,-9.84373,64.49966
1970-01-01 00:31:30,11526.845,154.31737,-910.1794,4.766804,2.7584758,64.48995
1970-01-01 00:31:31,11618.355,146.36917,-582.1309,5.3976903,-15.341158,63.08764
1970-01-01 00:31:32,11612.836,155.26257,-426.17218,2.8633895,-1.8604213,61.973427
1970-01-01 00:31:33,11289.177,139.74121,-926.637,2.206245,13.853217,61.41523
1970-01-01 00:31:34,11478.892,145.11047,-407.2725,6.8663754,-1.8029561,61.37534
1970-01-01 00:31:35,11366.235,156.6321,-765.6125,3.7557693,-4.46285,62.954575
1970-01-01 00:31:36,11437.119,145.17812,-761.3846,2.5128067,-7.6964474,61.345715
1970-01-01 00:31:37,11358.59,156.26945,-853.0052,2.7344491,-5.413561,61.322773
1970-01-01 00:31:38,11443.335,152.59723,-595.36914,3.239392,-8.659076,62.039185
1970-01-01 00:31:39,11444.421,153.67282,-653.57697,4.1600904,4.765741,62.302963
1970-01-01 00:31:40,11433.582,146.3644,-955.15375,2.6436734,5.1340427,60.746292
1970-01-01 00:31:41,11541.071,154.36583,-674.24744,-0.7421565,13.378421,58.508915
1970-01-01 00:31:42,11438.689,150.20255,-576.7243,-0.025542703,0.62003046,55.763992
1970-01-01 00:31:43,11349.978,153.8443,-458.44638,-3.5147743,-5.288884,55.357418
1970-01-01 00:31:44,11415.655,144.80174,-763.1029,1.4822706,,53.13583
1970-01-01 00:31:45,11266.09,157.71394,-1007.50336,2.340768,7.843875,53.53439
1970-01-01 00:31:46,11283.338,143.84595,-861.92773,2.986293,6.534712,53.10291
1970-01-01 00:31:47,11239.831,151.69353,-914.3077,1.5570275,-2.193532,55.177284
1970-01-01 00:31:48,11451.588,147.29189,-232.75024,2.1377048,10.011481,56.52367
1970-01-01 00:31:49,11318.102,152.5918,-655.52985,6.969201,8.301769,56.728287
1970-01-01 00:31:50,11324.608,146.71907,-902.5043,-0.36593297,7.907934,57.71545
1970-01-01 00:31:51,11173.964,152.66158,-924.8928,-1.8016335,2.8294547,58.147274
1970-01-01 00:31:52,11402.991,149.80916,-803.4149,5.118171,-5.5486636,56.666447
1970-01-01 00:31:53,11374.482,144.87488,-836.0195,4.5280223,-1.7079781,57.03503
1970-01-01 00:31:54,11247.746,157.82825,-765.5792,-3.1086748,15.944245,56.80008
1970-01-01 00:31:55,11339.621,153.38762,-994.12665,-1.7366759,5.4721627,56.83346
1970-01-01 00:31:56,11156.372,154.57251,-581.2543,3.3556879,15.162083,57.311943
1970-01-01 00:31:57,11242.713,152.07303,-751.63184,3.5293002,1.1905781,56.645218
1970-01-01 00:31:58,11057.806,151.39426,-803.0723,-4.841558,-2.3952467,55.85752
1970-01-01 00:31:59,11277.202,153.56555,-963.28326,2.5668342,-8.169273,53.85381
1970-01-01 00:32:00,11073.954,153.31915,-657.6081,,7.489228,53.38759
1970-01-01 00:32:01,11064.801,153.38762,-307.53372,-1.0877151,-25.812624,53.370373
1970-01-01 00:32:02,11078.779,148.06554,-361.00208,-0.86105525,-2.2492647,53.74956
1970-01-01 00:32:03,11138.86,151.8828,-683.33167,1.6160817,1.2506839,52.643196
1970-01-01 00:32:04,10908.167,149.66121,-475.7017,-4.7462234,-6.3673873,53.037056
1970-01-01 00:32:05,11180.853,154.90573,-1052.0106,1.4159538,0.49013364,53.437458
1970-01-01 00:32:06,11179.502,153.46674,-715.70294,-3.1675708,6.2260695,55.190952
1970-01-01 00:32:07,11056.134,148.96877,-642.806,2.6245816,-11.116277,56.395874
1970-01-01 00:32:08,11064.591,154.07066,-739.6147,5.089163,-3.2694695,55.07012
1970-01-01 00:32:09,11189.795,153.616,-704.5153,1.2835394,0.22992872,55.216198
1970-01-01 00:32:10,11099.447,147.57143,-526.63934,3.0685575,-11.82578,55.283253
1970-01-01 00:32:11,11082.128,155.23569,-763.5592,7.2436647,1.8806193,55.176113
1970-01-01 00:32:12,10908.296,149.184,-773.4703,7.5373874,13.217845,53.672344
1970-01-01 00:32:13,11064.726,149.39455,-754.44934,3.6229925,1.740356,52.81646
1970-01-01 00:32:14,11020.2295,142.5973,-752.90906,3.8030205,21.529367,51.54107
1970-01-01 00:32:15,10865.509,151.25511,-1153.57,,29.88109,53.469307
1970-01-01 00:32:16,10949.105,158.81235,-946.9518,3.6877203,-9.434649,51.55153
1970-01-01 00:32:17,11043.618,156.6685,-948.1169,4.958537,11.735107,52.728733
1970-01-01 00:32:18,10979.13,151.64244,-480.42572,4.739957,0.11403669,54.12344
1970-01-01 00:32:19,10880.475,149.83604,-842.2444,1.9662511,-4.378434,52.61483
1970-01-01 00:32:20,10927.585,141.12971,-908.1479,-0.8056228,13.508458,54.750294
1970-01-01 00:32:21,10856.21,158.73901,-657.8565,5.173139,9.6950865,55.012352
1970-01-01 00:32:22,10998.26,154.01161,-603.1881,0.16075078,-6.4670134,56.293106
1970-01-01 00:32:23,10871.102,152.77937,-594.20874,2.8940327,1.4030087,58.677357
1970-01-01 00:32:24,10886.895,154.71626,-917.4134,1.620217,-12.836296,61.19796
1970-01-01 00:32:25,10890.631,153.58728,-1164.5284,-0.08627897,-3.883375,61.764374
1970-01-01 00:32:26,10825.822,159.51555,-786.37665,0.064039335,-2.9040394,63.77972
1970-01-01 00:32:27,10763.354,,-1017.6409,1.3632978,-11.483942,62.70214
1970-01-01 00:32:28,10819.861,149.11627,-699.47046,-4.102425,1.6106812,60.597607
1970-01-01 00:32:29,10758.736,158.73314,-745.5835,-0.5382763,-6.717732,61.032585
1970-01-01 00:32:30,10620.323,149.6214,-645.19257,4.2510033,3.8199263,58.109623
1970-01-01 00:32:31,10767.935,154.43317,-603.995,3.1144516,4.421943,57.13306
1970-01-01 00:32:32,10757.194,151.6682,-876.91864,-1.8624147,-5.046573,57.76394
1970-01-01 00:32:33,10776.126,148.37387,-602.4711,5.0381083,-6.62944,59.247375
1970-01-01 00:32:34,10670.917,155.56831,-641.6848,1.7834127,1.9131109,58.98092
1970-01-01 00:32:35,10660.702,153.24677,-704.8548,4.194147,-31.150696,57.10241
1970-01-01 00:32:36,10850.386,149.02374,-661.4368,2.620698,-17.406956,57.189163
1970-01-01 00:32:37,10807.053,154.18893,-546.59076,1.5538398,12.037176,57.339943
1970-01-01 00:32:38,10606.196,146.54485,-753.1353,-3.346951,15.812174,59.286358
1970-01-01 00:32:39,10675.082,154.38272,-854.7293,-1.2285675,18.393703,59.694706
1970-01-01 00:32:40,10823.55,150.29855,-707.81067,2.2501872,7.8565903,60.434372
1970-01-01 00:32:41,10551.5,155.66629,-869.88727,-0.19805104,-7.7438574,58.760273
1970-01-01 00:32:42,10644.715,164.66077,-980.48517,1.1149615,-0.029430635,57.323807
1970-01-01 00:32:43,10623.751,157.52208,-642.0726,7.8274264,0.85401505,55.311634
1970-01-01 00:32:44,10598.002,157.16483,-920.87085,6.665627,2.0465796,54.26559
1970-01-01 00:32:45,10493.707,145.93526,-972.11884,3.1684966,-10.8967705,52.9014
1970-01-01 00:32:46,10509.882,151.17383,-402.92026,-2.4131963,-8.26535,53.549145
1970-01-01 00:32:47,10521.881,148.72939,-845.53644,4.9468703,-2.9467766,53.736973
1970-01-01 00:32:48,10599.352,154.52654,-744.12756,6.1480584,13.690835,52.533356
1970-01-01 00:32:49,10689.068,167.14407,-736.19806,1.2163657,5.899829,52.08391
1970-01-01 00:32:50,10499.807,149.61987,-1094.3746,-4.9860635,-11.362104,52.90096
1970-01-01 00:32:51,10458.223,153.83951,-579.2564,4.4985294,-8.177439,52.6411
1970-01-01 00:32:52,10567.171,156.11655,-1042.2957,2.7821686,14.985782,51.72789
1970-01-01 00:32:53,10393.711,156.19662,-841.5095,0.16851352,-6.30998,53.321316
1970-01-01 00:32:54,10519.101,160.47035,-847.0695,-2.28386,0.14029561,52.419582
1970-01-01 00:32:55,10673.029,153.41896,-814.7168,-0.7559169,8.5557,52.688347
1970-01-01 00:32:56,10476.994,152.57181,-593.3504,1.3056711,3.1776328,52.97272
1970-01-01 00:32:57,10447.09,156.68088,-532.0053,4.5627894,-8.583714,51.31018
1970-01-01 00:32:58,10393.708,149.60953,-743.7711,-3.6327553,-1.7623556,50.11401
1970-01-01 00:32:59,10319.746,158.0631,-577.67596,3.3239138,-2.9817827,49.168587
1970-01-01 00:33:00,10298.229,148.45738,-327.17142,2.3420439,20.660185,48.86194
1970-01-01 00:33:01,10301.659,155.54759,-940.7822,1.8613396,12.332591,48.690514
1970-01-01 00:33:02,10517.0,155.5787,-332.50198,-1.9247446,-23.759502,51.51986
1970-01-01 00:33:03,10428.473,156.81403,-495.7967,2.8912804,6.523146,50.44738
1970-01-01 00:33:04,10531.96,156.50974,-721.0867,3.2014587,2.6246934,51.552185
1970-01-01 00:33:05,10328.828,160.02272,-675.3919,5.0448246,7.418435,50.931427
1970-01-01 00:33:06,10346.85,157.40164,-1018.16534,7.7040753,11.680124,49.79945
1970-01-01 00:33:07,10521.93,151.87236,-714.9815,1.0806572,23.76545,50.959057
1970-01-01 00:33:08,10283.751,162.85841,-885.7713,-0.7257332,-5.880422,52.596382
1970-01-01 00:33:09,10352.598,152.6913,-1094.3713,1.6143574,-4.7332144,51.167263
1970-01-01 00:33:10,10405.626,157.61629,-615.7937,1.5975935,2.551332,49.640068
1970-01-01 00:33:11,10326.06,156.7605,-845.75665,-0.8448337,7.7306232,51.676044
1970-01-01 00:33:12,10429.48,154.81366,-975.73755,-3.9008226,-0.067475036,52.088097
1970-01-01 00:33:13,10213.746,157.78194,-836.0226,0.24421173,17.490583,52.3325
1970-01-01 00:33:14,10285.239,156.13863,-744.5818,4.0932007,-11.6709175,50.564087
1970-01-01 00:33:15,10256.864,159.68765,-917.337,-2.23872,-3.5881677,50.441284
1970-01-01 00:33:16,10161.572,159.25676,-579.3545,1.7848018,-3.0290775,48.719357
1970-01-01 00:33:17,10159.505,157.579,-718.9035,4.835228,-8.237922,49.149837
1970-01-01 00:33:18,10238.641,153.12271,-824.83295,5.8582726,-5.8880525,49.201187
1970-01-01 00:33:19,10319.938,155.16934,-814.31323,2.5865529,7.192813,48.566673
1970-01-01 00:33:20,10246.199,157.69676,-661.31744,2.414811,-9.9737835,47.88565
1970-01-01 00:33:21,10240.627,149.32211,-834.2834,5.337193,6.9491324,46.867294
1970-01-01 00:33:22,10164.234,154.42863,-886.1052,4.575776,-24.613684,47.24783
1970-01-01 00:33:23,10089.272,151.15514,-560.0497,6.320904,5.502577,46.563995
1970-01-01 00:33:24,10188.918,155.28757,-927.19464,5.021203,-2.540033,46.54263
1970-01-01 00:33:25,10151.194,163.52043,-1038.7062,3.0337744,-1.3398091,47.742466
1970-01-01 00:33:26,10063.93,152.9257,-795.99896,8.852572,-12.381591,49.841526
1970-01-01 00:33:27,10058.072,156.99266,-824.3923,-0.3966614,-21.071896,49.757336
1970-01-01 00:33:28,10097.931,156.94582,-1152.6035,-0.15688248,-11.566382,49.35144
1970-01-01 00:33:29,10200.101,155.39742,-813.15466,1.9310135,9.65303,50.422436
1970-01-01 00:33:30,9996.863,157.50458,-611.6598,2.919648,9.453916,50.46398
1970-01-01 00:33:31,9959.644,155.35414,-1058.4037,2.1242616,5.9856143,50.479797
1970-01-01 00:33:32,10187.22,160.34633,-214.73912,12.269207,-19.538548,52.33434
1970-01-01 00:33:33,10044.369,149.23413,-711.2296,5.4640427,9.042178,53.170147
1970-01-01 00:33:34,9971.891,158.80048,-1120.3975,1.6120298,27.001795,51.966652
1970-01-01 00:33:35,10146.277,148.66551,-464.5275,1.6026729,2.6413403,50.24196
1970-01-01 00:33:36,10043.8125,161.37122,-774.0786,3.5705965,-10.986467,50.135742
1970-01-01 00:33:37,9992.302,154.25238,-1007.46246,3.8005636,-20.4859,50.13068
1970-01-01 00:33:38,10138.829,160.84193,-944.2263,3.0601873,-8.251264,49.329456
1970-01-01 00:33:39,10102.184,155.89418,-993.0074,4.9181986,2.5054908,49.66019
1970-01-01 00:33:40,9995.36,157.77011,-731.9145,5.9531827,21.593233,49.261185
1970-01-01 00:33:41,9865.955,161.4873,-1198.8492,-2.9517736,11.030138,51.997536
1970-01-01 00:33:42,9872.242,147.57465,-768.3288,3.774031,-1.4190629,52.6368
1970-01-01 00:33:43,9972.234,160.0711,-908.49493,-2.0066102,-11.386486,53.04437
1970-01-01 00:33:44,9955.016,155.4703,-573.73035,2.2376451,-5.777869,54.499516
1970-01-01 00:33:45,9963.581,154.36197,-1035.2782,-2.51763,0.060369685,54.23248
1970-01-01 00:33:46,9794.241,155.66046,-805.90106,1.7258079,14.516057,55.573215
1970-01-01 00:33:47,9695.127,156.73099,-942.88983,1.4098843,2.1443348,55.15372
1970-01-01 00:33:48,9756.698,153.37492,-983.10596,-1.2548375,-4.669745,55.78689
1970-01-01 00:33:49,9895.578,153.94257,-1037.2042,5.9498725,-4.241601,56.435085
1970-01-01 00:33:50,9878.341,149.36311,-799.39215,-2.4853818,-9.463773,57.68419
1970-01-01 00:33:51,9912.009,155.9375,-367.0767,3.987747,-5.7601986,59.309032
1970-01-01 00:33:52,9731.598,156.34915,-1173.1322,7.624813,0.38538072,56.293392
1970-01-01 00:33:53,9656.537,152.49562,-554.8796,1.5358943,7.0253444,55.512814
1970-01-01 00:33:54,9722.803,152.33488,-800.41187,2.4214242,6.3356447,54.196575
1970-01-01 00:33:55,9757.309,156.30481,-785.515,-0.2989468,-12.955698,54.31993
1970-01-01 00:33:56,9676.267,152.182,-804.32056,-1.4391245,-1.2940998,55.07219
1970-01-01 00:33:57,9810.339,157.87361,-849.8629,1.395652,-13.405002,54.497
1970-01-01 00:33:58,9731.073,155.10097,-662.5603,-1.3996949,2.072902,56.26933
1970-01-01 00:33:59,9804.252,152.52136,-848.87787,1.6105365,-10.056375,56.40989
1970-01-01 00:34:00,9821.914,162.25647,-551.20264,4.4298143,3.3318102,57.189358
1970-01-01 00:34:01,9793.526,155.8783,-665.6039,2.479592,-2.6487992,57.50136
1970-01-01 00:34:02,9663.258,154.20636,-778.2901,2.7354076,-12.314221,58.64702
1970-01-01 00:34:03,9652.599,153.833,-492.32233,0.6081061,-10.737854,59.71797
1970-01-01 00:34:04,9537.445,155.74295,-1045.7039,0.6154777,-2.220561,61.764637
1970-01-01 00:34:05,9792.308,157.60487,-812.37506,3.015954,8.781732,61.120487
1970-01-01 00:34:06,9597.511,152.52826,-632.3565,1.0709318,11.644752,63.56714
1970-01-01 00:34:07,9687.317,155.14903,-984.41205,2.6356878,-2.3015392,60.162342
1970-01-01 00:34:08,9552.476,158.2327,-844.08496,-3.4482183,-3.3419602,59.091507
1970-01-01 00:34:09,9653.292,156.24553,-824.1004,-1.180291,13.321365,60.853317
1970-01-01 00:34:10,9684.714,154.64609,-793.7602,2.233798,,61.230576
1970-01-01 00:34:11,9724.853,151.74861,-876.44196,0.9647488,11.624616,61.645664
1970-01-01 00:34:12,9482.995,159.20177,-464.32422,1.3796543,-3.156352,61.766644
1970-01-01 00:34:13,9569.57,158.2343,-659.69446,4.171768,-7.354406,60.937626
1970-01-01 00:34:14,9572.845,156.60641,-608.12524,-0.19012573,3.1487026,59.212975
1970-01-01 00:34:15,9639.035,155.19676,-569.28156,-5.0986314,-14.625841,58.172066
1970-01-01 00:34:16,9644.226,150.2855,-617.6978,3.5008376,2.3703012,59.111652
1970-01-01 00:34:17,9530.768,156.33215,-676.5222,-1.8490169,12.374872,59.361393
1970-01-01 00:34:18,9569.546,151.82242,-813.6252,1.1372766,-10.919077,
1970-01-01 00:34:19,9440.241,150.54607,-934.0059,-3.0226946,-4.613784,59.960083
1970-01-01 00:34:20,9576.387,159.1376,-1086.8179,0.022166705,2.8452463,59.444298
1970-01-01 00:34:21,9525.734,151.94424,-978.62384,3.6018057,6.9126673,57.232803
1970-01-01 00:34:22,9390.084,148.62822,-1007.03314,1.3280405,1.247265,57.09973
1970-01-01 00:34:23,9544.836,153.52577,-1304.8978,5.153912,-6.1919575,55.961483
1970-01-01 00:34:24,9423.379,150.76617,-534.7037,6.2998548,-7.8267226,55.84456
1970-01-01 00:34:25,9433.463,153.08788,-746.3544,-0.27744296,17.052723,55.694675
1970-01-01 00:34:26,9553.942,150.93126,-831.58655,4.545386,18.608435,54.8598
1970-01-01 00:34:27,9455.068,143.42596,-561.3025,0.8726556,1.446645,55.625065
1970-01-01 00:34:28,9448.226,151.05762,-1040.9061,3.4800858,2.168379,55.27506
1970-01-01 00:34:29,9566.457,160.4403,-864.392,1.4192696,-7.785268,53.54483
1970-01-01 00:34:30,9368.395,159.85948,-798.9448,3.3989882,1.102099,54.17692
1970-01-01 00:34:31,9378.662,156.10875,-755.5757,3.4727538,-8.314294,54.25216
1970-01-01 00:34:32,9508.267,155.50964,-528.5409,0.17844602,,53.76399
1970-01-01 00:34:33,9251.957,155.35172,-644.2853,0.1403715,-3.1891584,53.975254
1970-01-01 00:34:34,9333.627,156.24991,-1055.0636,-1.7648,2.6819367,54.05748
1970-01-01 00:34:35,9278.984,160.04733,-923.6282,10.7090845,18.27094,53.657722
1970-01-01 00:34:36,9451.936,153.40964,-850.15155,8.376975,6.071408,52.62719
1970-01-01 00:34:37,9240.343,161.71802,-925.1289,1.3265724,-8.15636,53.73094
1970-01-01 00:34:38,9253.001,159.25676,-886.7658,-0.19085586,2.5531633,54.390312
1970-01-01 00:34:39,9265.951,153.09518,-1087.189,2.1419616,-0.60436356,54.112175
1970-01-01 00:34:40,9347.338,155.09433,-791.0897,5.089207,-5.139433,53.825474
1970-01-01 00:34:41,9243.88,153.78444,-825.7831,-2.318495,-1.7320122,54.78398
1970-01-01 00:34:42,9265.794,159.56912,-766.9487,1.6011803,-1.8023223,54.865997
1970-01-01 00:34:43,9165.582,156.45584,-389.36243,4.219338,-1.3695284,55.298004
1970-01-01 00:34:44,9322.539,152.11168,-984.23047,-1.1063368,13.787649,53.753094
1970-01-01 00:34:45,9205.798,158.18584,-337.02887,3.0557444,-1.4038078,54.07483
1970-01-01 00:34:46,9158.366,158.02786,-350.82098,0.55622554,5.117629,53.51675
1970-01-01 00:34:47,9064.0205,155.73358,-1167.2666,1.7970244,-3.648157,54.300552
1970-01-01 00:34:48,9211.984,157.96333,-450.70334,3.3675847,-2.0137959,54.39465
1970-01-01 00:34:49,9112.563,153.2349,-763.37445,1.5855542,-3.2708707,53.730835
1970-01-01 00:34:50,9155.895,153.44466,-871.03973,2.5762231,7.0286226,51.137264
1970-01-01 00:34:51,9120.596,161.66743,-720.7722,-0.8158497,-11.197157,52.73171
1970-01-01 00:34:52,9144.962,153.88275,-1320.1423,1.8574226,-18.306873,53.389626
1970-01-01 00:34:53,9123.018,153.5403,-451.06223,-0.16508396,-8.511873,50.902412
1970-01-01 00:34:54,9040.789,155.42412,-840.48505,7.0298734,8.893513,51.58109
1970-01-01 00:34:55,9137.282,155.6301,-686.8446,-1.5034525,-3.9456222,51.43558
1970-01-01 00:34:56,9095.015,158.29071,-653.39716,-1.5874732,-21.28573,51.20731
1970-01-01 00:34:57,9184.44,162.41956,-824.59906,3.8675075,-1.9339515,51.972054
1970-01-01 00:34:58,9136.166,156.40189,-1058.4185,2.6151397,7.6741853,52.577618
1970-01-01 00:34:59,8888.172,152.17215,-1071.5702,4.327368,-8.865521,50.98747
1970-01-01 00:35:00,9013.614,161.45328,-849.96155,-0.9809504,-0.85996133,52.277832
1970-01-01 00:35:01,8952.132,146.25343,-879.6828,-0.7653737,-19.037477,51.813625
1970-01-01 00:35:02,9080.54,152.75932,-560.543,1.3006469,-6.1734047,50.740463
1970-01-01 00:35:03,9137.166,150.19568,-869.7228,-1.2212833,0.97079223,49.513214
1970-01-01 00:35:04,8896.022,156.21469,-946.5753,1.5133454,12.182444,50.14049
1970-01-01 00:35:05,8799.093,161.28516,-796.7045,1.6806997,9.704092,49.987385
1970-01-01 00:35:06,8918.461,156.10413,-585.291,3.985351,-15.053437,49.533764
1970-01-01 00:35:07,8909.386,158.83165,-799.6741,1.9253962,-14.979951,48.711376
1970-01-01 00:35:08,8999.266,156.69225,-579.62244,2.8530502,-0.4929714,50.449993
1970-01-01 00:35:09,8896.04,157.46709,-1046.5363,2.9436398,7.6958623,50.147533
1970-01-01 00:35:10,8845.707,152.77829,-976.58777,1.1932755,-12.259645,50.00782
1970-01-01 00:35:11,8909.309,154.99356,-648.2227,4.3285203,-6.113088,50.6823
1970-01-01 00:35:12,8934.089,158.1294,-772.7114,0.4197798,13.659057,52.673515
1970-01-01 00:35:13,8901.12,145.875,-621.05133,2.2450593,22.044666,52.913395
1970-01-01 00:35:14,8754.805,156.74664,-478.7816,4.4898467,-11.948095,53.466576
1970-01-01 00:35:15,8872.857,160.0032,-815.3253,-4.4266515,,53.31892
1970-01-01 00:35:16,8644.839,154.76001,-755.00134,2.174683,-5.387769,53.273617
1970-01-01 00:35:17,8785.004,157.10576,-1091.7559,5.266381,22.237541,53.457726
1970-01-01 00:35:18,8793.083,156.73685,-702.3616,0.9921034,3.5376182,53.023228
1970-01-01 00:35:19,8722.583,164.57133,-768.6428,0.07038449,19.330362,54.604275
1970-01-01 00:35:20,8769.63,151.71486,-473.135,3.1343508,-0.20639026,54.98847
1970-01-01 00:35:21,8695.971,154.45193,-1020.1899,-0.6107709,-0.28778017,56.309803
1970-01-01 00:35:22,8837.525,159.11267,-794.6836,1.8533691,8.904368,57.571503
1970-01-01 00:35:23,8843.157,157.16512,-336.32883,2.9442675,-5.64373,55.348305
1970-01-01 00:35:24,8815.308,155.28142,-661.5871,0.15279049,8.9243965,55.013287
1970-01-01 00:35:25,8674.138,162.93602,-1044.3457,-1.9924128,-2.9768543,54.980125
1970-01-01 00:35:26,8740.145,150.6824,-233.71054,-0.9542355,-0.3446159,53.91129
1970-01-01 00:35:27,8675.693,162.81844,-709.7015,-4.981551,-4.735041,55.160877
1970-01-01 00:35:28,8606.725,160.6108,-655.5593,3.1518526,12.470982,55.344887
1970-01-01 00:35:29,8755.185,161.33861,-688.29944,4.9684267,-11.679649,56.47547
1970-01-01 00:35:30,8610.578,157.26662,-601.8055,6.4674907,8.042922,56.197678
1970-01-01 00:35:31,8812.431,154.57236,-1016.2491,-4.8339615,-4.199333,55.66471
1970-01-01 00:35:32,8572.977,158.6558,-708.65265,2.8050034,2.3505619,56.394497
1970-01-01 00:35:33,8510.213,156.91693,-1407.2416,1.9884269,7.5128717,55.86547
1970-01-01 00:35:34,8605.24,154.2905,-665.6787,2.59164,-0.4861506,54.958454
1970-01-01 00:35:35,8690.28,157.33057,-778.9374,-1.2848467,-5.625708,54.504097
1970-01-01 00:35:36,8735.485,157.89902,-552.05347,7.44336,17.54062,52.89346
1970-01-01 00:35:37,8679.112,143.31465,-703.32245,5.8592343,15.316625,51.31538
1970-01-01 00:35:38,8547.392,150.32867,-348.4369,1.0416752,-0.87117225,51.976654
1970-01-01 00:35:39,8635.534,155.20642,-436.6149,2.5332813,-7.4506836,50.571533
1970-01-01 00:35:40,8492.869,150.71214,-1072.4902,4.086671,-1.4321575,50.88409
1970-01-01 00:35:41,8546.836,156.84981,-594.00885,0.8310901,4.647135,50.863823
1970-01-01 00:35:42,8535.224,147.40816,-376.80164,5.319169,1.3613695,50.411694
1970-01-01 00:35:43,8384.001,159.24608,-908.8544,1.3940865,-10.880396,49.86158
1970-01-01 00:35:44,8544.973,159.44781,-812.5984,3.435948,-14.206752,50.091217
1970-01-01 00:35:45,8394.427,160.35982,-697.4108,5.562261,1.0347403,50.55725
1970-01-01 00:35:46,8382.264,164.49092,-859.03094,0.22255056,18.365881,50.22748
1970-01-01 00:35:47,8622.119,157.36755,-485.6918,-0.4316558,-2.847279,50.81915
1970-01-01 00:35:48,8343.102,150.97803,-639.33014,-1.2124188,-11.822736,50.504673
1970-01-01 00:35:49,8304.366,160.19574,-877.1077,0.11690104,-6.7501917,
1970-01-01 00:35:50,8469.617,165.14452,-680.80396,-0.54048306,-20.500315,
1970-01-01 00:35:51,8403.014,154.8134,-703.7843,-2.1285381,9.50463,51.772354
1970-01-01 00:35:52,8312.51,153.23201,-1017.7663,5.4083977,-5.018328,53.722874
1970-01-01 00:35:53,8458.708,154.36113,-530.19073,4.9308496,-27.215477,53.439735
1970-01-01 00:35:54,8368.492,163.19325,-1319.2579,-2.4798021,-13.649824,50.57902
1970-01-01 00:35:55,8308.149,163.33073,-853.8607,2.0177233,3.051859,51.636616
1970-01-01 00:35:56,8386.408,163.9618,-547.73615,2.220734,-1.9481988,54.163765
1970-01-01 00:35:57,8361.745,153.7291,-639.4098,0.40091738,10.4893055,54.5889
1970-01-01 00:35:58,8317.3955,157.6806,-691.80493,4.309505,-1.8442222,54.16406
1970-01-01 00:35:59,8347.032,153.3141,-760.11066,-0.522663,4.010519,52.93801
1970-01-01 00:36:00,8371.163,155.80331,-1028.3414,4.2736073,-3.46825,51.484745
1970-01-01 00:36:01,8170.013,149.66467,-835.5883,2.5126011,-6.8004317,50.761463
1970-01-01 00:36:02,8326.943,156.16388,-427.26685,3.6853955,-7.4707603,49.717
1970-01-01 00:36:03,8242.018,152.92433,-612.3877,4.874558,-7.521275,48.705288
1970-01-01 00:36:04,8133.6265,155.35355,-488.24524,-2.6043105,5.6979165,48.538162
1970-01-01 00:36:05,8280.099,160.32938,-592.2603,0.866769,-5.2595687,48.41841
1970-01-01 00:36:06,8342.343,154.45505,-711.3949,0.31042424,-7.393225,47.376163
1970-01-01 00:36:07,8283.024,159.5651,-991.6694,0.5484704,8.210916,47.448364
1970-01-01 00:36:08,8229.102,164.16765,-968.5826,3.3032131,-10.678139,47.44143
1970-01-01 00:36:09,8235.831,157.54298,-861.6059,1.9825277,13.271067,47.911957
1970-01-01 00:36:10,8269.172,154.94557,-1103.7484,0.4630963,-3.530545,48.534573
1970-01-01 00:36:11,8087.2354,156.48976,-1257.7893,-4.019554,2.564514,49.567333
1970-01-01 00:36:12,8173.5146,163.51042,-889.25195,-1.1931733,-1.8851849,50.01033
1970-01-01 00:36:13,8147.9604,161.23277,-822.85455,9.008079,3.5791621,50.854008
1970-01-01 00:36:14,8179.7573,152.83406,-1048.1255,-2.077945,6.423288,51.15311
1970-01-01 00:36:15,8025.9155,154.19995,-1055.9935,2.8568573,2.9295788,51.690144
1970-01-01 00:36:16,7977.5063,151.65082,-905.6327,-0.9149604,-2.3163898,52.08794
1970-01-01 00:36:17,8112.9683,153.79982,-982.6209,3.8637297,18.048605,53.74709
1970-01-01 00:36:18,8167.5273,154.96486,-1007.0816,7.0723295,-4.1786995,51.22012
1970-01-01 00:36:19,8123.9,156.39297,-704.43866,3.1877687,-1.4004058,50.178974
1970-01-01 00:36:20,8110.136,159.67339,-823.2265,2.8217525,,47.145054
1970-01-01 00:36:21,8119.7295,156.28242,-955.04254,-0.1456176,-10.3230295,46.611008
1970-01-01 00:36:22,8107.184,157.64267,-768.2047,6.590595,-6.0212064,47.502735
1970-01-01 00:36:23,7858.637,155.0808,-859.34314,2.0618157,5.3334627,48.23549
1970-01-01 00:36:24,8024.97,157.20593,-1096.9496,5.9781594,-8.803211,47.106
1970-01-01 00:36:25,8038.9487,156.41592,-607.65454,-1.5991381,2.9704866,47.04762
1970-01-01 00:36:26,7974.3584,151.75833,-923.3597,5.521413,7.312436,45.370686
1970-01-01 00:36:27,8026.062,159.02855,-971.97595,-3.5171967,4.768562,45.334194
1970-01-01 00:36:28,8151.168,162.62181,-806.1659,0.04514902,3.414712,45.379852
1970-01-01 00:36:29,8045.218,164.55653,-555.99945,-1.6791698,3.5730896,46.472786
1970-01-01 00:36:30,7890.5835,155.08774,-847.05835,,-7.3853574,46.999138
1970-01-01 00:36:31,7887.7173,149.8025,-1039.6246,-3.9936967,2.212588,47.11673
1970-01-01 00:36:32,7992.788,159.68951,-710.845,-1.2623863,18.59775,47.20883
1970-01-01 00:36:33,7841.8994,159.41808,-865.6374,3.173772,-6.566171,46.35938
1970-01-01 00:36:34,7734.6597,157.23433,-1018.6377,-2.924333,5.425201,46.8451
1970-01-01 00:36:35,7838.2393,155.26694,-925.01935,3.7804277,10.39887,47.377552
1970-01-01 00:36:36,7935.855,153.53232,-1114.1669,3.6203754,-16.032993,44.651287
1970-01-01 00:36:37,7698.556,156.77007,-1083.6628,-0.14631473,10.188259,45.302814
1970-01-01 00:36:38,7758.2383,157.52432,-896.08246,-1.7388302,9.127873,44.892715
1970-01-01 00:36:39,7960.6377,151.0211,-498.51028,-1.404788,23.056726,45.89718
1970-01-01 00:36:40,7764.5166,149.5087,-694.00446,-0.7805255,-4.7183895,46.00197
1970-01-01 00:36:41,7830.487,162.80472,-324.78333,-2.233204,-5.5815916,47.2649
1970-01-01 00:36:42,7853.94,152.49237,-1244.9655,-2.642195,-20.159613,44.841736
1970-01-01 00:36:43,7726.5,148.3324,-838.60724,1.1480256,1.1351941,45.60054
1970-01-01 00:36:44,7739.43,159.41196,-737.86774,7.0171976,3.7065144,45.28881
1970-01-01 00:36:45,7790.4062,161.40773,-706.27966,2.305475,-3.8511887,44.791615
1970-01-01 00:36:46,7740.0684,153.55318,-776.28015,1.01389,9.624863,45.694286
1970-01-01 00:36:47,7943.183,153.19781,-892.9045,2.7907975,13.134143,46.21923
1970-01-01 00:36:48,7622.4937,157.03574,-920.8651,2.1208456,11.537031,45.325523
1970-01-01 00:36:49,7718.5327,157.79611,-711.8786,1.212237,9.281836,46.212788
1970-01-01 00:36:50,7835.1265,157.00946,-655.1819,-1.5412627,-13.031776,46.678703
1970-01-01 00:36:51,7564.119,158.00589,-879.9026,2.8245718,10.442006,45.75457
1970-01-01 00:36:52,7556.5093,159.53651,-262.9414,1.4520489,0.051274505,45.96605
1970-01-01 00:36:53,7639.191,157.84096,-700.8732,-0.286129,11.943151,44.313755
1970-01-01 00:36:54,7711.292,160.25235,-520.76154,-2.3797991,2.9897664,44.423897
1970-01-01 00:36:55,7788.117,158.13289,-443.81998,-3.6199143,18.973835,46.106754
1970-01-01 00:36:56,7644.215,158.67543,-582.5447,0.18582226,-2.729966,45.864956
1970-01-01 00:36:57,7850.732,156.30357,-450.83716,4.600857,3.7037203,46.41501
1970-01-01 00:36:58,7708.7666,157.93153,-599.8511,2.132133,7.1961536,47.00199
1970-01-01 00:36:59,7750.7197,158.30626,-931.8572,0.3711138,3.1587796,47.136654
1970-01-01 00:37:00,7571.251,159.27777,-640.3082,1.7517021,6.1663485,45.81022
1970-01-01 00:37:01,7721.458,159.79137,-678.97406,4.7031484,-12.401957,45.14171
1970-01-01 00:37:02,7559.131,157.81436,-633.64795,2.190025,6.0890603,45.104538
1970-01-01 00:37:03,7557.6265,151.62193,-369.0627,3.3973515,-13.398253,43.79867
1970-01-01 00:37:04,7730.537,159.5044,-701.8025,6.518205,-3.5347252,45.55545
1970-01-01 00:37:05,7593.8867,154.2438,-1188.6768,-2.1987202,14.02067,46.209618
1970-01-01 00:37:06,7690.0757,158.78357,-970.1951,-0.92530316,2.7409391,45.74807
1970-01-01 00:37:07,7529.29,161.54109,-811.8398,4.860215,-1.6662087,46.00876
1970-01-01 00:37:08,7437.809,159.69952,-877.0657,1.9074923,6.664244,45.768536
1970-01-01 00:37:09,7392.9014,156.83185,-1197.8969,1.7514179,1.5104499,45.44648
1970-01-01 00:37:10,7483.1143,155.04417,-679.85114,-0.9590724,1.2926651,44.61549
1970-01-01 00:37:11,7496.119,161.50105,-753.8897,3.2347028,-10.348312,44.944073
1970-01-01 00:37:12,7308.087,155.548,-808.8189,-1.146961,14.741735,45.00063
1970-01-01 00:37:13,7331.146,152.88705,-652.6208,2.0982234,10.732827,44.746655
1970-01-01 00:37:14,7523.7876,155.32498,-669.20496,-6.392239,-1.7182173,43.36214
1970-01-01 00:37:15,7506.328,154.51683,-428.0982,2.9554183,11.39784,43.70253
1970-01-01 00:37:16,7344.3945,159.04051,-660.41034,-1.7768549,11.15364,44.14605
1970-01-01 00:37:17,7469.8003,163.20782,-751.448,0.6566808,-0.8277762,42.435402
1970-01-01 00:37:18,7313.965,156.1273,-770.9322,5.3689833,-12.530205,42.540535
1970-01-01 00:37:19,7380.109,158.62614,-543.1912,4.7005925,-1.9653895,40.22695
1970-01-01 00:37:20,7565.352,156.35423,-494.96564,4.9495025,-9.402465,41.90295
1970-01-01 00:37:21,7333.3228,166.7269,-805.17365,6.3856597,15.224834,40.920357
1970-01-01 00:37:22,7462.922,158.6637,-960.16,1.502136,13.998876,42.144203
1970-01-01 00:37:23,7258.114,155.51088,-672.7719,3.962282,6.155856,42.792534
1970-01-01 00:37:24,7396.7593,153.45482,-879.57245,0.16478744,-2.472592,40.644066
1970-01-01 00:37:25,7312.3066,158.26682,-982.4229,1.3750349,-2.82948,39.35519
1970-01-01 00:37:26,7370.4663,151.54695,-638.5935,0.33428082,-4.099527,39.865227
1970-01-01 00:37:27,7206.3774,157.65619,-792.7751,-0.49002475,-3.6302161,40.19435
1970-01-01 00:37:28,7250.9517,152.7746,-1061.0974,2.3423276,14.85575,41.121387
1970-01-01 00:37:29,7275.949,155.06429,-791.19183,11.308128,-1.036216,42.004498
1970-01-01 00:37:30,7159.216,158.31955,-646.2562,3.92553,7.1297975,41.612682
1970-01-01 00:37:31,7120.567,154.01794,-667.3059,11.369602,6.2384934,42.02952
1970-01-01 00:37:32,7220.7295,156.19487,-711.44867,1.2641535,-3.3228242,42.270443
1970-01-01 00:37:33,7142.2495,149.40587,-463.81708,2.6642132,0.5396233,43.848797
1970-01-01 00:37:34,7069.232,160.18227,-1238.2057,0.79148394,9.0487995,42.016693
1970-01-01 00:37:35,7064.4233,152.8528,-942.3819,5.9907093,21.747221,42.84025
1970-01-01 00:37:36,7153.924,152.47539,-523.1515,5.6334596,8.56482,42.05768
1970-01-01 00:37:37,7222.22,156.06337,-656.47125,3.5025933,-12.920314,41.96005
1970-01-01 00:37:38,7238.5674,152.19934,-728.4823,-0.27103767,-0.74626976,42.22529
1970-01-01 00:37:39,7060.0977,155.44775,-848.2617,4.206949,-2.2272573,43.12356
1970-01-01 00:37:40,7110.902,163.36247,-816.9592,-3.2473352,8.084738,41.721355
1970-01-01 00:37:41,7262.779,146.58197,-333.9918,2.2040138,3.4300258,42.296684
1970-01-01 00:37:42,6994.348,154.69342,-628.7629,4.0151157,8.528958,43.044876
1970-01-01 00:37:43,7042.471,157.94475,-247.81274,3.3895895,6.4603486,41.543694
1970-01-01 00:37:44,7001.1826,152.54187,-487.8939,-1.2888314,13.604032,40.777973
1970-01-01 00:37:45,7042.818,156.49301,-712.24817,-0.09908999,6.684389,41.82804
1970-01-01 00:37:46,6950.0435,161.18042,-813.8976,-0.11029887,-9.085807,42.04805
1970-01-01 00:37:47,6971.7754,162.31592,-753.17773,-0.3733714,9.070576,40.521164
1970-01-01 00:37:48,7139.207,156.63222,-892.084,1.0868891,0.111153595,38.898766
1970-01-01 00:37:49,6980.3813,158.85059,-618.4583,-1.9704725,-11.886597,39.785393
1970-01-01 00:37:50,6988.433,154.10458,-1151.9023,-0.05260784,-3.9741638,37.12019
1970-01-01 00:37:51,6984.803,163.45103,-958.33026,2.706354,-1.5028676,37.277107
1970-01-01 00:37:52,6900.1436,156.7705,-909.67035,6.23273,-4.1049128,37.25893
1970-01-01 00:37:53,6876.941,158.87401,-1176.5062,-2.2137895,-8.811302,36.656326
1970-01-01 00:37:54,6940.074,159.02083,-770.54877,1.6177212,10.669981,35.24571
1970-01-01 00:37:55,6920.0854,159.62405,-621.1778,5.1099653,6.13164,35.139214
1970-01-01 00:37:56,6927.4995,163.78712,-777.1738,1.1517904,-0.28761044,34.91342
1970-01-01 00:37:57,6916.8467,155.76714,-718.859,0.030833444,1.8293972,34.466297
1970-01-01 00:37:58,6812.6357,157.39224,-689.63666,3.113616,1.3994116,35.458607
1970-01-01 00:37:59,6879.9272,162.35637,-916.2732,1.1517261,2.4127033,35.55392
1970-01-01 00:38:00,7055.1216,157.76453,-776.6883,-2.628571,-0.13213475,35.821243
1970-01-01 00:38:01,6824.445,158.62909,-1039.7721,1.8675046,-1.2695699,37.291126
1970-01-01 00:38:02,6813.8853,154.17255,-1121.1409,6.3198504,-7.3602977,35.607155
1970-01-01 00:38:03,6796.2734,160.45923,-608.67456,-0.470934,-8.151463,34.507782
1970-01-01 00:38:04,6832.6147,147.35701,-1293.0752,-2.19107,-18.164988,35.137047
1970-01-01 00:38:05,6887.697,165.48633,-882.8483,1.2501348,12.22859,35.803154
1970-01-01 00:38:06,6976.5337,155.53586,-1006.4574,0.15661909,0.42913625,34.549908
1970-01-01 00:38:07,6874.1313,162.46773,-672.44183,3.2281938,1.6060915,33.419353
1970-01-01 00:38:08,6897.5176,159.87958,-1036.7264,3.59189,-9.00466,33.813423
1970-01-01 00:38:09,6659.826,160.78339,-715.17175,6.3140497,-3.4044209,34.226166
1970-01-01 00:38:10,6936.3423,152.47997,-727.6941,1.9934763,0.17636696,34.701393
1970-01-01 00:38:11,6809.1973,161.838,-625.4245,-0.04094809,7.091014,33.465473
1970-01-01 00:38:12,6753.7017,153.90877,-480.35373,4.7844334,17.496359,33.3991
1970-01-01 00:38:13,6639.0664,148.12064,-821.2049,-3.5605328,-6.068641,33.10622
1970-01-01 00:38:14,6658.867,158.72173,-617.2539,-1.5219511,-13.633852,35.23915
1970-01-01 00:38:15,6639.6094,152.8357,-728.6317,4.068708,15.37272,35.6092
1970-01-01 00:38:16,6556.575,156.42253,-647.76154,7.0170484,8.303999,36.866573
1970-01-01 00:38:17,6551.82,157.95605,-748.7967,0.8498263,12.033912,37.148617
1970-01-01 00:38:18,6833.347,161.64122,-929.0056,5.4597955,-15.362223,37.11364
1970-01-01 00:38:19,6610.1494,164.97365,-802.8217,2.7966154,-23.521076,36.26716
1970-01-01 00:38:20,6613.547,160.6164,-652.04285,-1.3815744,12.974877,36.315804
1970-01-01 00:38:21,6768.458,160.45142,-569.45355,2.9238036,5.869369,38.495686
1970-01-01 00:38:22,6519.464,162.30104,-870.16675,-4.561715,19.975237,39.54947
1970-01-01 00:38:23,6472.227,165.68796,-810.1882,3.1836536,3.6312895,39.646587
1970-01-01 00:38:24,6636.209,159.39151,-877.52246,0.54640466,9.99513,39.7609
1970-01-01 00:38:25,6597.307,159.85973,-1002.30634,-4.477503,-11.111061,40.298042
1970-01-01 00:38:26,6682.614,161.48923,-973.7075,8.53748,2.8069024,39.008366
1970-01-01 00:38:27,6646.384,155.70638,-579.84143,4.8316646,14.522722,39.80524
1970-01-01 00:38:28,6559.8965,157.70287,-642.1052,6.1838574,5.6460476,40.424606
1970-01-01 00:38:29,6411.2285,154.7312,-667.93555,0.17852779,0.6723719,38.57937
1970-01-01 00:38:30,6399.9697,156.11378,-688.5966,7.1757255,6.2303987,38.476944
1970-01-01 00:38:31,6549.7417,150.88013,-976.6587,0.86208546,-1.4272355,36.492046
1970-01-01 00:38:32,6463.594,147.5113,-785.6727,3.684582,-2.5571945,36.743702
1970-01-01 00:38:33,6385.3896,157.05495,-595.65015,0.51623225,-8.532991,37.415142
1970-01-01 00:38:34,6384.9736,164.63425,-805.41473,1.9013923,3.0700192,35.86066
1970-01-01 00:38:35,6504.3096,158.2363,-903.02985,1.6128902,-11.114946,36.31692
1970-01-01 00:38:36,6409.052,158.27483,-525.7133,4.6233697,6.4319506,37.500813
1970-01-01 00:38:37,,151.46188,-504.7668,-2.680237,12.82776,37.015537
1970-01-01 00:38:38,6402.0566,160.13664,-638.63306,-0.5428485,-8.563633,37.17979
1970-01-01 00:38:39,6397.9175,151.33772,-726.80914,-3.0115886,0.5902379,38.175137
1970-01-01 00:38:40,6351.4224,161.35477,-475.7951,5.0942955,0.50826883,39.40386
1970-01-01 00:38:41,6433.9634,154.97871,-841.18616,1.9113985,-10.972531,38.082336
1970-01-01 00:38:42,6470.955,158.78389,-1008.87897,7.237408,5.6275077,38.75018
1970-01-01 00:38:43,6335.968,158.64476,-969.3493,1.7415198,18.297606,37.77848
1970-01-01 00:38:44,6397.6294,159.16805,-715.8325,4.431785,-9.138462,36.600346
1970-01-01 00:38:45,6336.8667,166.10481,-1033.9044,4.450721,-1.6055079,35.238735
1970-01-01 00:38:46,6402.916,154.35359,-640.7428,3.4901457,5.906177,34.562557
1970-01-01 00:38:47,6299.7964,155.5009,-876.81683,2.6378412,3.169434,33.348557
1970-01-01 00:38:48,6290.287,159.86002,-761.2125,6.2238913,-3.1781766,32.32013
1970-01-01 00:38:49,6234.1465,156.16493,-572.611,-0.84525275,8.576362,32.144146
1970-01-01 00:38:50,6248.411,155.15825,-993.31366,-0.98722404,3.6227617,30.30286
1970-01-01 00:38:51,6326.3213,147.84286,-839.8359,-1.6877362,11.933773,32.261623
1970-01-01 00:38:52,6286.218,157.76122,-1045.1366,6.045704,-23.598843,30.023539
1970-01-01 00:38:53,6164.509,154.81302,-1334.5453,1.0318365,2.6369944,30.512815
1970-01-01 00:38:54,6279.811,161.0914,-750.2245,-0.29105577,-8.586761,31.055252
1970-01-01 00:38:55,6068.0293,162.36235,-764.9393,3.1185439,4.744815,30.807285
1970-01-01 00:38:56,6232.178,158.97041,-559.8816,-0.8738304,-11.137529,30.93472
1970-01-01 00:38:57,6084.206,158.05884,-880.559,5.2933273,2.0323408,29.137579
1970-01-01 00:38:58,6303.0264,158.72127,-953.6406,4.096998,-1.4849343,29.699392
1970-01-01 00:38:59,6267.7637,161.74475,-794.5838,1.6658553,-24.612637,31.500107
1970-01-01 00:39:00,6190.23,162.1865,-729.55365,0.3177781,2.8271363,31.786596
1970-01-01 00:39:01,6140.5034,159.44753,-680.63666,1.6397488,-14.277428,31.876715
1970-01-01 00:39:02,6058.7275,156.02129,-945.1407,-3.8476985,6.1115036,31.933086
1970-01-01 00:39:03,6227.156,158.69904,-829.7349,0.35639912,2.1080365,30.768143
1970-01-01 00:39:04,6055.2607,160.76366,-815.1263,-1.8174102,14.442985,31.125368
1970-01-01 00:39:05,6144.08,156.64037,-776.2626,-2.947849,-14.381942,30.966936
1970-01-01 00:39:06,6119.3657,157.98586,-793.9541,2.3348687,-18.286478,32.843113
1970-01-01 00:39:07,6063.282,160.08667,-686.85803,-1.0072024,0.966539,32.50244
1970-01-01 00:39:08,6086.921,155.89938,-625.68616,1.1983929,0.16590941,30.827976
1970-01-01 00:39:09,6080.07,154.3838,-952.8727,-4.9946685,7.8649135,31.700378
1970-01-01 00:39:10,6057.9814,159.54309,-951.49506,4.8766356,4.0071025,31.655516
1970-01-01 00:39:11,5969.3066,154.0831,-734.0647,-0.06165485,-10.159112,30.189705
1970-01-01 00:39:12,5864.3594,162.74406,-622.2122,1.528995,16.0822,31.286835
1970-01-01 00:39:13,6016.099,157.43773,-713.7102,0.6688728,11.915189,30.447256
1970-01-01 00:39:14,5779.826,161.8787,-905.27704,-0.22613002,-14.44106,30.830877
1970-01-01 00:39:15,6007.504,158.62238,-747.15283,3.5416584,-0.089150175,29.386776
1970-01-01 00:39:16,6146.925,161.25189,-947.07837,0.75264424,-13.388013,28.793493
1970-01-01 00:39:17,5836.4766,156.91241,-629.01984,1.441033,0.6290848,30.758177
1970-01-01 00:39:18,6093.6196,160.4529,-875.05273,0.7671172,-3.0924761,29.1532
1970-01-01 00:39:19,5839.9326,154.69722,-1156.9684,7.2706804,-17.443998,29.278137
1970-01-01 00:39:20,5962.659,154.62955,-643.3394,6.9859447,10.383174,30.612467
1970-01-01 00:39:21,5924.089,160.05559,-807.38513,0.11562492,12.857947,29.974894
1970-01-01 00:39:22,5782.1313,151.23915,-580.9422,-0.10205586,9.157469,30.626717
1970-01-01 00:39:23,5771.389,158.88586,-1356.0824,2.062166,7.001263,30.66365
1970-01-01 00:39:24,5879.1465,156.93834,-1001.88873,-3.5146635,-8.446911,30.97079
1970-01-01 00:39:25,5825.3965,160.06248,-746.6278,5.1365047,1.402383,32.331875
1970-01-01 00:39:26,5929.1196,161.51701,-944.6315,2.2923915,-2.5519433,32.91435
1970-01-01 00:39:27,5857.947,160.36006,-922.68207,4.83275,1.2157892,34.11165
1970-01-01 00:39:28,5803.7397,155.05557,-779.60486,4.745516,-19.437847,33.671715
1970-01-01 00:39:29,5734.476,156.36333,-823.36,-3.2442296,10.693508,33.7133
1970-01-01 00:39:30,5870.195,161.3037,-991.9674,2.0170202,-6.5907173,35.008537
1970-01-01 00:39:31,5698.068,158.59927,-1068.4203,2.9444878,9.888427,35.371376
1970-01-01 00:39:32,5954.9873,160.30772,-1043.6053,1.1827296,1.2725782,36.121147
1970-01-01 00:39:33,5853.882,160.63306,-845.50165,-0.771368,6.9898725,38.6352
1970-01-01 00:39:34,5852.49,155.91096,-537.09863,-2.535859,-0.369786,38.373592
1970-01-01 00:39:35,5805.264,159.32744,-1091.7646,1.7449223,-5.986126,38.69916
1970-01-01 00:39:36,5728.6,155.19043,-769.2369,3.8925307,18.674938,38.316433
1970-01-01 00:39:37,5673.1855,155.54457,-820.6235,2.15866,-10.791039,37.543095
1970-01-01 00:39:38,5791.7383,159.41444,-1008.59033,0.24457987,-8.47639,36.979866
1970-01-01 00:39:39,5651.0903,159.27725,-886.7306,-0.33639866,4.984673,36.353455
1970-01-01 00:39:40,5706.4966,160.53496,-846.4543,-2.1952286,-13.879394,36.984562
1970-01-01 00:39:41,5640.997,163.24786,-587.8112,-0.163974,-7.027755,37.07703
1970-01-01 00:39:42,5682.9307,155.33798,-695.77856,3.5317376,-3.3876832,37.65206
1970-01-01 00:39:43,5549.013,159.04813,-652.94403,3.1857991,2.057624,37.511806
1970-01-01 00:39:44,5715.065,153.50253,-876.84326,2.144784,0.097709715,36.57054
1970-01-01 00:39:45,5654.07,157.04309,-1051.7448,5.6963515,1.4821541,38.0078
1970-01-01 00:39:46,5763.897,159.60829,-697.3348,0.17158097,-2.3537319,37.65188
1970-01-01 00:39:47,5611.389,159.17116,-576.28894,3.398017,0.62194747,35.19024
1970-01-01 00:39:48,5582.1494,158.43138,-1153.2175,4.7841573,-4.7035036,35.056946
1970-01-01 00:39:49,5537.2676,158.56909,-716.6598,1.8385571,18.315733,33.20906
1970-01-01 00:39:50,5472.578,156.27878,-567.79285,2.7005427,0.14812215,32.88628
1970-01-01 00:39:51,5502.484,157.12637,-1105.544,2.7502346,2.4978735,33.810783
1970-01-01 00:39:52,5586.5747,160.54893,-783.5185,3.3058825,16.223257,34.51461
1970-01-01 00:39:53,5499.7354,164.70178,-662.85626,2.9282475,4.2269645,34.494835
1970-01-01 00:39:54,5469.687,157.25813,-1261.2151,8.21443,-8.226893,34.807762
1970-01-01 00:39:55,5445.8022,163.02713,-806.3618,-0.12067023,1.3969551,34.84551
1970-01-01 00:39:56,5538.9297,157.38681,-781.2507,0.29508668,0.34873316,36.554825
1970-01-01 00:39:57,5377.799,153.72835,-1027.016,1.7413516,7.151937,36.515034
1970-01-01 00:39:58,5568.087,156.76689,-941.1685,0.40565443,-8.293984,35.823215
1970-01-01 00:39:59,5337.636,160.87466,-973.1424,-1.482906,20.966745,36.056118
1970-01-01 00:40:00,5487.7354,150.51794,-819.4371,4.938449,10.700457,35.73951
1970-01-01 00:40:01,5506.329,154.33209,-459.04633,-0.7778898,12.527265,34.811127
1970-01-01 00:40:02,5507.992,156.4204,-860.7432,5.9882684,28.375578,35.7621
1970-01-01 00:40:03,5433.627,156.29433,-403.5454,-3.117912,-0.9017807,
1970-01-01 00:40:04,5477.1807,161.05116,-776.1687,-1.4186474,-1.854961,36.091
1970-01-01 00:40:05,5511.8066,160.75519,-1037.7535,2.9328504,-3.4890373,36.23521
1970-01-01 00:40:06,5463.4355,159.80699,-706.0623,3.0051386,0.76923656,37.915302
1970-01-01 00:40:07,5352.6255,163.7003,-588.51697,5.5911074,-12.247279,37.90304
1970-01-01 00:40:08,5392.7046,156.3952,-918.337,2.0680559,0.4344277,35.490555
1970-01-01 00:40:09,5266.7935,159.8752,-739.392,0.9702919,-8.373355,35.12679
1970-01-01 00:40:10,5232.313,165.42226,-1097.3812,2.6308343,-15.2956085,34.98695
1970-01-01 00:40:11,5374.1973,156.97147,-470.17404,6.6508102,-8.746703,36.83555
1970-01-01 00:40:12,5260.0566,161.43472,-758.0587,3.7687116,-14.323432,35.838165
1970-01-01 00:40:13,5282.5527,164.57802,-1111.8618,1.0104731,1.2140979,35.75913
1970-01-01 00:40:14,5357.1274,159.88515,-558.6081,-3.404961,-5.895101,36.770103
1970-01-01 00:40:15,5238.819,157.80103,-992.4338,2.354651,-6.5514975,35.97169
1970-01-01 00:40:16,5195.5205,162.58667,-888.07184,3.1953802,5.6114955,35.22638
1970-01-01 00:40:17,5262.2285,157.93149,-728.368,-4.1188745,-8.253295,34.155025
1970-01-01 00:40:18,5151.7856,160.34378,-387.95358,-0.21768542,,34.22583
1970-01-01 00:40:19,5294.859,148.08197,-798.9162,-0.8171896,-14.903201,33.454456
1970-01-01 00:40:20,5292.7075,159.6431,-375.76617,-0.6429388,-13.673994,33.173027
1970-01-01 00:40:21,5288.7417,148.4418,-748.2858,2.8345082,9.764592,32.710403
1970-01-01 00:40:22,5164.0713,155.13123,-968.54877,1.2752556,1.7493346,33.651825
1970-01-01 00:40:23,5273.9883,158.02504,-883.38275,-4.440046,-14.097184,33.993732
1970-01-01 00:40:24,5130.6143,151.33615,-804.6741,0.6076809,2.2113552,35.412727
1970-01-01 00:40:25,5207.039,155.03618,-725.7805,10.927937,-6.9107823,35.545788
1970-01-01 00:40:26,5163.568,154.84373,-616.3955,1.696725,12.362849,34.762447
1970-01-01 00:40:27,5094.8604,151.41919,-531.1226,2.6534114,-10.452645,35.22845
1970-01-01 00:40:28,5144.7163,155.33969,-1004.8235,3.680439,-2.9337077,36.348763
1970-01-01 00:40:29,5174.35,155.44652,-853.8835,1.9736538,-10.313205,37.831806
1970-01-01 00:40:30,5167.1553,157.19162,-635.5163,2.7192073,1.7391554,36.849323
1970-01-01 00:40:31,5150.1216,159.01532,-841.3031,1.114064,-2.7328105,37.89501
1970-01-01 00:40:32,5156.702,160.66327,-652.02484,1.4306816,-31.13979,38.164394
1970-01-01 00:40:33,5114.703,166.56676,-277.09363,3.7013788,5.6044865,36.523014
1970-01-01 00:40:34,5059.26,163.41557,-1036.1973,5.143889,13.415266,37.121674
1970-01-01 00:40:35,4993.8237,163.88876,-472.66693,6.0179725,6.7176137,36.20499
1970-01-01 00:40:36,5155.5923,159.77415,-608.5159,4.3129935,7.7962127,37.10201
1970-01-01 00:40:37,5059.0254,162.6963,-927.9669,-0.5114885,1.2473238,38.116577
1970-01-01 00:40:38,5151.7666,151.35304,-751.86383,3.8953135,-3.6364756,37.434013
1970-01-01 00:40:39,4938.664,156.70654,-827.6938,3.7345731,,39.575035
1970-01-01 00:40:40,5021.0923,156.27902,-803.2229,-2.8530843,-10.388479,38.84419
1970-01-01 00:40:41,4932.3564,165.33675,-899.54675,3.9717748,0.9084276,37.381863
1970-01-01 00:40:42,4905.42,163.1002,-389.42947,-1.5562419,,37.481586
1970-01-01 00:40:43,4791.8545,160.70735,-893.1414,-0.15395692,15.220764,35.80175
1970-01-01 00:40:44,4921.992,159.91167,-1222.5448,2.05195,5.9740624,34.75258
1970-01-01 00:40:45,4816.2207,157.95482,-711.2359,4.9588895,-4.7968245,35.568516
1970-01-01 00:40:46,4902.876,161.5643,-726.7158,1.4618635,-3.5804045,34.424217
1970-01-01 00:40:47,4776.4746,161.21542,-1017.12836,-2.8697357,-6.0819473,36.288223
1970-01-01 00:40:48,4827.8506,158.28467,-847.20447,2.9988885,6.852381,36.835796
1970-01-01 00:40:49,4865.7515,157.93889,-347.22037,2.8082333,-8.07773,38.672623
1970-01-01 00:40:50,4758.38,157.77058,-921.75885,1.3645722,-7.1353893,38.667965
1970-01-01 00:40:51,4753.101,160.51805,-828.8139,5.8350854,23.847181,39.214737
1970-01-01 00:40:52,4819.0938,158.31128,-869.84784,2.2710268,-18.07434,37.31698
1970-01-01 00:40:53,4870.4634,156.54614,-717.7723,-7.345208,-0.74472845,37.39266
1970-01-01 00:40:54,4810.0327,160.40236,-975.34143,-0.28681633,0.8712375,38.406826
1970-01-01 00:40:55,4849.426,162.96988,-662.069,-0.24480511,0.82747567,39.295834
1970-01-01 00:40:56,4781.4585,155.83919,-1000.98663,7.7926197,-7.8779497,38.14514
1970-01-01 00:40:57,4551.089,158.65378,-1117.4498,-0.8520393,-4.938916,38.260593
1970-01-01 00:40:58,4867.979,154.68723,-730.9241,3.4867718,-18.006182,38.16584
1970-01-01 00:40:59,4585.6123,165.08766,-761.1278,1.732513,10.181644,37.248875
1970-01-01 00:41:00,4955.7446,156.12474,-1007.53656,-1.1598595,-9.791153,38.99062
1970-01-01 00:41:01,4765.7344,166.94202,-1067.1357,1.9338182,-14.88179,37.986347
1970-01-01 00:41:02,4564.3633,163.88742,-617.3153,-0.8921497,-1.6561826,38.230854
1970-01-01 00:41:03,4767.523,156.84508,-698.43427,-1.2564307,-5.3588943,39.087223
1970-01-01 00:41:04,4651.9307,155.81766,-870.32214,2.7671375,-14.2599945,38.35029
1970-01-01 00:41:05,4541.3247,160.11827,-847.174,-1.3769258,,38.594406
1970-01-01 00:41:06,4686.6196,153.15298,-719.40485,1.0117351,15.892999,40.73596
1970-01-01 00:41:07,4530.7363,163.1437,-1105.5857,0.12886362,4.375498,39.646908
1970-01-01 00:41:08,4736.395,155.2714,-753.5741,5.5952544,4.9787126,38.88578
1970-01-01 00:41:09,4579.6357,145.61057,-707.29926,0.6959517,5.658388,38.5458
1970-01-01 00:41:10,4632.4414,152.59875,-527.98364,-0.93226606,-10.127269,39.017365
1970-01-01 00:41:11,4591.275,156.81697,-657.60785,0.8406729,1.6648467,36.268906
1970-01-01 00:41:12,4673.4233,158.5103,-957.6496,1.9970707,2.0963273,36.375694
1970-01-01 00:41:13,4508.248,153.84862,-978.3416,1.3811715,1.4351983,35.24302
1970-01-01 00:41:14,4717.9043,158.74016,-549.0999,0.9887504,0.45449498,36.472775
1970-01-01 00:41:15,4539.0425,146.65335,-609.3243,4.0141664,22.0376,35.796947
1970-01-01 00:41:16,4607.419,155.1589,-464.59106,2.0548882,11.621339,35.208115
1970-01-01 00:41:17,4527.8926,152.85754,-924.8442,-0.6770868,10.353168,34.880238
1970-01-01 00:41:18,4447.174,154.20978,-700.0047,0.8254761,8.952457,33.62611
1970-01-01 00:41:19,4604.03,158.22362,-363.64728,-0.890449,-2.5537133,34.413837
1970-01-01 00:41:20,4568.87,159.6349,-1105.2662,-0.769828,-35.82619,34.471687
1970-01-01 00:41:21,4592.9326,160.31673,-721.4375,3.0533538,8.079761,33.803917
1970-01-01 00:41:22,4524.735,160.41866,-502.0888,2.7079418,-12.167703,35.061558
1970-01-01 00:41:23,4411.662,160.33939,-652.10815,2.0682874,-2.5141149,35.93612
1970-01-01 00:41:24,4368.4453,162.83931,-994.9385,-1.7587197,0.86387795,36.99697
1970-01-01 00:41:25,4490.275,161.2111,-1330.4098,-3.0429413,-19.001251,36.638348
1970-01-01 00:41:26,4367.0645,159.27902,-720.3039,-0.2784028,8.641294,37.896458
1970-01-01 00:41:27,4393.606,154.5959,-728.2202,-2.653899,-13.622797,38.2696
1970-01-01 00:41:28,4464.9707,153.61725,-1216.6244,4.5742674,-12.905099,38.793068
1970-01-01 00:41:29,4400.542,157.00723,-941.00354,4.4839745,7.369794,39.59813
1970-01-01 00:41:30,4362.248,162.46428,-594.62695,0.5445087,-3.4821033,38.44875
1970-01-01 00:41:31,4402.408,159.88538,-843.02545,-1.5881534,-17.900297,38.83828
1970-01-01 00:41:32,4243.6235,158.35545,-785.7692,6.651198,-0.31496423,40.59914
1970-01-01 00:41:33,4429.732,162.8468,-652.55646,0.4406993,-5.563217,41.45105
1970-01-01 00:41:34,4391.6333,157.84308,-699.0971,2.4133086,3.876061,40.839878
1970-01-01 00:41:35,4275.7944,153.14645,-693.21497,2.7179308,-9.991135,39.446835
1970-01-01 00:41:36,4243.183,162.08266,-556.50714,-5.973161,-7.5822344,39.908627
1970-01-01 00:41:37,4252.982,159.47006,-570.67004,5.465086,22.36176,39.35136
1970-01-01 00:41:38,4404.7085,159.06006,-926.14594,0.55401635,-0.7352351,40.76663
1970-01-01 00:41:39,4177.235,156.41159,-863.4787,3.0436893,15.578586,39.38265
1970-01-01 00:41:40,4276.157,161.24097,-1141.2924,-1.681775,8.425028,39.620636
1970-01-01 00:41:41,4187.477,161.00426,-835.894,3.5853584,7.372862,38.237896
1970-01-01 00:41:42,4197.9907,159.92314,-250.75966,5.8859653,-9.345814,38.052475
1970-01-01 00:41:43,4296.3345,161.12753,-867.07275,4.127807,-0.13748066,38.54889
1970-01-01 00:41:44,4256.6875,152.70753,-812.7796,1.7522949,10.42725,40.26686
1970-01-01 00:41:45,4136.3975,157.76952,-927.9636,2.431111,0.097474135,39.672523
1970-01-01 00:41:46,4261.8,156.75641,-968.0205,-0.8936922,3.0877109,39.80586
1970-01-01 00:41:47,4178.9673,160.53871,-670.7691,5.809031,7.0515437,38.406944
1970-01-01 00:41:48,4173.345,153.84334,-982.9993,0.009176213,-7.0736637,39.481663
1970-01-01 00:41:49,4094.5361,159.81586,-837.0155,2.9037244,2.3967638,39.55161
1970-01-01 00:41:50,4112.693,152.19305,-514.3584,6.560693,-30.304129,39.669456
1970-01-01 00:41:51,4135.8125,156.06221,-550.5106,2.6098986,3.866478,40.15179
1970-01-01 00:41:52,4122.661,161.60829,-822.4488,6.401436,-18.820688,39.819458
1970-01-01 00:41:53,4204.87,159.47897,-1066.3486,3.39938,11.033669,40.4379
1970-01-01 00:41:54,4077.2869,157.8936,-1096.3201,1.0988138,26.74072,40.651516
1970-01-01 00:41:55,4069.474,153.56444,-1026.3491,-0.6569004,9.384328,42.769966
1970-01-01 00:41:56,4071.763,159.47658,-940.2246,0.8921084,-18.279997,43.319958
1970-01-01 00:41:57,4031.3047,156.94685,-674.43097,5.951593,-2.861591,44.393215
1970-01-01 00:41:58,3972.8022,166.14655,-974.36914,1.9310957,4.6977487,45.524017
1970-01-01 00:41:59,4231.432,,-999.5606,2.3707552,-16.403595,46.656372
1970-01-01 00:42:00,4026.8672,161.18954,-985.3109,8.723255,-10.383462,46.459484
1970-01-01 00:42:01,4036.9763,156.0802,-876.27246,3.6580904,-19.698994,47.785404
1970-01-01 00:42:02,3925.9966,156.64368,-760.9901,1.3473139,8.133986,48.058643
1970-01-01 00:42:03,3992.1228,155.23436,-564.04895,0.3150941,2.5131671,48.994446
1970-01-01 00:42:04,3842.1318,161.56592,-647.75867,1.9852927,-4.179503,49.653873
1970-01-01 00:42:05,3896.5977,157.02667,-739.9838,-0.08472164,11.225953,50.141304
1970-01-01 00:42:06,4157.29,160.13289,-985.51416,3.415539,5.053414,49.98427
1970-01-01 00:42:07,3841.05,162.7792,-1356.0039,-4.2766137,-0.71665233,49.06303
1970-01-01 00:42:08,3987.1968,161.2545,-1174.6635,-0.36749682,2.6558015,50.161907
1970-01-01 00:42:09,3950.459,162.08704,-671.00287,0.3998011,5.4444113,50.834236
1970-01-01 00:42:10,3926.734,163.67885,-927.7068,6.193773,-1.6079586,51.91213
1970-01-01 00:42:11,3892.2703,157.77339,-1024.8806,-0.8915142,-4.570633,52.01954
1970-01-01 00:42:12,3862.659,156.47765,-943.9926,4.180697,-4.9390774,51.42742
1970-01-01 00:42:13,3776.9382,149.25365,-896.11365,-2.0404956,-5.329563,50.551815
1970-01-01 00:42:14,3920.5305,155.1876,-423.70288,1.2572263,3.2698529,51.102734
1970-01-01 00:42:15,3865.5703,159.44893,-666.6711,4.76391,0.93464047,50.628624
1970-01-01 00:42:16,3867.5562,162.8542,-430.479,7.9850435,-2.989557,51.246414
1970-01-01 00:42:17,3723.3494,161.30692,-671.50903,5.537221,1.760889,51.77517
1970-01-01 00:42:18,3901.2844,160.65778,-628.9287,0.6267717,-14.904835,52.1347
1970-01-01 00:42:19,3955.5564,153.83517,-806.29755,2.456135,-18.356527,52.565804
1970-01-01 00:42:20,3726.205,163.52925,-433.29327,-0.50081384,-10.805755,53.245487
1970-01-01 00:42:21,3736.869,170.38783,-506.1868,-0.2992965,-14.781162,51.7656
1970-01-01 00:42:22,3689.7476,160.49707,-900.41675,1.6092125,-6.999317,52.537994
1970-01-01 00:42:23,3782.2734,164.30228,-529.76294,6.9471292,-3.7047002,51.732487
1970-01-01 00:42:24,3767.4043,154.73434,-940.73956,4.452633,-0.8555898,50.33787
1970-01-01 00:42:25,3762.6445,163.3672,-919.6806,-2.7929933,3.3410904,50.76952
1970-01-01 00:42:26,3725.118,158.77199,-826.9155,-1.4384599,-4.6707234,52.27395
1970-01-01 00:42:27,3672.3423,158.46126,-642.44135,3.0978343,5.9179482,52.905304
1970-01-01 00:42:28,3616.4797,161.33966,-843.1543,1.0320333,19.940535,51.097095
1970-01-01 00:42:29,3643.8455,159.91946,-930.44556,2.9905064,3.7486882,51.223087
1970-01-01 00:42:30,3584.5688,,-759.3598,0.45844582,10.137991,49.191357
1970-01-01 00:42:31,3577.2417,152.50894,-789.72516,-7.3995957,11.047422,49.132423
1970-01-01 00:42:32,3688.8982,155.66394,-714.5819,10.97302,20.95246,48.759712
1970-01-01 00:42:33,3668.3918,167.61934,-662.3677,3.6981182,5.367315,48.432995
1970-01-01 00:42:34,3622.8406,162.93141,-998.19116,-1.2392998,7.2294927,47.41348
1970-01-01 00:42:35,3770.193,158.14032,-856.8747,3.2476938,9.471897,46.220375
1970-01-01 00:42:36,3466.6138,153.69717,-576.7398,3.3727186,-1.2349516,43.860317
1970-01-01 00:42:37,3672.207,160.8484,-1279.2356,6.879989,14.655775,44.844105
1970-01-01 00:42:38,3648.874,163.59895,-599.7533,-0.40358928,2.3051715,46.514965
1970-01-01 00:42:39,3602.3982,157.2212,-847.59424,4.0017667,3.9527194,46.561443
1970-01-01 00:42:40,3570.0698,160.77678,-493.81625,3.7856746,26.756819,46.443466
1970-01-01 00:42:41,3690.2163,154.40414,-697.9526,2.5071754,-3.7347434,46.002506
1970-01-01 00:42:42,3577.3506,156.26825,-628.20654,2.3386183,9.076675,46.494823
1970-01-01 00:42:43,3584.6812,156.7747,-781.8277,3.1865866,-6.693801,46.683224
1970-01-01 00:42:44,3433.244,151.4299,-970.1106,2.273067,3.2620344,49.309704
1970-01-01 00:42:45,3539.1897,162.80078,-879.884,5.2632246,-7.659932,50.23586
1970-01-01 00:42:46,3474.2976,157.57185,-994.84076,0.20784871,2.869989,50.165226
1970-01-01 00:42:47,3404.2532,162.62862,-687.10614,-0.42667907,8.159127,50.93768
1970-01-01 00:42:48,3490.8257,157.50806,-804.0176,1.6617736,13.660229,48.480244
1970-01-01 00:42:49,3465.9558,155.827,-926.56366,-0.07017808,6.107212,48.15222
1970-01-01 00:42:50,3487.5813,156.9652,-326.37924,-1.2379894,-1.9109792,47.563614
1970-01-01 00:42:51,3362.8972,158.63898,-797.72644,1.6359435,11.051243,48.172176
1970-01-01 00:42:52,3418.4216,162.57077,-1047.6194,-2.648074,-15.278737,47.862858
1970-01-01 00:42:53,3468.9666,160.15605,-1247.8026,3.4850004,4.8325496,48.703598
1970-01-01 00:42:54,3452.1885,164.16667,-778.2223,-0.3161346,4.3652167,47.91679
1970-01-01 00:42:55,3218.2517,155.42303,-907.2484,3.3717594,2.4163356,47.913143
1970-01-01 00:42:56,3287.9368,157.04381,-783.10925,-1.0808166,-11.052794,48.168186
1970-01-01 00:42:57,3406.0022,164.80302,-411.65417,0.28231537,5.917853,49.986187
1970-01-01 00:42:58,3253.2627,160.35864,-1043.1058,6.549667,-1.4591247,49.258602
1970-01-01 00:42:59,3390.1384,160.43059,-646.16754,6.154524,-1.6700593,50.23532
1970-01-01 00:43:00,3483.7192,158.404,-584.47815,5.893557,-8.102695,50.31986
1970-01-01 00:43:01,3232.6868,159.29874,-909.2333,3.9344428,-5.608159,49.746243
1970-01-01 00:43:02,3278.7336,153.93462,-637.0003,-1.0271331,-2.25971,48.740288
1970-01-01 00:43:03,3415.4053,155.60068,-1121.2035,2.3217666,3.3680396,49.13665
1970-01-01 00:43:04,3355.3716,156.01883,-573.0664,-3.1344452,10.827679,48.459396
1970-01-01 00:43:05,3284.0913,164.12923,-793.56256,1.223817,-5.8222327,48.39051
1970-01-01 00:43:06,3282.1614,153.56671,-793.02325,-1.0349171,-13.008312,48.963554
1970-01-01 00:43:07,3271.7522,157.44653,-813.91113,-0.50107455,5.5785894,49.010067
1970-01-01 00:43:08,3183.4436,155.32628,-473.36072,5.170671,-5.97641,48.846466
1970-01-01 00:43:09,3172.9043,164.93678,-1103.8547,2.3880086,-7.294635,49.228775
1970-01-01 00:43:10,3091.669,154.66971,-1130.7411,1.1812246,-13.875071,48.407406
1970-01-01 00:43:11,3224.8875,167.20934,-306.19968,8.063818,17.195498,48.762115
1970-01-01 00:43:12,3228.226,161.09201,-911.3643,0.18184623,-4.8117533,49.012768
1970-01-01 00:43:13,3051.5894,167.5748,-357.90353,0.9551415,-12.176813,50.036797
1970-01-01 00:43:14,3124.8696,157.39157,-1028.3268,-4.672876,-16.63093,48.86266
1970-01-01 00:43:15,3138.9463,157.7553,-1019.01385,3.7420666,-22.950193,48.157757
1970-01-01 00:43:16,3132.988,158.49762,-853.5607,0.3379249,9.462689,49.166965
1970-01-01 00:43:17,3076.7732,160.7342,-431.83524,5.695549,3.2414732,47.700996
1970-01-01 00:43:18,3160.8157,161.88438,-627.1605,7.1274514,-10.5921755,47.07554
1970-01-01 00:43:19,3036.4988,155.43102,-397.67392,3.1693702,5.261602,48.42832
1970-01-01 00:43:20,3084.9836,162.08603,-840.1774,1.0975204,2.3087256,49.745186
1970-01-01 00:43:21,2992.2197,161.80855,-1154.7632,-0.26370925,-11.350295,49.34663
1970-01-01 00:43:22,3077.3486,159.39905,-1136.6276,3.0136154,-9.365549,50.656765
1970-01-01 00:43:23,3057.563,155.90338,-778.17786,2.9095964,-9.632585,
1970-01-01 00:43:24,2957.6807,153.73933,-788.59076,0.2912874,3.4023294,50.52476
1970-01-01 00:43:25,3025.2893,162.22,-993.6503,6.378723,-19.823446,51.21811
1970-01-01 00:43:26,2853.8843,152.14986,-971.7154,1.3301281,-4.227403,49.84549
1970-01-01 00:43:27,3032.918,176.24512,-460.4719,1.0939902,19.689428,50.54255
1970-01-01 00:43:28,2975.752,159.23122,-870.8404,8.075586,-5.349691,50.651997
1970-01-01 00:43:29,3115.7239,159.23972,-961.21893,4.6581826,-7.4053583,49.94778
1970-01-01 00:43:30,3041.5327,158.0319,-1239.1455,0.95020074,-4.4471097,51.11436
1970-01-01 00:43:31,2901.1982,151.39139,-827.58984,2.8237789,6.4836516,49.399624
1970-01-01 00:43:32,2853.0586,160.90338,-1018.6816,3.690775,1.8511249,49.370922
1970-01-01 00:43:33,2959.2805,160.30484,-792.2318,-0.24366105,18.619318,49.637943
1970-01-01 00:43:34,2928.733,158.47615,-926.47656,1.2617261,-11.047693,47.686108
1970-01-01 00:43:35,2962.2578,152.05087,-666.262,5.545323,-2.9115376,46.88507
1970-01-01 00:43:36,2900.7437,154.02643,-533.1424,5.6858425,1.6198835,45.974384
1970-01-01 00:43:37,2926.8738,158.71465,-821.34406,4.313235,-0.3175872,46.779537
1970-01-01 00:43:38,2906.769,159.7607,-865.85345,-1.1949894,-5.5315876,48.48557
1970-01-01 00:43:39,2909.302,155.6107,-244.58981,1.3048819,10.914353,47.69994
1970-01-01 00:43:40,2821.7317,156.17947,-1251.3722,2.4143584,6.1052146,49.554974
1970-01-01 00:43:41,2825.0923,161.31583,-704.75476,-4.5329647,0.40246782,50.14713
1970-01-01 00:43:42,2766.3123,160.18004,-517.1516,1.8430206,-0.43763775,49.654457
1970-01-01 00:43:43,2814.9077,160.54637,-607.7613,5.4179587,-1.2004557,50.816437
1970-01-01 00:43:44,2808.054,159.10701,-1023.6026,1.3952957,-1.4488261,53.27495
1970-01-01 00:43:45,2724.8733,157.96771,-1055.442,4.4021153,4.7577004,53.26107
1970-01-01 00:43:46,2754.6113,161.20955,-579.7028,-0.2430291,5.6728587,53.688145
1970-01-01 00:43:47,2903.6208,159.64603,-447.51538,-2.4289625,-6.9138603,54.772778
1970-01-01 00:43:48,2609.022,162.11377,-412.86383,5.356463,1.1163596,53.619083
1970-01-01 00:43:49,2582.3325,163.40602,-966.61597,,12.830785,53.045113
1970-01-01 00:43:50,2633.6653,156.8688,-973.2533,2.5158255,2.7542927,52.74496
1970-01-01 00:43:51,2689.5842,153.90099,-874.84894,7.150667,-7.5918803,52.798203
1970-01-01 00:43:52,2703.9128,152.28764,-856.34235,2.5362325,1.9876232,53.267723
1970-01-01 00:43:53,2629.5374,156.74963,-1098.4495,4.2604685,16.080227,51.52319
1970-01-01 00:43:54,2735.1152,162.05402,-566.26154,1.5022848,-10.846292,52.17878
1970-01-01 00:43:55,2751.7842,162.01166,-969.45435,7.80475,4.2071686,52.72899
1970-01-01 00:43:56,2708.3474,161.9522,-510.12366,-0.5451984,7.8265343,52.47143
1970-01-01 00:43:57,2636.6467,157.43529,-426.75897,2.236969,-15.925675,52.517345
1970-01-01 00:43:58,2751.7253,154.74149,-926.2888,0.1608475,20.459553,52.049892
1970-01-01 00:43:59,2645.8032,146.55693,-772.48083,4.538937,-14.348883,50.996834
1970-01-01 00:44:00,2611.1174,160.41222,-333.24573,0.08569389,5.4772396,51.633274
1970-01-01 00:44:01,2577.0544,160.41551,-839.43256,-1.0983596,5.2498055,51.468185
1970-01-01 00:44:02,2559.6304,152.19905,-542.3901,-1.6551552,18.572803,51.727036
1970-01-01 00:44:03,2489.5076,157.14111,-724.47455,3.402945,-9.460185,50.874947
1970-01-01 00:44:04,2679.3672,159.81789,-559.65643,,9.667472,50.283947
1970-01-01 00:44:05,2703.832,159.82735,-782.30817,0.5083407,-4.0482755,51.155148
1970-01-01 00:44:06,2497.76,160.69238,-906.3622,3.15472,9.017645,51.771427
1970-01-01 00:44:07,2580.7925,161.17824,-975.8684,5.749876,-7.1927266,52.69734
1970-01-01 00:44:08,2494.7583,151.96657,-336.21875,-1.7663516,-4.958289,52.247753
1970-01-01 00:44:09,2447.1904,160.87051,-543.3973,5.040514,-0.5130306,50.540024
1970-01-01 00:44:10,2516.9294,156.6109,-1004.28546,1.0027394,-4.4599767,51.340775
1970-01-01 00:44:11,2435.091,157.90636,-617.92896,5.145617,-2.7979646,50.13344
1970-01-01 00:44:12,2404.2634,156.80116,-980.745,-0.6633159,15.405414,50.877964
1970-01-01 00:44:13,2537.396,162.41626,-891.1936,-2.4548934,6.355874,50.394188
1970-01-01 00:44:14,2418.444,163.911,-986.151,-2.33416,-2.8496768,47.925667
1970-01-01 00:44:15,2369.1292,157.39368,-887.8668,0.68925655,0.58964056,46.812016
1970-01-01 00:44:16,2422.0198,158.27945,-972.3103,-0.34303296,14.034401,46.60723
1970-01-01 00:44:17,2473.6873,157.11183,-1182.6167,4.867689,2.0434494,45.6658
1970-01-01 00:44:18,2368.2388,158.52827,-571.5626,4.580788,2.9773974,45.52365
1970-01-01 00:44:19,2354.712,164.11226,-615.23883,-2.163392,7.478916,44.93269
1970-01-01 00:44:20,2365.393,155.82893,-863.377,9.402142,23.013819,44.548557
1970-01-01 00:44:21,2349.9587,158.23718,-725.2735,0.77530414,-10.76862,43.353687
1970-01-01 00:44:22,2195.7554,165.91542,-742.5479,-0.5384755,-7.5690217,43.995564
1970-01-01 00:44:23,2247.4924,157.59123,-927.3837,-1.0591687,2.578361,43.515697
1970-01-01 00:44:24,2415.2168,163.43538,-706.66705,0.19590385,10.493978,44.83185
1970-01-01 00:44:25,2341.2737,154.3766,-729.07684,0.60899097,-21.402952,45.75018
1970-01-01 00:44:26,2234.71,160.30182,-759.453,2.4640896,-7.0614057,47.4659
1970-01-01 00:44:27,2244.9817,163.00409,-1121.1543,3.5047884,-18.096687,47.05849
1970-01-01 00:44:28,2375.8662,162.3538,-807.8578,3.1587806,3.0990155,47.451233
1970-01-01 00:44:29,2246.9807,157.47058,-877.163,4.9816227,-10.819121,47.063965
1970-01-01 00:44:30,2257.7256,156.72075,-1040.5466,7.128923,0.70301557,45.99732
1970-01-01 00:44:31,2264.8948,156.88869,-491.7179,-2.2882092,-4.112475,47.01659
1970-01-01 00:44:32,2117.522,158.65689,-902.52954,0.6799161,11.698717,46.754055
1970-01-01 00:44:33,2128.3467,158.70947,-748.33,3.342278,1.6160628,47.923553
1970-01-01 00:44:34,2211.0972,154.23726,-616.1002,-0.5514307,5.3849354,45.29742
1970-01-01 00:44:35,2179.8113,157.28264,-568.9216,-1.310941,18.2883,46.37128
1970-01-01 00:44:36,2202.3015,160.33258,-1156.5929,2.3779488,9.550994,46.2331
1970-01-01 00:44:37,2138.38,160.40993,-866.4311,0.676393,2.547434,45.089504
1970-01-01 00:44:38,2247.4814,161.88277,-782.2395,6.873493,4.8019495,45.674187
1970-01-01 00:44:39,2171.9202,156.40115,-818.05457,2.5232499,3.374557,46.474457
1970-01-01 00:44:40,2142.904,158.42868,-1072.919,0.0048233615,13.618078,47.303604
1970-01-01 00:44:41,2013.995,156.08804,-432.64493,-4.4344497,-13.572548,47.390312
1970-01-01 00:44:42,2141.8909,157.06947,-1010.3221,-3.9973543,8.891198,47.90954
1970-01-01 00:44:43,2113.5825,157.29265,-882.93243,-1.1733273,-4.459843,47.2303
1970-01-01 00:44:44,2032.4392,158.9245,-1055.9613,6.422301,-11.087674,48.110596
1970-01-01 00:44:45,2136.162,161.35028,-728.6615,2.0808415,-5.130745,48.44112
1970-01-01 00:44:46,2046.857,156.64555,-1138.0475,2.3848283,2.666706,47.36004
1970-01-01 00:44:47,2048.908,160.93819,-834.2081,4.3616614,-14.198924,47.05039
1970-01-01 00:44:48,1845.5883,159.46214,-754.0706,0.119586766,-13.086209,46.54265
1970-01-01 00:44:49,2035.2998,164.48827,-787.8327,1.6984656,9.141204,47.007893
1970-01-01 00:44:50,2051.3901,163.34325,-838.64453,5.2818127,14.887933,47.10724
1970-01-01 00:44:51,2014.3501,159.74127,-731.9865,1.5133046,10.721036,45.113903
1970-01-01 00:44:52,,160.33698,-652.5565,0.8718307,4.237261,44.497456
1970-01-01 00:44:53,2088.0977,156.45528,-752.32214,3.2841287,1.198757,43.22417
1970-01-01 00:44:54,1936.3392,158.6703,-1135.3683,1.6210953,-11.029933,44.26221
1970-01-01 00:44:55,1984.9307,152.77023,-789.8794,2.6231647,15.826721,43.805954
1970-01-01 00:44:56,1995.7961,156.0782,-796.71246,2.9779778,0.10263786,44.30322
1970-01-01 00:44:57,2053.7864,160.37614,-1052.5254,5.9507666,10.731514,45.713493
1970-01-01 00:44:58,1947.4167,153.46062,-983.69684,3.402696,-1.1438944,45.856716
1970-01-01 00:44:59,1909.023,159.69717,-803.6991,-1.0118256,-1.5815846,46.41173
1970-01-01 00:45:00,1935.0948,163.12268,-952.1321,3.6873953,-2.995919,46.57281
1970-01-01 00:45:01,1962.4583,162.53636,-691.77673,1.594054,-2.0396678,46.49761
1970-01-01 00:45:02,1872.8374,169.19588,-802.1889,-0.21008176,0.5568624,46.442375
1970-01-01 00:45:03,1905.0507,158.6969,-1058.3284,1.2554026,0.6756863,
1970-01-01 00:45:04,1966.2554,159.99586,-668.9685,-2.44946,15.325282,47.085163
1970-01-01 00:45:05,1974.2202,156.67491,-719.09204,-2.072759,-10.875051,46.6027
1970-01-01 00:45:06,1799.3896,161.58388,-726.3155,1.0932647,-0.43212435,46.071373
1970-01-01 00:45:07,1864.7651,159.59145,-612.0465,-3.5596893,-10.977863,47.08344
1970-01-01 00:45:08,1777.8632,156.37794,-509.37686,-0.61892146,-6.338778,47.935406
1970-01-01 00:45:09,1746.0825,160.41003,-724.50854,5.453902,1.7900043,48.532955
1970-01-01 00:45:10,1842.0164,163.425,-980.46466,4.86705,13.04243,48.08295
1970-01-01 00:45:11,1643.4298,161.4003,-338.47717,1.879058,-2.7441533,46.746483
1970-01-01 00:45:12,1700.9131,157.31635,-708.5499,-0.68288106,8.131575,46.479603
1970-01-01 00:45:13,1662.9857,161.10735,-1241.3215,5.148898,-15.138064,46.498817
1970-01-01 00:45:14,1661.3666,148.06523,-811.6523,2.2987783,-9.34711,45.693264
1970-01-01 00:45:15,1726.6035,160.44806,-414.71466,2.0081036,10.705826,45.056236
1970-01-01 00:45:16,1688.8204,161.26692,-810.99146,3.7549467,3.100689,45.71734
1970-01-01 00:45:17,1668.8411,164.50497,-1072.2264,-2.736531,-13.075149,47.07726
1970-01-01 00:45:18,1672.0542,154.0482,-705.9197,7.8899593,10.194972,45.98483
1970-01-01 00:45:19,1907.2964,,-791.3804,3.7938683,10.406428,43.450134
1970-01-01 00:45:20,1445.6703,158.09198,-767.7814,-4.555748,3.6863694,43.023777
1970-01-01 00:45:21,1787.87,160.55276,-607.8011,6.920974,-9.463565,41.927296
1970-01-01 00:45:22,1475.1434,155.91687,-802.2444,4.5020194,18.595325,42.802208
1970-01-01 00:45:23,1723.3916,150.5408,-687.4435,5.3762293,-2.2309659,43.01128
1970-01-01 00:45:24,1687.737,149.53183,-971.0968,1.3885835,-4.331079,42.919586
1970-01-01 00:45:25,1592.5085,159.77129,-674.6304,4.719692,6.7053213,43.691635
1970-01-01 00:45:26,1523.4388,157.05667,-427.58136,3.5934277,-1.9000773,43.286587
1970-01-01 00:45:27,1553.7715,156.66899,-1022.93634,1.612542,13.090414,42.718426
1970-01-01 00:45:28,1648.2626,162.04579,-652.7424,4.318067,-3.4368484,42.46587
1970-01-01 00:45:29,1527.4847,162.49962,-592.655,1.4900535,-14.484989,43.743134
1970-01-01 00:45:30,1415.4725,161.78925,-865.54034,0.64232063,15.119222,43.399097
1970-01-01 00:45:31,1576.3008,165.06628,-774.90265,4.3130536,8.061422,43.197002
1970-01-01 00:45:32,1476.1006,165.48662,-791.37885,1.4598999,-14.473366,42.526123
1970-01-01 00:45:33,1496.1816,162.80591,-780.4056,5.198622,-3.196538,42.698414
1970-01-01 00:45:34,1351.7917,165.49487,-733.3399,2.7439885,14.925048,40.855907
1970-01-01 00:45:35,1403.1534,156.85103,-539.0352,-4.437888,-4.7465057,42.489807
1970-01-01 00:45:36,1483.8628,156.20592,-873.9581,5.7288194,-0.11426034,42.929916
1970-01-01 00:45:37,1424.101,152.88953,-427.73605,1.0788636,-9.267461,43.796684
1970-01-01 00:45:38,1490.0184,158.27472,-545.14435,3.8496883,18.255373,44.12383
1970-01-01 00:45:39,1439.8514,161.38052,-677.0052,-0.50626546,-15.189864,44.634594
1970-01-01 00:45:40,1451.524,164.42899,-905.00037,0.26367384,-0.16081108,44.784237
1970-01-01 00:45:41,1308.2147,153.01192,-681.2535,5.9137363,-16.709368,44.21138
1970-01-01 00:45:42,1556.2054,157.73816,-816.95544,0.041999634,4.9054484,42.922497
1970-01-01 00:45:43,1432.8666,160.20923,-847.41406,7.1428776,23.3106,43.8649
1970-01-01 00:45:44,1269.2755,165.14305,-696.05273,-0.97490233,6.0909023,43.58994
1970-01-01 00:45:45,1397.0066,,-752.6715,3.7997062,-6.8617887,43.714935
1970-01-01 00:45:46,1276.9255,156.4383,-1045.534,-4.1564665,-7.0957623,42.90014
1970-01-01 00:45:47,1370.1576,155.44946,-777.0834,-0.537708,10.680314,42.71702
1970-01-01 00:45:48,1174.2644,161.96184,-1174.7047,-1.942528,-5.829219,42.644867
1970-01-01 00:45:49,1364.2001,160.99753,-870.2123,3.0497706,-5.5441494,42.889133
1970-01-01 00:45:50,1155.9623,161.31227,-1063.132,-1.6924055,-8.326884,43.8446
1970-01-01 00:45:51,1205.2437,152.66006,-770.9258,-4.8436003,6.368228,43.797913
1970-01-01 00:45:52,1154.3531,160.55782,-1145.2123,3.9337785,1.8757071,42.787697
1970-01-01 00:45:53,1256.6997,163.40279,-683.2891,0.4374789,-1.1564428,41.5207
1970-01-01 00:45:54,1225.1562,160.94186,-856.2614,1.3876914,-13.392158,41.48059
1970-01-01 00:45:55,1307.5295,162.89246,-591.46765,6.711919,-7.835821,41.480026
1970-01-01 00:45:56,1075.5447,159.8234,-1002.76935,1.8040214,-4.930595,42.358047
1970-01-01 00:45:57,1172.2925,159.34914,-418.38025,1.4220275,2.3657308,42.267982
1970-01-01 00:45:58,1281.0765,157.98245,-732.9102,2.355266,-12.888576,43.52588
1970-01-01 00:45:59,1153.8861,158.57556,-895.637,1.1394943,16.115137,42.928898
1970-01-01 00:46:00,,150.4591,-940.60156,4.4237514,0.35392767,42.813484
1970-01-01 00:46:01,1226.6117,157.8103,-922.08716,2.5322812,-3.5470505,42.249336
1970-01-01 00:46:02,1122.3162,161.27696,-725.70306,5.1430597,-4.137576,41.93966
1970-01-01 00:46:03,1124.8197,160.30199,-732.77625,1.9440395,15.426475,43.96925
1970-01-01 00:46:04,890.7798,157.93051,-832.3733,6.826473,4.3720403,45.14039
1970-01-01 00:46:05,1044.117,160.01106,-1089.977,-3.0785651,-10.21852,44.83324
1970-01-01 00:46:06,1169.7618,155.8419,-729.1201,5.8158283,-12.676917,43.80746
1970-01-01 00:46:07,1260.676,159.43492,-589.3828,5.537359,15.256783,45.083996
1970-01-01 00:46:08,1135.2267,158.72911,-448.26718,0.87080413,15.036167,46.819088
1970-01-01 00:46:09,984.64514,161.77167,-796.31525,-1.3223175,-12.559751,47.717796
1970-01-01 00:46:10,1080.2155,161.62468,-914.1021,0.07385001,-4.102033,47.589462
1970-01-01 00:46:11,1066.3212,157.19199,-699.33887,-1.5149626,1.8933291,47.28922
1970-01-01 00:46:12,1091.904,153.12254,-603.99805,0.21382535,2.753842,48.637764
1970-01-01 00:46:13,1059.272,159.84692,-829.87616,1.6207577,8.327964,47.701855
1970-01-01 00:46:14,941.7427,161.6598,-1009.4891,2.5028741,6.5368257,47.50785
