timestamp,altmsl,ias,vspd,pitch,roll,hdg
1970-01-01 05:33:20,89.036095,125.35799,892.3533,11.376119,8.664321,1.2474817
1970-01-01 05:33:21,116.030106,121.84106,956.41644,1.5084223,-5.4848237,0.36799043
1970-01-01 05:33:22,37.72543,116.54173,940.8983,1.9850962,11.569391,1.4090337
1970-01-01 05:33:23,109.41131,122.5156,956.47345,3.4660165,5.2795396,359.19275
1970-01-01 05:33:24,88.417336,119.59132,1026.9734,-3.0042155,5.1720138,358.18842
1970-01-01 05:33:25,5.8217626,117.6147,244.5676,-1.0273514,2.8856869,358.68256
1970-01-01 05:33:26,155.33568,119.14721,861.1892,-0.58625084,18.343832,358.64288
1970-01-01 05:33:27,91.985664,124.33122,769.904,2.080491,4.674927,0.63067436
1970-01-01 05:33:28,42.782986,117.2794,1324.9655,4.483167,9.19765,359.20773
1970-01-01 05:33:29,91.11529,121.26541,752.7336,3.6159847,-1.6223564,0.25674176
1970-01-01 05:33:30,74.35025,122.272804,758.65967,3.3422596,11.039037,1.6465003
1970-01-01 05:33:31,179.87105,124.92257,869.86035,1.8039505,-7.1091347,3.397915
1970-01-01 05:33:32,175.06097,121.19625,780.12335,0.69282967,-1.2074969,3.229748
1970-01-01 05:33:33,240.7687,120.93974,973.25793,5.4590883,13.558705,3.6528976
1970-01-01 05:33:34,,122.62363,639.75165,1.2233342,-26.73734,3.0902996
1970-01-01 05:33:35,212.42268,122.276955,909.5941,-4.782532,12.46172,1.6124079
1970-01-01 05:33:36,351.7243,123.87656,926.7616,4.3558273,-9.193211,1.4313624
1970-01-01 05:33:37,195.78308,121.64655,1146.8369,2.1263626,1.5891987,1.5554289
1970-01-01 05:33:38,281.54453,125.796814,793.3019,10.05549,7.074614,1.0077237
1970-01-01 05:33:39,224.23134,122.4348,484.21835,5.5190387,-3.2585425,0.31949255
1970-01-01 05:33:40,322.46982,124.280014,806.22046,-4.383401,2.5705607,358.3578
1970-01-01 05:33:41,310.30038,113.26925,866.14795,0.7126504,17.120672,356.26553
1970-01-01 05:33:42,246.72826,120.49536,681.6402,0.78678393,11.029859,356.675
1970-01-01 05:33:43,389.69928,121.03511,786.8784,6.0646276,15.9213085,355.4872
1970-01-01 05:33:44,350.40057,116.773865,467.34787,-1.6146182,3.3474514,357.26678
1970-01-01 05:33:45,464.6214,127.721306,445.73212,6.3034935,4.8568954,357.872
1970-01-01 05:33:46,331.25378,120.48559,916.2884,-0.103901796,9.905811,356.68768
1970-01-01 05:33:47,450.23724,118.91555,684.9777,2.9333591,8.526966,356.3934
1970-01-01 05:33:48,291.855,127.87678,829.36273,-5.3385673,-11.885795,355.77872
1970-01-01 05:33:49,284.72354,123.59334,782.98193,0.57508373,-1.4754348,355.65417
1970-01-01 05:33:50,419.48526,123.79356,734.52936,0.871343,11.417805,356.19128
1970-01-01 05:33:51,397.73587,125.08018,749.69196,2.1913838,17.993565,354.958
1970-01-01 05:33:52,644.38837,112.843,1102.6317,5.3045726,14.19491,355.0974
1970-01-01 05:33:53,512.93036,122.94439,797.7338,4.0784245,1.1964576,353.91492
1970-01-01 05:33:54,568.8908,121.59933,974.7511,-2.159669,5.1849627,353.9939
1970-01-01 05:33:55,423.43948,118.531715,1041.6404,2.25972,-13.146448,354.51013
1970-01-01 05:33:56,729.4895,115.37585,974.7481,-1.1696866,-9.043464,353.62897
1970-01-01 05:33:57,435.4031,126.86591,726.9163,-2.5174167,-4.023848,354.69086
1970-01-01 05:33:58,584.4267,119.71837,845.99536,1.4823726,-6.139486,356.07635
1970-01-01 05:33:59,528.7028,116.04449,577.1062,-1.0769212,7.1136055,355.79657
1970-01-01 05:34:00,472.92123,119.904976,674.62286,-1.1031573,13.530921,358.39056
1970-01-01 05:34:01,642.8062,125.663635,591.0361,-6.999856,0.5107155,359.3188
1970-01-01 05:34:02,697.9853,121.0205,533.95703,1.5882838,1.1051968,358.3052
1970-01-01 05:34:03,602.7427,117.35214,861.9629,1.6616306,-4.2101455,358.4294
1970-01-01 05:34:04,641.19586,125.25211,647.73035,0.33857325,-8.873858,358.17444
1970-01-01 05:34:05,730.69025,121.14472,575.77673,6.021875,-4.9361496,359.11673
1970-01-01 05:34:06,531.173,118.65842,861.1431,4.1497,2.4558988,358.8085
1970-01-01 05:34:07,589.56287,124.24644,771.2012,1.2855544,-5.642419,0.13376562
1970-01-01 05:34:08,672.69977,118.22021,796.34454,-0.299149,-11.672784,0.66080844
1970-01-01 05:34:09,619.55005,125.803894,862.4901,2.5974755,18.128363,359.18445
1970-01-01 05:34:10,670.59796,121.593,917.52515,4.109811,0.57778096,358.48853
1970-01-01 05:34:11,783.07605,117.9819,738.6563,0.33941793,5.909167,359.4973
1970-01-01 05:34:12,841.2908,112.51165,429.8498,4.244654,13.639494,358.318
1970-01-01 05:34:13,776.582,120.291985,940.138,8.248577,5.2275767,357.14188
1970-01-01 05:34:14,842.45215,119.86012,890.0581,3.1629603,14.685315,356.8644
1970-01-01 05:34:15,771.9603,119.06823,542.9529,3.1525578,1.0479842,356.92566
1970-01-01 05:34:16,902.4287,129.8855,986.45795,2.5525098,-0.6490105,356.26343
1970-01-01 05:34:17,731.9943,123.53377,463.8015,4.6870413,10.719414,355.86298
1970-01-01 05:34:18,766.5414,118.48569,982.6007,6.816705,16.75972,355.83755
1970-01-01 05:34:19,879.05225,124.60045,885.99817,-2.9505806,-10.05506,354.19955
1970-01-01 05:34:20,,130.55078,815.4361,2.882411,8.748098,355.02478
1970-01-01 05:34:21,847.8164,117.61985,533.61334,4.534434,4.5842395,355.35678
1970-01-01 05:34:22,773.4099,119.0051,1135.602,5.429951,-16.967958,356.00748
1970-01-01 05:34:23,773.31384,126.0769,603.1446,2.51018,-0.34485307,355.85895
1970-01-01 05:34:24,933.78326,112.5021,682.6316,-2.3863516,7.1529927,356.13004
1970-01-01 05:34:25,1008.943,125.93386,1246.201,0.24424325,15.764672,355.72357
1970-01-01 05:34:26,757.9253,113.49116,618.73285,4.400528,27.445198,354.98535
1970-01-01 05:34:27,924.0435,127.45012,815.3978,7.2909164,-3.345041,356.0413
1970-01-01 05:34:28,885.02167,118.70334,555.6346,-1.3377978,10.5629,354.7144
1970-01-01 05:34:29,1087.4862,121.40515,844.8734,6.9126725,5.226032,353.99945
1970-01-01 05:34:30,871.1369,125.184586,810.1856,3.6046705,1.9524404,353.487
1970-01-01 05:34:31,1132.894,122.21191,1006.9254,3.5756366,-14.768626,352.88275
1970-01-01 05:34:32,1077.5847,126.74334,600.6052,3.7001472,-11.009565,352.23502
1970-01-01 05:34:33,1016.9799,128.80122,797.228,6.0419507,-2.3938046,350.8058
1970-01-01 05:34:34,1074.6912,121.89705,1067.4954,1.5855472,-14.838394,352.08987
1970-01-01 05:34:35,1048.0122,122.01705,1021.207,4.934894,9.584787,352.42853
1970-01-01 05:34:36,1189.3895,120.55674,870.4085,-0.6650884,-10.427284,352.44107
1970-01-01 05:34:37,1048.4889,122.47575,916.9564,-2.6225147,11.062596,351.885
1970-01-01 05:34:38,1085.0331,122.69902,800.845,6.846946,-2.7973557,351.6938
1970-01-01 05:34:39,1053.6351,127.22931,921.86176,-1.6591417,12.688512,352.04272
1970-01-01 05:34:40,1310.3485,117.12025,1209.1458,-1.9833596,-3.5524049,352.44534
1970-01-01 05:34:41,1142.818,115.99612,796.849,6.003987,11.507615,353.74573
1970-01-01 05:34:42,1275.2357,118.32643,1253.7063,4.0444655,2.676414,353.37457
1970-01-01 05:34:43,1231.6309,122.32278,553.59216,3.4511535,-2.759826,352.99277
1970-01-01 05:34:44,1341.4995,126.89346,861.4754,1.5528297,-7.5139365,351.9538
1970-01-01 05:34:45,1184.3448,119.68917,864.7839,1.7913822,5.7825127,352.49942
1970-01-01 05:34:46,1114.3833,117.59321,1051.1252,-5.811812,-5.9563026,352.70328
1970-01-01 05:34:47,1273.3722,118.91687,795.1866,1.1176257,-2.676543,354.27814
1970-01-01 05:34:48,1367.5447,121.858215,749.705,-2.4917653,-3.226277,354.18378
1970-01-01 05:34:49,1374.7318,123.40447,635.65784,0.22686052,-21.036762,355.33664
1970-01-01 05:34:50,1165.1729,122.357475,734.27094,7.6696916,-4.6776094,356.1089
1970-01-01 05:34:51,1220.4128,121.00771,801.1691,1.3435059,0.28626457,356.8101
1970-01-01 05:34:52,1314.5052,123.72215,614.4833,1.6011943,6.477125,356.74597
1970-01-01 05:34:53,1327.4982,120.25398,555.49786,1.7395033,-5.447486,357.9166
1970-01-01 05:34:54,1224.9661,118.038025,,-0.5468686,-2.397946,357.58405
1970-01-01 05:34:55,1402.6616,122.935356,1126.3354,2.7000494,0.17160831,359.8433
1970-01-01 05:34:56,1425.413,126.71414,568.9942,-2.8330302,0.095193975,0.7715487
1970-01-01 05:34:57,1411.2422,118.66988,866.6045,0.6610179,7.0317693,1.0345126
1970-01-01 05:34:58,1438.0978,118.03384,731.787,5.1970587,-5.9939847,359.49603
1970-01-01 05:34:59,1439.676,113.946495,1049.112,1.0474147,16.665493,0.66413873
1970-01-01 05:35:00,1530.5984,120.63821,884.88196,,11.465465,1.7199204
1970-01-01 05:35:01,1466.5479,123.44782,906.3697,0.45231536,-8.2674265,2.136534
1970-01-01 05:35:02,1372.0946,120.1484,765.7039,-2.626086,1.338667,1.8654611
1970-01-01 05:35:03,1370.4409,120.57191,701.90894,4.991164,-1.023724,1.6667621
1970-01-01 05:35:04,1562.105,125.71907,700.25696,2.4360154,2.9552114,0.60381514
1970-01-01 05:35:05,1565.6915,116.87655,1115.9156,1.9156649,10.175985,1.9012415
1970-01-01 05:35:06,1499.0476,117.83642,668.62024,8.328351,-0.36016905,2.503017
1970-01-01 05:35:07,1590.9309,119.44556,245.54956,-2.981575,10.412178,0.0047221864
1970-01-01 05:35:08,1531.4093,117.57327,978.5844,2.861164,-11.557173,0.06794455
1970-01-01 05:35:09,1566.8241,117.62647,915.97565,0.35484427,-3.4030128,1.9951226
1970-01-01 05:35:10,1506.1903,114.24895,792.3452,6.0150375,17.002905,3.2461941
1970-01-01 05:35:11,1361.0093,118.34537,678.2271,1.923336,-3.0719326,4.1277165
1970-01-01 05:35:12,,117.83502,675.88464,2.879702,-0.63312304,3.5883646
1970-01-01 05:35:13,1619.0972,118.35218,1319.2058,-0.5398449,-7.5845203,3.9168189
1970-01-01 05:35:14,1428.052,119.53197,990.1811,-1.8597432,11.956051,5.4490848
1970-01-01 05:35:15,1588.5844,126.51973,319.8723,5.5859704,-10.273398,4.660658
1970-01-01 05:35:16,1802.1002,122.6728,1045.1517,7.755027,-0.78698194,2.9480085
1970-01-01 05:35:17,1624.2087,119.84221,734.9043,5.5771146,-18.665342,3.094432
1970-01-01 05:35:18,1718.5016,111.84028,1052.145,3.1498609,1.5175831,1.4699892
1970-01-01 05:35:19,1697.9783,119.67821,640.08563,1.182253,12.00833,1.9801887
1970-01-01 05:35:20,1677.3789,119.25559,1122.3883,6.0026083,5.7164955,2.135086
1970-01-01 05:35:21,,126.14458,1128.9718,4.029423,-7.7155037,3.3703136
1970-01-01 05:35:22,1774.8019,111.271965,981.5152,-2.031234,12.470502,4.498778
1970-01-01 05:35:23,1719.03,122.41337,954.5857,2.1290393,-2.3957703,
1970-01-01 05:35:24,1673.7108,122.04938,585.7233,4.324537,15.673437,4.7315507
1970-01-01 05:35:25,1805.6946,115.30101,794.0375,6.364285,-9.034846,3.776467
1970-01-01 05:35:26,1771.482,119.01246,876.41406,-1.7405635,-5.573354,2.0348613
1970-01-01 05:35:27,1663.26,128.49686,737.3034,0.17488578,-21.538414,3.0873497
1970-01-01 05:35:28,1817.2767,113.613045,716.9379,0.85816807,-3.9080439,4.275979
1970-01-01 05:35:29,1941.3616,128.30055,777.6928,-3.9404778,-9.713856,4.21887
1970-01-01 05:35:30,1892.0436,126.3338,834.08105,7.5461636,14.14528,4.482278
1970-01-01 05:35:31,1857.0397,122.19199,1181.1261,3.0625958,-8.665685,2.79894
1970-01-01 05:35:32,1853.7843,114.66573,750.1939,4.428861,-16.348862,3.6714346
1970-01-01 05:35:33,1963.795,114.20466,507.0598,2.0702548,-8.197021,5.1608243
1970-01-01 05:35:34,1930.9714,125.792404,592.8239,5.551747,-11.934805,6.5336466
1970-01-01 05:35:35,1886.8412,117.48448,899.2605,5.8709135,-7.6336026,7.555378
1970-01-01 05:35:36,1834.7906,118.63379,828.6407,0.47993678,-10.315238,9.576547
1970-01-01 05:35:37,1952.228,119.0017,691.0507,-4.232666,-2.8413231,9.716516
1970-01-01 05:35:38,1846.1031,122.27818,726.00665,-3.9752617,3.124619,9.426788
1970-01-01 05:35:39,1899.4489,119.54015,852.956,-2.0232508,4.259352,9.827852
1970-01-01 05:35:40,2018.5498,120.26562,620.128,1.6510805,4.786686,9.3459425
1970-01-01 05:35:41,1876.801,124.20609,828.8352,2.343058,0.036443926,10.113052
1970-01-01 05:35:42,1920.5879,117.499306,876.45135,-0.12683952,-6.683834,11.469316
1970-01-01 05:35:43,2059.535,116.10973,846.2903,3.9805229,4.6861176,10.721267
1970-01-01 05:35:44,1886.5436,117.84271,811.865,-2.332451,-3.3276725,10.217738
1970-01-01 05:35:45,2170.3623,131.54842,526.66925,6.004999,10.728436,10.574041
1970-01-01 05:35:46,1856.6349,117.38537,813.3175,1.9455101,-0.41924652,11.50015
1970-01-01 05:35:47,2083.6228,111.79257,833.0425,0.14114378,-23.875887,11.642341
1970-01-01 05:35:48,2059.2356,121.83062,971.78174,-1.5663487,-5.5523415,13.497922
1970-01-01 05:35:49,1991.3544,121.99895,721.3612,2.390287,11.890322,13.4109745
1970-01-01 05:35:50,2157.5056,123.906944,859.65607,2.156151,-8.893961,14.49856
1970-01-01 05:35:51,2182.0693,118.25524,598.1874,-2.260697,-1.2137346,14.050861
1970-01-01 05:35:52,2061.5662,116.62064,916.13007,5.041225,1.5146308,14.565532
1970-01-01 05:35:53,2158.7537,126.97617,640.87445,-2.0233226,-10.010828,13.399721
1970-01-01 05:35:54,2173.257,116.65789,663.2575,-1.5617502,5.2498817,12.354663
1970-01-01 05:35:55,2030.4606,114.640884,770.60767,2.4737897,18.685167,12.036422
1970-01-01 05:35:56,2207.3135,118.416176,740.63745,3.2090437,4.5579724,11.245321
1970-01-01 05:35:57,2323.3743,113.68134,786.4276,1.9916115,5.9471664,10.258174
1970-01-01 05:35:58,2258.3328,119.07185,815.90466,0.68954676,7.238404,12.306382
1970-01-01 05:35:59,2336.0447,120.221214,613.5105,3.771167,2.4991677,11.96238
1970-01-01 05:36:00,2184.6375,121.806145,749.4624,7.45979,1.8894585,11.006345
1970-01-01 05:36:01,2214.262,132.15347,1060.6716,-2.3674672,17.485657,10.1086035
1970-01-01 05:36:02,2186.0703,113.64887,785.71875,4.9937015,13.757827,10.409925
1970-01-01 05:36:03,2214.3655,124.10876,572.9752,2.501333,10.234543,10.100094
1970-01-01 05:36:04,2188.8643,123.832855,768.2581,-0.15958832,18.84592,9.45848
1970-01-01 05:36:05,2291.2117,118.59063,722.93036,1.4294695,-5.832153,11.021291
1970-01-01 05:36:06,2351.4004,118.55662,1150.325,1.8962479,-14.733073,11.196001
1970-01-01 05:36:07,2471.7322,119.371925,851.282,0.99158764,1.6533597,12.105262
1970-01-01 05:36:08,2432.3027,119.61074,802.027,0.25583473,8.080502,10.23323
1970-01-01 05:36:09,2294.6785,122.53589,535.9036,-3.1498694,4.0216937,9.708872
1970-01-01 05:36:10,2304.0908,120.414696,1118.7584,1.1917775,-14.978461,12.231851
1970-01-01 05:36:11,2563.1812,118.772575,836.3701,0.49954882,10.094909,11.735976
1970-01-01 05:36:12,2377.1633,119.215256,707.70386,0.1524663,-17.04615,12.069647
1970-01-01 05:36:13,2286.7537,123.27713,938.9951,-1.3133874,-21.171816,12.875756
1970-01-01 05:36:14,,118.45691,739.8191,3.139683,-7.099828,11.314777
1970-01-01 05:36:15,2321.9797,116.840706,837.16064,2.606624,-3.1145556,10.753078
1970-01-01 05:36:16,2355.99,120.240204,574.8098,11.06946,1.2489963,9.575453
1970-01-01 05:36:17,2653.8174,126.11933,817.23694,-2.3340542,3.6789942,9.220696
1970-01-01 05:36:18,2465.033,118.02065,1162.7898,2.3460395,-32.33933,7.9497733
1970-01-01 05:36:19,2627.9292,118.02585,986.8792,-2.3796337,2.2033756,8.403584
1970-01-01 05:36:20,2608.4534,120.35488,738.30505,6.5399675,2.952326,8.344175
1970-01-01 05:36:21,2504.4128,120.92282,777.47974,4.5342045,-9.630884,7.441158
1970-01-01 05:36:22,2550.988,120.26779,813.29095,-0.23350167,12.657755,7.582429
1970-01-01 05:36:23,2688.939,121.85975,772.49304,3.5196052,-10.211772,7.9977946
1970-01-01 05:36:24,2521.1433,122.57339,281.61914,4.183873,16.962963,9.24346
1970-01-01 05:36:25,2567.0366,119.44664,985.07324,2.40362,-1.448943,8.879388
1970-01-01 05:36:26,2670.3877,129.43315,818.45044,5.598772,3.8940787,9.708584
1970-01-01 05:36:27,2443.5479,119.55206,803.7707,4.4713745,6.984041,10.575442
1970-01-01 05:36:28,2606.9033,121.90631,738.9343,4.7931814,-4.733773,10.643094
1970-01-01 05:36:29,2643.564,122.39749,695.3585,4.555823,-14.805784,10.571401
1970-01-01 05:36:30,2500.1753,127.88346,773.93756,4.2320967,-14.690893,10.312342
1970-01-01 05:36:31,2801.88,124.396835,732.4191,1.751151,3.3482914,9.507744
1970-01-01 05:36:32,2688.1072,120.48287,498.44348,2.1890497,2.3670268,9.1941395
1970-01-01 05:36:33,2691.2573,113.76872,607.9337,2.3811023,31.86247,9.1384325
1970-01-01 05:36:34,2856.4414,120.789185,283.0022,2.586619,1.7844464,8.539634
1970-01-01 05:36:35,2674.2805,130.86928,671.7345,3.3611062,-3.6050596,9.636928
1970-01-01 05:36:36,2745.156,125.64146,464.88412,1.2309122,6.9107966,9.958344
1970-01-01 05:36:37,2781.1987,119.74212,666.0979,6.3289056,9.563105,8.543727
1970-01-01 05:36:38,2801.6362,114.0728,811.8979,3.1660995,8.687466,7.8095145
1970-01-01 05:36:39,2735.93,120.023254,621.0471,-1.5905229,8.084822,6.288466
1970-01-01 05:36:40,2719.798,117.634315,1134.3126,-1.3585317,-7.7579393,6.006902
1970-01-01 05:36:41,2682.4722,122.69643,991.217,8.083135,12.645944,5.302248
1970-01-01 05:36:42,2754.1877,118.497795,660.40405,3.2087429,13.14632,6.414107
1970-01-01 05:36:43,2720.1536,119.61494,1240.2925,-0.39545813,12.921349,6.3976955
1970-01-01 05:36:44,2860.0347,113.65158,768.6982,-2.937835,-4.559106,7.3665867
1970-01-01 05:36:45,2792.8008,122.40282,665.3928,-1.1737449,-7.802721,8.023748
1970-01-01 05:36:46,2829.3506,122.22995,1161.8193,-2.2227738,4.8754234,6.749828
1970-01-01 05:36:47,2832.081,120.71181,997.21814,1.2596563,-16.480015,8.945615
1970-01-01 05:36:48,2927.3914,119.58993,851.3379,-1.8048897,5.6892223,8.7454195
1970-01-01 05:36:49,3035.9922,116.84272,501.01987,2.0455117,2.0360847,7.2075043
1970-01-01 05:36:50,2913.1404,115.93629,861.6998,4.7797246,-2.514585,7.9864264
1970-01-01 05:36:51,3039.1045,126.63995,987.51086,3.3646605,0.10758697,7.2008433
1970-01-01 05:36:52,2933.2837,128.72798,821.3275,-1.1980011,-9.939208,6.268753
1970-01-01 05:36:53,2906.2073,122.60728,514.1109,1.9935099,-3.2018116,7.9395914
1970-01-01 05:36:54,3028.5586,121.96799,1365.6055,-0.34111825,-7.750937,7.996195
1970-01-01 05:36:55,3033.512,116.940414,936.42725,0.23577933,2.114697,8.527411
1970-01-01 05:36:56,3039.3557,118.30536,978.0343,5.542597,-15.536107,8.055658
1970-01-01 05:36:57,2913.5728,123.051476,941.9366,1.8466859,1.771966,9.91438
1970-01-01 05:36:58,2898.613,119.12757,864.41455,6.955995,9.382454,10.336689
1970-01-01 05:36:59,3049.1685,126.28719,924.01074,0.85530764,3.6782286,11.068524
1970-01-01 05:37:00,3241.7239,118.18595,441.8332,1.1203135,-4.2461,10.325006
1970-01-01 05:37:01,3036.7524,126.27355,755.7193,0.41402113,-6.82724,11.847313
1970-01-01 05:37:02,2986.269,119.82901,474.80612,-2.4500952,1.4283849,11.632523
1970-01-01 05:37:03,3097.102,119.4843,678.3564,-5.0924153,7.8241353,13.882181
1970-01-01 05:37:04,3095.1099,124.50588,684.9645,0.7152568,17.362299,13.62126
1970-01-01 05:37:05,3114.8506,125.81576,869.2048,4.5588427,17.309982,12.1354885
1970-01-01 05:37:06,3160.3486,112.68393,658.1377,6.035141,-9.337359,10.472763
1970-01-01 05:37:07,3147.126,116.62455,942.91614,1.7118554,-11.901264,8.684804
1970-01-01 05:37:08,3324.622,117.48467,720.0136,4.10513,-9.599766,7.2043476
1970-01-01 05:37:09,3320.01,116.586586,749.7098,-1.1365676,1.0442808,7.011546
1970-01-01 05:37:10,3220.194,123.57798,544.82336,2.6182902,-2.8841455,6.499193
1970-01-01 05:37:11,3179.8638,117.35913,859.75586,8.217184,-27.314783,6.723988
1970-01-01 05:37:12,3322.6055,123.88184,984.3023,4.4825745,4.2318,7.4076247
1970-01-01 05:37:13,3270.748,118.43049,459.5115,4.7400618,-18.447922,6.238714
1970-01-01 05:37:14,3385.146,119.44193,783.9989,-3.5756364,-13.743881,7.25642
1970-01-01 05:37:15,3248.1758,118.740456,680.5303,-0.6677031,15.369189,6.780364
1970-01-01 05:37:16,3517.6248,122.00051,509.74408,2.3139431,-11.263805,7.7886915
1970-01-01 05:37:17,3169.872,118.357414,1111.8063,3.8793004,-16.886604,7.253595
1970-01-01 05:37:18,3615.6504,131.08557,773.4693,1.820873,12.795922,5.6865478
1970-01-01 05:37:19,3355.7524,122.128525,593.76556,0.5401809,14.499477,6.6700997
1970-01-01 05:37:20,3279.895,122.265785,922.099,3.7324245,-1.2009249,6.8172355
1970-01-01 05:37:21,3460.588,126.280426,975.3932,-1.3526764,-4.769548,4.8686132
1970-01-01 05:37:22,3404.9404,119.25061,919.9577,-2.0854075,5.178401,5.259325
1970-01-01 05:37:23,3548.7974,116.76928,824.2476,0.44116062,-10.258901,4.5424013
1970-01-01 05:37:24,3457.9668,124.09824,1080.3809,7.3387904,-10.725713,5.3760066
1970-01-01 05:37:25,3486.143,122.38236,501.83554,4.3013544,18.511993,4.8854747
1970-01-01 05:37:26,3409.7407,123.90689,795.619,0.06865885,6.8057394,6.341327
1970-01-01 05:37:27,3453.083,126.088295,864.719,2.1580064,-6.832747,6.574449
1970-01-01 05:37:28,3504.493,119.15901,617.7976,4.618467,-1.6334529,5.979368
1970-01-01 05:37:29,3481.0366,113.600555,1067.4778,1.2117296,-4.928241,6.2064633
1970-01-01 05:37:30,3715.669,125.9876,663.6571,8.471804,22.494589,5.904999
1970-01-01 05:37:31,3420.6917,121.942245,939.60345,4.3201337,-4.356295,5.2250004
1970-01-01 05:37:32,3628.0469,122.41179,1084.0345,-1.8634348,16.317654,4.7408867
1970-01-01 05:37:33,3526.7808,119.559364,978.0819,-0.99732375,-19.240602,5.1820927
1970-01-01 05:37:34,3530.95,114.8311,892.884,4.4346647,-11.063979,5.581824
1970-01-01 05:37:35,3446.2773,118.91444,891.60864,7.582747,-23.308327,5.878644
1970-01-01 05:37:36,3569.3232,127.620995,1134.2812,3.5316913,-20.38358,6.2844567
1970-01-01 05:37:37,3701.8682,121.90375,729.52765,2.7113478,2.7932715,5.522601
1970-01-01 05:37:38,3614.0935,123.47486,1040.7349,2.0607057,4.6375737,4.73999
1970-01-01 05:37:39,3711.9312,120.87891,402.44888,7.541933,8.262747,6.5849442
1970-01-01 05:37:40,3551.718,117.80409,470.74994,0.17489667,3.3956804,5.0476017
1970-01-01 05:37:41,3605.9075,123.90414,813.7406,2.3359597,7.13623,2.8108327
1970-01-01 05:37:42,3853.7878,129.30461,884.7467,2.798161,-12.043516,3.0941498
1970-01-01 05:37:43,3722.3606,118.768906,872.68036,6.7502947,-0.51011205,3.8033698
1970-01-01 05:37:44,3710.1023,118.122536,909.89307,-4.340512,0.53992546,2.6707187
1970-01-01 05:37:45,3729.3198,129.25136,842.0002,0.3554848,-9.155807,3.3056803
1970-01-01 05:37:46,3907.6577,122.98775,792.1397,0.105789684,9.350072,2.9751432
1970-01-01 05:37:47,3810.6182,119.15444,1059.6674,9.384334,1.0294744,1.9792958
1970-01-01 05:37:48,3904.9531,124.44807,515.3808,-0.38693443,5.76032,359.7029
1970-01-01 05:37:49,3858.9602,117.341324,868.7069,3.5930076,2.4356754,359.7611
1970-01-01 05:37:50,3885.4255,117.953636,576.29755,1.8757073,5.6228304,356.9576
1970-01-01 05:37:51,3989.7048,128.59352,883.30426,3.2449744,6.9302144,358.54517
1970-01-01 05:37:52,3857.8423,125.17983,983.4684,4.0088,5.9704432,358.3926
1970-01-01 05:37:53,3789.5437,120.49958,609.38043,0.40769368,-0.40238267,356.33588
1970-01-01 05:37:54,3878.3718,119.82804,802.4793,-4.528714,-5.8570514,356.12766
1970-01-01 05:37:55,4032.6758,121.31619,866.7696,3.710898,3.491947,356.5174
1970-01-01 05:37:56,3965.7515,123.08154,716.60986,0.03465746,-7.5931196,355.0644
1970-01-01 05:37:57,3834.145,122.15356,930.7941,3.9808595,-1.6495204,354.30484
1970-01-01 05:37:58,3885.5435,126.61197,980.4534,4.063847,1.9321878,354.72134
1970-01-01 05:37:59,4001.5005,125.88493,,4.0264397,12.878052,352.60385
1970-01-01 05:38:00,3882.6785,119.73052,748.25244,-2.186185,-22.229923,352.34555
1970-01-01 05:38:01,4175.2705,123.20819,407.3142,4.719534,-6.6692367,352.6404
1970-01-01 05:38:02,3931.702,126.51601,813.11945,1.9815665,6.8370485,351.61438
1970-01-01 05:38:03,4028.1025,116.07266,807.3923,3.0288594,-15.535824,352.11526
1970-01-01 05:38:04,3992.2053,123.50503,751.32104,1.8831773,2.6341827,352.08466
1970-01-01 05:38:05,3927.673,112.50262,887.3304,0.18131647,4.763426,350.69214
1970-01-01 05:38:06,4088.8545,121.52799,1068.7272,-1.5678664,-17.98092,350.29752
1970-01-01 05:38:07,4298.6436,125.685844,841.3424,5.416783,0.62045664,349.63367
1970-01-01 05:38:08,4032.5464,120.333275,1149.3718,1.697056,0.27700308,348.95743
1970-01-01 05:38:09,3971.2473,127.87245,722.37384,1.191044,-2.013904,350.9501
1970-01-01 05:38:10,4026.452,118.58169,559.4777,3.0740702,10.3481655,351.19702
1970-01-01 05:38:11,4089.056,127.15333,527.77386,-1.0542525,-5.6526294,351.9417
1970-01-01 05:38:12,4182.278,115.77057,645.27704,1.563132,12.7795515,352.66122
1970-01-01 05:38:13,4226.024,113.63849,623.8473,5.899851,11.739868,350.80295
1970-01-01 05:38:14,4143.805,125.271645,1022.2431,0.14376658,7.672502,351.29654
1970-01-01 05:38:15,4095.5024,122.67801,904.06573,1.4480848,-6.1589484,349.7934
1970-01-01 05:38:16,4250.988,122.14821,522.9741,3.8494976,7.844061,349.3627
1970-01-01 05:38:17,4250.5815,120.02027,892.7415,2.3586006,-4.69095,350.1799
1970-01-01 05:38:18,4315.9526,115.254135,778.66125,8.976357,7.1070538,350.02588
1970-01-01 05:38:19,4213.7256,128.16489,938.17944,4.6253214,11.411952,351.35257
1970-01-01 05:38:20,4255.955,130.95976,546.0197,-2.5660274,-5.42424,350.31113
1970-01-01 05:38:21,4248.618,127.03725,623.012,3.7083519,-3.7384377,351.4171
1970-01-01 05:38:22,4274.3203,124.73223,798.4344,6.0380955,22.576084,351.28525
1970-01-01 05:38:23,4224.165,122.4031,827.8239,-3.6044753,4.764322,351.9102
1970-01-01 05:38:24,4211.8506,122.71288,806.61597,1.3076679,3.3175466,351.41943
1970-01-01 05:38:25,4344.7476,126.045555,723.26917,0.5831691,-2.5138497,351.22253
1970-01-01 05:38:26,4094.1086,128.6039,957.081,4.9703994,-17.329432,349.6752
1970-01-01 05:38:27,4275.4023,115.55188,1037.1372,4.4857926,-18.869839,349.63666
1970-01-01 05:38:28,4187.583,124.01718,416.7573,-1.3747389,2.629434,347.9335
1970-01-01 05:38:29,4184.43,122.55716,547.35004,2.189168,1.4495995,349.28873
1970-01-01 05:38:30,4267.718,117.53143,1267.1201,0.38968697,5.1154757,349.18378
1970-01-01 05:38:31,4385.632,121.07132,1239.3762,3.0541291,2.5655513,348.95007
1970-01-01 05:38:32,4280.129,116.175354,835.9769,5.7818494,-11.178891,350.07837
1970-01-01 05:38:33,4355.8667,115.30172,714.9717,1.7622659,0.74627393,351.31448
1970-01-01 05:38:34,4424.551,123.215225,1136.2433,3.1826942,-11.140254,350.01587
1970-01-01 05:38:35,4545.5483,119.35361,826.8616,1.2150556,-5.360872,348.2536
1970-01-01 05:38:36,4389.1167,123.273636,826.14136,3.0014827,4.978145,347.97864
1970-01-01 05:38:37,4480.515,123.23293,625.52856,8.329563,-8.959766,349.20007
1970-01-01 05:38:38,4472.3735,130.29323,799.803,4.0070705,-18.85285,348.54202
1970-01-01 05:38:39,4453.054,117.67417,675.6507,1.603057,-13.887615,348.42874
1970-01-01 05:38:40,4381.2173,120.033264,977.09863,2.9872146,-2.5114,347.04578
1970-01-01 05:38:41,4539.628,117.497375,925.9069,6.6279993,1.8306808,345.52634
1970-01-01 05:38:42,4403.065,124.06922,712.99585,2.6832485,-12.103276,345.42355
1970-01-01 05:38:43,4640.7725,130.3867,967.74023,6.303302,20.931461,345.9509
1970-01-01 05:38:44,4535.2295,120.771484,909.7333,2.7498152,2.7292101,344.51477
1970-01-01 05:38:45,4550.2485,120.4656,903.3773,6.554255,,344.3515
1970-01-01 05:38:46,4583.572,125.021095,732.97473,0.32002524,-5.2240977,343.14026
1970-01-01 05:38:47,4587.9277,120.89568,,-2.3751147,-15.47879,342.8501
1970-01-01 05:38:48,4558.4336,125.57683,550.7723,2.725805,-2.6440785,342.69455
1970-01-01 05:38:49,4648.974,117.21873,850.548,-1.3897263,4.01493,344.1011
1970-01-01 05:38:50,4708.5596,118.180824,1119.9479,2.147022,-10.610153,345.24057
1970-01-01 05:38:51,4697.1406,121.08902,882.77356,3.2146244,1.9023927,344.7158
1970-01-01 05:38:52,4737.7827,118.117485,1028.4338,1.0330772,4.7194996,344.31284
1970-01-01 05:38:53,4727.3955,124.93712,1050.0284,4.624626,5.811354,342.0687
1970-01-01 05:38:54,4807.113,121.712296,773.4516,0.3275657,2.0049498,342.55615
1970-01-01 05:38:55,4723.448,125.40953,1119.9648,4.758868,4.3587227,341.96872
1970-01-01 05:38:56,4599.094,117.576355,684.53033,0.39890832,-0.45921543,343.89606
1970-01-01 05:38:57,4723.8774,125.170685,687.31323,2.382434,-3.5233655,344.3498
1970-01-01 05:38:58,4838.7466,124.61142,1090.9834,2.4257295,2.2933307,344.12375
1970-01-01 05:38:59,4744.1035,124.55159,369.20566,-1.2076261,6.414155,344.2265
1970-01-01 05:39:00,4949.0825,131.24185,625.1328,2.9049942,1.0269811,343.03793
1970-01-01 05:39:01,4768.2754,128.22287,670.7076,4.070208,-2.0105486,343.78168
1970-01-01 05:39:02,4840.342,129.80681,777.0169,1.3807515,0.64903075,344.7004
1970-01-01 05:39:03,4898.414,121.43485,861.3585,-2.6565049,-7.0937257,345.0501
1970-01-01 05:39:04,4849.504,120.80116,730.8464,2.0686371,6.486498,345.81787
1970-01-01 05:39:05,4886.392,117.442474,824.45135,1.438871,8.310065,344.58392
1970-01-01 05:39:06,4915.597,,582.8589,-1.1137407,17.023335,344.52945
1970-01-01 05:39:07,4843.496,119.70986,505.20248,-1.0342314,-10.573776,345.08185
1970-01-01 05:39:08,4878.808,123.582596,942.4107,2.673776,11.091931,344.58084
1970-01-01 05:39:09,4933.5034,129.47464,865.98553,5.1004033,1.4690243,343.98315
1970-01-01 05:39:10,4969.7075,123.08018,863.49976,2.8396978,5.667375,342.4154
1970-01-01 05:39:11,4878.767,122.50728,751.37445,4.6998167,-5.0385127,342.65112
1970-01-01 05:39:12,4819.841,123.273994,760.0308,-1.7005965,-1.9915289,342.47986
1970-01-01 05:39:13,4967.241,128.17154,992.774,2.5027516,-19.331993,342.90527
1970-01-01 05:39:14,4910.906,123.93753,650.3914,-0.91953886,14.144087,341.85208
1970-01-01 05:39:15,4977.073,113.59969,807.1333,1.5939057,-6.399891,342.5482
1970-01-01 05:39:16,5067.3813,118.81549,1020.3682,6.6914105,13.978257,341.23193
1970-01-01 05:39:17,4978.447,123.765976,871.59894,4.5854087,-4.066227,342.78165
1970-01-01 05:39:18,5134.7334,118.03159,728.69366,4.021936,-4.023059,342.41916
1970-01-01 05:39:19,4932.1084,125.13624,590.3077,-2.7266726,-3.125436,340.8506
1970-01-01 05:39:20,5033.771,119.91379,915.9725,1.2081175,7.368589,340.8634
1970-01-01 05:39:21,5006.649,122.14115,796.523,0.089049764,-4.3837814,339.83438
1970-01-01 05:39:22,5100.6113,126.16333,981.2909,3.7246737,10.119744,340.98254
1970-01-01 05:39:23,5183.309,121.66857,1008.7745,-7.3963723,17.6719,341.9939
1970-01-01 05:39:24,5080.1978,126.01074,1339.7189,1.3898274,-7.9261622,342.45892
1970-01-01 05:39:25,5177.9575,119.55519,704.91046,-3.9163816,14.988752,340.82968
1970-01-01 05:39:26,5057.3813,119.66942,798.04224,0.3213389,3.7717655,339.78134
1970-01-01 05:39:27,5285.8584,118.55104,739.73676,4.721977,-4.4340935,340.02185
1970-01-01 05:39:28,5212.634,117.02189,461.43903,0.15589595,0.7328048,340.72308
1970-01-01 05:39:29,5264.2095,127.34705,372.87912,0.79285747,3.226328,343.19794
1970-01-01 05:39:30,5236.4526,128.91357,714.4229,0.33502865,-3.846137,342.70154
1970-01-01 05:39:31,5222.906,120.73623,908.16925,2.4131858,-5.351698,343.05704
1970-01-01 05:39:32,5311.949,120.44945,1016.98755,3.323059,2.874029,343.53268
1970-01-01 05:39:33,5212.063,125.11285,930.76953,2.0797205,7.0003405,342.43613
1970-01-01 05:39:34,5289.8228,124.94194,774.9637,1.834653,-4.65319,342.9798
1970-01-01 05:39:35,5313.792,126.534546,927.7067,-2.958499,8.643816,342.91486
1970-01-01 05:39:36,5233.6934,111.81542,819.732,2.5884478,17.25041,341.69174
1970-01-01 05:39:37,5183.3643,121.6374,757.6124,3.9119086,8.031983,342.34396
1970-01-01 05:39:38,5205.705,123.21338,907.6876,3.8892667,0.5498395,342.22614
1970-01-01 05:39:39,5454.3516,125.49613,555.04474,3.5100467,6.9557505,340.7755
1970-01-01 05:39:40,5482.6577,124.020485,647.25885,0.29011074,-13.98272,341.3581
1970-01-01 05:39:41,5179.8784,124.31271,1159.0804,2.3595228,2.5989778,342.12195
1970-01-01 05:39:42,5438.0303,135.92822,304.31378,3.129635,8.937499,342.5435
1970-01-01 05:39:43,5311.0693,113.12584,988.625,-0.26925647,-8.042415,345.18457
1970-01-01 05:39:44,5542.176,116.397064,787.521,3.1785214,13.3666725,343.29398
1970-01-01 05:39:45,5389.4453,122.957726,1126.935,-1.0371228,11.219263,342.84805
1970-01-01 05:39:46,5431.2256,120.84944,564.91974,2.573954,-2.297908,343.40558
1970-01-01 05:39:47,5384.1436,125.781395,1084.3612,5.035079,0.22290911,343.8485
1970-01-01 05:39:48,5440.6904,124.0607,754.2757,1.6288763,-0.062283717,344.2986
1970-01-01 05:39:49,5459.7627,122.555695,879.0998,4.3089123,10.997088,342.5205
1970-01-01 05:39:50,5413.7534,123.09277,845.6877,-0.3336317,-23.257456,340.50452
1970-01-01 05:39:51,5566.8433,120.545525,541.559,0.8619322,-15.3118725,341.23853
1970-01-01 05:39:52,5619.2646,120.43208,431.3935,2.0752811,-9.993995,342.9129
1970-01-01 05:39:53,5546.7285,118.75405,705.19415,4.982948,3.1197455,341.57443
1970-01-01 05:39:54,5457.1455,114.453026,983.733,-0.9244456,8.29935,340.25986
1970-01-01 05:39:55,5435.079,109.50562,988.12823,2.178596,6.012962,339.51028
1970-01-01 05:39:56,5483.677,117.57357,1152.0703,3.174722,4.2292485,338.76456
1970-01-01 05:39:57,5528.6875,119.81774,292.40884,2.0607848,8.846879,339.35895
1970-01-01 05:39:58,5637.7446,120.69545,645.255,2.5321066,8.58764,339.30692
1970-01-01 05:39:59,5567.8413,117.61523,449.1532,-2.55171,20.608105,339.35977
1970-01-01 05:40:00,5603.492,126.37168,614.2031,-0.6992942,6.338407,340.18466
1970-01-01 05:40:01,5818.889,123.72624,831.42487,1.3422096,0.037141733,339.4936
1970-01-01 05:40:02,5636.3506,124.99535,361.84958,2.6218297,3.4401476,337.64282
1970-01-01 05:40:03,5647.741,115.896164,588.24316,1.5119891,7.3659296,337.896
1970-01-01 05:40:04,5671.1235,122.01268,1112.1812,7.772911,4.0892344,339.29968
1970-01-01 05:40:05,5711.0386,123.45825,718.48083,4.13789,2.5073893,340.4235
1970-01-01 05:40:06,5592.502,121.92509,473.3583,0.7477348,4.8484592,340.10284
1970-01-01 05:40:07,5588.8037,124.16625,955.02167,3.4652932,-1.3130426,339.26437
1970-01-01 05:40:08,5570.684,123.77169,869.25446,3.6579924,-9.801453,340.51968
1970-01-01 05:40:09,5767.5176,119.00579,727.55585,3.8726592,5.7530537,338.7863
1970-01-01 05:40:10,5732.679,125.43084,963.3979,5.57816,0.645657,338.50165
1970-01-01 05:40:11,5791.0986,123.007904,726.0534,1.3288385,-1.5251169,337.61578
1970-01-01 05:40:12,5745.1084,122.97404,1047.8538,2.005575,-15.851483,337.40457
1970-01-01 05:40:13,5610.482,125.48618,744.2632,0.8256803,10.3246975,339.08466
1970-01-01 05:40:14,5647.723,125.26233,800.02423,-0.21973768,1.8019992,340.68655
1970-01-01 05:40:15,5839.919,127.58215,837.3532,8.808799,12.675315,339.37042
1970-01-01 05:40:16,5961.5835,118.4319,1049.0009,0.5292277,-16.518902,339.1294
1970-01-01 05:40:17,5982.015,117.37474,971.4177,2.8410752,12.977413,338.84286
1970-01-01 05:40:18,5834.8545,127.5306,869.82434,5.4152155,3.1913161,339.68204
1970-01-01 05:40:19,5922.575,128.64993,842.7859,5.06136,14.325831,340.7577
1970-01-01 05:40:20,5814.839,121.438034,800.4318,-3.6707067,1.4099699,340.79565
1970-01-01 05:40:21,6116.1353,117.11392,792.53784,2.458348,10.532984,340.2501
1970-01-01 05:40:22,6004.7603,116.87186,759.10046,-1.6428343,14.301575,341.5594
1970-01-01 05:40:23,5895.4214,112.45392,730.1161,0.7775438,-10.610805,341.0604
1970-01-01 05:40:24,6080.553,119.70804,221.17097,2.942005,9.364799,340.80157
1970-01-01 05:40:25,5996.23,120.84275,702.1351,8.849015,4.7504554,341.70966
1970-01-01 05:40:26,5876.22,124.32565,685.14746,-3.8793066,10.077813,340.67896
1970-01-01 05:40:27,6135.0884,119.37045,528.1177,1.4352113,17.464455,341.56598
1970-01-01 05:40:28,5934.717,119.69929,563.5738,-3.253607,-1.4710537,342.38275
1970-01-01 05:40:29,5930.0513,114.91419,794.0857,1.7028699,3.02699,341.82266
1970-01-01 05:40:30,6086.884,119.956436,857.8598,1.6199224,-1.9432813,341.79208
1970-01-01 05:40:31,6001.302,121.89099,622.2951,6.029734,8.687852,343.7854
1970-01-01 05:40:32,5991.285,126.60795,1009.67413,-0.77723086,3.7977738,343.48456
1970-01-01 05:40:33,5926.812,126.02714,1113.726,-1.3040179,-3.52877,343.57605
1970-01-01 05:40:34,6020.2876,124.83383,849.4661,-3.3003292,11.017959,344.44324
1970-01-01 05:40:35,6093.804,130.61734,652.5804,4.8045454,2.3427167,344.7104
1970-01-01 05:40:36,6161.7373,115.63832,1007.1678,9.854596,4.1709676,344.12054
1970-01-01 05:40:37,5963.7954,123.08019,692.33954,3.597087,10.719819,341.90027
1970-01-01 05:40:38,6102.2725,119.97688,1095.2344,-0.6931882,-11.140584,340.95935
1970-01-01 05:40:39,6213.4136,128.96773,1029.3264,4.7708945,-13.995692,342.1684
1970-01-01 05:40:40,6123.2363,119.29705,665.2279,-0.79789865,0.78284943,343.52435
1970-01-01 05:40:41,6170.959,116.5914,896.29913,5.1988497,9.69763,342.79077
1970-01-01 05:40:42,6306.3135,119.882324,523.5961,2.9920266,4.0123444,341.6929
1970-01-01 05:40:43,6143.25,120.55887,644.3478,4.2913766,-10.376563,342.4589
1970-01-01 05:40:44,6204.65,126.268005,1014.19385,4.0467167,-5.3850684,342.0738
1970-01-01 05:40:45,6338.716,116.80257,1040.7726,0.3788465,4.8504114,342.78796
1970-01-01 05:40:46,6221.3203,122.06833,744.171,5.231863,-11.561713,342.64423
1970-01-01 05:40:47,6265.102,122.89441,1152.7775,2.6312172,0.54592556,341.61584
1970-01-01 05:40:48,6441.888,129.93605,950.252,1.7625314,12.419708,341.87265
1970-01-01 05:40:49,6277.4556,124.51393,845.34015,2.0620544,-5.1914434,342.8008
1970-01-01 05:40:50,6336.24,116.715225,537.58624,-2.5732503,9.524672,342.80945
1970-01-01 05:40:51,6284.8716,119.3799,564.4901,0.57396674,6.3155937,342.79974
1970-01-01 05:40:52,6291.09,115.71891,865.61566,0.41187117,20.328575,342.2073
1970-01-01 05:40:53,6221.6655,118.93786,460.99945,0.3272562,2.6280656,340.58548
1970-01-01 05:40:54,6356.3813,118.67547,885.9358,2.8734465,7.765656,341.66013
1970-01-01 05:40:55,6516.46,121.275055,1018.9258,-4.1686254,-0.22167967,340.6544
1970-01-01 05:40:56,6495.9126,117.59864,761.3937,1.8245786,-9.428004,341.32623
1970-01-01 05:40:57,6357.7114,122.9541,784.80133,8.968654,-5.1223054,340.40686
1970-01-01 05:40:58,6335.6025,127.77473,995.05994,1.4052998,-1.4304729,340.3468
1970-01-01 05:40:59,6458.2017,122.00744,942.273,3.899046,-3.090685,340.64294
1970-01-01 05:41:00,6538.3164,119.07931,809.4397,-3.240282,27.777643,340.72617
1970-01-01 05:41:01,6503.0776,123.69413,613.2666,4.788483,6.202298,
1970-01-01 05:41:02,6484.6387,120.01032,806.7545,7.040194,5.625392,342.87582
1970-01-01 05:41:03,6347.4673,123.667366,608.07263,-0.4268318,-21.18993,342.99985
1970-01-01 05:41:04,6520.78,128.26103,,2.067382,-6.0562077,343.06464
1970-01-01 05:41:05,6557.5337,122.83263,948.32306,1.4705068,-13.9987545,344.0109
1970-01-01 05:41:06,6533.91,128.84729,807.1447,3.7273252,-14.205706,345.30252
1970-01-01 05:41:07,6531.314,126.78044,556.1463,-1.5406035,9.487391,345.88144
1970-01-01 05:41:08,6635.157,124.018616,1167.8174,5.7868953,3.3895514,345.30634
1970-01-01 05:41:09,6654.0015,123.92326,572.16205,3.031172,0.69841546,344.98596
1970-01-01 05:41:10,6725.6543,113.357735,704.8206,-3.2671745,16.942509,344.5306
1970-01-01 05:41:11,6664.8076,117.527885,513.4008,3.9695106,-11.163039,344.2976
1970-01-01 05:41:12,6548.8643,121.14666,813.06177,8.109242,-11.199602,343.74918
1970-01-01 05:41:13,6676.812,114.9821,505.23508,1.2665151,-8.379513,343.0056
1970-01-01 05:41:14,6575.414,125.401535,783.77045,-0.3989682,0.7608713,344.97406
1970-01-01 05:41:15,6877.134,121.48568,579.44214,6.4226885,7.810243,345.5814
1970-01-01 05:41:16,6714.0825,122.93051,1039.2634,1.1862996,-0.20947526,346.31247
1970-01-01 05:41:17,6635.2944,125.44129,1021.8133,2.8929307,2.0988927,345.46713
1970-01-01 05:41:18,6733.166,119.71404,814.2239,5.977961,-5.6416836,345.44516
1970-01-01 05:41:19,6719.646,128.13051,917.2094,9.789541,-12.143535,344.83292
1970-01-01 05:41:20,6749.0996,124.448555,816.56445,2.3469887,2.8177385,345.70728
1970-01-01 05:41:21,6746.5874,123.914734,1163.4382,2.2498753,-15.302186,345.7761
1970-01-01 05:41:22,6856.7964,123.721085,735.245,-2.1043904,10.495115,347.64062
1970-01-01 05:41:23,6789.1235,125.559746,929.6163,-5.027854,-23.040531,347.40015
1970-01-01 05:41:24,6763.9917,124.350204,701.59686,3.366413,0.112594016,346.4778
1970-01-01 05:41:25,6852.8184,119.09937,822.9102,1.800116,-11.640873,345.67465
1970-01-01 05:41:26,6779.1143,128.52515,677.2388,3.072488,-0.4530975,345.91733
1970-01-01 05:41:27,6856.7285,125.05971,778.69653,-0.7025801,-5.4072,344.37012
1970-01-01 05:41:28,6821.651,123.523605,809.5844,3.025685,3.3543866,345.9709
1970-01-01 05:41:29,6669.2944,127.84993,1188.044,2.6278958,13.183931,345.4227
1970-01-01 05:41:30,6983.5825,114.631546,859.95386,1.6079434,4.4520693,345.82565
1970-01-01 05:41:31,6861.638,123.37845,837.2692,-0.6129307,8.166366,345.1922
1970-01-01 05:41:32,6865.8154,119.23578,643.72894,7.0125036,0.027527466,346.17206
1970-01-01 05:41:33,7007.7935,123.60016,1070.1482,-0.5080356,0.8212716,344.13394
1970-01-01 05:41:34,6849.5923,126.6272,551.0622,-0.7911569,6.307787,344.92386
1970-01-01 05:41:35,7014.126,124.63057,830.8616,-0.017579073,18.052689,345.01306
1970-01-01 05:41:36,6956.894,119.93961,983.99243,-1.6996762,-13.092294,342.70767
1970-01-01 05:41:37,7031.7407,121.244255,871.2186,2.076273,13.037283,342.5677
1970-01-01 05:41:38,6892.3335,130.64418,663.80225,1.4413861,9.948155,341.81946
1970-01-01 05:41:39,6947.3813,116.91597,1044.6322,-0.11464342,-16.15231,341.36917
1970-01-01 05:41:40,7005.6997,129.64125,821.61017,0.98197186,-11.304077,339.52106
1970-01-01 05:41:41,7033.607,124.41597,815.3936,-1.0793914,2.0124774,339.4372
1970-01-01 05:41:42,7001.8467,121.632484,765.1675,-0.5449909,-15.101575,339.0664
1970-01-01 05:41:43,7009.3,124.93071,648.99475,-0.6093868,-11.82343,338.35312
1970-01-01 05:41:44,7152.478,127.30867,1143.3386,1.1745368,10.649047,338.40256
1970-01-01 05:41:45,7046.5083,121.53536,878.4927,-2.0570178,-13.080584,337.52197
1970-01-01 05:41:46,6999.218,120.03874,1080.2064,3.8365502,10.245813,337.75195
1970-01-01 05:41:47,7289.302,118.7757,1180.7859,-2.0691376,-20.489523,339.43204
1970-01-01 05:41:48,7200.565,120.18908,940.50696,-0.3939761,-12.542184,339.97876
1970-01-01 05:41:49,7170.671,121.18532,1035.3374,0.48391882,-1.6456323,340.17838
1970-01-01 05:41:50,7307.264,126.1052,825.4488,1.8595817,10.475745,338.86166
1970-01-01 05:41:51,7246.315,116.632095,631.00073,2.9282675,-2.141453,339.00836
1970-01-01 05:41:52,7130.394,121.91464,1067.6658,1.0970274,9.463576,340.98077
1970-01-01 05:41:53,7139.1006,121.44099,860.3774,-2.2334998,-6.4441533,340.21048
1970-01-01 05:41:54,7266.0034,126.39084,965.2951,4.193152,8.1333,340.61624
1970-01-01 05:41:55,7134.037,119.47316,1086.2742,2.739623,-5.104591,340.36008
1970-01-01 05:41:56,7066.8613,127.39079,795.8493,2.7608352,-4.66355,337.85275
1970-01-01 05:41:57,7293.1206,122.91129,784.21796,2.3699265,8.054498,338.18265
1970-01-01 05:41:58,7262.0293,125.128,613.0582,-0.21547876,16.615707,336.4529
1970-01-01 05:41:59,7331.033,120.255516,610.3839,0.3328836,2.537578,336.39066
1970-01-01 05:42:00,7196.4473,126.23898,963.0406,4.426931,20.590563,336.7944
1970-01-01 05:42:01,7316.4795,123.73908,536.01025,8.219261,4.975789,337.2032
1970-01-01 05:42:02,7317.269,130.61746,529.12195,3.9064484,-10.601809,336.55637
1970-01-01 05:42:03,7397.112,129.62364,653.40875,2.7055686,10.930299,337.04218
1970-01-01 05:42:04,7359.6426,123.22122,592.9403,0.1438016,3.5499105,338.1414
1970-01-01 05:42:05,7377.007,126.230255,955.2844,2.8472273,4.45477,339.86432
1970-01-01 05:42:06,7252.701,127.26098,1072.3556,-2.7808707,11.87916,341.13046
1970-01-01 05:42:07,7262.606,124.66406,991.60095,0.27366066,6.8415084,341.95206
1970-01-01 05:42:08,7210.634,125.25256,394.7605,2.0835326,-7.604985,341.45804
1970-01-01 05:42:09,7334.363,125.73819,891.4197,1.3777024,5.278059,341.83435
1970-01-01 05:42:10,7411.2827,125.1472,1037.9365,2.6743748,21.744535,340.73682
1970-01-01 05:42:11,7305.8877,126.40019,992.4985,3.185596,-0.48110884,340.85837
1970-01-01 05:42:12,7526.359,120.78826,1031.9136,7.8067894,-8.007071,339.2469
1970-01-01 05:42:13,7496.9688,124.798325,911.6745,4.902588,-0.5712774,340.10168
1970-01-01 05:42:14,7583.913,,843.21265,2.1619773,-17.980373,340.05096
1970-01-01 05:42:15,7558.5864,117.83239,963.61127,2.2287486,1.9087158,340.51263
1970-01-01 05:42:16,7368.588,114.208954,1191.846,-1.4127753,13.68617,340.57007
1970-01-01 05:42:17,7423.5835,117.62254,499.28098,-2.057537,4.5524263,339.01526
1970-01-01 05:42:18,7504.6304,126.8632,1034.643,2.6242733,1.63044,338.0971
1970-01-01 05:42:19,7497.7734,122.17692,632.36005,0.18865733,-3.1543982,338.86844
1970-01-01 05:42:20,7579.381,111.85852,812.0192,10.256575,8.854194,339.9365
1970-01-01 05:42:21,7605.422,119.496376,1019.82404,-4.807842,1.3851581,338.4796
1970-01-01 05:42:22,7687.4136,125.42511,950.90594,-0.6223106,14.289135,338.66336
1970-01-01 05:42:23,7611.7354,132.15244,1218.0217,2.4453967,-4.1737857,338.62518
1970-01-01 05:42:24,7602.4326,119.444115,862.11554,0.2653379,-8.862578,338.32764
1970-01-01 05:42:25,7613.2944,125.79251,1141.1826,0.91385466,10.182516,336.2691
1970-01-01 05:42:26,7777.409,121.13821,1192.2177,-1.0282992,6.413235,334.65732
1970-01-01 05:42:27,7720.347,130.30539,754.57025,4.2357965,6.4271336,335.95462
1970-01-01 05:42:28,7682.949,124.03378,908.6346,2.0084536,10.330775,336.6739
1970-01-01 05:42:29,7707.0234,126.377945,946.5988,3.3064446,11.225544,335.8811
1970-01-01 05:42:30,7681.0625,124.48043,712.99994,-4.125011,2.2582824,336.1513
1970-01-01 05:42:31,7640.548,123.204575,455.8832,6.928229,-4.808304,335.2037
1970-01-01 05:42:32,7653.2466,116.878525,548.38025,6.4257617,7.3670287,335.8605
1970-01-01 05:42:33,7881.077,120.0711,740.9925,2.5019486,3.5758214,334.692
1970-01-01 05:42:34,7784.496,124.53986,680.4037,-1.4397614,-1.5032905,334.6655
1970-01-01 05:42:35,7794.5376,119.4458,717.2332,0.93186194,-7.684038,335.24564
1970-01-01 05:42:36,7837.3086,122.32366,796.4241,4.15745,-10.530058,335.75867
1970-01-01 05:42:37,7841.571,117.32295,626.9692,-1.5680089,-3.8941765,335.15372
1970-01-01 05:42:38,7936.68,122.55683,676.62225,1.3609877,-17.272413,333.34253
1970-01-01 05:42:39,7879.296,124.77822,788.7979,-0.8577111,25.041016,334.2964
1970-01-01 05:42:40,7861.257,125.02497,905.4618,3.981961,2.060341,333.52243
1970-01-01 05:42:41,7898.4307,128.46516,574.2083,-3.070366,8.657919,334.72723
1970-01-01 05:42:42,7810.0435,112.56223,749.2637,1.6199343,-6.5021214,334.1819
1970-01-01 05:42:43,7875.844,127.489365,586.9207,-3.790298,6.9031296,335.59586
1970-01-01 05:42:44,7916.848,127.31737,825.5044,2.7886753,-1.9447556,335.21774
1970-01-01 05:42:45,7811.3833,121.2796,413.80774,-0.2645989,8.2528715,335.09192
1970-01-01 05:42:46,7997.7666,123.78159,891.1235,1.4319645,-2.08213,334.71414
1970-01-01 05:42:47,7907.146,124.93844,683.61127,6.6075935,-4.251089,335.06305
1970-01-01 05:42:48,8015.014,118.10023,948.0645,6.096571,-5.657122,335.92706
1970-01-01 05:42:49,8095.5923,133.97722,1233.8704,-2.9057307,4.7833247,334.86615
1970-01-01 05:42:50,8035.3496,115.26234,1091.1912,2.7384062,17.695929,333.08154
1970-01-01 05:42:51,8108.8804,123.30895,774.44775,8.4262495,2.445009,331.05875
1970-01-01 05:42:52,8056.8047,120.582054,1209.2747,5.01833,0.952213,330.22437
1970-01-01 05:42:53,8081.537,125.190155,737.8176,4.755698,1.2243574,330.56128
1970-01-01 05:42:54,8030.499,122.84764,835.5762,2.446834,-5.16425,330.26022
1970-01-01 05:42:55,8042.948,114.98832,746.6579,1.0908227,9.552109,328.74997
1970-01-01 05:42:56,8197.094,126.40533,612.59357,3.5766242,-4.3857145,
1970-01-01 05:42:57,8138.974,128.27876,845.42163,5.2036014,5.506245,329.58234
1970-01-01 05:42:58,8138.81,121.79862,1146.1018,7.7570214,0.38222882,330.44308
1970-01-01 05:42:59,8112.8984,128.61469,996.6713,6.6067343,-0.51353014,331.8221
1970-01-01 05:43:00,8111.9067,118.618324,1266.2267,0.08968854,-7.034642,332.34564
1970-01-01 05:43:01,8216.719,124.212776,817.01776,4.5147867,-10.417287,332.34424
1970-01-01 05:43:02,8102.6357,127.71914,1269.8619,-2.40519,19.357882,331.90317
1970-01-01 05:43:03,8301.309,122.10627,533.1874,0.50395864,-6.434106,332.01724
1970-01-01 05:43:04,8188.0903,120.78786,683.28845,4.12833,10.691131,333.54797
1970-01-01 05:43:05,8196.349,119.83945,771.9989,0.02296258,-7.078696,332.43112
1970-01-01 05:43:06,8209.198,121.815796,674.3096,1.8679384,-3.8302665,333.6237
1970-01-01 05:43:07,8133.2144,131.81573,534.46625,0.7974347,10.387813,333.79034
1970-01-01 05:43:08,8302.358,124.99279,809.16125,-4.407865,11.885166,331.66312
1970-01-01 05:43:09,8177.809,125.88405,1177.5177,2.8496718,9.403372,332.27502
1970-01-01 05:43:10,8284.124,121.521286,621.9526,5.851997,10.425768,330.63812
1970-01-01 05:43:11,8480.973,123.86224,729.8523,-2.1760638,-18.069178,329.93835
1970-01-01 05:43:12,8418.101,128.00117,427.47604,4.9378777,6.357397,328.2192
1970-01-01 05:43:13,8398.57,121.946075,960.5359,-3.5760472,5.7396383,328.31393
1970-01-01 05:43:14,8373.788,124.5928,1147.1868,1.237065,-10.270374,327.5363
1970-01-01 05:43:15,8308.104,122.96981,717.0943,4.0593686,-1.8535935,329.1304
1970-01-01 05:43:16,8360.974,120.77828,798.0066,2.7242115,1.6374778,328.1278
1970-01-01 05:43:17,8329.824,117.67417,1019.22314,1.534825,17.555485,329.0017
1970-01-01 05:43:18,8464.161,127.829605,590.4046,-0.09254027,0.5185352,328.88657
1970-01-01 05:43:19,8442.773,129.99681,1236.6492,7.0435514,-0.5795655,329.02908
1970-01-01 05:43:20,8506.0625,126.441124,863.5187,-0.55554074,12.351349,328.82867
1970-01-01 05:43:21,8507.057,122.569626,1048.1249,-3.5153317,12.5165205,329.35718
1970-01-01 05:43:22,8432.458,132.90457,476.50388,2.4863474,10.176768,329.50412
1970-01-01 05:43:23,8396.82,121.39471,1178.3804,7.380805,-1.5536927,329.0017
1970-01-01 05:43:24,8454.671,119.83012,484.56662,7.885051,14.790967,328.90744
1970-01-01 05:43:25,8463.659,133.45386,501.2626,7.4474287,8.6808405,329.15515
1970-01-01 05:43:26,8561.455,122.20681,896.58563,-2.515374,5.8119745,328.54205
1970-01-01 05:43:27,8424.671,120.54016,503.78784,9.583261,6.616594,327.78925
1970-01-01 05:43:28,8366.328,124.836555,802.60846,-2.854215,13.812584,327.7806
1970-01-01 05:43:29,8604.853,123.98853,767.9372,6.415228,2.174699,328.03622
1970-01-01 05:43:30,8435.2295,130.08994,753.7765,4.3148184,18.408009,329.45508
1970-01-01 05:43:31,8558.738,125.54432,939.3582,4.793665,-0.639283,329.6314
1970-01-01 05:43:32,8577.082,119.57185,201.03337,0.91363156,6.68235,329.66345
1970-01-01 05:43:33,8783.809,129.75876,1054.772,1.7874287,2.0398843,327.80414
1970-01-01 05:43:34,8621.992,125.83535,1328.4308,-1.37224,-3.6128511,326.06467
1970-01-01 05:43:35,8534.908,122.81788,821.4418,0.5578673,6.0714912,327.02634
1970-01-01 05:43:36,8654.742,119.0806,985.0589,1.256066,17.21996,327.6924
1970-01-01 05:43:37,8688.254,128.78821,786.7462,0.3439788,0.5999524,328.28644
1970-01-01 05:43:38,8666.012,120.204956,660.18604,2.615854,-12.646634,327.0094
1970-01-01 05:43:39,8805.582,121.8893,883.61646,2.2573786,-7.679806,326.35782
1970-01-01 05:43:40,8739.666,126.1415,700.74524,3.515615,-8.811323,327.16623
1970-01-01 05:43:41,8596.026,126.14837,739.5543,-3.710735,26.615978,327.20422
1970-01-01 05:43:42,8875.866,127.0325,762.21985,-1.51155,16.909216,329.14362
1970-01-01 05:43:43,8816.455,123.95211,503.1793,-0.15682945,-11.9804325,330.91504
1970-01-01 05:43:44,8717.889,131.1183,845.21735,7.250294,-9.945683,329.2219
1970-01-01 05:43:45,8706.588,122.88508,561.8943,2.9629118,2.7536638,328.7116
1970-01-01 05:43:46,8823.083,125.218506,,0.013782761,2.6506994,328.09268
1970-01-01 05:43:47,8682.027,121.79722,1240.6069,0.45470163,14.6278515,329.2033
1970-01-01 05:43:48,8846.942,129.36766,1127.2715,0.78045416,1.8085966,330.18158
1970-01-01 05:43:49,8841.135,129.58345,834.10376,5.554876,-3.574668,328.39706
1970-01-01 05:43:50,8815.088,128.58458,768.5215,4.608138,-9.726377,329.08176
1970-01-01 05:43:51,8775.503,124.482445,1241.3206,0.78548014,-14.929472,329.78558
1970-01-01 05:43:52,8855.242,126.38594,997.2156,5.333883,-0.010277321,328.20148
1970-01-01 05:43:53,8964.284,123.4213,691.10004,1.0871749,2.6978347,327.73502
1970-01-01 05:43:54,8920.947,,484.86554,-3.3488462,-0.30289486,328.16205
1970-01-01 05:43:55,8907.085,116.54979,1097.606,6.2497196,-3.5482314,326.9976
1970-01-01 05:43:56,9016.488,122.37347,857.8954,3.7439055,-12.626982,328.07678
1970-01-01 05:43:57,8857.021,127.21989,929.56573,-1.0916528,-0.40457776,329.81158
1970-01-01 05:43:58,8848.103,126.42677,1282.5074,-1.371804,-3.7046165,327.57117
1970-01-01 05:43:59,8864.34,126.04364,583.827,-3.462487,-10.411438,328.84454
1970-01-01 05:44:00,9045.222,130.35043,813.5549,0.5297552,-1.2023666,328.42047
1970-01-01 05:44:01,8841.895,126.72423,551.9421,2.832521,1.0317671,329.40387
1970-01-01 05:44:02,8938.165,118.22463,856.1004,-2.6963062,-16.73902,330.12027
1970-01-01 05:44:03,8902.106,125.011925,531.97504,2.4885297,13.159928,329.6527
1970-01-01 05:44:04,9075.416,126.563774,538.5736,3.6557877,0.5140225,329.68268
1970-01-01 05:44:05,8992.626,126.09842,1060.9651,3.5226622,-5.0349565,329.50433
1970-01-01 05:44:06,9117.44,113.69297,,3.994986,-1.795298,329.42145
1970-01-01 05:44:07,9109.526,129.75732,765.9113,1.4065872,-2.024837,327.15848
1970-01-01 05:44:08,9052.333,127.25454,728.933,6.088678,-6.744808,326.74216
1970-01-01 05:44:09,9138.923,128.25778,617.08044,-6.0119896,3.0340726,326.6526
1970-01-01 05:44:10,9065.762,130.35167,,-7.3392215,4.5385323,326.17734
1970-01-01 05:44:11,9240.707,123.04906,556.8419,3.3067281,0.086880475,326.55627
1970-01-01 05:44:12,9220.253,120.14216,734.37585,-1.8293102,-14.313151,328.2977
1970-01-01 05:44:13,9252.614,123.66364,1369.3612,2.064211,-3.0155222,328.07898
1970-01-01 05:44:14,9266.918,127.10303,1001.7589,1.2092284,-0.55990314,326.27405
1970-01-01 05:44:15,9124.966,128.01634,488.1151,4.330616,-14.658884,325.22293
1970-01-01 05:44:16,9219.85,122.08827,399.34357,5.1707563,-1.3620499,326.68448
1970-01-01 05:44:17,9306.284,121.849846,1159.8037,5.59505,-12.147059,328.6183
1970-01-01 05:44:18,9266.428,123.09432,732.52997,1.5133966,6.9113975,327.99036
1970-01-01 05:44:19,9314.388,128.2909,730.07587,3.1120384,-6.727057,326.78363
1970-01-01 05:44:20,9350.812,115.3252,788.47815,2.4691582,6.9013953,329.04425
1970-01-01 05:44:21,9128.659,118.87419,884.672,0.13492118,-1.2248662,328.37524
1970-01-01 05:44:22,9184.43,132.10506,723.746,2.770811,14.522472,328.02676
1970-01-01 05:44:23,9385.872,130.45448,507.08838,0.7780528,-10.690528,329.37387
1970-01-01 05:44:24,9455.977,132.18672,921.28723,6.066128,-4.7905674,328.63715
1970-01-01 05:44:25,9444.392,117.180016,529.0339,-3.330246,-2.4282217,327.7763
1970-01-01 05:44:26,9243.861,129.32912,813.21857,8.872653,-12.94354,327.30615
1970-01-01 05:44:27,9299.428,122.140175,816.7295,1.9897008,-4.459195,327.99683
1970-01-01 05:44:28,9372.63,122.19419,742.66974,1.0636858,1.580341,329.7403
1970-01-01 05:44:29,9503.409,123.837135,739.4251,-2.5713513,-14.382123,330.3762
1970-01-01 05:44:30,9382.986,131.81207,1079.258,5.3568096,4.6141696,329.0185
1970-01-01 05:44:31,9439.295,133.22583,241.21654,5.529648,4.690357,327.29898
1970-01-01 05:44:32,9407.937,128.38116,484.84814,6.733234,3.8710406,326.70493
1970-01-01 05:44:33,9469.257,128.49675,715.736,5.9645543,18.304483,326.7644
1970-01-01 05:44:34,9440.871,123.27691,890.0474,3.4649909,15.551545,327.9587
1970-01-01 05:44:35,9517.474,121.72738,906.3024,3.3401997,-6.901579,327.61948
1970-01-01 05:44:36,9433.685,126.42161,1232.6473,4.670588,4.715127,328.8538
1970-01-01 05:44:37,9527.674,128.67389,558.3803,3.8153334,-3.6837375,329.75623
1970-01-01 05:44:38,9312.095,131.64787,540.9445,5.365821,7.8983946,331.14502
1970-01-01 05:44:39,9600.283,130.39575,742.9086,2.758369,11.665252,330.77054
1970-01-01 05:44:40,9536.02,128.63884,623.02576,0.7431641,-16.809303,332.304
1970-01-01 05:44:41,9515.071,122.264275,759.13916,0.7919293,20.284355,332.0512
1970-01-01 05:44:42,9629.866,129.50595,1008.3145,1.1974995,4.117703,332.12027
1970-01-01 05:44:43,9686.124,126.1173,1041.6635,6.1049867,-0.17834684,332.13065
1970-01-01 05:44:44,9574.66,126.75999,457.83582,4.92456,-5.2053,333.11472
1970-01-01 05:44:45,9538.07,124.6687,974.1262,1.3990544,-1.7471974,335.18533
1970-01-01 05:44:46,9569.208,120.285324,603.9944,6.178968,0.55201846,334.378
1970-01-01 05:44:47,9570.333,127.912415,998.7904,-0.44831046,-12.987607,334.49744
1970-01-01 05:44:48,9710.185,127.43334,487.66693,4.48716,4.616008,333.65115
1970-01-01 05:44:49,9615.139,128.25235,628.96027,-4.1488347,-6.6190267,334.1636
1970-01-01 05:44:50,9644.149,133.01456,570.2391,-1.6412051,4.8546596,334.86813
1970-01-01 05:44:51,9710.134,122.272446,810.64996,-0.88213146,7.4798703,334.24066
1970-01-01 05:44:52,9636.165,123.93309,860.93304,-1.0492296,-2.8096936,334.03552
1970-01-01 05:44:53,9625.586,125.78646,958.7647,-1.4813832,5.240124,332.17157
1970-01-01 05:44:54,9767.201,115.32055,711.7263,-0.36187476,1.0358878,332.38477
1970-01-01 05:44:55,9664.337,117.10217,967.23315,5.5368705,0.88927346,331.89014
1970-01-01 05:44:56,9897.455,124.13266,790.4493,-1.7745978,-7.07813,330.96585
1970-01-01 05:44:57,9755.519,123.11553,829.30994,1.7906846,11.318305,331.02118
1970-01-01 05:44:58,9765.129,124.22228,1056.6127,3.1710732,5.9882016,330.14172
1970-01-01 05:44:59,9835.269,122.17044,843.6235,3.2842906,-2.443213,331.22177
1970-01-01 05:45:00,9951.677,123.80786,581.9563,-1.1945937,-0.57721436,330.7356
1970-01-01 05:45:01,9716.722,120.932556,1128.0768,2.1218352,2.289046,328.1197
1970-01-01 05:45:02,9794.615,132.18521,769.4563,1.6381446,0.6215813,327.61472
1970-01-01 05:45:03,10028.201,125.97475,1119.3396,1.1790613,3.1300192,327.8998
1970-01-01 05:45:04,9868.14,118.31463,662.41925,2.167886,-0.74434245,328.3355
1970-01-01 05:45:05,9956.579,119.66645,871.54474,3.0307844,-7.566244,327.7959
1970-01-01 05:45:06,9948.849,119.575096,675.30304,-1.1060331,11.232985,327.23697
1970-01-01 05:45:07,9918.275,121.562485,942.13983,3.0367615,-17.500128,327.14243
1970-01-01 05:45:08,9791.521,123.39447,540.9855,2.779612,-9.114669,328.0605
1970-01-01 05:45:09,10101.874,126.89653,641.9623,-2.3001986,-4.675595,328.0747
1970-01-01 05:45:10,10040.463,130.74603,726.89386,0.20216973,-2.261842,329.14276
1970-01-01 05:45:11,9920.532,119.676025,493.53516,8.158697,3.2991114,328.56244
1970-01-01 05:45:12,10128.263,130.62955,758.9321,2.9099133,4.5382333,330.77585
1970-01-01 05:45:13,10073.164,122.06079,799.11505,-0.7291055,7.733156,331.09448
1970-01-01 05:45:14,10013.889,127.48097,518.07135,-2.9340794,17.065388,330.3364
1970-01-01 05:45:15,10026.384,121.43747,824.83167,1.9480131,0.7063342,329.87418
1970-01-01 05:45:16,10156.945,131.82599,626.19446,4.836138,-2.312734,329.45007
1970-01-01 05:45:17,10052.568,128.62027,743.92236,1.5942912,14.325327,329.0384
1970-01-01 05:45:18,10070.723,115.92069,1285.2657,-2.9627414,3.3056662,327.53052
1970-01-01 05:45:19,10003.983,123.63524,439.4935,1.8577316,14.8913555,327.90353
1970-01-01 05:45:20,10039.419,123.38201,972.95325,5.744726,0.51638454,327.92276
1970-01-01 05:45:21,9940.038,121.09158,741.6362,0.066548616,3.969247,326.895
1970-01-01 05:45:22,10141.735,129.05449,1022.82697,5.612668,-1.985321,328.75
1970-01-01 05:45:23,10319.088,128.90338,852.68604,3.3234787,-3.4588282,327.95486
1970-01-01 05:45:24,10136.897,118.42036,554.53723,-3.2389815,-8.305903,328.29312
1970-01-01 05:45:25,10232.487,125.0429,702.6611,1.2282282,7.916581,329.41364
1970-01-01 05:45:26,10224.743,121.27813,604.90985,5.9930997,-10.305484,330.65265
1970-01-01 05:45:27,10200.34,122.938126,718.72473,3.8364837,3.8494813,330.3821
1970-01-01 05:45:28,10288.799,118.94999,911.1614,-1.0424721,11.083739,328.97324
1970-01-01 05:45:29,10194.324,122.654976,705.7075,0.067656815,9.393063,329.63873
1970-01-01 05:45:30,10340.644,131.32318,749.6982,4.771198,0.39362654,329.43658
1970-01-01 05:45:31,10257.322,125.09013,673.5359,-1.1489912,13.988524,329.70078
1970-01-01 05:45:32,10228.509,124.928795,349.7472,0.45738417,-4.983029,328.61728
1970-01-01 05:45:33,10290.91,119.558464,588.60175,4.5147057,-4.290336,328.14758
1970-01-01 05:45:34,10342.084,125.10163,740.127,2.7830715,9.727583,328.78552
1970-01-01 05:45:35,10302.327,127.32309,533.94745,1.9726908,11.049764,327.66153
1970-01-01 05:45:36,10299.633,128.68791,1010.3807,4.6036973,1.2252632,326.61127
1970-01-01 05:45:37,10361.908,130.79642,918.79816,1.8900732,15.468057,327.3004
1970-01-01 05:45:38,10364.012,126.60927,716.32574,2.601082,-5.615063,328.00443
1970-01-01 05:45:39,10313.443,127.766556,834.24286,2.211548,-16.99808,327.53
1970-01-01 05:45:40,10452.169,125.86016,950.49365,2.7005475,-7.5664825,327.56232
1970-01-01 05:45:41,10445.227,122.81279,619.041,4.986516,21.505857,327.40198
1970-01-01 05:45:42,10394.898,127.277596,828.4014,1.253071,9.989228,327.54886
1970-01-01 05:45:43,10555.499,126.077896,1021.51373,0.6221821,-0.5273829,327.66345
1970-01-01 05:45:44,10353.446,127.45513,777.02875,2.2813942,-0.85654026,329.03116
1970-01-01 05:45:45,10425.399,121.44711,925.20044,-1.3091785,-1.532255,328.88928
1970-01-01 05:45:46,10453.354,127.08525,666.57965,-0.45707104,-1.3081447,328.43045
1970-01-01 05:45:47,10478.592,132.82643,930.36536,4.6931753,-1.0138501,326.93045
1970-01-01 05:45:48,10504.0625,117.131775,842.98474,-0.10606046,-0.45650232,326.25168
1970-01-01 05:45:49,10539.139,126.790405,655.64954,-0.2778609,-4.9405293,325.5071
1970-01-01 05:45:50,10538.901,120.90984,614.0659,4.532463,7.163822,325.28806
1970-01-01 05:45:51,10638.82,128.43202,646.7211,-3.0294087,9.007344,325.3986
1970-01-01 05:45:52,10521.364,127.34819,1014.83966,-0.4952511,-15.719662,324.1749
1970-01-01 05:45:53,10561.44,123.70737,1001.1125,-0.69509864,-25.759071,324.11523
1970-01-01 05:45:54,10502.192,123.134186,727.8213,1.2658944,-17.497938,323.96548
1970-01-01 05:45:55,10601.97,128.70789,761.6963,-5.1407866,-7.6408057,326.13947
1970-01-01 05:45:56,10713.359,131.38875,993.35425,3.0686305,-14.378044,326.44937
1970-01-01 05:45:57,10676.84,127.06422,480.89172,-2.887996,-10.029309,327.9242
1970-01-01 05:45:58,10706.171,131.39908,763.867,-0.45433307,-13.023313,326.90994
1970-01-01 05:45:59,10674.637,127.202934,780.5118,3.976464,4.998075,327.5022
1970-01-01 05:46:00,10648.62,121.2011,1005.372,4.7597666,-0.28706053,327.74442
1970-01-01 05:46:01,10595.954,124.639336,586.99396,-7.522337,-13.445347,328.20114
1970-01-01 05:46:02,10633.93,127.23269,1109.1862,2.531553,10.003622,329.4172
1970-01-01 05:46:03,10845.997,127.91945,1220.0963,2.0372677,-4.597304,328.68307
1970-01-01 05:46:04,10741.428,134.40305,576.22736,-1.8678261,-16.877686,328.42044
1970-01-01 05:46:05,10654.154,128.65768,649.63513,2.8978264,9.143912,328.80612
1970-01-01 05:46:06,10917.958,130.4307,836.0104,2.9763658,-0.7317738,327.4741
1970-01-01 05:46:07,10812.569,125.913666,864.6856,5.1188726,-4.614352,327.6028
1970-01-01 05:46:08,10745.717,129.92139,722.0681,1.5159849,10.490045,324.88953
1970-01-01 05:46:09,10828.824,122.270386,372.7355,2.9089394,2.9058788,324.7264
1970-01-01 05:46:10,10862.271,124.60638,1040.6442,0.6582134,14.303146,323.53418
1970-01-01 05:46:11,10908.813,125.68134,746.84424,3.354696,-12.983533,
1970-01-01 05:46:12,10951.953,125.26143,978.58575,-2.5479052,0.814956,323.64478
1970-01-01 05:46:13,10809.574,129.49872,646.01434,2.955005,-8.515577,324.33847
1970-01-01 05:46:14,10801.61,126.73391,767.26904,-2.6439,5.918769,323.85788
1970-01-01 05:46:15,10749.185,128.4018,868.94995,-0.20101118,14.127892,324.14682
1970-01-01 05:46:16,10975.554,127.46469,916.39856,3.8006043,4.6550107,322.94482
1970-01-01 05:46:17,10987.376,126.389244,265.34207,3.8538384,0.31614184,324.28815
1970-01-01 05:46:18,10936.678,123.41634,668.7396,1.9465296,-7.83673,324.5667
1970-01-01 05:46:19,10988.506,126.95632,487.76645,1.8420945,-3.4561415,325.02362
1970-01-01 05:46:20,10989.192,126.675835,718.7464,-2.5706837,5.9813333,324.47827
1970-01-01 05:46:21,10947.185,132.09877,783.3579,3.4502437,7.389172,325.00223
1970-01-01 05:46:22,11153.699,126.06182,763.9091,0.16120584,-6.939403,325.6016
1970-01-01 05:46:23,10991.891,123.33374,667.358,5.491204,-2.240193,325.91425
1970-01-01 05:46:24,10941.545,130.65106,838.2945,-0.5176519,1.4377134,325.72754
1970-01-01 05:46:25,11069.825,125.48229,735.53076,-0.7089083,-2.9956143,326.02435
1970-01-01 05:46:26,11118.667,125.02779,668.3489,6.8944597,-1.2011245,325.87753
1970-01-01 05:46:27,11008.834,132.77966,657.4434,-1.6368239,2.1554933,325.55728
1970-01-01 05:46:28,11083.798,123.42862,975.1155,3.3005352,7.941569,325.0678
1970-01-01 05:46:29,11033.469,134.05997,1121.4421,1.7101698,-11.785369,325.9552
1970-01-01 05:46:30,11043.841,129.74854,810.2707,4.5333433,11.533672,326.76877
1970-01-01 05:46:31,11097.829,132.71094,1193.9645,-0.6563483,11.7028475,325.07693
1970-01-01 05:46:32,11197.436,128.28044,860.0985,2.567446,-19.090178,324.8631
1970-01-01 05:46:33,11236.562,132.00822,901.4126,1.0164716,-11.92488,324.4867
1970-01-01 05:46:34,11160.42,124.75424,1197.874,2.9934325,-12.718913,324.98633
1970-01-01 05:46:35,11266.75,124.728195,811.121,3.784495,-4.3622403,326.00623
1970-01-01 05:46:36,11106.851,124.03228,810.25494,2.0617998,2.171972,327.03058
1970-01-01 05:46:37,11154.684,126.13958,611.9443,-1.3672872,13.58597,325.62195
1970-01-01 05:46:38,11270.843,137.81647,810.2831,-3.4912524,5.833204,325.8138
1970-01-01 05:46:39,11285.306,128.45062,357.2868,1.0272144,10.18023,325.54895
1970-01-01 05:46:40,11278.771,122.90734,1036.3007,4.5214653,-1.6397542,326.81113
1970-01-01 05:46:41,11167.294,128.50067,793.6309,2.8945136,0.6674758,327.25592
1970-01-01 05:46:42,11229.492,,823.972,4.8106127,1.6388241,328.13828
1970-01-01 05:46:43,11204.932,119.917915,634.1163,9.666723,10.468474,329.0321
1970-01-01 05:46:44,11244.037,122.51871,909.2844,8.674325,-10.333868,327.47235
1970-01-01 05:46:45,11392.62,131.77979,927.6006,-1.9065757,15.015766,329.8236
1970-01-01 05:46:46,11380.066,132.25,579.65894,3.710671,-16.76479,329.98993
1970-01-01 05:46:47,11238.1455,131.00687,790.01624,3.5561907,-5.1085777,329.84274
1970-01-01 05:46:48,11344.322,126.02017,728.81775,-2.3664384,2.0045152,329.83304
1970-01-01 05:46:49,11391.274,129.26288,651.1783,0.47300127,-5.835696,330.4236
1970-01-01 05:46:50,11391.619,122.61497,1152.4312,2.8114164,16.857508,329.84384
1970-01-01 05:46:51,11491.439,126.64091,887.1468,2.8861418,17.345135,330.42764
1970-01-01 05:46:52,11439.77,128.7448,749.8577,2.2239685,-1.3005064,329.92194
1970-01-01 05:46:53,11331.379,122.22638,826.2066,0.30581737,0.22001445,329.06607
1970-01-01 05:46:54,11366.926,122.62947,825.6376,5.0288053,11.178217,329.01102
1970-01-01 05:46:55,11490.2295,129.61635,919.74646,1.8083291,-19.486166,328.0992
1970-01-01 05:46:56,11508.991,126.86949,940.4608,6.4857507,7.745476,327.4865
1970-01-01 05:46:57,11544.399,129.5972,1020.85077,0.44896865,7.6703067,328.4902
1970-01-01 05:46:58,11497.59,124.584335,1132.7555,5.967933,-11.896705,328.405
1970-01-01 05:46:59,11442.753,142.91803,989.6222,2.1649294,3.6270223,328.27695
1970-01-01 05:47:00,11677.454,130.3657,646.78986,3.8072875,0.27144638,327.34958
1970-01-01 05:47:01,11654.437,121.89026,640.4589,0.63259375,5.0809226,327.431
1970-01-01 05:47:02,11588.13,122.27775,849.2808,4.7159905,7.0704136,324.7862
1970-01-01 05:47:03,11675.384,127.153404,709.0745,4.0204883,3.6178675,324.48383
1970-01-01 05:47:04,11595.769,123.42113,634.3862,1.4717232,1.7288593,323.9422
1970-01-01 05:47:05,11603.189,131.75774,906.1187,7.671454,-16.270237,324.1718
1970-01-01 05:47:06,11482.438,130.01154,546.8186,0.24438308,-11.327143,325.23935
1970-01-01 05:47:07,11622.845,129.85664,884.064,5.1148295,-6.191259,324.25275
1970-01-01 05:47:08,11491.463,127.155975,967.7129,3.7335982,-5.3719783,324.06583
1970-01-01 05:47:09,11707.111,131.25757,1114.6329,4.7680597,-12.795329,322.5412
1970-01-01 05:47:10,11650.332,127.38202,903.24255,4.837597,20.883333,320.77142
1970-01-01 05:47:11,11649.419,126.30477,713.0608,-0.39048433,5.214985,320.79626
1970-01-01 05:47:12,11717.803,124.87238,1271.3252,1.6593692,1.3101438,321.44067
1970-01-01 05:47:13,11760.621,133.7963,799.71045,-3.3639426,-5.660978,321.8252
1970-01-01 05:47:14,11816.184,124.730286,941.985,4.3589725,-0.31350058,322.66052
1970-01-01 05:47:15,11700.819,126.38304,433.69702,4.5054092,-0.8310941,323.7275
1970-01-01 05:47:16,11734.999,129.07938,1197.4114,3.072275,8.207247,323.4586
1970-01-01 05:47:17,11876.612,127.373825,1039.3127,2.5705166,-4.1084137,323.4469
1970-01-01 05:47:18,11649.677,126.77557,942.709,4.0868993,-9.707857,323.83896
1970-01-01 05:47:19,11792.25,127.675125,997.1023,6.5260134,3.188638,323.13852
1970-01-01 05:47:20,11785.302,129.80144,1065.1444,-2.0120955,4.738794,323.05978
1970-01-01 05:47:21,11764.566,126.72533,698.4839,3.0588174,15.878706,323.9192
1970-01-01 05:47:22,11727.905,122.668785,828.7562,4.1299176,-2.7176833,326.1906
1970-01-01 05:47:23,11790.484,130.62695,849.74457,9.465764,0.042274922,325.69266
1970-01-01 05:47:24,11726.147,124.78332,932.2802,3.8682256,7.650426,325.70297
1970-01-01 05:47:25,11930.673,135.11636,656.7693,5.466687,-26.576801,324.94363
1970-01-01 05:47:26,11863.676,131.1282,1025.0076,3.2075372,10.829505,323.93716
1970-01-01 05:47:27,11905.418,128.65457,591.74414,3.0447612,3.3817577,323.87415
1970-01-01 05:47:28,11915.619,130.97144,586.2834,2.56521,-0.39711377,324.35132
1970-01-01 05:47:29,12050.361,131.80229,775.3448,1.3117129,-10.802725,324.2124
1970-01-01 05:47:30,11905.27,126.08966,847.9327,1.9369359,8.208062,325.30084
1970-01-01 05:47:31,11907.044,128.42287,667.8743,4.028772,-8.657067,324.98608
1970-01-01 05:47:32,12004.926,126.88606,967.15283,5.262976,-3.9469688,325.30426
1970-01-01 05:47:33,11856.426,127.89066,817.6046,-0.038391326,-3.2262373,324.64746
1970-01-01 05:47:34,12045.761,127.40734,740.98456,3.5215762,10.322976,324.45242
1970-01-01 05:47:35,12006.638,136.28183,255.87044,1.8534212,-2.5476587,324.16876
1970-01-01 05:47:36,11959.462,125.5969,-66.219025,1.5102886,11.689169,325.40894
1970-01-01 05:47:37,12066.149,134.49637,148.42966,4.4061956,4.697002,323.65353
1970-01-01 05:47:38,12019.912,127.80329,438.4663,-0.81908876,-24.672213,323.9535
1970-01-01 05:47:39,12069.934,130.83826,190.31792,-0.07799207,0.69123775,323.59042
1970-01-01 05:47:40,12021.431,126.00366,-254.57843,-0.043759454,9.048504,323.96994
1970-01-01 05:47:41,12077.963,134.63477,159.75731,6.7069683,12.463978,323.97284
1970-01-01 05:47:42,11922.501,125.003716,-215.12428,4.5579133,-14.484154,323.57843
1970-01-01 05:47:43,12058.35,118.20143,-82.85829,-0.7136532,9.118946,323.97885
1970-01-01 05:47:44,11890.965,128.76636,94.33112,7.460927,-7.8855042,322.42102
1970-01-01 05:47:45,11893.925,130.1184,92.40216,-3.0463345,18.799885,323.4511
1970-01-01 05:47:46,12117.464,126.93943,0.35834306,1.1071597,1.7948197,323.56128
1970-01-01 05:47:47,11850.649,132.25018,13.012375,4.0956454,11.642063,325.21115
1970-01-01 05:47:48,12009.2,135.00406,-171.37152,0.64364034,13.118707,325.4674
1970-01-01 05:47:49,12101.407,133.46953,-111.26526,-1.472274,12.511974,326.8534
1970-01-01 05:47:50,11929.998,123.09353,39.141605,-0.5838132,6.2187576,328.11008
1970-01-01 05:47:51,12033.509,133.38666,-445.83453,1.2047418,-11.771705,327.2992
1970-01-01 05:47:52,11914.415,129.90883,-82.088394,-2.6953592,-3.432865,327.99612
1970-01-01 05:47:53,12096.974,129.6637,-259.1266,-5.461819,6.357637,328.84674
1970-01-01 05:47:54,12065.581,122.03191,401.6908,4.2106338,-9.134663,328.37177
1970-01-01 05:47:55,11996.1875,123.97968,54.822342,1.2622471,-0.46736857,327.3869
1970-01-01 05:47:56,12103.274,131.62213,-42.51786,-2.8724015,-8.806318,327.39822
1970-01-01 05:47:57,11995.631,121.78592,-116.45054,1.2463403,1.959546,327.8012
1970-01-01 05:47:58,12037.884,125.312065,-24.751085,2.1925793,6.202138,327.78067
1970-01-01 05:47:59,12078.325,133.4655,493.16263,4.4195004,3.0173898,327.74225
1970-01-01 05:48:00,12041.944,127.74484,-118.67548,1.4515816,7.232336,328.35297
1970-01-01 05:48:01,11991.953,137.89392,-14.352364,1.3529588,-0.79435426,329.69397
1970-01-01 05:48:02,11982.428,127.57107,51.7327,3.8192582,11.909207,329.22485
1970-01-01 05:48:03,12015.832,128.5982,369.32904,2.3510976,7.64197,328.39737
1970-01-01 05:48:04,12075.845,131.43457,188.07191,6.7205777,-12.309376,330.41287
1970-01-01 05:48:05,11958.795,128.0565,-96.12994,0.68603885,-0.42081407,332.0262
1970-01-01 05:48:06,12051.961,,83.49314,1.5738494,8.227217,329.75235
1970-01-01 05:48:07,12007.462,129.89842,-412.95435,6.8745065,-3.878286,329.383
1970-01-01 05:48:08,11904.542,124.464966,-265.08005,3.9475381,-4.343127,329.46808
1970-01-01 05:48:09,12073.388,125.76105,227.67332,3.9032981,4.4017196,328.83957
1970-01-01 05:48:10,12145.7,126.22774,-72.444595,4.855363,8.332829,328.47626
1970-01-01 05:48:11,11984.497,122.98917,-53.25859,3.4982884,11.367958,329.1136
1970-01-01 05:48:12,12040.484,127.27487,-12.027173,1.9305044,-0.7122989,327.6996
1970-01-01 05:48:13,11914.072,131.30835,77.71803,1.3106489,-14.903226,326.82828
1970-01-01 05:48:14,11923.877,118.02986,-226.18831,-1.8426629,9.767502,327.59024
1970-01-01 05:48:15,11979.005,124.88207,-85.045296,-0.870956,-8.5155115,326.90347
1970-01-01 05:48:16,11989.624,124.21567,385.46515,5.516353,-20.152458,326.04855
1970-01-01 05:48:17,11917.354,127.96712,-462.06436,4.8626995,-17.719992,327.73636
1970-01-01 05:48:18,12061.609,133.835,-6.6561594,-4.271579,-8.761065,328.3209
1970-01-01 05:48:19,11984.538,121.20847,215.23024,0.6287923,-13.690279,
1970-01-01 05:48:20,11946.222,129.88264,113.792404,1.0616142,4.215133,328.9782
1970-01-01 05:48:21,12046.756,128.3131,8.490599,3.9230113,-4.2453485,329.78232
1970-01-01 05:48:22,11984.411,124.62172,-403.48807,3.6717038,8.746858,329.81354
1970-01-01 05:48:23,12013.546,131.956,187.22118,2.5466821,-15.666225,328.988
1970-01-01 05:48:24,11938.353,122.98677,186.28313,7.380131,-0.48674548,329.18085
1970-01-01 05:48:25,12118.73,126.44974,142.39072,2.9182749,3.6141202,328.80237
1970-01-01 05:48:26,12076.632,127.99326,-44.55939,5.759124,-4.554318,328.01678
1970-01-01 05:48:27,12054.413,129.81563,119.72367,1.44954,29.673283,328.42438
1970-01-01 05:48:28,12020.353,127.4915,38.821945,4.470277,-20.036211,328.7872
1970-01-01 05:48:29,12108.525,133.19237,294.81815,6.7371974,5.780198,330.5554
1970-01-01 05:48:30,12017.1045,135.19792,-36.760635,4.8854847,-14.992084,332.34973
1970-01-01 05:48:31,12038.658,136.04843,-109.326675,1.0192053,4.979864,332.95178
1970-01-01 05:48:32,11976.029,130.53581,-193.9655,4.577394,8.41576,332.53775
1970-01-01 05:48:33,12001.137,130.64037,108.51001,1.5134209,-8.338212,333.23242
1970-01-01 05:48:34,12030.744,130.87323,-22.692715,3.0185082,18.817783,333.46906
1970-01-01 05:48:35,12036.17,123.40451,-188.7349,8.322158,-20.608618,332.7909
1970-01-01 05:48:36,11932.163,123.72245,-224.65135,4.6165147,-9.243079,331.3311
1970-01-01 05:48:37,11967.268,124.99107,-12.319704,4.038729,17.381256,331.42017
1970-01-01 05:48:38,12038.8545,136.54034,22.764519,0.98535883,9.256551,330.4328
1970-01-01 05:48:39,12052.306,128.77652,-228.709,-1.2741427,10.381356,330.8558
1970-01-01 05:48:40,11951.857,126.80694,-218.46413,3.714221,-13.178009,330.05725
1970-01-01 05:48:41,11838.862,134.46414,123.70369,1.5867271,5.918273,329.94202
1970-01-01 05:48:42,12084.062,125.07574,27.79242,-2.3062057,-12.453909,330.3581
1970-01-01 05:48:43,11990.472,140.21823,112.18721,0.7597295,-0.51950794,331.23822
1970-01-01 05:48:44,11941.25,131.82277,,0.8969821,16.86277,328.8983
1970-01-01 05:48:45,12011.551,124.410385,-74.67562,-1.5598377,-11.734582,328.38553
1970-01-01 05:48:46,12060.158,131.85052,68.9218,-0.2539351,-0.24323106,328.1349
1970-01-01 05:48:47,12073.525,129.45033,-241.04958,-0.4171899,5.0267186,328.478
1970-01-01 05:48:48,11986.614,133.46846,126.83002,1.1161599,-7.2837324,327.28876
1970-01-01 05:48:49,12108.732,129.29947,111.70875,-0.16094956,17.876045,327.3647
1970-01-01 05:48:50,12128.299,130.121,-121.91697,0.70079243,-12.467627,326.6218
1970-01-01 05:48:51,11954.05,134.75906,15.526206,-4.558433,5.2451944,328.1184
1970-01-01 05:48:52,12117.635,130.34717,137.13068,6.6594343,-8.256967,328.13196
1970-01-01 05:48:53,11955.035,123.0609,122.627,3.7291734,7.1789875,329.6845
1970-01-01 05:48:54,12063.558,127.90431,70.95458,-1.5267738,10.858324,329.45987
1970-01-01 05:48:55,12052.175,127.32804,46.20701,-2.1545005,-7.256192,330.6702
1970-01-01 05:48:56,12027.748,136.95944,104.12756,0.6269323,0.3887227,330.2305
1970-01-01 05:48:57,11976.143,126.9137,183.33263,2.2996185,0.7274224,329.32233
1970-01-01 05:48:58,11990.127,134.33432,-102.74336,2.0704265,29.602188,330.04657
1970-01-01 05:48:59,12107.679,132.6461,-115.81094,2.6984544,2.3911293,329.03757
1970-01-01 05:49:00,11949.727,130.61198,-526.49994,-1.2159516,-20.374668,329.93192
1970-01-01 05:49:01,12013.627,131.18893,33.584213,1.9097847,-16.59304,331.06293
1970-01-01 05:49:02,12035.152,131.54726,-189.00967,0.89974666,-3.2635334,330.74106
1970-01-01 05:49:03,11903.02,126.49781,-259.45868,-0.33926728,7.883196,330.23596
1970-01-01 05:49:04,12080.431,127.70292,353.8122,-0.14702307,-7.275584,331.78357
1970-01-01 05:49:05,12041.895,,-142.15369,5.2617908,0.2320661,330.4109
1970-01-01 05:49:06,11977.139,131.43015,-294.68912,5.1835375,-6.6357074,330.27325
1970-01-01 05:49:07,12155.15,136.89555,190.36388,3.8405426,-0.57088983,329.57846
1970-01-01 05:49:08,12166.946,134.0154,-194.94267,1.5632722,6.972876,330.13724
1970-01-01 05:49:09,11923.834,133.37971,-93.73827,1.0478345,10.318082,328.51974
1970-01-01 05:49:10,12057.612,131.65004,193.19522,3.8894298,13.3695545,329.30777
1970-01-01 05:49:11,12140.701,131.17725,181.46146,-0.42432556,-2.857662,328.20667
1970-01-01 05:49:12,,123.70592,202.97212,0.086347654,14.075069,328.22507
1970-01-01 05:49:13,12082.184,130.73236,63.20603,0.23537898,-14.011813,327.5343
1970-01-01 05:49:14,12039.77,128.60106,341.92892,-2.269762,1.0079206,326.6971
1970-01-01 05:49:15,11966.284,129.48944,-306.30002,0.93201214,-10.093599,327.419
1970-01-01 05:49:16,12086.073,134.20863,-126.004654,-2.065932,-5.708217,326.30902
1970-01-01 05:49:17,12038.018,130.6075,186.13112,0.4782362,11.013052,325.64798
1970-01-01 05:49:18,11961.348,128.16306,3.561224,-1.5311593,-15.438621,326.16647
1970-01-01 05:49:19,11874.762,134.76765,186.38138,6.6532826,-1.9988849,326.46188
1970-01-01 05:49:20,12001.276,128.10431,24.419897,1.4326231,7.2234936,327.67453
1970-01-01 05:49:21,11981.776,127.30859,65.82998,3.1129258,-1.6205027,328.00217
1970-01-01 05:49:22,12040.306,137.84514,680.0324,7.7448287,19.275301,328.42575
1970-01-01 05:49:23,12037.104,134.42111,27.113472,0.54900545,1.1020228,329.44113
1970-01-01 05:49:24,11946.812,127.587036,7.5101905,7.733746,-5.8642793,330.296
1970-01-01 05:49:25,12050.342,127.239105,-168.49449,-1.4059197,-12.875523,330.54272
1970-01-01 05:49:26,11878.282,132.80856,139.2068,3.6852863,2.6618285,330.97525
1970-01-01 05:49:27,11962.119,132.1642,4.72021,1.248474,8.236223,330.7366
1970-01-01 05:49:28,12113.758,131.4385,312.8043,-7.126606,-7.6059093,329.4305
1970-01-01 05:49:29,12111.365,134.85652,-133.56398,1.3149831,-10.713563,329.822
1970-01-01 05:49:30,11936.204,133.35838,24.707088,4.838614,-16.871437,332.0329
1970-01-01 05:49:31,12018.594,123.89581,-103.935646,0.5954904,0.7412995,332.78143
1970-01-01 05:49:32,11909.053,133.40308,160.63863,3.169603,-2.7106082,331.96786
1970-01-01 05:49:33,12112.53,133.30719,24.211412,0.15283129,-4.661316,330.42172
1970-01-01 05:49:34,12151.345,130.71199,-242.63144,0.6592935,-1.1756899,332.35492
1970-01-01 05:49:35,12106.396,132.45303,156.28377,1.9571247,-8.6597185,332.9423
1970-01-01 05:49:36,11941.304,128.44783,-276.11288,0.87194765,9.531024,333.34085
1970-01-01 05:49:37,11976.724,133.38414,-204.02766,4.6553764,-2.4040675,331.68414
1970-01-01 05:49:38,12058.587,131.10995,133.66248,6.173904,11.100964,330.69315
1970-01-01 05:49:39,11860.468,131.94841,302.59265,5.046191,-6.1214714,331.19644
1970-01-01 05:49:40,12077.011,124.65079,-311.33777,-0.4176326,5.4467425,332.48776
1970-01-01 05:49:41,11935.054,125.77375,166.96875,1.0402975,1.9698262,334.2912
1970-01-01 05:49:42,11920.543,139.80482,307.96667,1.8911973,-6.4835644,333.70255
1970-01-01 05:49:43,12155.461,131.41237,30.01113,2.36696,1.7926892,333.34555
1970-01-01 05:49:44,11873.823,131.04361,46.397385,4.2160826,1.6975904,333.34158
1970-01-01 05:49:45,11917.86,134.43271,85.36337,-0.9376653,-8.353187,333.01617
1970-01-01 05:49:46,11897.08,134.25224,193.37764,4.831204,22.342527,331.37296
1970-01-01 05:49:47,11830.22,124.32846,35.980286,5.5449786,14.75104,330.24893
1970-01-01 05:49:48,12040.186,127.442314,409.2862,0.17769742,10.221254,330.60907
1970-01-01 05:49:49,12058.106,136.91785,307.70508,8.271978,15.015546,329.99603
1970-01-01 05:49:50,12038.352,133.19656,-150.92294,4.5071726,5.6927795,330.7041
1970-01-01 05:49:51,11957.083,134.99432,-164.42126,-2.3587348,2.3095317,329.33212
1970-01-01 05:49:52,11929.783,128.39685,-70.0338,4.654823,18.269457,330.4415
1970-01-01 05:49:53,11954.956,128.48782,-207.88643,-7.0302076,9.112107,330.50256
1970-01-01 05:49:54,12124.277,133.84103,-431.40027,4.6947823,10.862982,330.1532
1970-01-01 05:49:55,11927.827,129.51631,83.52857,3.9879925,30.13896,331.37997
1970-01-01 05:49:56,12077.479,129.83694,28.911694,3.3534768,-7.575293,331.05115
1970-01-01 05:49:57,11782.36,136.78764,374.20987,-0.6310327,0.19858603,332.1158
1970-01-01 05:49:58,12118.569,,-142.38268,1.2771897,-1.0671505,332.9659
1970-01-01 05:49:59,11908.6455,130.32286,175.72807,0.42938727,11.068353,334.27454
1970-01-01 05:50:00,12027.038,131.24414,-87.19084,-2.4856288,15.221253,335.73083
1970-01-01 05:50:01,11847.514,129.88042,-144.67542,6.4597287,9.806724,335.50046
1970-01-01 05:50:02,11954.312,139.58199,-59.51843,3.5353339,-13.357213,335.35965
1970-01-01 05:50:03,11855.031,120.61945,0.49910882,3.1902134,-1.2971332,335.9719
1970-01-01 05:50:04,12033.89,137.88576,-9.538678,3.2906687,1.6381745,337.94385
1970-01-01 05:50:05,11890.828,133.4054,38.589745,0.5356828,2.3870285,337.3757
1970-01-01 05:50:06,12041.519,133.1494,115.47192,0.3544055,,338.76236
1970-01-01 05:50:07,12021.062,129.44893,-60.67965,1.9386415,-2.258409,337.75116
1970-01-01 05:50:08,12006.032,135.08646,215.6711,-3.9204879,-4.586571,337.5356
1970-01-01 05:50:09,11988.182,136.7822,94.193565,-0.06305449,10.730384,336.90527
1970-01-01 05:50:10,11853.007,132.1483,105.71922,0.34478703,-8.424425,338.3613
1970-01-01 05:50:11,12099.684,125.30605,-264.58392,0.51392215,-1.1216885,338.4478
1970-01-01 05:50:12,12110.162,129.59451,-113.566925,-0.12727351,0.43281856,339.75253
1970-01-01 05:50:13,12067.662,135.71367,601.89386,-3.224325,15.448812,340.2918
1970-01-01 05:50:14,11908.753,125.95748,40.348484,-1.4618795,13.504128,341.7946
1970-01-01 05:50:15,12117.064,128.91917,-45.299675,-1.4374809,-2.6362991,340.92975
1970-01-01 05:50:16,11870.454,127.00839,113.03826,-1.1025311,-12.90095,342.6177
1970-01-01 05:50:17,12047.468,133.331,-88.61244,3.7993164,-16.136192,345.0479
1970-01-01 05:50:18,12095.523,133.02747,-18.709976,6.3799005,-11.753829,345.24323
1970-01-01 05:50:19,12007.421,138.26321,347.20416,3.161469,-9.709524,345.90616
1970-01-01 05:50:20,11914.505,130.56467,312.2287,-5.862015,-2.8127615,346.28992
1970-01-01 05:50:21,12018.081,133.75958,162.21709,4.828912,-2.688867,346.39325
1970-01-01 05:50:22,11937.954,132.1568,-241.919,3.0744352,-6.793848,346.04333
1970-01-01 05:50:23,11895.933,131.99306,-149.23576,2.1268225,-5.348114,346.72498
1970-01-01 05:50:24,12126.11,135.74512,232.22896,1.6150408,-5.444492,346.61526
1970-01-01 05:50:25,11928.366,131.07362,-10.715216,4.3749046,8.210055,346.32315
1970-01-01 05:50:26,11938.177,133.73918,-317.92923,3.8364148,-2.2694807,347.9854
1970-01-01 05:50:27,12095.059,137.24472,209.223,7.2317863,2.44524,348.8542
1970-01-01 05:50:28,11973.232,131.29468,-309.4351,-3.440484,-2.7851715,348.7528
1970-01-01 05:50:29,12000.436,126.74725,-131.15817,1.7760205,-1.5012723,349.80673
1970-01-01 05:50:30,11997.661,140.23045,-135.1703,1.7520922,-3.6876526,351.07
1970-01-01 05:50:31,11980.524,123.352585,-1.820594,2.5348322,-17.953487,351.61737
1970-01-01 05:50:32,12098.407,123.57099,31.207472,7.469928,3.8861766,351.39844
1970-01-01 05:50:33,12122.049,133.00165,-105.97464,8.700296,6.8871984,351.02826
1970-01-01 05:50:34,12013.363,140.74448,81.348236,4.254612,-9.439666,352.6194
1970-01-01 05:50:35,12038.414,135.72354,-449.49036,2.1367807,0.61184764,353.02097
1970-01-01 05:50:36,12033.427,131.64104,9.232299,6.00036,10.967116,352.7672
1970-01-01 05:50:37,12046.1045,132.36908,-88.69049,-2.4323008,5.4217496,352.19626
1970-01-01 05:50:38,12019.118,135.84471,238.4346,3.9584224,-5.554654,351.67072
1970-01-01 05:50:39,11990.397,128.02774,-134.01176,0.53208256,20.207457,350.5997
1970-01-01 05:50:40,11925.322,131.28506,-218.93858,-0.7430283,-22.76399,350.9071
1970-01-01 05:50:41,11967.472,124.462,288.49063,6.672552,-4.29568,348.71613
1970-01-01 05:50:42,12093.354,128.01508,10.23242,2.7710176,-10.455957,347.88556
1970-01-01 05:50:43,12041.548,136.82448,0.934631,3.5576918,3.1381311,346.15002
1970-01-01 05:50:44,11928.364,133.17018,98.52,1.9685099,-12.337695,346.80014
1970-01-01 05:50:45,12012.2,129.81305,-97.82392,-1.9771748,-4.314321,348.3775
1970-01-01 05:50:46,11871.634,128.25676,248.15033,5.624583,-0.37941968,347.77945
1970-01-01 05:50:47,12114.366,130.32062,82.46462,3.9373808,-3.7664492,347.23303
1970-01-01 05:50:48,12042.682,134.88515,22.728992,2.4370654,-0.44409534,346.50305
1970-01-01 05:50:49,11922.886,134.83818,-189.08684,3.0110714,2.3124974,347.1998
1970-01-01 05:50:50,12011.732,129.34074,-12.7922325,5.8564425,-18.220089,348.38797
1970-01-01 05:50:51,11986.331,137.24358,140.64082,2.0527675,-6.7260284,348.0299
1970-01-01 05:50:52,12013.422,130.48279,-4.8429246,3.6833858,-9.252434,348.85266
1970-01-01 05:50:53,12130.158,127.97119,85.0742,0.74879724,14.951695,348.52832
1970-01-01 05:50:54,11914.249,138.23373,-41.011093,2.2340527,-11.0526705,348.2738
1970-01-01 05:50:55,12070.535,128.04253,81.58498,-1.2647989,2.1529107,348.46777
1970-01-01 05:50:56,11904.913,133.24808,117.12669,3.2024105,-2.323316,347.12552
1970-01-01 05:50:57,11874.453,135.91658,-38.698147,3.3645964,16.987158,347.4486
1970-01-01 05:50:58,12097.38,131.83578,42.077057,2.1799219,-18.325813,348.34976
1970-01-01 05:50:59,12006.149,134.59874,189.34854,0.50103486,-0.96001685,347.9992
1970-01-01 05:51:00,12083.68,125.9731,-196.98027,-0.531627,-9.208952,345.38385
1970-01-01 05:51:01,12017.956,132.34047,-15.991421,-3.1645195,-0.7854159,346.28342
1970-01-01 05:51:02,12120.907,143.97212,114.03581,2.2606523,-3.2539737,345.90656
1970-01-01 05:51:03,12111.287,139.12323,68.046265,5.3028617,0.028537657,344.71985
1970-01-01 05:51:04,11930.969,135.0781,-118.361946,7.8631887,6.7209463,344.0405
1970-01-01 05:51:05,11931.687,132.41873,-292.17386,-1.8016711,-5.2674274,342.3299
1970-01-01 05:51:06,12078.589,135.9245,70.20799,-0.73368204,3.3109403,342.657
1970-01-01 05:51:07,12133.852,131.32016,-100.190956,5.6958475,-9.127638,343.99442
1970-01-01 05:51:08,11989.67,130.9705,121.977005,4.315623,1.7383085,345.30933
1970-01-01 05:51:09,11894.815,129.76408,-534.8869,3.5172706,3.7727654,345.73306
1970-01-01 05:51:10,11940.472,134.49171,221.36557,4.928037,26.528847,346.14383
1970-01-01 05:51:11,11913.228,133.31245,136.32196,2.8092313,-2.6454976,346.02844
1970-01-01 05:51:12,11843.8125,132.4371,227.85037,-1.7114761,-14.5135145,344.63043
1970-01-01 05:51:13,11956.895,139.28781,135.44827,1.3338798,-6.57496,343.02505
1970-01-01 05:51:14,11866.771,126.538345,-117.33412,0.57794386,1.0276015,342.35873
1970-01-01 05:51:15,11925.645,134.06253,89.54293,-2.5096579,-4.354877,341.78928
1970-01-01 05:51:16,12071.661,132.32465,-234.43004,-1.1527102,15.194739,342.0532
1970-01-01 05:51:17,12001.086,132.61156,-131.3451,-4.4194307,-12.229469,342.97342
1970-01-01 05:51:18,12109.569,130.10081,-66.67938,7.258371,-3.4399076,342.88095
1970-01-01 05:51:19,11964.35,135.60736,-126.44769,5.6769958,8.156468,343.7723
1970-01-01 05:51:20,12022.522,139.99223,-134.56847,-0.84160775,-13.169602,343.3539
1970-01-01 05:51:21,12040.925,134.37917,68.55471,,6.1737204,343.7022
1970-01-01 05:51:22,12024.647,131.82603,-151.23116,1.7746197,7.037664,342.59875
1970-01-01 05:51:23,12001.517,142.75937,11.898662,6.014092,7.036093,341.6627
1970-01-01 05:51:24,11954.338,135.08064,293.73297,2.280796,-10.874022,342.81653
1970-01-01 05:51:25,12007.171,126.26663,269.3969,1.6189961,-6.439009,342.7796
1970-01-01 05:51:26,11915.891,132.66995,-383.42664,0.207758,7.4173517,342.62567
1970-01-01 05:51:27,11980.304,140.21924,-333.394,0.477096,-0.71485215,344.03442
1970-01-01 05:51:28,11999.896,133.10648,-30.760204,2.127957,-12.705293,343.2558
1970-01-01 05:51:29,12065.533,134.9223,279.2474,0.7810864,1.999284,344.14554
1970-01-01 05:51:30,12126.803,141.7247,152.80692,3.185897,-20.453524,343.90714
1970-01-01 05:51:31,11979.284,138.66812,-307.8154,-3.442314,4.2145157,343.0758
1970-01-01 05:51:32,12071.201,139.04926,-113.14882,1.0043293,0.8250409,341.72037
1970-01-01 05:51:33,11999.243,131.17564,-222.54498,2.3221123,-8.797368,342.52158
1970-01-01 05:51:34,11966.483,129.42883,-54.08899,2.6110682,6.3822513,342.2666
1970-01-01 05:51:35,,138.85124,-43.75206,2.4560142,2.7987654,343.21545
1970-01-01 05:51:36,12005.495,135.28728,219.70993,3.7766037,-10.759342,343.72607
1970-01-01 05:51:37,11911.432,134.91812,30.76883,2.3378205,0.8105806,343.40634
1970-01-01 05:51:38,12033.4,133.78516,228.84953,1.3731173,-19.289963,343.77716
1970-01-01 05:51:39,12108.47,138.32986,-48.896393,-2.0261014,-3.4818864,344.205
1970-01-01 05:51:40,12023.685,141.74857,77.1017,-4.9596157,-14.71294,345.58203
1970-01-01 05:51:41,12070.427,140.17534,434.0857,-2.5674648,-9.184387,346.144
1970-01-01 05:51:42,11990.197,127.98607,664.5669,4.658362,-23.290472,346.86475
1970-01-01 05:51:43,11997.438,136.77394,-309.64072,-4.8672776,0.97365654,347.38867
1970-01-01 05:51:44,11918.278,130.42986,27.242855,-0.5598419,8.923138,348.64368
1970-01-01 05:51:45,12040.628,135.52812,-195.28363,6.654003,-3.5198836,348.50485
1970-01-01 05:51:46,12045.772,143.81442,8.9757,-0.71553326,-5.7509074,349.00787
1970-01-01 05:51:47,11886.402,134.78267,98.20911,5.873239,-1.9902996,349.5683
1970-01-01 05:51:48,11979.222,134.52817,-327.71783,4.3345056,8.188407,351.06558
1970-01-01 05:51:49,12091.735,131.23625,-2.2732775,3.519253,22.428509,349.981
1970-01-01 05:51:50,11964.068,132.27461,275.59418,3.4733756,21.325962,348.9721
1970-01-01 05:51:51,11993.609,139.57466,-27.513596,2.674493,1.5130992,349.76825
1970-01-01 05:51:52,12093.923,127.36032,-108.716545,4.8470454,2.3532264,351.17108
1970-01-01 05:51:53,11866.439,137.03073,170.67482,1.1874528,6.258615,349.87848
1970-01-01 05:51:54,12034.5625,135.44572,206.76613,1.110857,-4.468363,349.75345
1970-01-01 05:51:55,11853.766,126.321915,218.09456,1.3851134,1.7223296,349.85205
1970-01-01 05:51:56,11908.958,131.8297,579.4687,5.751764,6.2522492,349.40942
1970-01-01 05:51:57,12015.622,136.61583,44.23188,3.4956956,3.3360157,347.97998
1970-01-01 05:51:58,11981.309,139.346,-450.4251,1.8452569,-1.4481585,349.12366
1970-01-01 05:51:59,12122.39,139.03734,274.52066,5.1304517,-1.8550637,350.921
1970-01-01 05:52:00,11842.236,131.72081,126.58429,,-3.2029371,350.84
1970-01-01 05:52:01,11945.25,138.03882,54.8406,-0.95447314,-4.5713577,349.47327
1970-01-01 05:52:02,12028.335,134.74216,-69.683525,6.2673798,-3.499191,351.39413
1970-01-01 05:52:03,12158.608,140.55287,338.67398,2.0345678,-0.2731436,353.19125
1970-01-01 05:52:04,12082.717,131.16234,-182.04,-1.0916615,-5.712685,353.036
1970-01-01 05:52:05,11964.948,134.69698,-355.5659,1.1353141,3.2840989,351.16724
1970-01-01 05:52:06,11756.668,129.90329,-5.536155,3.2913604,-1.1913342,351.5483
1970-01-01 05:52:07,11952.759,129.00175,418.55872,4.6526666,-3.920075,352.12082
1970-01-01 05:52:08,11987.672,137.3473,-209.15956,-4.1934276,-12.4240265,351.1853
1970-01-01 05:52:09,11907.712,134.68225,95.68759,5.943911,-14.489546,351.05878
1970-01-01 05:52:10,11864.918,136.4674,-38.110977,0.83127975,8.57708,350.99634
1970-01-01 05:52:11,11892.73,132.52765,30.386427,-3.3885417,-13.526545,351.06625
1970-01-01 05:52:12,12023.699,134.87328,189.74464,4.079264,-3.5256639,351.26776
1970-01-01 05:52:13,12099.503,133.06949,-102.87533,4.039813,-4.4597535,352.3612
1970-01-01 05:52:14,12035.491,140.24045,-154.6793,7.931419,-3.9493222,352.82935
1970-01-01 05:52:15,11932.05,133.27057,205.91078,1.0551876,8.554382,354.3673
1970-01-01 05:52:16,12070.109,139.61053,-260.2525,0.31725067,4.982361,356.91513
1970-01-01 05:52:17,12060.072,129.86116,349.79803,2.448823,-2.072128,358.28146
1970-01-01 05:52:18,12001.139,133.26816,-403.85278,2.0505555,11.407858,358.44806
1970-01-01 05:52:19,12099.6,135.15297,-291.3613,-3.7813234,24.321264,356.81555
1970-01-01 05:52:20,11902.451,129.41719,-225.12988,2.6148388,9.606928,354.7578
1970-01-01 05:52:21,11910.886,135.8252,92.735146,4.948762,2.1235814,353.55615
1970-01-01 05:52:22,11994.606,137.05937,-34.590942,-0.020795774,-6.223257,353.70093
1970-01-01 05:52:23,12010.914,136.24843,33.701675,5.9987273,-5.646739,353.58755
1970-01-01 05:52:24,12095.641,135.92793,-223.05405,2.9150796,-17.866104,355.3741
1970-01-01 05:52:25,12018.184,139.06442,-329.34125,5.3928137,-1.8099135,355.70358
1970-01-01 05:52:26,12088.781,140.58194,-228.84001,0.4099463,0.17058446,355.9535
1970-01-01 05:52:27,12026.512,137.38043,-231.56113,2.994564,-9.816997,356.07407
1970-01-01 05:52:28,11959.474,132.98538,143.3141,2.4161901,-25.03685,355.1899
1970-01-01 05:52:29,12081.877,140.05196,-65.49402,0.62260914,11.201313,356.18958
1970-01-01 05:52:30,11952.959,135.11034,-188.48145,3.905332,-9.523871,356.23145
1970-01-01 05:52:31,11903.08,132.50482,221.19861,-0.71655643,-21.596392,356.88474
1970-01-01 05:52:32,12035.508,137.01015,-106.89011,4.102738,3.0288882,356.98267
1970-01-01 05:52:33,11983.465,138.21983,-243.59294,0.8681989,-22.36538,356.99585
1970-01-01 05:52:34,11955.628,142.46771,-73.26272,0.6995636,-7.2606597,358.9929
1970-01-01 05:52:35,11902.049,132.5216,243.01256,4.432819,-5.90019,0.05986307
1970-01-01 05:52:36,12134.166,141.45724,-68.15642,0.22835922,9.073426,359.84583
1970-01-01 05:52:37,11883.238,136.41193,23.367188,6.5841475,12.736912,0.09732525
1970-01-01 05:52:38,12019.448,139.99962,185.4437,1.3628637,13.294569,1.8017331
1970-01-01 05:52:39,12107.578,136.99107,149.8711,-6.476654,-7.397351,2.6120658
1970-01-01 05:52:40,12009.045,131.9101,178.34459,-0.756039,-4.896745,2.4429286
1970-01-01 05:52:41,12063.397,142.8171,-304.91684,2.8836699,2.7593822,1.2502831
1970-01-01 05:52:42,12054.124,136.32054,-20.410543,4.4488034,-12.740045,2.1895316
1970-01-01 05:52:43,11954.713,131.6895,-159.21358,3.1404834,8.041888,0.60113245
1970-01-01 05:52:44,11964.37,140.43103,-149.60132,-0.66200405,-2.6912127,359.92664
1970-01-01 05:52:45,12047.961,141.00421,-349.26236,6.7367873,-9.765903,0.08144484
1970-01-01 05:52:46,12122.117,136.61722,-288.22235,0.37491202,-11.863065,359.73788
1970-01-01 05:52:47,12029.056,134.95325,291.13168,3.7028239,5.8348846,356.44138
1970-01-01 05:52:48,12069.786,138.1032,-313.2231,2.9266844,-10.476287,355.9303
1970-01-01 05:52:49,12023.731,142.17015,-88.54123,-0.2617517,-10.899073,355.18573
1970-01-01 05:52:50,11910.679,139.27419,-177.4057,-3.4335995,0.9791631,355.63446
1970-01-01 05:52:51,11927.315,134.80092,-334.06985,6.6536655,-14.276584,356.68723
1970-01-01 05:52:52,11987.064,142.18343,-63.30189,-0.743434,-21.827969,356.54868
1970-01-01 05:52:53,11940.895,139.27844,-113.63602,2.1979818,-8.387508,357.60342
1970-01-01 05:52:54,11967.992,144.33173,121.51438,-1.7213602,-20.989626,359.26584
1970-01-01 05:52:55,11888.148,132.1463,-64.90344,-2.4610972,-9.135365,1.0918893
1970-01-01 05:52:56,12066.433,134.4554,288.05252,-3.0170982,7.2793493,0.87171596
1970-01-01 05:52:57,12031.704,136.12418,-104.00092,2.3783197,-6.512532,1.4487882
1970-01-01 05:52:58,11929.513,135.51239,-154.44034,4.3709702,-14.83776,0.8831208
1970-01-01 05:52:59,11963.809,137.33022,164.59552,2.0382297,-0.49203527,358.572
1970-01-01 05:53:00,11951.033,137.90408,23.345533,5.2442493,5.5990357,358.32205
1970-01-01 05:53:01,11964.721,135.62534,-189.18388,6.4477825,-13.523037,359.61676
1970-01-01 05:53:02,12005.386,141.94577,163.53114,0.2804715,20.617651,359.94424
1970-01-01 05:53:03,11944.886,133.82292,-12.727355,4.2542095,8.059731,359.67398
1970-01-01 05:53:04,11886.949,136.60872,72.19911,5.9434195,4.495793,358.93335
1970-01-01 05:53:05,12054.936,131.36961,-410.6625,2.8675697,-0.9388389,359.1656
1970-01-01 05:53:06,12033.339,138.93681,142.28156,-0.38425335,6.1309595,359.23456
1970-01-01 05:53:07,12010.349,139.03906,323.96542,1.8996686,13.640255,359.5666
1970-01-01 05:53:08,12017.638,147.28587,-162.8691,0.1455604,1.0436622,359.9352
1970-01-01 05:53:09,12105.445,138.32544,120.919205,0.17176978,5.7019897,359.66522
1970-01-01 05:53:10,11976.531,140.99184,363.05826,2.9362347,-9.19542,359.29062
1970-01-01 05:53:11,11959.361,140.54773,-180.66982,0.16880639,-9.177624,359.44708
1970-01-01 05:53:12,11968.369,136.53543,76.485794,7.3573174,15.779573,359.92014
1970-01-01 05:53:13,12081.74,136.1639,-28.742317,1.8246058,-7.138412,358.39612
1970-01-01 05:53:14,11999.2705,135.39632,10.117563,0.3156491,-3.0066216,358.84854
1970-01-01 05:53:15,12016.844,135.33652,32.035007,7.3847036,18.037966,0.1965203
1970-01-01 05:53:16,11946.803,140.18066,-84.05607,3.2563632,-4.540217,359.71588
1970-01-01 05:53:17,12042.547,141.76767,70.48157,2.9496984,7.371314,358.63187
1970-01-01 05:53:18,12008.065,135.42438,308.55124,-2.0789382,-1.475096,359.62955
1970-01-01 05:53:19,11977.4375,138.07082,17.81364,-0.46185964,13.667534,0.73612404
1970-01-01 05:53:20,12042.233,144.9168,-67.49676,6.461165,-12.952685,0.32532185
1970-01-01 05:53:21,11917.789,139.51859,-53.342655,4.1024094,-11.084979,358.99722
1970-01-01 05:53:22,11877.676,139.98166,360.11246,9.292709,6.3951416,357.96973
1970-01-01 05:53:23,11936.525,141.88861,-184.11816,2.2072785,-22.102152,358.60846
1970-01-01 05:53:24,12016.34,136.7586,204.71782,1.2184548,15.714137,359.6857
1970-01-01 05:53:25,11996.176,137.96133,150.23938,2.1010115,2.9086676,359.55954
1970-01-01 05:53:26,12073.9,139.87947,119.75573,7.0496507,-9.787569,359.25238
1970-01-01 05:53:27,12031.444,137.13678,126.74438,-1.0147009,-13.520483,0.4151598
1970-01-01 05:53:28,12165.225,131.95084,-173.53598,2.9170911,4.381663,1.7255013
1970-01-01 05:53:29,11877.269,143.12936,-249.70996,2.9336634,-6.7186403,2.0457594
1970-01-01 05:53:30,11986.587,141.12329,-19.8388,0.67115617,-3.8488674,1.6868478
1970-01-01 05:53:31,11786.94,129.67645,89.4356,5.772683,-7.3187366,2.9153824
1970-01-01 05:53:32,11998.343,146.77275,112.86684,2.60685,-3.856038,1.9133079
1970-01-01 05:53:33,12002.997,140.22708,174.04892,0.855561,11.459409,0.90115374
1970-01-01 05:53:34,11974.958,141.68344,-16.22106,2.1467276,-0.7010313,0.0718775
1970-01-01 05:53:35,12016.544,139.94254,108.05667,0.76713556,-29.63512,358.5507
1970-01-01 05:53:36,12155.528,146.41862,94.56879,3.266549,-21.045664,355.99026
1970-01-01 05:53:37,12050.728,142.98773,-116.178856,1.8995128,-6.1628036,355.79175
1970-01-01 05:53:38,12037.467,137.58221,2.2906241,-1.5096086,4.8483014,356.39813
1970-01-01 05:53:39,12055.821,136.79742,-88.79135,-1.4183276,0.079243995,358.27292
1970-01-01 05:53:40,12026.67,132.60222,186.58539,-2.2854612,-2.3557322,358.74002
1970-01-01 05:53:41,11937.352,132.49251,-294.6112,0.49454632,0.48177752,358.3979
1970-01-01 05:53:42,11935.253,138.18262,-106.93667,1.9852588,-18.08852,358.33636
1970-01-01 05:53:43,11950.5625,143.47737,-139.20747,2.77814,12.238384,0.5795429
1970-01-01 05:53:44,11928.089,138.24452,-26.004717,1.1610234,-13.732643,359.37564
1970-01-01 05:53:45,11928.972,130.30827,134.66312,1.2662445,-11.799357,358.63654
1970-01-01 05:53:46,11953.481,136.91829,-353.53522,0.69755983,-3.9221864,359.34006
1970-01-01 05:53:47,12127.418,138.52048,-196.32881,2.0588036,12.739469,358.20422
1970-01-01 05:53:48,11876.232,140.77492,-310.0871,2.6719441,-3.8203785,358.1026
1970-01-01 05:53:49,12080.061,143.37892,342.6725,5.5513134,7.0849953,358.22305
1970-01-01 05:53:50,11947.14,136.89351,203.99884,-1.6896348,11.795961,357.0013
1970-01-01 05:53:51,12115.435,136.6487,-309.03482,4.641305,2.4404476,356.13138
1970-01-01 05:53:52,11945.173,140.18063,336.99774,-3.4368136,8.536449,356.75064
1970-01-01 05:53:53,12024.801,132.09912,168.60968,3.1806445,-4.8794646,355.56082
1970-01-01 05:53:54,11990.347,139.40382,19.460934,-1.4869341,0.37683508,353.60114
1970-01-01 05:53:55,11970.018,145.023,208.75935,-0.39031854,2.9022982,353.08997
1970-01-01 05:53:56,11933.92,135.38457,-184.18045,4.0814295,2.196319,353.7196
1970-01-01 05:53:57,11821.511,139.5565,-43.298195,2.2632782,1.1888214,353.3314
1970-01-01 05:53:58,11985.529,134.22769,-68.54416,3.5843868,-7.120761,354.52744
1970-01-01 05:53:59,12044.845,147.32913,82.20874,-0.5806213,0.49743629,355.08365
1970-01-01 05:54:00,11924.598,134.46327,99.430244,0.8030783,-2.3718407,354.9337
1970-01-01 05:54:01,11970.398,142.14175,-35.594604,-0.17372844,-11.571325,354.90424
1970-01-01 05:54:02,12022.12,139.42085,-178.39261,5.3269258,-5.7335005,353.66016
1970-01-01 05:54:03,12046.379,136.4485,332.50223,12.315606,-11.58754,353.61627
1970-01-01 05:54:04,11919.301,142.53917,97.52528,2.2284846,-9.6881485,353.51318
1970-01-01 05:54:05,12016.514,137.35062,-285.1878,-1.3089128,18.409931,353.83267
1970-01-01 05:54:06,12119.826,142.1403,24.228464,1.989418,2.861932,354.88617
1970-01-01 05:54:07,12011.107,138.84409,-32.08488,2.8440564,8.574718,354.4213
1970-01-01 05:54:08,11889.686,131.33772,-33.437294,3.7352655,-9.794828,355.58054
1970-01-01 05:54:09,12052.464,142.70416,163.75354,1.4904432,-4.655052,356.5883
1970-01-01 05:54:10,12025.565,137.63057,197.50085,1.146393,-3.1696916,355.1849
1970-01-01 05:54:11,11879.796,135.10559,-40.33459,1.6265522,6.3537025,353.94803
1970-01-01 05:54:12,12159.131,137.97362,-150.68393,0.20704214,8.035908,354.1644
1970-01-01 05:54:13,12107.971,141.7192,-416.25415,4.1545343,-3.204778,353.97388
1970-01-01 05:54:14,12017.395,139.93027,-214.79636,8.0526495,7.9436417,354.14572
1970-01-01 05:54:15,12023.611,142.69963,352.44443,1.7613326,-16.781097,352.53137
1970-01-01 05:54:16,12084.022,140.4523,207.6703,-3.4817133,-11.047086,353.6288
1970-01-01 05:54:17,11959.857,133.84904,-339.59225,4.236944,-12.752922,354.5464
1970-01-01 05:54:18,11968.834,141.604,-150.62979,4.839656,1.7655587,355.63486
1970-01-01 05:54:19,12023.7705,135.22043,-154.1259,3.6940842,-1.549358,356.48114
1970-01-01 05:54:20,12041.796,139.10832,,6.582623,9.599041,355.17746
1970-01-01 05:54:21,12042.226,142.70119,-44.433567,2.8161676,12.579401,355.10352
1970-01-01 05:54:22,11993.531,138.36765,-380.1923,4.42205,0.5263726,354.9766
1970-01-01 05:54:23,12003.503,134.49959,-418.18924,5.5188327,-7.606024,354.267
1970-01-01 05:54:24,11960.808,131.98566,83.028366,-0.7896375,-10.72618,353.38535
1970-01-01 05:54:25,11923.765,137.88383,-161.1187,2.4834414,-10.971282,354.55457
1970-01-01 05:54:26,11997.806,138.14162,-23.447046,5.3077626,13.443648,354.90115
1970-01-01 05:54:27,12148.713,133.64044,-106.17888,,-11.798385,354.01
1970-01-01 05:54:28,11878.939,139.16873,-23.384005,-3.148155,-20.116686,355.06918
1970-01-01 05:54:29,11923.223,141.03664,-42.438046,-1.8115096,-5.3113475,354.6399
1970-01-01 05:54:30,12022.691,133.47066,-105.82007,-0.7982884,5.518428,354.428
1970-01-01 05:54:31,11920.981,137.56999,38.917904,3.288659,-1.6008458,354.85245
1970-01-01 05:54:32,11930.81,140.05301,-229.34975,5.3815026,2.660398,357.13013
1970-01-01 05:54:33,12122.528,143.2789,-207.73651,0.9923532,11.712671,356.5085
1970-01-01 05:54:34,11988.942,128.94437,-275.71332,0.19389012,4.6914277,356.8552
1970-01-01 05:54:35,11984.847,144.95506,-100.155495,0.3733733,0.3589825,357.44293
1970-01-01 05:54:36,12110.275,145.57242,111.27539,-3.5706315,-7.3269863,359.6328
1970-01-01 05:54:37,12032.957,140.79279,-12.786925,5.351001,1.6233397,358.70477
1970-01-01 05:54:38,12155.04,141.03181,61.230377,-2.1770318,1.3801777,358.73682
1970-01-01 05:54:39,11930.244,142.38783,-145.70215,8.25883,-10.163999,358.79858
1970-01-01 05:54:40,11947.777,141.50261,71.66302,3.301579,0.83671063,0.13560264
1970-01-01 05:54:41,12022.118,140.60646,94.858246,-1.6097007,11.292552,0.22875476
1970-01-01 05:54:42,11920.621,137.98865,295.15793,1.7428638,-7.0645413,0.10556104
1970-01-01 05:54:43,11870.157,138.07632,-5.494104,4.765743,8.73806,0.25146928
1970-01-01 05:54:44,12157.676,141.0261,-133.2351,2.367309,5.20545,0.18964346
1970-01-01 05:54:45,12034.534,142.52158,15.128431,4.0346985,-4.08254,0.27326635
1970-01-01 05:54:46,11927.634,146.3242,-211.93796,0.18029182,-11.186964,0.018622361
1970-01-01 05:54:47,12006.797,138.66154,354.14847,0.7758028,-19.234467,0.80101216
1970-01-01 05:54:48,11946.96,140.8846,72.46835,-1.9302323,4.717293,359.33414
1970-01-01 05:54:49,12116.908,143.08012,-254.5801,-1.9644394,-14.605604,0.12595588
1970-01-01 05:54:50,12147.284,137.72993,-62.08549,6.672104,-2.5665512,357.00916
1970-01-01 05:54:51,11962.035,140.17427,368.65558,4.1151,-4.501735,356.3183
1970-01-01 05:54:52,12043.259,138.92258,-79.08938,-1.709565,-2.5284352,355.45398
1970-01-01 05:54:53,12020.22,138.49557,190.71602,-1.7440455,-12.96066,356.7445
1970-01-01 05:54:54,11966.459,134.7835,335.01044,-1.127717,8.789653,357.1028
1970-01-01 05:54:55,11958.298,138.49937,13.242472,1.6149288,-12.589144,356.36697
1970-01-01 05:54:56,12178.52,146.461,-242.629,-0.37042692,12.618983,357.73108
1970-01-01 05:54:57,11949.194,139.87279,270.98566,-1.4992329,-7.817042,357.1793
1970-01-01 05:54:58,11976.615,137.89174,-262.53305,-1.3463953,-15.104857,355.11948
1970-01-01 05:54:59,11952.302,139.68167,-223.81726,5.8557057,16.053541,353.54575
1970-01-01 05:55:00,11937.468,139.80058,-112.749954,8.49155,18.740967,353.979
1970-01-01 05:55:01,11887.962,138.99449,183.75534,-3.7192996,0.88617736,355.40845
1970-01-01 05:55:02,12000.5625,145.28394,-201.61652,2.2864752,12.239157,355.55515
1970-01-01 05:55:03,11811.218,138.14821,-6.8702674,2.4634511,6.089917,355.64673
1970-01-01 05:55:04,12075.982,146.23521,-2.126984,2.1168637,8.417589,355.3994
1970-01-01 05:55:05,11981.561,144.76204,-277.50677,-0.6070208,-7.7958593,355.8357
1970-01-01 05:55:06,12126.116,136.94975,245.33577,6.5755434,,353.7022
1970-01-01 05:55:07,12082.415,135.33327,186.63472,2.316956,2.0015156,353.70047
1970-01-01 05:55:08,12010.211,143.27673,-166.49045,2.422937,12.417741,354.10797
1970-01-01 05:55:09,,140.39862,-69.7676,6.254636,3.892878,355.97635
1970-01-01 05:55:10,11890.431,140.96594,-116.03388,7.8097386,23.81659,355.89563
1970-01-01 05:55:11,12018.443,141.53136,102.646675,1.0976409,2.3592536,356.27094
1970-01-01 05:55:12,12022.022,138.5877,247.38882,1.4696227,-11.516777,357.38483
1970-01-01 05:55:13,12028.37,140.77112,-5.7344494,3.2157168,-2.0477643,357.1283
1970-01-01 05:55:14,11951.49,152.95576,-20.343897,3.9251962,21.447847,357.54532
1970-01-01 05:55:15,11907.472,138.39462,-1.4204321,3.120541,24.30096,358.39456
1970-01-01 05:55:16,12000.03,136.50752,285.3738,6.6560555,10.581971,359.38766
1970-01-01 05:55:17,12011.486,138.52658,160.81326,1.3000292,-8.749073,0.9471093
1970-01-01 05:55:18,12065.117,142.82886,96.100235,-1.4999088,6.335025,2.7000976
1970-01-01 05:55:19,12156.942,139.62726,-369.54868,1.738364,3.7926843,1.7175529
1970-01-01 05:55:20,11936.934,136.42593,-111.74505,-0.70070577,-1.2942868,3.5465257
1970-01-01 05:55:21,11936.084,139.94357,6.401249,3.7999718,-21.523254,3.5128407
1970-01-01 05:55:22,11975.027,141.15872,53.491165,5.417885,-5.1815825,3.6266594
1970-01-01 05:55:23,11973.956,144.18394,-132.03932,-0.008810254,-5.22882,3.8418634
1970-01-01 05:55:24,11880.423,137.86209,299.2477,3.1293838,-9.084084,4.633886
1970-01-01 05:55:25,11984.456,138.42145,228.7162,-3.213469,13.260956,4.2974067
1970-01-01 05:55:26,12093.657,141.52092,-118.16433,0.17503865,-17.132607,4.8247337
1970-01-01 05:55:27,11944.257,143.78601,-84.95499,-3.046694,5.794356,5.5971417
1970-01-01 05:55:28,12033.823,140.57106,156.11763,2.559861,8.496858,4.320365
1970-01-01 05:55:29,11995.205,139.94322,-133.86836,-1.1106962,-1.5401199,4.5001593
1970-01-01 05:55:30,12027.986,137.27187,-116.2414,1.8946753,-1.3385607,5.885746
1970-01-01 05:55:31,12034.378,145.12982,183.45587,-0.31174058,12.646434,5.491032
1970-01-01 05:55:32,12096.824,132.23953,10.626843,4.788998,3.4465616,4.7356853
1970-01-01 05:55:33,12057.599,142.00543,-274.71332,0.98582315,3.5242195,3.967623
1970-01-01 05:55:34,11889.974,146.07274,-314.53607,3.6220806,9.478407,2.6653194
1970-01-01 05:55:35,11991.974,139.9535,-439.08862,-1.0964942,1.5311089,3.7996695
1970-01-01 05:55:36,11936.549,,170.49312,1.851224,13.517182,2.5723844
1970-01-01 05:55:37,12101.739,144.7246,24.069908,5.138447,7.8657146,4.0116916
1970-01-01 05:55:38,12068.622,146.30362,-73.44181,-0.06085156,-0.45989212,4.363317
1970-01-01 05:55:39,11918.214,143.6569,-545.2557,4.9301577,-4.4795027,4.986089
1970-01-01 05:55:40,12023.214,153.4626,-394.68625,3.4296174,-12.702772,4.3074064
1970-01-01 05:55:41,11997.149,138.72763,90.2083,8.822367,12.716365,5.0804067
1970-01-01 05:55:42,12029.083,147.93277,148.37415,0.5433515,13.774488,7.198869
1970-01-01 05:55:43,11899.065,145.99216,-111.21423,-0.9733866,-11.285126,8.115537
1970-01-01 05:55:44,11934.287,144.68335,-8.529212,2.165175,-12.699961,11.918541
1970-01-01 05:55:45,11951.1455,138.72206,134.96442,4.178869,-17.234222,12.195096
1970-01-01 05:55:46,12161.453,142.95853,62.297558,0.633279,2.6431277,13.304358
1970-01-01 05:55:47,12056.334,142.0636,-267.17834,7.7480373,-5.9158287,13.759268
1970-01-01 05:55:48,12026.118,138.03459,106.188675,1.895868,23.21997,12.871712
1970-01-01 05:55:49,11893.725,141.92876,294.86337,1.7669454,-7.043053,13.628198
1970-01-01 05:55:50,12047.97,143.1305,234.01778,3.5919046,12.512107,14.746725
1970-01-01 05:55:51,12042.067,145.05855,161.29987,1.391095,2.0730789,14.273655
1970-01-01 05:55:52,11963.551,142.98209,128.73643,3.3214169,4.942133,13.504541
1970-01-01 05:55:53,11949.823,138.29587,-102.47929,0.9357555,-10.753087,14.207002
1970-01-01 05:55:54,11898.914,134.78378,-330.712,4.2710047,8.093069,15.317031
1970-01-01 05:55:55,11883.914,141.7068,287.62952,0.15749204,-17.838951,15.864882
1970-01-01 05:55:56,11980.378,141.71732,129.2521,2.260258,-1.8700376,17.32675
1970-01-01 05:55:57,11991.494,145.16724,-379.8495,2.163921,7.6035976,17.03534
1970-01-01 05:55:58,12051.568,142.8462,41.184956,3.1622062,16.68699,15.149852
1970-01-01 05:55:59,11969.232,138.61154,37.528374,2.0241556,4.433473,15.909628
1970-01-01 05:56:00,11994.73,142.15877,245.66429,-0.13435486,7.6112065,16.711033
1970-01-01 05:56:01,11984.837,141.51012,93.66111,6.886931,18.744028,16.23236
1970-01-01 05:56:02,11949.58,139.82149,-316.81274,-0.16625655,-1.3351867,14.491737
1970-01-01 05:56:03,11887.31,136.02121,103.86074,5.266007,13.15889,14.563276
1970-01-01 05:56:04,12018.63,144.54437,6.2055244,0.9612217,-6.289418,13.8339205
1970-01-01 05:56:05,11896.886,143.06015,-256.58865,5.90422,14.185267,13.78146
1970-01-01 05:56:06,12024.278,147.64545,-213.63292,8.6370535,-9.507443,13.1363945
1970-01-01 05:56:07,12006.989,137.58011,28.47149,0.50729764,-3.144176,13.874738
1970-01-01 05:56:08,11985.104,141.12265,-134.53549,6.967777,9.986548,14.537767
1970-01-01 05:56:09,11958.326,149.25725,120.99787,5.1425457,22.874922,13.84293
1970-01-01 05:56:10,11983.637,147.0967,36.170288,-1.4811977,1.9295639,13.066172
1970-01-01 05:56:11,12010.645,141.8849,-339.04324,5.230182,19.231258,13.074893
1970-01-01 05:56:12,11989.804,144.50034,-159.33675,1.519093,-17.43988,14.646817
1970-01-01 05:56:13,12084.0625,142.65501,163.78091,2.9355092,15.415165,14.734242
1970-01-01 05:56:14,11925.717,149.49315,-78.15599,-3.0403807,-6.1649203,14.407465
1970-01-01 05:56:15,12009.498,134.5445,-40.531574,5.5512652,15.240358,14.840074
1970-01-01 05:56:16,11988.93,141.07756,-196.94006,2.0516906,-11.637887,15.3001795
1970-01-01 05:56:17,12024.727,135.52623,-324.1768,0.8744883,0.5113442,14.828922
1970-01-01 05:56:18,12028.394,146.19925,110.06508,1.6465789,0.05339741,13.200373
1970-01-01 05:56:19,11993.948,145.35277,12.797011,-1.1147251,-10.600109,12.894739
1970-01-01 05:56:20,12025.506,146.48141,127.787155,-0.41564485,-31.75577,14.805491
1970-01-01 05:56:21,12012.575,142.86273,-73.395515,2.834819,9.6841135,14.804656
1970-01-01 05:56:22,11958.293,144.02051,-561.1243,1.8974226,12.073111,13.113879
1970-01-01 05:56:23,12033.414,140.053,-283.3941,0.8983751,-2.3661008,12.92244
1970-01-01 05:56:24,11909.061,151.53847,-209.38132,3.688683,20.25083,13.501602
1970-01-01 05:56:25,12105.745,139.91956,-62.740746,6.9749184,-14.088865,12.285536
1970-01-01 05:56:26,12064.888,145.00148,42.119255,3.416324,-8.719085,11.48769
1970-01-01 05:56:27,11834.475,142.14453,163.28935,0.5886779,4.336853,12.241651
1970-01-01 05:56:28,11937.681,140.55545,146.57932,1.8699414,-2.6144629,10.972149
1970-01-01 05:56:29,12032.078,149.39299,-227.97104,-0.8412059,-2.3223238,10.688499
1970-01-01 05:56:30,12178.591,147.3262,136.16916,2.8608716,15.5172825,9.629763
1970-01-01 05:56:31,12027.274,143.17609,-195.46541,1.4452512,0.024414806,8.97438
1970-01-01 05:56:32,12048.678,143.62796,45.408226,8.453395,16.750124,7.0586233
1970-01-01 05:56:33,12114.512,143.38274,-327.89963,0.33659324,0.113778085,8.34173
1970-01-01 05:56:34,12070.305,150.52745,-47.09824,1.3077921,-5.5075393,8.168291
1970-01-01 05:56:35,11958.369,143.97758,-191.11641,2.4578197,-8.502433,9.079478
1970-01-01 05:56:36,12048.122,143.33455,119.315575,2.8168046,-5.9467874,9.168734
1970-01-01 05:56:37,12032.329,141.02733,-429.93695,5.2425933,2.359865,9.521961
1970-01-01 05:56:38,12056.723,139.43745,-197.42514,-5.9165845,-17.633753,10.119309
1970-01-01 05:56:39,12061.1455,148.77567,143.9828,1.2091216,-2.0259378,8.520693
1970-01-01 05:56:40,12082.428,143.05069,-369.36792,0.58265865,7.433235,7.8738074
1970-01-01 05:56:41,12115.045,141.97794,151.90364,0.39533678,13.144534,7.747057
1970-01-01 05:56:42,11930.696,145.5982,70.70302,-6.537479,1.4404545,7.2207537
1970-01-01 05:56:43,11830.482,147.6352,-585.4265,-2.8579414,-3.5284007,6.794048
1970-01-01 05:56:44,12179.92,143.00179,-197.78995,2.0519927,8.127927,7.185786
1970-01-01 05:56:45,12017.665,142.95183,-178.63527,0.41741768,-16.588402,7.665806
1970-01-01 05:56:46,12044.949,146.58586,-68.3272,1.7358077,6.7181635,7.8626866
1970-01-01 05:56:47,12069.007,151.9177,36.933098,5.795241,-11.989112,9.480379
1970-01-01 05:56:48,12009.227,139.38905,-225.16705,7.2734623,-4.162648,9.499584
1970-01-01 05:56:49,11969.5625,145.16832,-7.5676565,3.6085935,17.84735,7.2793913
1970-01-01 05:56:50,11884.831,142.88931,-78.698456,0.67503536,2.1447222,6.8336477
1970-01-01 05:56:51,12047.897,141.25015,-73.19675,4.00312,-17.253038,5.116423
1970-01-01 05:56:52,11992.08,144.14018,-286.23083,1.8200294,-6.5225906,6.8291435
1970-01-01 05:56:53,11998.802,148.85005,170.90343,0.07371957,9.302037,7.843057
1970-01-01 05:56:54,12009.22,143.62639,411.8635,2.4085445,-20.058905,7.234789
1970-01-01 05:56:55,11975.273,146.87462,-81.72373,-2.1582882,-10.174411,8.900238
1970-01-01 05:56:56,12198.004,151.28162,220.35977,-1.1283062,9.518364,9.042015
1970-01-01 05:56:57,11944.532,146.8289,146.44926,4.4972963,10.950636,10.410658
1970-01-01 05:56:58,12013.228,147.51529,-85.05359,-0.30755538,-12.073349,10.299108
1970-01-01 05:56:59,11923.525,143.00513,200.28099,5.0140657,-3.774251,10.281905
1970-01-01 05:57:00,11878.015,146.01448,428.61023,5.4934053,0.12150441,8.703408
1970-01-01 05:57:01,12002.102,139.81148,11.002644,5.3455544,-6.7432427,7.831073
1970-01-01 05:57:02,11865.257,146.61986,-159.96878,1.1346937,3.8365796,8.447266
1970-01-01 05:57:03,11949.947,144.52557,-218.50076,3.508502,1.8792918,9.131401
1970-01-01 05:57:04,12009.29,152.71785,-83.897125,-0.91296864,3.765343,9.064181
1970-01-01 05:57:05,11899.09,142.96144,172.7751,0.6384647,-21.625256,9.111457
1970-01-01 05:57:06,12114.035,137.37108,196.00346,4.803354,3.7717004,9.420809
1970-01-01 05:57:07,12161.907,138.65646,52.370075,3.603857,-9.137526,10.354155
1970-01-01 05:57:08,12043.566,146.6029,-97.65834,-0.8812886,1.3135824,10.458472
1970-01-01 05:57:09,11957.971,147.89783,-9.641674,3.9405801,0.2907214,10.9328375
1970-01-01 05:57:10,12086.487,146.73575,412.5527,2.6945777,-9.928189,9.535444
1970-01-01 05:57:11,11852.737,149.94617,-7.7329574,-4.0553284,-2.8201048,8.547585
1970-01-01 05:57:12,12066.485,146.82176,-58.818832,-1.8886588,-12.397083,8.538487
1970-01-01 05:57:13,11901.09,145.98334,62.73737,0.9680399,9.285422,7.3247185
1970-01-01 05:57:14,11966.619,144.92262,104.4203,5.5538473,9.727446,8.649251
1970-01-01 05:57:15,12005.542,147.36394,114.40555,-0.1087916,-9.841293,9.506257
1970-01-01 05:57:16,12093.146,145.5647,136.87051,1.9964001,-7.9232845,9.342783
1970-01-01 05:57:17,12094.596,138.2578,190.52716,3.2056956,7.760968,9.006027
1970-01-01 05:57:18,11945.667,138.23747,-293.04602,0.7260989,8.11203,9.760351
1970-01-01 05:57:19,12066.514,131.17154,-284.68185,5.7131076,16.776838,9.272458
1970-01-01 05:57:20,11987.808,140.45982,-222.73502,3.0869823,-2.87374,8.701805
1970-01-01 05:57:21,12035.73,143.55342,-366.12582,-0.8414841,-8.415669,10.18515
1970-01-01 05:57:22,11994.754,139.55388,-295.33795,0.3328716,0.0009632903,9.284135
1970-01-01 05:57:23,12039.704,147.23453,-161.59059,-0.7776605,2.1803558,8.153776
1970-01-01 05:57:24,12140.8545,138.52731,-168.48656,-4.4862742,-0.9457365,8.899597
1970-01-01 05:57:25,11904.606,149.34206,-167.19913,4.4727497,-10.175722,8.534994
1970-01-01 05:57:26,11894.953,142.74182,-12.1034975,-2.951755,-1.1327391,6.8044267
1970-01-01 05:57:27,11940.15,143.10278,-42.330513,1.1758702,-15.92566,6.3134155
1970-01-01 05:57:28,12100.2705,144.95549,-86.72407,-1.693402,-8.67711,5.7309
1970-01-01 05:57:29,12028.501,152.46265,-91.278076,3.3316474,20.614487,5.910145
1970-01-01 05:57:30,11968.952,144.9919,27.461239,2.5125692,2.0472302,6.0604005
1970-01-01 05:57:31,12021.706,146.30615,-133.10396,4.0679336,1.6832354,5.605075
1970-01-01 05:57:32,12037.783,146.03206,72.19156,6.71474,7.285568,5.006403
1970-01-01 05:57:33,11982.545,142.59262,-361.542,3.6939635,5.9092684,5.048733
1970-01-01 05:57:34,11880.996,146.79066,-41.17994,3.724321,7.747657,6.7796707
1970-01-01 05:57:35,11981.347,149.62108,-195.07207,5.362762,-4.0782905,5.2570925
1970-01-01 05:57:36,12093.826,140.36093,12.23313,-0.33294132,-4.1950245,4.220793
1970-01-01 05:57:37,12065.842,145.34335,227.60265,-0.94056386,-0.08219803,3.912657
1970-01-01 05:57:38,11947.208,141.90688,-189.53757,1.0051413,7.5306926,4.529149
1970-01-01 05:57:39,12048.019,143.41127,23.312176,0.47398075,2.9571812,4.290696
1970-01-01 05:57:40,11901.817,140.60577,-14.464804,5.5270424,-16.734093,4.9765043
1970-01-01 05:57:41,11984.896,141.93167,85.56788,3.5786912,-12.683485,4.5821323
1970-01-01 05:57:42,12033.63,148.86214,44.637287,-0.35136592,1.2264258,5.3506618
1970-01-01 05:57:43,12091.606,141.43158,85.24211,3.889002,-12.454139,4.9612164
1970-01-01 05:57:44,12073.175,146.82715,176.74226,-3.1508555,-19.758959,4.619028
1970-01-01 05:57:45,11943.397,152.79984,104.89778,0.15479814,-9.627192,5.391205
1970-01-01 05:57:46,12092.502,147.45906,-22.525537,1.5538044,-10.991111,5.7676954
1970-01-01 05:57:47,12007.788,147.68245,-3.0847042,7.1705537,-1.7986987,7.197234
1970-01-01 05:57:48,12017.225,146.15318,119.962006,8.056915,-4.444128,8.496874
1970-01-01 05:57:49,12035.467,143.43103,-82.74178,4.392115,12.61726,7.435303
1970-01-01 05:57:50,11946.246,147.91295,-43.320988,2.890697,12.542453,7.532922
1970-01-01 05:57:51,11921.624,154.50494,-116.640175,5.2955537,4.853896,6.6594152
1970-01-01 05:57:52,12090.989,149.87718,351.99454,4.8572326,0.15540491,6.491618
1970-01-01 05:57:53,11904.355,145.22311,116.44105,0.70295167,7.5673733,5.9806495
1970-01-01 05:57:54,11930.554,148.57538,-148.03918,-1.5738101,-1.3207362,7.3035674
1970-01-01 05:57:55,11985.411,147.4447,-187.86371,2.7218494,12.193434,6.413625
1970-01-01 05:57:56,11932.667,149.64534,90.18037,5.983332,6.915427,5.189306
1970-01-01 05:57:57,12081.087,144.61351,-104.3743,6.890914,-19.99151,6.1605744
1970-01-01 05:57:58,12076.333,148.57649,132.41733,-0.48915845,-11.085989,6.765499
1970-01-01 05:57:59,12094.928,147.86623,304.1425,3.3274813,7.1881967,5.8412914
1970-01-01 05:58:00,12015.289,148.84933,14.6250515,0.60971624,-7.0547175,6.976699
1970-01-01 05:58:01,12107.502,145.32826,32.590477,4.79623,1.4161611,6.2477593
1970-01-01 05:58:02,11884.2295,149.36755,3.4321218,3.2772083,-2.583403,6.001585
1970-01-01 05:58:03,12151.656,142.90723,72.73879,1.1455616,0.12400418,7.4057655
1970-01-01 05:58:04,11894.775,149.8535,,2.7745738,21.046883,6.628679
1970-01-01 05:58:05,11922.619,151.04984,-102.869225,1.371315,6.82277,7.588556
1970-01-01 05:58:06,12058.011,145.66486,201.36392,1.1396391,-15.111213,8.221201
1970-01-01 05:58:07,11979.695,141.73091,210.58122,3.788609,3.018808,7.1505413
1970-01-01 05:58:08,11903.276,133.47949,121.0395,4.466108,9.130067,5.7365685
1970-01-01 05:58:09,11876.851,144.86032,12.982095,2.4373405,-21.92617,4.3295226
1970-01-01 05:58:10,11896.445,145.11812,-190.16548,3.1094549,12.841163,3.7698596
1970-01-01 05:58:11,11947.384,148.57594,-214.19057,0.49040678,10.822214,3.8938818
1970-01-01 05:58:12,11954.526,150.67216,-73.679535,2.6041589,-7.1191297,4.451323
1970-01-01 05:58:13,11929.251,145.24437,254.0398,0.21710804,12.60535,5.097367
1970-01-01 05:58:14,12121.705,148.09787,163.53925,9.61832,-0.5190579,6.269224
1970-01-01 05:58:15,12040.671,144.98448,224.96248,3.5115488,5.0525665,6.9080453
1970-01-01 05:58:16,11963.356,147.41408,150.86246,-4.5645647,4.930309,6.8631372
1970-01-01 05:58:17,,149.70062,-176.18231,-2.1922638,6.149688,6.7949195
1970-01-01 05:58:18,12018.292,152.30005,-51.99147,1.4926617,5.7673135,7.4455094
1970-01-01 05:58:19,11947.706,143.46246,-160.5288,1.1829897,-12.064826,6.769365
1970-01-01 05:58:20,12063.388,147.37746,228.47224,0.55660677,-9.852768,6.934474
1970-01-01 05:58:21,12101.362,151.95938,-57.449688,3.4430153,-11.828751,8.120337
1970-01-01 05:58:22,11907.909,152.64427,-79.48744,7.9009724,3.7766342,7.2124605
1970-01-01 05:58:23,12079.105,149.27419,162.72058,3.1816697,-6.2252636,7.3977423
1970-01-01 05:58:24,12008.446,148.05408,424.15344,-3.5392473,-7.748806,5.760583
1970-01-01 05:58:25,11941.87,144.21365,26.928934,0.34114388,-1.128654,5.2379923
1970-01-01 05:58:26,12113.273,146.17052,29.219227,-1.5031925,-6.290765,6.2409716
1970-01-01 05:58:27,12071.573,143.60481,98.34547,-0.18904059,3.955188,5.122093
1970-01-01 05:58:28,12004.341,147.65775,-225.21834,3.2798452,-1.9960294,1.6099172
1970-01-01 05:58:29,12095.674,147.85353,-226.54306,0.34439757,-4.941053,2.0214443
1970-01-01 05:58:30,12053.926,146.25452,126.675575,2.2065358,6.3524013,2.226091
1970-01-01 05:58:31,11826.424,148.2378,8.961282,0.06673836,-0.55239767,1.4638324
1970-01-01 05:58:32,11982.76,140.95804,-237.05716,0.3763086,-1.0967106,1.0707953
1970-01-01 05:58:33,11894.606,146.62502,192.2453,2.0528095,-6.2800384,1.2524496
1970-01-01 05:58:34,12063.34,152.02489,75.18073,6.182828,5.348583,0.9782407
1970-01-01 05:58:35,12077.019,156.35027,-382.65622,0.16759285,-1.7602773,1.117525
1970-01-01 05:58:36,11951.402,149.50612,-201.08318,-0.66174376,4.612483,358.00586
1970-01-01 05:58:37,12025.117,150.11287,107.79319,-3.4971528,-11.271611,356.55618
1970-01-01 05:58:38,12008.244,147.41241,101.50168,3.4406154,-1.8230788,356.7777
1970-01-01 05:58:39,12100.391,145.60263,181.32755,2.5102005,-5.8341727,356.86877
1970-01-01 05:58:40,12007.294,150.00058,-67.06526,3.9359221,0.29990697,357.17853
1970-01-01 05:58:41,11930.834,145.65071,106.44585,-1.2762384,-8.031512,358.61276
1970-01-01 05:58:42,12053.266,149.73875,60.29314,5.872559,8.534847,0.2951823
1970-01-01 05:58:43,12072.745,138.14607,148.00745,0.05325336,0.54392153,1.2816138
1970-01-01 05:58:44,12014.337,147.69012,62.210464,1.6232946,5.4302387,1.3518593
1970-01-01 05:58:45,12126.248,151.16953,206.8593,4.7035275,-2.0524044,0.9623633
1970-01-01 05:58:46,12018.682,145.7868,-40.352062,6.600798,-21.36954,1.930145
1970-01-01 05:58:47,12008.177,154.04042,-74.27364,6.0727625,7.095293,2.2984664
1970-01-01 05:58:48,11984.14,145.52165,226.81306,3.971605,6.0013633,2.6207464
1970-01-01 05:58:49,12016.534,146.7803,-285.09265,-1.0097857,-17.033167,0.74318004
1970-01-01 05:58:50,12072.08,150.0416,272.21225,0.07444349,6.0625615,0.73242116
1970-01-01 05:58:51,11882.428,151.96346,113.33295,7.407229,1.7964218,0.068086825
1970-01-01 05:58:52,11959.594,144.18019,-240.87404,5.9875355,-22.10338,359.5281
1970-01-01 05:58:53,11930.022,150.91965,134.04834,2.4290595,11.87199,359.3261
1970-01-01 05:58:54,11939.923,146.45244,207.01854,3.3435688,12.651542,358.73172
1970-01-01 05:58:55,11882.847,145.72897,-84.21769,4.6452255,-4.720042,357.47574
1970-01-01 05:58:56,11903.865,149.72171,0.24310543,2.3377047,12.074482,356.62552
1970-01-01 05:58:57,11962.996,149.17465,-29.289982,6.843,10.670903,357.15918
1970-01-01 05:58:58,11996.191,147.14365,373.3773,5.6303396,1.3989465,355.58716
1970-01-01 05:58:59,11921.379,155.91174,250.32883,-0.059495546,,354.78613
1970-01-01 05:59:00,12034.823,147.50638,-93.98963,5.2952423,19.45007,355.2205
1970-01-01 05:59:01,12091.065,141.3996,-41.927876,0.0923889,4.26564,354.97382
1970-01-01 05:59:02,12019.303,143.48474,-164.6612,-3.9506998,7.981058,355.82886
1970-01-01 05:59:03,12006.731,144.7534,-160.78699,0.9874581,10.260495,356.13562
1970-01-01 05:59:04,12027.221,148.46962,448.07394,4.056422,-1.6291108,357.34067
1970-01-01 05:59:05,11937.329,146.95518,25.032421,0.9475696,3.5660634,357.92877
1970-01-01 05:59:06,12108.983,151.22261,-137.60898,2.4623082,-5.655676,357.5791
1970-01-01 05:59:07,11910.546,145.90266,-363.93808,5.372728,4.7625995,357.65997
1970-01-01 05:59:08,11995.064,141.56032,288.88092,4.3367996,-3.08832,356.0913
1970-01-01 05:59:09,11929.68,138.27979,59.126026,0.9235816,1.5062513,355.2798
1970-01-01 05:59:10,11919.269,149.73816,-96.10496,0.64717984,25.990059,355.58203
1970-01-01 05:59:11,12047.184,141.33864,-14.172283,4.108986,-20.526459,353.537
1970-01-01 05:59:12,11977.88,146.6074,57.269684,2.1853092,17.944342,352.97006
1970-01-01 05:59:13,11978.404,154.17822,252.0876,11.613004,1.8059947,352.6701
1970-01-01 05:59:14,12079.842,142.26279,375.13046,3.9369972,4.43056,352.2227
1970-01-01 05:59:15,12019.564,143.17384,161.2478,2.35645,19.361948,352.20895
1970-01-01 05:59:16,12001.683,143.12706,-13.681069,0.87073374,13.654152,354.10455
1970-01-01 05:59:17,12002.961,155.75746,219.48212,4.5085187,-8.266047,354.60812
1970-01-01 05:59:18,12029.779,148.4596,-24.874376,0.050874706,13.909221,354.1964
1970-01-01 05:59:19,12053.109,143.09155,74.29657,7.1280537,6.424492,355.53485
1970-01-01 05:59:20,11981.526,140.77966,-435.12976,-0.9995306,-15.139159,355.44727
1970-01-01 05:59:21,12022.668,145.93059,226.83757,0.9290215,-9.230085,354.9424
1970-01-01 05:59:22,11950.298,147.92993,254.21869,-2.2360618,5.4995604,353.4784
1970-01-01 05:59:23,12050.417,142.49655,113.41593,2.7362735,-0.8903157,353.49942
1970-01-01 05:59:24,12041.373,153.12001,-321.53525,3.7985547,0.9348564,353.39703
1970-01-01 05:59:25,11957.159,145.93613,-141.6141,1.4425615,-1.7966803,354.24484
1970-01-01 05:59:26,12065.777,137.28426,208.63564,6.003733,11.910376,353.25296
1970-01-01 05:59:27,12007.136,151.70006,-174.13976,2.4406974,-19.9362,354.34708
1970-01-01 05:59:28,11997.773,146.3681,207.41414,7.4348526,1.7800716,354.93567
1970-01-01 05:59:29,12140.771,143.5917,354.1319,-2.0645428,2.0620534,354.82837
1970-01-01 05:59:30,11974.997,140.59619,183.00427,0.71705055,8.39808,355.17273
1970-01-01 05:59:31,12046.448,149.18402,27.456211,6.9272847,-7.6490335,354.77487
1970-01-01 05:59:32,11806.806,151.11592,-16.466055,9.403543,6.731711,354.81412
1970-01-01 05:59:33,12071.711,146.35963,82.02626,0.99705464,3.404904,355.7909
1970-01-01 05:59:34,12075.241,140.161,-9.74526,0.4540063,5.427639,356.23392
1970-01-01 05:59:35,12089.241,149.26805,-1.7175142,3.8460634,9.30488,356.40146
1970-01-01 05:59:36,11950.693,151.09941,-117.82567,5.037769,-6.866809,356.65884
1970-01-01 05:59:37,11984.83,145.98259,-369.37,2.0533016,-9.206843,356.05988
1970-01-01 05:59:38,12007.252,154.20592,-128.27895,1.299225,0.59948593,356.02527
1970-01-01 05:59:39,11914.959,148.92209,-17.046938,4.3607516,-8.290318,355.99863
1970-01-01 05:59:40,12040.564,145.68436,58.036312,4.524147,-10.059333,354.80746
1970-01-01 05:59:41,11877.0625,139.39687,213.4727,2.0241747,0.27884233,354.29932
1970-01-01 05:59:42,11907.031,150.0442,228.92189,-6.9642396,14.182526,354.35626
1970-01-01 05:59:43,11891.929,140.2728,132.09714,1.5211886,15.689251,353.4125
1970-01-01 05:59:44,12009.172,156.6514,-129.11194,4.588299,0.9020431,354.04965
1970-01-01 05:59:45,11919.856,146.29979,494.87253,5.5993295,-23.385792,354.66193
1970-01-01 05:59:46,12111.647,155.34338,-11.463426,2.9704494,-2.0717394,354.62564
1970-01-01 05:59:47,11998.644,147.92914,-172.39507,5.6617913,7.9653673,353.73117
1970-01-01 05:59:48,12107.9795,148.42064,-103.63253,3.238686,13.028783,354.1832
1970-01-01 05:59:49,12091.121,152.50749,239.13138,7.549652,-10.755152,352.87238
1970-01-01 05:59:50,11914.081,151.08566,151.34525,7.4062667,12.512196,353.57877
1970-01-01 05:59:51,11872.274,148.73611,156.37637,-0.70586455,11.513903,354.1897
1970-01-01 05:59:52,12112.532,142.94841,-182.27037,3.1143484,4.218406,353.31915
1970-01-01 05:59:53,11998.865,149.15562,36.396862,-0.17627242,-6.9872994,354.67755
1970-01-01 05:59:54,12028.126,145.9453,-268.18045,3.9576874,8.614366,352.7965
1970-01-01 05:59:55,12046.208,146.58508,154.89265,7.116437,15.083483,352.2906
1970-01-01 05:59:56,11875.112,145.6078,-165.37836,-0.22812594,12.223743,349.79642
1970-01-01 05:59:57,12098.219,151.98027,-80.92325,1.0388885,-8.037517,351.15942
1970-01-01 05:59:58,12120.781,147.47717,452.91202,-3.9582396,-6.624272,351.10703
1970-01-01 05:59:59,12020.689,149.76299,-167.99994,4.855773,21.898577,351.83636
1970-01-01 06:00:00,11956.706,154.6769,-63.76838,1.5994911,-14.618172,351.40942
1970-01-01 06:00:01,12113.262,154.87007,47.502182,-0.4929222,-9.230514,351.02322
1970-01-01 06:00:02,12156.532,153.13985,122.34217,1.596915,8.550218,351.1206
1970-01-01 06:00:03,12210.727,148.55257,-247.23077,5.134537,-0.31946212,351.3034
1970-01-01 06:00:04,12058.748,150.67773,16.904533,6.055745,-7.8399186,350.5134
1970-01-01 06:00:05,11959.929,153.98868,264.90137,4.725528,0.7076846,350.7419
1970-01-01 06:00:06,11917.684,148.57152,-16.90888,4.2318377,-0.34541196,351.31888
1970-01-01 06:00:07,11959.144,141.10649,113.728516,-1.4688798,-7.5415273,350.289
1970-01-01 06:00:08,12088.241,159.037,-60.15191,4.074733,-16.023567,352.61206
1970-01-01 06:00:09,12113.082,151.51884,-240.77315,4.2290697,-11.85266,354.43167
1970-01-01 06:00:10,11891.259,152.72337,-18.838388,4.1627564,-8.2477255,354.15994
1970-01-01 06:00:11,12057.514,154.81175,-165.88481,4.937231,12.36093,354.0348
1970-01-01 06:00:12,12049.168,148.96191,169.42244,0.5355277,8.01119,353.0325
1970-01-01 06:00:13,11974.728,155.00745,46.01055,6.050023,-1.6757023,353.27414
1970-01-01 06:00:14,11919.6455,149.78903,-164.32689,1.5780643,9.327507,352.82144
1970-01-01 06:00:15,12014.592,141.3909,36.818024,1.3532263,-3.706354,354.60312
1970-01-01 06:00:16,12045.576,156.28777,218.10812,-1.9723165,22.138563,354.21545
1970-01-01 06:00:17,12091.234,149.50757,-227.3259,1.6957201,1.2253445,353.20068
1970-01-01 06:00:18,11919.673,148.3597,-44.7974,0.1374119,-5.192085,352.96893
1970-01-01 06:00:19,11915.796,150.61142,-206.21559,1.0713415,2.9919262,352.31622
1970-01-01 06:00:20,12053.889,149.6388,-131.01828,2.370932,-1.3264925,351.17474
1970-01-01 06:00:21,11877.626,150.10686,165.11266,-1.3973087,-15.632363,350.47467
1970-01-01 06:00:22,11979.066,145.50769,-27.023941,6.5773354,13.543297,351.17175
1970-01-01 06:00:23,11946.336,146.13586,-202.81311,-3.2587743,16.676125,350.8663
1970-01-01 06:00:24,11789.402,154.10117,-4.9186935,0.6982582,0.4377987,351.3025
1970-01-01 06:00:25,11906.148,149.62743,84.3728,-1.2336766,-1.8886197,353.6215
1970-01-01 06:00:26,11976.873,148.31754,-212.45433,3.5619464,5.8415375,354.49368
1970-01-01 06:00:27,11932.182,153.70195,228.4113,-1.1222665,-3.6384206,354.62296
1970-01-01 06:00:28,11775.874,149.34016,105.79558,4.8121233,-8.645249,356.215
1970-01-01 06:00:29,11929.79,156.25847,-265.9245,-1.2244992,0.08927031,355.591
1970-01-01 06:00:30,11899.594,150.51988,-516.1915,-0.89221436,5.0029287,354.9745
1970-01-01 06:00:31,11959.262,151.04164,65.61963,0.6083436,5.574423,356.54404
1970-01-01 06:00:32,11956.61,152.31618,-337.81705,2.4302254,3.7921834,356.43954
1970-01-01 06:00:33,12080.353,149.40074,72.44941,6.179569,-12.528791,356.65265
1970-01-01 06:00:34,12093.56,142.03882,-205.04218,4.307935,-10.547725,357.0049
1970-01-01 06:00:35,11974.506,156.42883,-268.13843,1.4369199,7.7698627,357.01822
1970-01-01 06:00:36,11888.854,152.40004,-21.16474,0.042651396,-1.8752204,354.53928
1970-01-01 06:00:37,12061.386,150.98265,-219.08409,0.56987923,13.191236,355.7228
1970-01-01 06:00:38,11997.535,154.96165,45.9385,6.676164,-13.034518,355.02103
1970-01-01 06:00:39,12084.579,147.71234,81.2837,1.2409642,-11.919543,354.58926
1970-01-01 06:00:40,11920.4,149.20236,-8.51427,6.1939163,-7.029071,357.04633
1970-01-01 06:00:41,12052.452,150.88759,85.59012,1.0173941,-13.218615,357.75363
1970-01-01 06:00:42,11939.374,148.6692,155.13876,5.1771226,12.934373,355.82288
1970-01-01 06:00:43,12013.842,147.39331,-105.40867,-0.38277546,-25.783241,354.67868
1970-01-01 06:00:44,12084.478,155.54791,-335.9194,3.9740224,1.586479,355.62744
1970-01-01 06:00:45,,154.29355,-109.02191,4.3241215,6.310612,354.75946
1970-01-01 06:00:46,11935.312,149.7513,-6.452386,7.5044556,-7.3942266,353.74493
1970-01-01 06:00:47,12060.715,154.18613,4.5936675,5.5007386,-1.0751023,352.31436
1970-01-01 06:00:48,11993.162,153.54564,-118.27797,2.628103,9.035944,352.90933
1970-01-01 06:00:49,12016.475,151.26288,-439.66742,4.687751,4.698523,352.84042
1970-01-01 06:00:50,12062.188,150.72145,,2.7521873,-2.7587585,351.72662
1970-01-01 06:00:51,11974.912,145.9581,12.703315,5.2114534,19.4754,352.30902
1970-01-01 06:00:52,12002.392,148.17177,-101.289055,7.4052114,-7.75564,352.3184
1970-01-01 06:00:53,11962.202,153.18176,57.422382,4.1719327,12.717848,352.9023
1970-01-01 06:00:54,11924.482,148.89163,158.13345,5.9148593,-8.332669,351.86942
1970-01-01 06:00:55,12140.979,152.75262,-58.021343,2.7706892,0.06635024,353.58768
1970-01-01 06:00:56,11975.763,150.28716,232.76686,2.522091,-15.862715,355.57382
1970-01-01 06:00:57,12115.492,151.11731,346.03406,2.48087,-4.7930408,354.7437
1970-01-01 06:00:58,12083.393,148.51195,291.06436,4.878588,-8.584444,353.79987
1970-01-01 06:00:59,11963.677,146.50262,-89.477104,3.3246963,-3.6120505,351.76175
1970-01-01 06:01:00,11936.9,146.20547,-93.12758,3.3891983,5.7428536,353.74203
1970-01-01 06:01:01,12019.333,152.5597,-8.461275,-5.294512,3.3218713,353.38617
1970-01-01 06:01:02,11940.972,150.69238,29.435068,4.4134197,-3.7755623,353.08615
1970-01-01 06:01:03,12083.398,160.79765,-50.910835,3.9952834,-15.4138,352.2682
1970-01-01 06:01:04,12046.503,146.72433,94.07936,1.1280098,-2.1726317,351.06598
1970-01-01 06:01:05,12098.642,150.8419,83.08507,-3.0293505,-9.810435,351.38486
1970-01-01 06:01:06,12171.558,148.59291,-86.94763,0.32507306,25.334017,352.61597
1970-01-01 06:01:07,12040.477,150.76265,-443.09573,1.1480708,-6.009279,353.6543
1970-01-01 06:01:08,11998.585,149.37009,171.93527,-3.229047,-4.002708,354.08972
1970-01-01 06:01:09,11841.318,149.20712,47.53217,5.638805,-1.083068,354.02682
1970-01-01 06:01:10,12155.628,149.61894,98.57379,,11.772107,355.5797
1970-01-01 06:01:11,12009.766,153.8659,109.8801,3.396666,-1.9318197,356.1963
1970-01-01 06:01:12,12016.1,150.23604,-161.76933,2.9919367,-6.1858983,357.1196
1970-01-01 06:01:13,12022.677,151.83443,311.2888,4.078986,-5.71134,357.49756
1970-01-01 06:01:14,11823.235,155.84169,-130.45818,-1.0121726,9.611006,358.79684
1970-01-01 06:01:15,12007.603,151.78433,102.16196,-1.5860454,-4.4028687,358.4371
1970-01-01 06:01:16,12159.987,156.76266,17.446142,2.4636817,1.1791339,359.32095
1970-01-01 06:01:17,12013.822,150.10368,86.44382,4.915032,-8.193094,0.11232015
1970-01-01 06:01:18,12114.595,145.99783,11.110741,-0.6129672,3.783537,1.1419252
1970-01-01 06:01:19,11905.69,152.0983,-183.68721,-4.029094,-5.734405,1.3909336
1970-01-01 06:01:20,12147.242,158.8526,-236.68869,3.6505842,-8.55003,1.4499986
1970-01-01 06:01:21,11953.201,150.04874,15.53569,9.5447445,1.3155872,1.512588
1970-01-01 06:01:22,12054.752,144.68,-251.36295,3.7991958,20.017895,359.82657
1970-01-01 06:01:23,11883.308,152.0339,114.03339,-3.1039464,17.070286,359.58798
1970-01-01 06:01:24,11929.281,152.96338,80.97774,-1.2583649,3.918826,0.22034776
1970-01-01 06:01:25,12134.157,141.40344,-272.73972,3.196877,-2.0403194,359.33185
1970-01-01 06:01:26,12120.213,148.69287,-191.26295,8.296759,6.7298164,358.11218
1970-01-01 06:01:27,11814.6045,156.05098,-145.35735,1.4533225,8.890128,358.0819
1970-01-01 06:01:28,12118.779,149.42668,-164.31602,2.8658745,10.405619,357.65125
1970-01-01 06:01:29,11979.927,149.74843,-3.6775045,0.6284394,14.117386,357.32858
1970-01-01 06:01:30,12019.404,149.96005,-474.65387,3.1715112,1.9894834,357.82816
1970-01-01 06:01:31,11881.005,147.1064,,4.909176,-14.147252,357.30356
1970-01-01 06:01:32,11985.187,152.03442,198.65152,1.1540633,5.128408,356.84753
1970-01-01 06:01:33,12164.223,153.38048,-206.51595,2.594335,1.8787901,357.93848
1970-01-01 06:01:34,11940.554,157.82971,-144.6918,4.8885674,-6.9807205,359.1823
1970-01-01 06:01:35,12062.928,162.07722,-228.16602,-1.1495092,1.3306547,357.33893
1970-01-01 06:01:36,11954.291,155.34981,-49.081116,2.3410265,2.0171525,357.77106
1970-01-01 06:01:37,11902.868,150.2526,525.36255,4.8342357,-8.344504,358.71744
1970-01-01 06:01:38,11974.081,147.70032,-78.371155,6.2982197,-7.8429933,359.07654
1970-01-01 06:01:39,12012.772,147.62617,107.18129,5.4071174,-11.698189,357.53842
1970-01-01 06:01:40,12010.492,148.82196,27.635592,-0.951768,-7.912331,358.70163
1970-01-01 06:01:41,12066.418,149.06996,129.31776,3.5518568,10.417787,358.9845
1970-01-01 06:01:42,11977.504,159.65636,-240.85747,7.4902835,7.819384,359.45056
1970-01-01 06:01:43,11968.815,155.41911,-251.40202,-1.4370697,-2.8314872,357.95532
1970-01-01 06:01:44,12132.2295,156.66104,-98.30679,-1.4821575,-3.231452,357.85635
1970-01-01 06:01:45,12046.79,152.13544,15.352845,1.7748467,15.838483,356.4291
1970-01-01 06:01:46,12002.678,150.68324,-145.9799,5.931464,6.589513,355.7831
1970-01-01 06:01:47,12049.819,151.97195,-240.81972,7.0965276,1.8724309,356.55005
1970-01-01 06:01:48,11958.363,156.28427,-6.098465,0.6097092,7.4373055,355.99167
1970-01-01 06:01:49,11914.781,153.48164,179.00304,1.1819875,-6.255355,355.69003
1970-01-01 06:01:50,12125.925,147.91284,-951.9578,0.67913246,-0.6395266,355.43747
1970-01-01 06:01:51,11955.482,150.12115,-555.11035,3.3150506,,354.99393
1970-01-01 06:01:52,11876.704,153.09041,-743.42944,1.1164888,0.42402375,354.76764
1970-01-01 06:01:53,11987.93,151.95406,-543.3704,1.1172264,5.6351123,354.5715
1970-01-01 06:01:54,11853.134,153.09172,-814.71387,7.0245,11.91234,353.836
1970-01-01 06:01:55,12072.805,153.66273,-957.8729,-1.2683159,-6.9103193,356.18225
1970-01-01 06:01:56,11986.89,149.38965,-730.06177,7.839375,-11.11003,356.06985
1970-01-01 06:01:57,11866.295,158.04887,-1066.1088,6.2919345,-4.2392826,357.38425
1970-01-01 06:01:58,11949.698,156.15361,-951.06665,,2.57108,358.16824
1970-01-01 06:01:59,11989.392,146.74104,-1202.6831,-3.7820468,-16.538841,357.14618
1970-01-01 06:02:00,11864.421,157.64066,-855.59955,4.7061915,-14.761603,357.66724
1970-01-01 06:02:01,11960.853,152.7035,-986.10944,1.8965226,9.237655,356.654
1970-01-01 06:02:02,11913.724,154.93459,-344.62567,-0.38040295,5.8388395,355.7418
1970-01-01 06:02:03,11924.52,153.1887,-695.9786,-0.45400262,0.43915018,357.67276
1970-01-01 06:02:04,11763.086,142.85643,-639.6185,8.3804455,-10.55449,357.6424
1970-01-01 06:02:05,11750.915,154.18385,-878.4914,3.284968,-0.4629242,357.6492
1970-01-01 06:02:06,11864.719,155.06186,-595.09125,1.2772384,-2.451658,357.6038
1970-01-01 06:02:07,11720.92,149.85172,-635.5113,0.6090885,4.759817,357.32013
1970-01-01 06:02:08,11792.034,148.19795,-724.47266,1.6077456,-17.354591,359.17746
1970-01-01 06:02:09,11740.907,150.38338,-820.9138,2.2633076,9.267888,359.4335
1970-01-01 06:02:10,11729.044,157.47835,-857.0148,3.29915,-1.8422198,359.06592
1970-01-01 06:02:11,11714.498,151.65869,-951.29877,2.890326,3.9941938,359.2535
1970-01-01 06:02:12,11813.546,154.79918,-563.88684,-1.7385517,-15.275542,358.61337
1970-01-01 06:02:13,11661.822,154.67,-816.12024,2.6572745,-6.2526917,359.27994
1970-01-01 06:02:14,11623.045,149.59279,-962.0972,2.4069746,12.792726,357.92175
1970-01-01 06:02:15,11792.945,153.67708,-968.26483,-1.6713773,-5.262728,356.8218
1970-01-01 06:02:16,11734.972,146.66882,-579.2959,-1.6398144,20.327671,358.45148
1970-01-01 06:02:17,11581.558,155.16771,-881.1389,-1.14656,1.005714,354.69772
1970-01-01 06:02:18,11743.532,155.9506,-578.5265,-0.4565759,-17.469814,354.75565
1970-01-01 06:02:19,11549.3955,155.28035,-989.50446,6.3523064,-9.508759,353.9578
1970-01-01 06:02:20,11685.432,163.14923,-525.70825,1.1533028,-1.7505203,353.9584
1970-01-01 06:02:21,11793.198,147.35072,-583.39355,-2.8218281,5.8497977,353.9023
1970-01-01 06:02:22,11724.853,149.32463,-876.5877,6.895136,2.0162456,353.3997
1970-01-01 06:02:23,11583.91,151.74889,-724.04565,4.161376,-10.301591,352.13248
1970-01-01 06:02:24,11583.399,149.90709,-805.39386,0.3774014,-9.158341,352.88934
1970-01-01 06:02:25,11591.121,153.32776,-937.13324,0.36601356,10.3286085,351.43094
1970-01-01 06:02:26,11417.418,157.61366,-565.8433,3.0446649,-7.482433,352.06503
1970-01-01 06:02:27,11490.454,152.08896,-652.5962,0.0072691347,6.0155334,353.79172
1970-01-01 06:02:28,11521.959,150.44551,-356.0905,3.5562704,0.4962008,352.78094
1970-01-01 06:02:29,11521.382,149.65874,-679.82635,3.9126217,-4.6607738,353.07602
1970-01-01 06:02:30,11385.691,152.77934,-891.09937,-0.67016274,-3.1206727,352.60016
1970-01-01 06:02:31,11435.862,154.49162,-608.4492,-0.307689,10.750885,353.40405
1970-01-01 06:02:32,11359.965,152.31427,-1036.0052,2.8765323,-16.511612,354.41974
1970-01-01 06:02:33,11415.858,153.08232,-597.73413,-0.8663792,-16.566036,353.60703
1970-01-01 06:02:34,11424.698,144.64168,-807.71136,4.1297655,-12.736799,352.9389
1970-01-01 06:02:35,11312.811,153.76622,-632.2038,7.8124647,2.6922872,352.8919
1970-01-01 06:02:36,11409.521,158.4563,-930.2399,-0.10559051,-2.0970058,351.9666
1970-01-01 06:02:37,11250.142,,-707.15784,4.082313,1.4444939,351.4903
1970-01-01 06:02:38,11476.435,152.58232,-652.8881,1.3165535,5.7125835,350.8485
1970-01-01 06:02:39,11238.505,155.13554,-915.001,-8.97092,-0.9213614,351.65915
1970-01-01 06:02:40,11356.313,160.73,-637.46515,0.6072024,-7.8265667,352.8651
1970-01-01 06:02:41,11239.045,152.76508,-729.4887,5.1531367,8.610501,351.72256
1970-01-01 06:02:42,11356.356,151.01611,-894.98883,2.6502483,-5.0966973,351.06006
1970-01-01 06:02:43,11166.995,151.93709,-852.7925,-3.1700852,-33.30233,351.98267
1970-01-01 06:02:44,11195.638,149.12552,-806.0812,2.0068078,-4.862786,350.63235
1970-01-01 06:02:45,11298.781,152.6951,-776.4784,7.768998,-2.7397377,351.66574
1970-01-01 06:02:46,11180.875,147.30193,-494.74704,-1.3050774,1.5589243,351.57367
1970-01-01 06:02:47,11278.854,149.40918,-934.3111,4.5840454,3.6762648,352.48703
1970-01-01 06:02:48,11256.082,157.73488,-786.30145,3.0886517,8.543795,352.92612
1970-01-01 06:02:49,11058.314,154.49976,-968.4192,4.5854497,-2.0870821,353.77542
1970-01-01 06:02:50,11307.893,153.94281,-992.2679,7.187092,35.22508,354.3288
1970-01-01 06:02:51,11220.24,155.63156,-843.02997,0.07150658,4.9544363,354.60052
1970-01-01 06:02:52,11294.973,,-670.346,4.0110865,8.658572,354.88538
1970-01-01 06:02:53,11133.308,155.23726,-125.23927,6.59703,-15.819677,356.07587
1970-01-01 06:02:54,11164.994,153.26299,-552.3496,-0.3040754,14.875858,356.62762
1970-01-01 06:02:55,11321.798,151.7319,-860.4114,-0.36829016,-7.312979,355.5913
1970-01-01 06:02:56,11127.336,147.98009,-743.6235,1.6611819,-27.267885,355.01276
1970-01-01 06:02:57,10980.167,155.97827,-853.5648,-3.047057,3.6749148,356.03253
1970-01-01 06:02:58,11147.754,151.14462,-1316.6456,-0.6219175,3.501416,356.53415
1970-01-01 06:02:59,11069.888,150.26814,-947.761,3.1331215,2.8742616,357.55905
1970-01-01 06:03:00,10968.09,155.99481,-821.93835,2.8694525,-1.9214733,357.6367
1970-01-01 06:03:01,11095.05,151.1428,-446.67462,-3.276849,3.7389543,0.3432489
1970-01-01 06:03:02,11020.786,155.60463,-967.0863,-0.7968541,-3.095683,1.5522407
1970-01-01 06:03:03,10925.853,149.74347,-543.0912,-5.0577097,-0.18224894,2.2782226
1970-01-01 06:03:04,11024.478,147.24118,-757.26044,9.136733,-10.111139,1.2823436
1970-01-01 06:03:05,10881.834,162.35205,-805.4767,2.5803673,-5.629894,1.4483032
1970-01-01 06:03:06,11073.046,155.051,-1062.6277,2.4934688,-3.9804616,1.3609959
1970-01-01 06:03:07,11085.548,154.51111,-745.6493,-2.214091,-4.143681,2.1983423
1970-01-01 06:03:08,10989.867,156.34872,-863.833,4.343294,-14.62126,1.4443407
1970-01-01 06:03:09,10861.778,154.03181,-660.9029,2.3996952,10.1188345,1.6792066
1970-01-01 06:03:10,10859.533,153.02417,-489.89877,0.14958765,-0.39128485,1.2264341
1970-01-01 06:03:11,11036.389,151.84184,-1041.9412,9.107346,1.3062356,1.1858156
1970-01-01 06:03:12,10913.441,153.98508,-900.45135,3.1544645,13.095388,0.57036495
1970-01-01 06:03:13,10928.776,148.20715,-802.12256,4.6623697,12.690591,
1970-01-01 06:03:14,10838.678,161.61143,-1013.44885,7.329569,-6.5676084,2.7772555
1970-01-01 06:03:15,10964.224,153.17917,-930.2155,3.9223204,-2.9458237,2.1496394
1970-01-01 06:03:16,10948.243,154.42026,-940.9008,4.5492754,-14.852128,3.807484
1970-01-01 06:03:17,10937.33,155.56981,-946.06085,5.176491,,4.2659044
1970-01-01 06:03:18,10930.82,148.84868,-686.95953,1.0109099,17.778784,4.8387895
1970-01-01 06:03:19,10927.74,154.11641,-792.33746,-1.1672617,10.531323,5.1200266
1970-01-01 06:03:20,10952.618,151.8693,-807.98785,5.6398406,-3.8518724,5.3324347
1970-01-01 06:03:21,10975.905,151.59557,-390.36084,0.07152854,13.618736,5.283115
1970-01-01 06:03:22,10748.907,152.11734,-1119.0408,4.2287555,10.907664,6.3746676
1970-01-01 06:03:23,10830.594,153.56017,-1059.1969,-2.9634104,9.311447,4.750953
1970-01-01 06:03:24,10913.219,150.26807,-1076.7993,-1.8873695,-19.082617,2.9503586
1970-01-01 06:03:25,10852.345,148.68344,-379.8571,-2.3597927,13.105344,2.1018786
1970-01-01 06:03:26,10705.753,147.46983,-941.2258,0.51381904,-7.5128465,2.5738363
1970-01-01 06:03:27,10718.219,157.82103,-688.1294,7.140603,0.6361744,3.5540946
1970-01-01 06:03:28,10722.81,150.64212,-737.8888,0.74816513,-0.53244734,1.7248619
1970-01-01 06:03:29,10608.387,146.20746,-625.93567,7.338548,-9.259539,0.9486938
1970-01-01 06:03:30,10846.071,155.48212,-645.58386,-0.01566107,-1.6222413,1.2454008
1970-01-01 06:03:31,10599.158,156.43204,-917.07794,-0.38302436,3.35576,2.274014
1970-01-01 06:03:32,10698.2,164.58067,-876.62305,2.7500596,-2.2980037,0.53594404
1970-01-01 06:03:33,10630.038,152.37334,-629.77094,-2.6234415,-17.644493,0.36054328
1970-01-01 06:03:34,10790.927,153.25809,-517.1817,6.1857038,4.9096947,0.24737638
1970-01-01 06:03:35,10608.205,154.09436,-827.3272,0.43690315,5.145667,0.90806186
1970-01-01 06:03:36,10587.363,149.03487,-551.963,1.4229736,4.957407,2.0551715
1970-01-01 06:03:37,10391.864,153.1304,-528.6282,-1.6506587,-9.109841,3.8778858
1970-01-01 06:03:38,10489.728,160.96948,-607.1321,3.7173548,22.657549,4.2524624
1970-01-01 06:03:39,10588.231,150.60677,-714.8534,1.1295843,8.9642725,3.92697
1970-01-01 06:03:40,10599.374,150.4986,-736.0657,3.1992753,-6.8447313,4.407432
1970-01-01 06:03:41,10729.902,158.264,-1056.4545,1.9044927,8.741565,5.1255865
1970-01-01 06:03:42,10738.372,149.36177,-691.6773,-0.5851256,1.2188447,3.9107025
1970-01-01 06:03:43,10529.635,156.3041,-749.0577,1.6432676,-11.372878,4.775082
1970-01-01 06:03:44,10550.425,155.28293,-517.7547,3.1009126,13.409628,6.157361
1970-01-01 06:03:45,10606.413,155.5293,-805.9585,3.5144792,-0.2027403,6.8005905
1970-01-01 06:03:46,10507.147,152.40913,-1075.3436,4.8640766,-21.049606,5.9865904
1970-01-01 06:03:47,10530.506,153.59113,-889.4209,-1.9632138,-4.174856,4.5914817
1970-01-01 06:03:48,10438.213,149.36508,-875.1628,-3.0584133,-2.3410416,4.187378
1970-01-01 06:03:49,10646.368,159.25815,-890.6623,-0.13447349,-12.571702,4.7975445
1970-01-01 06:03:50,10591.94,157.251,-101.8201,3.974854,7.5929365,3.148735
1970-01-01 06:03:51,10423.477,157.16365,-692.56354,1.0240716,2.768716,4.207953
1970-01-01 06:03:52,10421.018,152.25053,-700.2521,4.751678,-0.61868364,3.5565975
1970-01-01 06:03:53,10410.838,153.07909,-612.3246,0.45358804,13.075244,4.222433
1970-01-01 06:03:54,10502.584,159.3868,-561.1165,5.3279443,10.467198,2.7069745
1970-01-01 06:03:55,10386.855,154.20996,-840.9575,2.9153082,0.027057998,2.9718068
1970-01-01 06:03:56,10500.464,148.55359,-760.7704,1.3095598,-2.9434972,4.012528
1970-01-01 06:03:57,10460.142,155.45184,-429.77365,5.062454,3.315594,3.8968747
1970-01-01 06:03:58,10371.657,153.83783,-425.08496,0.747038,-2.487014,3.9532654
1970-01-01 06:03:59,10348.391,144.31194,-651.71674,2.1124883,-8.2111435,3.7308836
1970-01-01 06:04:00,10231.077,147.6917,-587.684,5.1861353,-5.2737765,4.475716
1970-01-01 06:04:01,10291.309,155.92726,-718.6799,0.16491553,-0.77250624,5.4906516
1970-01-01 06:04:02,10348.18,152.55006,-981.06506,9.367383,-10.242055,5.639807
1970-01-01 06:04:03,10339.003,151.09906,-777.8354,1.7803504,-21.035372,6.244769
1970-01-01 06:04:04,10362.793,152.09077,-861.6332,1.4500631,-5.5685587,6.5219517
1970-01-01 06:04:05,10307.925,153.63574,-993.00574,3.0356889,-7.325506,5.797573
1970-01-01 06:04:06,10216.009,152.04349,-1015.1266,-1.0593921,26.018127,7.4103737
1970-01-01 06:04:07,10267.117,149.92024,-831.33563,6.418338,-7.5054803,6.742453
1970-01-01 06:04:08,10272.67,155.9117,-1152.6986,-0.22481441,12.643991,5.092601
1970-01-01 06:04:09,10212.878,154.84952,-439.4295,7.2820497,-12.541965,5.6815667
1970-01-01 06:04:10,10188.532,,-646.6374,1.5609429,-3.8308082,6.649594
1970-01-01 06:04:11,10200.563,155.49619,-785.6941,-3.4630904,1.1492112,
1970-01-01 06:04:12,10140.33,158.75352,-764.5774,7.970515,-8.097524,4.5831704
1970-01-01 06:04:13,10076.9375,152.24358,-842.311,-1.2321786,5.456316,4.2973905
1970-01-01 06:04:14,10185.114,157.84087,-838.5069,3.606726,8.562129,5.1073313
1970-01-01 06:04:15,10034.986,150.31853,-820.3046,-1.6951883,14.932362,4.4307513
1970-01-01 06:04:16,10201.052,149.02782,-462.20303,2.04995,5.6040745,4.464348
1970-01-01 06:04:17,10245.985,149.38992,-1146.6478,3.073102,-2.199776,5.783881
1970-01-01 06:04:18,10058.15,158.01509,-645.2783,7.0991235,-1.5665138,5.190695
1970-01-01 06:04:19,9938.971,149.44403,-722.6545,-2.627673,4.2502623,5.841667
1970-01-01 06:04:20,10013.397,151.3461,-929.0508,-0.44792184,12.468866,7.219084
1970-01-01 06:04:21,10029.205,153.0088,-771.0503,1.2306736,-0.55041045,6.7639914
1970-01-01 06:04:22,10160.234,150.88736,-624.00793,6.8350544,-5.443193,7.6245656
1970-01-01 06:04:23,10096.446,146.28899,-955.6206,1.7578012,-0.81819504,6.5738416
1970-01-01 06:04:24,10267.525,155.63943,-887.7097,0.9742247,2.1311219,6.380454
1970-01-01 06:04:25,9985.356,158.37732,-863.7487,2.275279,-10.315591,5.9057484
1970-01-01 06:04:26,10123.364,151.2918,-746.319,3.3493617,-11.763146,7.031598
1970-01-01 06:04:27,9878.378,155.74324,-772.9209,3.5141726,-8.829533,5.986
1970-01-01 06:04:28,10010.129,153.59676,-930.5357,1.4401431,2.628398,6.967053
1970-01-01 06:04:29,9952.262,151.93602,-1101.1619,0.02630514,-7.6802363,6.6576967
1970-01-01 06:04:30,9957.02,156.03989,-878.6362,0.41701624,1.7501892,7.5788083
1970-01-01 06:04:31,10014.358,153.1357,-812.21265,1.7314026,1.9499363,9.093451
1970-01-01 06:04:32,10027.856,153.41194,-886.0535,9.908758,6.062043,8.376856
1970-01-01 06:04:33,9807.979,149.35378,-813.6991,1.0473266,-5.4532676,7.0880647
1970-01-01 06:04:34,9864.082,153.04942,-629.86523,-0.7627761,6.3553214,5.9888887
1970-01-01 06:04:35,,153.95505,-761.3804,3.8252788,-5.541655,5.720951
1970-01-01 06:04:36,9981.291,152.16948,-677.29016,-1.2936741,-0.31423664,5.017057
1970-01-01 06:04:37,9720.947,147.9033,-888.16986,0.2952974,3.5611808,5.657482
1970-01-01 06:04:38,9860.639,161.3911,-971.79755,2.9421358,23.154942,7.02786
1970-01-01 06:04:39,9832.037,149.1969,-718.56775,3.4553988,6.1833735,5.868274
1970-01-01 06:04:40,9828.167,159.48341,-865.15247,-0.97340536,-2.5098152,6.1906204
1970-01-01 06:04:41,9808.346,155.85812,-971.87573,0.06619474,-18.166842,6.967213
1970-01-01 06:04:42,9751.415,158.13538,-676.67664,-0.17069703,0.20980869,7.374942
1970-01-01 06:04:43,9776.067,154.1577,-704.18677,4.753609,-11.938257,7.217424
1970-01-01 06:04:44,9673.752,158.86649,-761.2735,-0.26975328,1.6031482,7.1988792
1970-01-01 06:04:45,9704.723,155.15399,-456.71832,-2.7642562,2.7819889,9.372899
1970-01-01 06:04:46,9715.619,152.92844,-928.1952,1.6919667,18.51805,9.053021
1970-01-01 06:04:47,9669.49,150.48276,-707.574,3.3794138,6.9286566,8.51244
1970-01-01 06:04:48,9809.523,153.50565,-953.2238,0.8914818,-5.2875395,10.626646
1970-01-01 06:04:49,9684.778,150.01945,-619.60876,-1.5214515,18.489265,11.75418
1970-01-01 06:04:50,9670.085,160.58209,-878.502,0.868766,-0.87665725,10.748668
1970-01-01 06:04:51,9587.412,150.6817,-640.70624,-1.0575562,5.2239747,9.3289385
1970-01-01 06:04:52,9809.898,154.40712,-743.61096,3.76872,-18.708418,10.077209
1970-01-01 06:04:53,9471.87,153.50594,-706.9863,4.3157606,5.301579,11.130918
1970-01-01 06:04:54,9730.535,160.78722,-887.1174,6.1870284,-1.5152855,12.01763
1970-01-01 06:04:55,9508.931,154.4629,-898.92413,0.761233,-4.898589,9.370523
1970-01-01 06:04:56,9594.338,161.34167,-798.3596,-0.72415966,13.529953,7.2260437
1970-01-01 06:04:57,9593.953,153.34793,-771.1738,-1.2193276,7.822987,8.342044
1970-01-01 06:04:58,9613.991,153.39723,-644.2921,-2.8018103,4.4108386,7.1854153
1970-01-01 06:04:59,9598.782,151.4908,-882.8028,2.2754188,9.520349,6.58796
1970-01-01 06:05:00,9597.734,151.6109,-1194.039,3.099774,-3.6108687,6.713447
1970-01-01 06:05:01,9557.461,158.06223,-531.90405,-0.99264675,-2.9434948,8.196757
1970-01-01 06:05:02,9431.545,156.50568,-876.6398,0.3094814,-5.558657,8.460259
1970-01-01 06:05:03,9536.791,158.76152,-713.67426,1.8572086,-28.634886,9.026311
1970-01-01 06:05:04,9580.116,157.28592,-1053.0776,1.20602,1.9290031,10.137841
1970-01-01 06:05:05,9496.469,154.11157,-815.3167,1.6162716,-5.2172966,10.500783
1970-01-01 06:05:06,9396.516,147.79099,-869.26056,-3.564192,0.6623607,10.645237
1970-01-01 06:05:07,9570.452,144.67319,-894.1818,6.5588255,7.5241413,12.08913
1970-01-01 06:05:08,9418.725,154.92735,-689.144,6.2183223,-0.043482024,13.107275
1970-01-01 06:05:09,9393.638,152.75436,-1128.5626,0.42836243,-9.673894,12.701621
1970-01-01 06:05:10,9407.891,158.03091,-917.0255,-1.7745377,9.097925,11.735038
1970-01-01 06:05:11,9418.241,151.23535,-558.2837,2.2701688,18.858538,14.643286
1970-01-01 06:05:12,9362.9,145.74054,-783.4493,1.0705024,5.0663443,13.792997
1970-01-01 06:05:13,9311.54,156.45024,-979.8135,-1.7369361,9.8059635,15.127134
1970-01-01 06:05:14,9402.476,151.53697,-949.9114,1.2677358,-0.6660156,14.340238
1970-01-01 06:05:15,9501.849,159.18274,-848.2836,0.9469608,,14.340334
1970-01-01 06:05:16,9293.69,164.10326,-752.87366,6.5636024,-26.588654,13.633146
1970-01-01 06:05:17,9433.912,154.12534,-935.9095,2.5518708,0.0047160056,13.612828
1970-01-01 06:05:18,9319.643,155.24205,-1005.7872,0.8224918,8.8732815,13.978532
1970-01-01 06:05:19,9186.481,147.45082,-1235.4836,0.073971264,1.3460994,14.57166
1970-01-01 06:05:20,9269.527,159.30305,-852.31134,4.107576,-12.398681,13.155082
1970-01-01 06:05:21,9335.864,154.45975,-686.7194,0.71565694,12.688685,13.773218
1970-01-01 06:05:22,9304.221,156.21318,-1029.7919,5.831355,-17.71921,15.191806
1970-01-01 06:05:23,9214.711,155.80533,-1308.5468,-4.1368003,23.848871,14.487397
1970-01-01 06:05:24,9272.322,158.16602,-805.4599,-1.6134933,-22.512442,14.996099
1970-01-01 06:05:25,9132.881,155.90163,-594.77124,-2.2623565,2.2096148,14.942842
1970-01-01 06:05:26,9247.346,152.21483,-1015.4995,-2.4715698,2.5961292,14.809627
1970-01-01 06:05:27,9297.068,150.33096,-915.4746,4.10489,-7.119576,14.696305
1970-01-01 06:05:28,9071.454,159.93312,-936.0534,0.32348678,-2.0010629,15.333964
1970-01-01 06:05:29,9312.16,161.56941,-871.274,12.130086,-6.5428877,16.053799
1970-01-01 06:05:30,9179.188,155.5258,-1030.2817,-0.7612012,-5.7942986,16.673494
1970-01-01 06:05:31,9146.236,161.22458,-853.42834,-0.46018726,8.932417,17.33204
1970-01-01 06:05:32,9039.722,153.14084,-600.383,4.9382353,-1.6317228,16.115297
1970-01-01 06:05:33,9166.551,160.17448,-822.2411,5.4421577,0.17740744,14.7773485
1970-01-01 06:05:34,9074.186,150.53333,-698.2087,-5.0214734,-7.5604386,15.170096
1970-01-01 06:05:35,9203.177,161.05574,-567.78516,-2.2130563,-6.7504334,15.599473
1970-01-01 06:05:36,9178.152,149.79628,-664.9884,3.5840735,2.5962331,15.594086
1970-01-01 06:05:37,9154.655,155.06148,-694.46893,3.5385392,-9.318924,16.018398
1970-01-01 06:05:38,9214.278,154.2684,-697.5716,-1.2760901,-7.5426064,15.58961
1970-01-01 06:05:39,9124.254,157.3781,-754.9608,-3.8462684,3.346988,15.732849
1970-01-01 06:05:40,8994.261,159.23302,-804.8041,-0.8069398,8.948729,15.632517
1970-01-01 06:05:41,8997.575,157.43416,-797.7062,2.3910668,-0.61504376,17.034298
1970-01-01 06:05:42,9100.389,158.95804,-613.4257,-5.699066,3.3804364,18.173092
1970-01-01 06:05:43,9005.93,157.02602,-663.4754,1.444751,4.8592167,17.933754
1970-01-01 06:05:44,,152.92699,-660.9295,1.2365156,-2.887884,17.302694
1970-01-01 06:05:45,8983.397,158.81873,-685.67236,-2.6057816,17.906961,16.978014
1970-01-01 06:05:46,8925.485,151.92264,-740.4168,-6.140057,-4.516432,17.57689
1970-01-01 06:05:47,8991.124,151.93704,-669.16534,1.5842689,-0.051017605,18.210192
1970-01-01 06:05:48,8930.541,153.39215,-770.1214,1.4630091,26.715563,18.83872
1970-01-01 06:05:49,8889.556,156.38634,-845.3083,-2.822145,3.4777143,18.812647
1970-01-01 06:05:50,8858.034,151.50755,-919.157,8.560598,-4.3415747,20.971895
1970-01-01 06:05:51,8966.292,152.14322,-1231.7592,-0.75890374,-15.636115,21.789728
1970-01-01 06:05:52,8827.08,163.18443,-649.00146,2.0755923,10.045258,21.427143
1970-01-01 06:05:53,8959.953,156.11638,-839.036,-1.8609426,-9.398211,22.085201
1970-01-01 06:05:54,8639.3545,159.73807,-1036.8152,-4.548325,-2.309541,22.450388
1970-01-01 06:05:55,8812.753,158.51424,-744.9996,2.9638565,-11.905514,21.753859
1970-01-01 06:05:56,8816.711,149.75201,-571.1756,0.19300523,11.310764,21.561823
1970-01-01 06:05:57,9002.271,158.24402,-1085.5616,1.5001909,8.307914,22.270386
1970-01-01 06:05:58,8805.215,153.75221,-531.0701,-1.7534705,-9.058375,23.171534
1970-01-01 06:05:59,8923.584,158.82274,-1183.8005,3.0339122,14.713943,24.536615
1970-01-01 06:06:00,8793.667,157.2222,-795.8609,4.383138,8.4339485,23.454601
1970-01-01 06:06:01,8842.49,161.47583,-710.24036,-1.7029178,7.9821916,23.296118
1970-01-01 06:06:02,8735.15,147.18237,-593.3359,3.3075802,5.072861,23.474442
1970-01-01 06:06:03,8667.527,153.42186,-772.5588,7.1220655,-10.556911,23.17872
1970-01-01 06:06:04,8647.485,159.20773,-1056.9766,5.1033583,10.824897,25.10679
1970-01-01 06:06:05,8721.735,157.95781,-683.7106,3.4491718,-11.7867155,26.073225
1970-01-01 06:06:06,8684.804,152.99109,-784.5224,3.9139829,3.248455,26.422966
1970-01-01 06:06:07,8713.156,153.03299,-848.7346,0.10916761,0.18535413,26.877275
1970-01-01 06:06:08,8597.456,155.33133,-752.8297,2.4510303,-10.548895,25.773579
1970-01-01 06:06:09,8669.558,162.98311,-912.0819,1.5729662,-3.9985285,26.674097
1970-01-01 06:06:10,8633.129,158.77286,-940.8419,3.5433142,-8.001811,27.263632
1970-01-01 06:06:11,8568.642,157.57637,-706.6084,-3.4249113,6.4059057,28.76388
1970-01-01 06:06:12,8660.123,158.54451,-741.74274,-3.216837,,30.077892
1970-01-01 06:06:13,8810.243,154.78157,-508.5056,-1.2193519,-7.459354,29.707472
1970-01-01 06:06:14,8670.572,156.7956,-827.30286,0.9760157,1.7157708,29.579914
1970-01-01 06:06:15,8675.038,157.72281,-620.69354,1.7202717,-6.9972544,29.838614
1970-01-01 06:06:16,8611.198,154.31433,-662.2573,2.7469497,-7.515359,28.905901
1970-01-01 06:06:17,8591.153,158.05733,-994.082,2.2483397,-2.8843896,30.43972
1970-01-01 06:06:18,8564.479,157.7867,-980.8825,6.100555,-7.3653765,31.552717
1970-01-01 06:06:19,8548.683,156.64618,-1105.9203,2.3057377,0.609716,31.46746
1970-01-01 06:06:20,8479.762,153.67995,-834.49457,7.2972035,7.5458813,30.251522
1970-01-01 06:06:21,8542.758,153.82214,-757.29486,4.0258904,8.890574,29.29573
1970-01-01 06:06:22,8488.173,158.1395,-696.63275,8.204416,11.942021,29.108065
1970-01-01 06:06:23,8475.475,155.70085,-1131.5077,5.7753973,-11.768067,29.251099
1970-01-01 06:06:24,8483.682,156.4573,-546.5965,2.6916602,-8.179717,28.369822
1970-01-01 06:06:25,8633.131,153.28973,-1073.2155,4.80304,-7.242261,29.12833
1970-01-01 06:06:26,8376.344,159.96837,-917.0336,-1.9611058,7.344454,27.460665
1970-01-01 06:06:27,8482.112,159.43683,-536.3083,-0.8986316,28.298191,27.851555
1970-01-01 06:06:28,8388.811,152.08047,-766.02325,4.4268684,4.0089297,27.286781
1970-01-01 06:06:29,8387.128,156.29968,-1059.0487,5.9098434,-15.028826,25.946842
1970-01-01 06:06:30,8546.354,163.62927,-670.1621,4.0029874,4.078441,25.743303
1970-01-01 06:06:31,8405.835,156.78119,-844.4037,4.5604906,-14.690503,24.95364
1970-01-01 06:06:32,8420.896,153.55078,-873.506,7.8179674,3.1167147,25.070822
1970-01-01 06:06:33,8203.198,152.74265,-953.1951,-3.811192,0.27597782,26.056604
1970-01-01 06:06:34,8428.483,151.38928,-894.1647,7.113542,14.179176,26.364098
1970-01-01 06:06:35,8361.181,152.07161,-1022.906,3.4305532,-2.1037834,25.716383
1970-01-01 06:06:36,8345.666,153.17355,-797.24756,1.2890478,17.135721,24.252708
1970-01-01 06:06:37,8305.238,159.49986,-576.1248,-1.4738811,9.457877,24.042791
1970-01-01 06:06:38,8293.128,158.36253,-1020.6354,-5.682961,9.125734,25.682428
1970-01-01 06:06:39,8200.119,148.96533,-635.4494,-2.0825357,7.7287016,26.555916
1970-01-01 06:06:40,8310.723,161.67151,-842.3,4.837003,7.2086287,26.593382
1970-01-01 06:06:41,8234.757,155.79924,-808.4402,-0.65169567,0.68508554,26.323502
1970-01-01 06:06:42,8208.143,155.28993,-1128.6898,3.733878,4.1954694,24.937874
1970-01-01 06:06:43,8154.797,158.09831,-702.5648,4.7401657,1.4179441,24.527891
1970-01-01 06:06:44,8193.168,164.04135,-1029.8384,3.3360803,-3.0714476,25.940365
1970-01-01 06:06:45,8332.87,153.2442,-831.8405,0.05082652,,25.77116
1970-01-01 06:06:46,8089.479,154.88765,-606.0713,5.9582744,-25.07997,25.161911
1970-01-01 06:06:47,8086.657,155.50905,-1366.0869,2.7244449,-7.4110675,23.335312
1970-01-01 06:06:48,8120.966,151.23003,-782.0626,1.3004575,0.3098784,23.418283
1970-01-01 06:06:49,8200.449,161.0321,-948.99664,0.923293,25.818594,22.993755
1970-01-01 06:06:50,8051.735,157.53706,-667.6156,-0.4261078,12.896104,21.85812
1970-01-01 06:06:51,8082.729,152.04218,-962.01263,2.7201018,-4.6240005,20.963594
1970-01-01 06:06:52,8156.183,157.43188,-792.75665,5.872676,6.3298965,19.892914
1970-01-01 06:06:53,8095.7056,161.7456,-765.74036,3.1828265,-17.862589,20.553665
1970-01-01 06:06:54,8148.721,154.28748,-741.1082,5.8311353,7.8227777,20.781063
1970-01-01 06:06:55,8103.3276,156.05154,-1038.06,9.323459,-25.739183,20.819536
1970-01-01 06:06:56,7985.4272,158.52826,-1176.4263,-1.2472928,1.9637278,19.984215
1970-01-01 06:06:57,8002.7637,160.80263,-1045.3883,-0.92690396,-1.7487355,20.473349
1970-01-01 06:06:58,8089.2188,153.11472,-175.40169,0.9480084,-14.552975,20.365347
1970-01-01 06:06:59,7980.652,157.4608,-1255.5863,7.513567,-8.113211,20.066824
1970-01-01 06:07:00,8059.938,159.6346,-1243.567,4.3899345,10.827646,19.293888
1970-01-01 06:07:01,7956.05,155.7306,-1255.8556,5.306205,-15.508817,18.83486
1970-01-01 06:07:02,7915.5146,147.17583,-736.7033,2.5989227,20.011124,17.927402
1970-01-01 06:07:03,7908.6978,151.84679,-743.7528,1.4372452,8.63543,18.24211
1970-01-01 06:07:04,7823.7026,161.94844,-787.269,7.3559885,-17.217192,15.105314
1970-01-01 06:07:05,7909.7617,153.03354,,-2.8837895,2.8240454,16.419476
1970-01-01 06:07:06,7841.5737,152.43596,-602.0659,-0.85405535,12.769463,16.802143
1970-01-01 06:07:07,8002.6704,167.92488,-981.316,5.6877465,2.8951843,18.818958
1970-01-01 06:07:08,7920.8896,154.68768,-939.0639,5.773794,12.597367,16.316399
1970-01-01 06:07:09,7980.5986,157.8067,-513.7579,6.2390394,-10.121763,15.92653
1970-01-01 06:07:10,7795.7153,150.59357,-442.35278,-7.531869,-18.529522,15.009404
1970-01-01 06:07:11,7847.1143,160.6792,-760.92114,3.8251522,-2.6730819,14.962293
1970-01-01 06:07:12,7907.3867,160.3159,-1089.2109,4.006609,1.0431273,15.395803
1970-01-01 06:07:13,7853.672,155.33159,-948.6845,2.418379,-4.8391685,15.220423
1970-01-01 06:07:14,7703.083,155.65569,-633.9131,2.7728093,1.1931639,15.217871
1970-01-01 06:07:15,7946.578,155.8518,-1101.5573,,-10.245238,14.55969
1970-01-01 06:07:16,7843.5664,157.75102,-927.3186,0.11669226,-9.214372,14.6168995
1970-01-01 06:07:17,7923.1387,156.19563,-473.93967,3.1730494,11.724622,14.151821
1970-01-01 06:07:18,7725.202,159.44937,-1219.5776,3.2183998,14.871264,14.079502
1970-01-01 06:07:19,7742.138,154.4962,-1086.6577,0.82330585,-9.4510975,14.69658
1970-01-01 06:07:20,7797.949,161.49344,-698.0548,-0.5000623,8.126386,16.02824
1970-01-01 06:07:21,7681.6445,158.2854,-783.48206,1.7466475,3.1122775,14.995243
1970-01-01 06:07:22,7605.359,155.84607,-1053.2754,1.7486858,0.9382871,13.449271
1970-01-01 06:07:23,7776.1475,159.24849,-635.73444,-0.94377273,-1.8935235,12.770506
1970-01-01 06:07:24,7755.428,157.61818,-833.304,3.0126507,-7.6037064,13.388217
1970-01-01 06:07:25,7610.857,156.69733,-568.9964,5.282908,-24.223978,15.825573
1970-01-01 06:07:26,7675.5903,157.83252,-586.69806,0.77443594,-17.654757,14.650548
1970-01-01 06:07:27,7645.398,150.80022,-768.01404,1.4118155,3.4631174,15.268335
1970-01-01 06:07:28,7667.817,156.50372,-595.0594,7.286326,-0.6863317,14.800094
1970-01-01 06:07:29,7684.901,151.80809,-884.1468,4.2592034,12.23466,15.240527
1970-01-01 06:07:30,7625.708,157.1405,-791.87317,6.1244245,11.239876,17.20734
1970-01-01 06:07:31,7669.3774,160.74753,-610.3953,1.111939,0.018041363,17.168514
1970-01-01 06:07:32,7586.196,155.12695,-728.324,3.9523213,0.5985808,17.165386
1970-01-01 06:07:33,7485.596,159.15382,-565.66907,-4.642155,3.585624,17.513899
1970-01-01 06:07:34,7445.754,159.30324,-943.25446,4.7314534,-1.31395,17.561998
1970-01-01 06:07:35,7669.901,151.5693,-753.73303,4.176154,-14.662366,18.703827
1970-01-01 06:07:36,7509.367,159.89178,-818.4353,4.543297,4.786402,21.379595
1970-01-01 06:07:37,7547.1743,160.14983,-942.9278,1.3541288,15.15235,23.302164
1970-01-01 06:07:38,7584.8013,155.57512,-784.70135,5.0013094,-5.1031847,24.45855
1970-01-01 06:07:39,7473.589,157.85266,-1049.0858,3.4361074,16.181004,24.76465
1970-01-01 06:07:40,7541.374,159.4931,-730.1087,2.9928126,13.5603485,22.872313
1970-01-01 06:07:41,7469.824,157.18323,-562.90265,5.12528,-16.28173,22.592958
1970-01-01 06:07:42,7380.203,149.27141,-1088.7642,1.580365,2.7429419,22.784985
1970-01-01 06:07:43,7329.6294,159.23895,-954.3954,4.031907,10.654196,22.666676
1970-01-01 06:07:44,7523.373,160.10187,-928.39276,0.8596499,5.010765,21.583202
1970-01-01 06:07:45,7437.049,160.47386,-721.6555,1.5298656,6.036031,21.465439
1970-01-01 06:07:46,7351.654,160.5036,-740.5737,0.75899494,1.6619836,22.056417
1970-01-01 06:07:47,7606.837,156.5544,-810.9089,3.851591,-2.6286767,22.11923
1970-01-01 06:07:48,7340.4707,159.30681,,3.9815867,-4.5365763,22.39441
1970-01-01 06:07:49,7430.6753,163.41026,-828.37445,0.17673473,-13.056393,22.064335
1970-01-01 06:07:50,7424.522,167.39186,-603.7777,5.9805956,15.967144,19.354889
1970-01-01 06:07:51,7506.9653,165.34006,-437.02588,2.499203,8.266054,18.884941
1970-01-01 06:07:52,7353.289,151.77888,-1234.5913,-0.20912807,-19.429665,18.511835
1970-01-01 06:07:53,7419.689,154.59012,-746.1971,2.839742,-6.3287373,18.248308
1970-01-01 06:07:54,7106.355,149.20349,-946.9993,5.673218,1.3149534,18.613962
1970-01-01 06:07:55,7293.1904,161.00339,-962.90436,-1.454813,8.587717,19.13767
1970-01-01 06:07:56,7348.1357,159.25555,-712.06805,-2.66037,3.4103029,19.496094
1970-01-01 06:07:57,7142.096,153.65323,-947.0361,0.21198389,-3.0812244,20.461267
1970-01-01 06:07:58,7312.8135,149.39491,-590.6618,-1.574211,-13.579089,20.16701
1970-01-01 06:07:59,7257.6826,158.65712,-978.5039,0.57123935,8.656008,19.854294
1970-01-01 06:08:00,7164.716,161.62325,-869.943,5.2823887,-15.277435,18.852724
1970-01-01 06:08:01,7286.59,158.41125,-710.0951,0.64503676,-0.09124104,19.531572
1970-01-01 06:08:02,7175.5103,156.98137,-1004.67365,6.2477026,9.030056,19.139282
1970-01-01 06:08:03,7202.094,158.17488,-605.1087,-0.8123382,-5.847124,16.262808
1970-01-01 06:08:04,7139.9395,159.74597,-433.80203,4.3946257,1.2615676,16.245005
1970-01-01 06:08:05,7149.011,157.82132,-344.31418,3.969824,-2.3522959,15.939541
1970-01-01 06:08:06,7129.5503,160.7146,-726.7609,-1.7785798,-3.1173296,15.973518
1970-01-01 06:08:07,7110.9453,154.97221,-876.65125,3.1338973,-2.148067,16.325323
1970-01-01 06:08:08,7102.0933,163.54836,-1130.5764,1.3424177,-10.104625,16.150684
1970-01-01 06:08:09,7137.456,152.23354,-666.37854,-0.36204323,5.0350027,14.554642
1970-01-01 06:08:10,7061.634,157.24733,-947.92975,-3.640759,-5.808561,15.053172
1970-01-01 06:08:11,7315.3926,165.0313,-1280.3818,2.835693,22.549768,14.780962
1970-01-01 06:08:12,7089.7173,161.96362,-946.8617,2.3527555,-2.263508,14.04668
1970-01-01 06:08:13,6864.808,159.92236,-585.8723,7.1937313,2.724961,13.06601
1970-01-01 06:08:14,7009.6895,154.90005,-721.4614,7.4132795,3.7577991,13.4178
1970-01-01 06:08:15,7198.3877,161.09143,-426.48697,3.9894435,5.205751,13.681009
1970-01-01 06:08:16,7104.9453,155.2444,-727.9095,-0.39016956,-3.9010005,14.184344
1970-01-01 06:08:17,7007.9097,156.39064,-908.75116,4.6775436,5.851812,14.968639
1970-01-01 06:08:18,6924.6997,151.50896,-637.99414,0.3722347,-3.1521466,15.707927
1970-01-01 06:08:19,7028.627,160.32231,-595.2552,-4.659639,5.612685,15.99967
1970-01-01 06:08:20,7030.277,155.13808,-828.0265,7.326316,-10.114714,16.632568
1970-01-01 06:08:21,6910.8047,153.96646,-879.7223,6.6556396,-0.46658555,17.422632
1970-01-01 06:08:22,6928.8013,158.73659,-760.67523,-0.36361638,-5.4832516,17.495623
1970-01-01 06:08:23,7021.0015,158.08928,-651.4705,7.457416,3.476871,17.38364
1970-01-01 06:08:24,7039.7056,164.33376,-738.33636,-1.9839792,6.545467,16.92061
1970-01-01 06:08:25,6914.8623,159.41507,-730.80176,7.3306775,9.407138,17.067322
1970-01-01 06:08:26,6926.4688,158.6431,-1127.1355,0.022621887,-0.95834905,16.290663
1970-01-01 06:08:27,6936.57,154.96208,-976.4194,4.6698575,-8.657913,18.099157
1970-01-01 06:08:28,6848.8354,158.17944,-651.7292,-2.4255407,9.977168,18.97335
1970-01-01 06:08:29,6753.654,157.80798,-908.27484,5.5987964,4.4614773,20.443224
1970-01-01 06:08:30,6917.2407,157.46783,-839.3392,-0.15383092,-23.279827,20.97628
1970-01-01 06:08:31,6848.392,163.14754,-1057.6545,0.67919487,8.227679,20.71026
1970-01-01 06:08:32,6868.316,149.31584,-866.0787,4.2777333,-9.82655,21.515438
1970-01-01 06:08:33,6873.1133,161.3636,-875.5902,1.0867085,-5.35055,20.551485
1970-01-01 06:08:34,6924.265,152.33606,-800.9512,1.0609618,11.977741,19.794292
1970-01-01 06:08:35,6654.097,153.18283,-836.3064,,0.34478918,20.198656
1970-01-01 06:08:36,6776.0034,155.25221,-682.1602,-1.1667707,-4.5377526,21.377346
1970-01-01 06:08:37,6792.633,158.8237,-1263.9426,8.300273,6.7981606,20.32634
1970-01-01 06:08:38,6794.666,149.61606,-858.0229,0.6363121,-10.427068,20.596992
1970-01-01 06:08:39,6741.0083,157.4647,-877.22296,0.85826236,-4.3814425,21.100334
1970-01-01 06:08:40,6847.068,159.97557,-742.0444,-1.386343,-3.5264316,20.79946
1970-01-01 06:08:41,6719.3467,162.76207,-639.73315,-6.3770266,2.8460772,21.555382
1970-01-01 06:08:42,6672.1055,159.58911,-760.68896,-0.19330175,-2.1769667,20.661842
1970-01-01 06:08:43,6632.4585,157.85701,-651.32666,0.7901811,3.1831002,20.702707
1970-01-01 06:08:44,6771.4536,152.00764,-635.48285,2.3611317,13.280543,21.40889
1970-01-01 06:08:45,6679.3696,159.90292,-877.519,1.3134788,10.6129465,22.312962
1970-01-01 06:08:46,6657.3125,148.67812,-1041.0702,3.5867963,-14.473978,22.672394
1970-01-01 06:08:47,6661.9937,156.8789,-1075.216,1.1100543,8.105495,20.650452
1970-01-01 06:08:48,6655.563,153.86427,-893.88086,-2.7479353,5.3112698,20.685032
1970-01-01 06:08:49,6656.8994,158.01721,-626.0079,-0.3395417,11.511153,20.099344
1970-01-01 06:08:50,6469.2666,156.94421,-830.1202,-0.1833413,-0.91107017,20.88796
1970-01-01 06:08:51,6565.243,155.9662,-871.0109,3.7847888,-0.76715565,18.381937
1970-01-01 06:08:52,6511.3926,156.75128,-479.0616,3.7714968,4.3523135,18.98601
1970-01-01 06:08:53,6627.2847,155.71437,-432.9216,3.262885,-11.204432,18.706976
1970-01-01 06:08:54,6532.4995,161.30034,-751.61304,3.6633594,-1.7396933,17.207155
1970-01-01 06:08:55,6566.128,159.40213,-484.6761,-1.8602474,-5.1414495,16.96276
1970-01-01 06:08:56,6611.5264,168.30965,-928.24426,1.3428105,7.754317,17.388773
1970-01-01 06:08:57,6416.6016,157.20099,-1068.6425,5.320768,2.6304321,17.673662
1970-01-01 06:08:58,6595.583,160.4991,-776.4559,0.86500317,23.881973,17.814257
1970-01-01 06:08:59,6536.315,153.8011,-916.6355,-1.1991822,-12.425141,18.983631
1970-01-01 06:09:00,6325.561,148.76678,-673.7716,-1.8131847,-22.19175,18.442713
1970-01-01 06:09:01,6327.8574,150.17657,-487.1125,6.159775,-17.076307,18.58147
1970-01-01 06:09:02,6474.092,151.05272,-636.9828,-0.3852936,-19.533606,19.237246
1970-01-01 06:09:03,6436.949,157.04605,-977.53674,0.9167731,-0.48186758,18.532265
1970-01-01 06:09:04,6402.735,157.54494,-410.91144,2.5864468,5.3018622,18.188564
1970-01-01 06:09:05,6287.735,158.51129,-573.32983,1.8753096,3.086986,17.498112
1970-01-01 06:09:06,6361.755,151.29942,-216.52422,2.943213,-8.822938,16.881481
1970-01-01 06:09:07,6302.234,162.84499,-607.99585,-2.9132316,-9.87878,17.497751
1970-01-01 06:09:08,6350.5015,158.98886,-678.0392,1.9289385,-4.409615,16.76044
1970-01-01 06:09:09,6316.8184,160.85165,-726.9647,2.9892151,1.4185807,15.972047
1970-01-01 06:09:10,6415.9204,156.1801,-994.82275,3.24466,14.006028,17.298975
1970-01-01 06:09:11,6411.8315,159.29639,-597.79846,0.7134857,4.0818167,18.910837
1970-01-01 06:09:12,6459.846,155.1525,-854.9051,0.84805655,1.3076136,21.048447
1970-01-01 06:09:13,6295.884,159.0625,-819.47266,-0.2208678,-15.333021,20.367641
1970-01-01 06:09:14,6199.3164,155.55362,-635.7099,2.6344006,-0.6610796,20.634966
1970-01-01 06:09:15,6174.7666,153.28442,-774.8086,5.884786,4.631263,20.142134
1970-01-01 06:09:16,6315.67,156.32848,-802.1658,2.5188534,2.9925647,20.321114
1970-01-01 06:09:17,6144.809,150.91243,-851.7419,0.235454,10.667104,20.00153
1970-01-01 06:09:18,6137.2764,155.52841,-1085.3165,-1.7830722,9.188224,19.953348
1970-01-01 06:09:19,6176.0146,157.07726,-568.3678,3.8352046,-0.7094427,18.49068
1970-01-01 06:09:20,6117.524,151.99867,-698.1231,-2.213861,12.524005,19.133728
1970-01-01 06:09:21,6166.625,159.33315,-988.35297,6.608601,-15.17634,18.78464
1970-01-01 06:09:22,6119.77,156.88992,-705.9136,0.5121631,5.960175,18.814615
1970-01-01 06:09:23,6130.3984,157.27576,-564.11646,6.4470224,5.075263,19.983358
1970-01-01 06:09:24,6104.7754,157.58876,-784.1715,3.0208757,11.116116,20.351933
1970-01-01 06:09:25,6091.356,157.73389,-619.0987,-6.26228,-17.442446,20.209747
1970-01-01 06:09:26,6221.552,155.2826,-771.318,2.8615634,-5.311732,20.371426
1970-01-01 06:09:27,6029.377,156.62677,-1256.4203,5.015037,3.4846737,19.869524
1970-01-01 06:09:28,6171.9,162.99902,-478.11142,3.9189653,8.496378,20.77776
1970-01-01 06:09:29,6158.202,163.89401,-655.6107,0.42718467,-0.6904057,20.109308
1970-01-01 06:09:30,6018.8604,151.39122,-1055.3535,4.7772164,-6.6741633,18.57925
1970-01-01 06:09:31,5882.087,163.9625,-963.57294,5.577263,-7.92941,18.303885
1970-01-01 06:09:32,6023.9644,164.72047,-861.39484,1.0070618,-11.630999,19.140034
1970-01-01 06:09:33,6109.5894,161.59352,-1202.3605,1.3727492,3.4667397,20.47828
1970-01-01 06:09:34,5963.1606,162.03976,-1035.7245,0.9983152,-11.36153,22.556047
1970-01-01 06:09:35,5876.646,156.61748,-593.96356,5.6667323,-6.2665553,22.986813
1970-01-01 06:09:36,5897.23,153.84447,-964.41284,0.3961308,12.610187,22.602291
1970-01-01 06:09:37,6035.3154,154.72302,-1208.5011,6.071896,-2.4322286,22.208416
1970-01-01 06:09:38,6045.8926,155.04097,-649.4161,3.0356195,-14.88151,22.156378
1970-01-01 06:09:39,5912.0376,159.03798,-814.0713,7.4153137,-1.2729223,21.906996
1970-01-01 06:09:40,5951.392,163.27605,-605.16583,2.7792437,0.3695703,23.181715
1970-01-01 06:09:41,6034.485,154.68074,-859.8336,-0.9564834,12.05715,23.669704
1970-01-01 06:09:42,5974.2236,160.13464,-623.8848,1.2444692,-9.328245,25.019175
1970-01-01 06:09:43,6013.4834,160.19934,-899.73016,4.583384,6.551141,25.696772
1970-01-01 06:09:44,5977.4883,161.27094,-844.8272,-0.6903952,-8.460461,24.785398
1970-01-01 06:09:45,5864.0996,153.99141,-732.9116,7.308855,-12.296249,25.408537
1970-01-01 06:09:46,5861.7764,162.50328,,10.383605,3.8341832,27.044653
1970-01-01 06:09:47,5889.3584,156.47646,-1059.6652,3.8729777,2.169648,25.822464
1970-01-01 06:09:48,5745.928,160.06448,-679.5551,1.8127913,-3.3870475,25.901495
1970-01-01 06:09:49,5963.1465,153.1469,-792.9752,1.3108681,-11.376002,26.255068
1970-01-01 06:09:50,5803.4897,153.77124,-777.66016,1.2915727,-6.470403,24.851345
1970-01-01 06:09:51,5957.7993,157.89056,-588.7329,-0.95949286,17.334862,25.459799
1970-01-01 06:09:52,5812.8677,160.45207,-512.1423,-2.4540608,2.460093,25.76545
1970-01-01 06:09:53,5783.3184,165.18123,-932.8246,3.6588326,-17.486332,25.100872
1970-01-01 06:09:54,5839.6333,157.68774,-746.2338,4.53229,-0.9241619,23.93133
1970-01-01 06:09:55,5677.3613,161.59418,-715.1742,2.2762387,-5.4414887,23.80008
1970-01-01 06:09:56,5704.912,155.82076,-746.7669,-0.29800197,2.2291067,24.430426
1970-01-01 06:09:57,5813.9585,154.82721,-728.0627,6.464466,-0.9849251,24.712008
1970-01-01 06:09:58,5820.615,161.10573,-762.1608,2.635216,10.382259,25.010612
1970-01-01 06:09:59,5720.396,155.06915,-746.65125,-0.43539256,9.282337,26.339678
1970-01-01 06:10:00,5650.888,156.52377,-644.2072,1.3748337,13.750887,25.022978
1970-01-01 06:10:01,5787.0376,160.84402,-600.1566,2.8187978,12.491905,25.67828
1970-01-01 06:10:02,5721.738,160.89262,-507.1748,4.978923,4.519248,25.859701
1970-01-01 06:10:03,5680.8486,156.5619,-487.90616,0.17094795,-3.7081828,24.4243
1970-01-01 06:10:04,5721.0044,163.9062,-1140.8866,-3.2513516,2.4226015,25.551834
1970-01-01 06:10:05,5743.09,157.04962,-763.3746,-2.071565,-3.777204,23.29439
1970-01-01 06:10:06,5550.599,164.45273,-1141.8976,4.274558,4.2459197,21.569609
1970-01-01 06:10:07,5586.8384,154.7948,-553.86835,2.8176596,4.977715,20.608797
1970-01-01 06:10:08,5576.3887,160.47667,-808.92377,2.0321023,5.811834,19.812897
1970-01-01 06:10:09,5555.318,166.2906,-734.21954,8.4247055,6.803865,19.310354
1970-01-01 06:10:10,5581.0425,159.02791,-657.70953,11.101819,-3.967758,19.509558
1970-01-01 06:10:11,5615.0605,162.73172,-716.7474,5.1709714,-6.5111785,18.825363
1970-01-01 06:10:12,5658.344,154.11485,-454.68292,4.8072076,22.683786,19.700418
1970-01-01 06:10:13,5405.4404,156.08832,-810.45465,-3.9681256,3.2680175,20.171347
1970-01-01 06:10:14,5488.687,168.51189,-998.29034,2.3847482,-10.357509,20.442122
1970-01-01 06:10:15,5451.961,157.20409,-559.8922,-0.56105584,-15.648759,20.515617
1970-01-01 06:10:16,5408.8916,159.92899,-659.0895,1.4230572,0.58592194,18.85999
1970-01-01 06:10:17,5591.683,160.4633,-1010.2367,-1.2585169,0.79706377,19.343323
1970-01-01 06:10:18,5490.498,151.49017,-637.96936,0.27075267,-21.727879,18.544144
1970-01-01 06:10:19,5503.0176,153.84962,-882.0126,1.7304897,-11.374564,17.616213
1970-01-01 06:10:20,5336.368,161.82631,-1018.33966,5.5246425,17.146496,17.0125
1970-01-01 06:10:21,5418.3,156.51027,-945.49915,0.15184417,0.31192732,16.842752
1970-01-01 06:10:22,5362.0938,156.64551,-822.64954,-2.8223011,6.904866,18.234562
1970-01-01 06:10:23,5422.9194,162.12772,-669.3346,0.39864215,2.6781435,19.14298
1970-01-01 06:10:24,5415.483,152.1201,-556.82855,7.4951324,-0.64732933,19.06212
1970-01-01 06:10:25,5317.6055,156.40784,-1083.9629,1.2736229,-4.2023473,18.710686
1970-01-01 06:10:26,5282.4946,149.64542,-1045.9231,-4.1992607,4.675816,18.146717
1970-01-01 06:10:27,5229.4634,160.47664,-1026.4644,0.57629865,-3.6929476,18.973316
1970-01-01 06:10:28,5404.205,160.63847,-331.5437,5.240328,8.17541,18.586622
1970-01-01 06:10:29,5370.423,150.70029,-713.2129,5.573591,-3.7063882,17.848515
1970-01-01 06:10:30,5491.8657,158.48012,-724.449,5.098433,11.580444,17.382517
1970-01-01 06:10:31,5352.422,167.45612,-872.60834,1.110985,-5.3959103,17.890041
1970-01-01 06:10:32,5139.2524,157.30147,-767.50397,-2.4110994,2.019896,18.233961
1970-01-01 06:10:33,5280.2183,163.65959,-759.8178,3.0790164,-6.616782,18.811825
1970-01-01 06:10:34,5307.8784,155.70126,-950.7652,4.826805,6.7275157,17.890427
1970-01-01 06:10:35,5272.3857,164.04161,-377.97183,-0.99592435,-3.4812953,18.506277
1970-01-01 06:10:36,5254.705,159.71852,-915.8673,5.9606204,7.496622,18.517345
1970-01-01 06:10:37,5231.486,159.51353,-862.06714,1.5381211,-14.242729,18.148273
1970-01-01 06:10:38,5120.6235,157.09842,-517.3991,6.2055264,-13.034352,18.323729
1970-01-01 06:10:39,5042.7173,154.82191,-587.9623,2.6599693,17.697367,19.471268
1970-01-01 06:10:40,5203.1616,152.2674,-593.89276,-3.4229848,0.3028453,20.192131
1970-01-01 06:10:41,5102.641,151.96262,-803.2668,1.3310617,-2.7872336,20.401564
1970-01-01 06:10:42,5136.451,158.23766,-760.33417,4.6232285,0.5159695,19.827198
1970-01-01 06:10:43,5049.849,158.87767,-1035.2172,3.4831176,2.7425895,18.283028
1970-01-01 06:10:44,5155.7466,160.25038,-997.9345,1.9349686,13.002838,18.015608
1970-01-01 06:10:45,5098.584,155.34656,-609.3579,10.151905,-6.9298224,19.7321
1970-01-01 06:10:46,5132.223,154.67488,-564.65497,2.5091999,17.374924,20.97742
1970-01-01 06:10:47,5171.2754,156.7393,-836.9621,3.0739174,-9.869053,21.428226
1970-01-01 06:10:48,5024.281,161.2198,-1005.9147,0.68040216,-10.591727,20.912462
1970-01-01 06:10:49,5016.2954,161.73979,-706.7832,2.208904,7.040579,20.655731
1970-01-01 06:10:50,5042.545,158.52324,-1122.474,1.4811324,-8.777899,20.283377
1970-01-01 06:10:51,5059.3306,163.09969,-733.0529,-0.045135587,7.213153,19.721329
1970-01-01 06:10:52,4937.9756,162.2372,-733.25415,3.2042933,-1.8441459,19.071619
1970-01-01 06:10:53,5050.905,160.54842,-751.45917,1.6822858,-14.250394,19.656477
1970-01-01 06:10:54,4869.669,162.88124,-622.1841,1.7337781,-12.287082,19.42372
1970-01-01 06:10:55,4992.076,162.67012,-710.75946,6.4194055,9.001263,18.211317
1970-01-01 06:10:56,4777.2964,160.60995,-395.00812,5.46295,-0.076493695,16.916292
1970-01-01 06:10:57,4910.013,158.69423,-589.6388,1.3312907,8.521013,17.305565
1970-01-01 06:10:58,4865.864,159.28143,-740.6941,-1.0546829,-16.461824,17.306623
1970-01-01 06:10:59,4903.1587,161.06993,-655.4726,0.42905816,-9.319382,16.683826
1970-01-01 06:11:00,4912.303,158.12689,-816.0005,-0.99042296,-2.4929216,15.451542
1970-01-01 06:11:01,4853.381,159.48615,-888.2101,0.014788206,-10.089418,14.065532
1970-01-01 06:11:02,4850.4487,155.5405,-992.9574,4.571742,1.1113929,13.400299
1970-01-01 06:11:03,4767.5312,156.36461,-647.9212,1.2422831,5.104789,11.666119
1970-01-01 06:11:04,4791.9653,150.07391,-1000.47876,2.3026264,14.72898,12.57878
1970-01-01 06:11:05,4953.52,152.935,-851.47736,2.085998,14.288233,12.199398
1970-01-01 06:11:06,4946.854,158.57802,-543.49225,1.6065124,-2.2980661,12.164715
1970-01-01 06:11:07,4942.356,165.82402,-927.67975,6.1145883,3.494262,13.685628
1970-01-01 06:11:08,4836.4077,152.54619,-626.6674,-2.5052042,-13.24937,12.381366
1970-01-01 06:11:09,4849.6694,162.9296,-686.00696,-0.29723847,1.4188302,10.404664
1970-01-01 06:11:10,4733.0093,158.1163,-798.654,3.2960808,4.8199115,12.400308
1970-01-01 06:11:11,4698.6597,162.17157,-1138.0463,-2.018209,,13.037966
1970-01-01 06:11:12,4841.83,160.11441,-1044.2062,3.7259235,-1.0723321,14.66742
1970-01-01 06:11:13,4668.8823,149.76244,-893.0631,1.2562245,8.148004,16.574364
1970-01-01 06:11:14,4741.014,155.00485,-583.177,3.9894779,-13.838834,17.487453
1970-01-01 06:11:15,4697.378,159.47714,-793.1951,4.9968705,-6.9317536,16.419703
1970-01-01 06:11:16,4693.6016,153.89377,-725.31305,8.514198,-27.732086,18.057314
1970-01-01 06:11:17,4684.763,163.21637,-846.41156,1.267706,-2.4171743,18.594257
1970-01-01 06:11:18,4701.262,150.94936,-1008.6712,-0.048531357,2.1765087,17.88313
1970-01-01 06:11:19,4852.7715,158.22905,-454.2678,2.3461928,-9.124093,18.323097
1970-01-01 06:11:20,4697.2324,155.93256,-868.3794,-3.710419,-4.4196987,18.4181
1970-01-01 06:11:21,4796.9526,155.34349,-769.6282,6.436811,9.905196,18.102898
1970-01-01 06:11:22,4626.885,158.11943,-845.61084,1.359505,-9.828212,18.979504
1970-01-01 06:11:23,4723.228,153.86156,-700.3315,3.0046031,-19.633923,19.307755
1970-01-01 06:11:24,4605.7183,158.61833,-1197.9264,4.803082,5.2771516,17.896677
1970-01-01 06:11:25,4577.9727,156.80832,-1016.8812,0.14894533,-6.424506,18.984177
1970-01-01 06:11:26,4534.3335,160.3302,-1017.7842,-0.27007282,-18.353096,19.718739
1970-01-01 06:11:27,4415.3203,156.04974,-880.5927,2.8326092,-15.317744,20.437422
1970-01-01 06:11:28,4609.107,158.7405,-939.4956,-3.6131606,11.925771,20.395412
1970-01-01 06:11:29,4655.8804,161.93648,-829.73944,1.8428426,-18.294794,18.661867
1970-01-01 06:11:30,4628.1157,156.71072,-546.40625,2.6813693,10.400872,18.43871
1970-01-01 06:11:31,4426.567,160.19733,-936.40466,-1.2169058,10.9878435,17.421572
1970-01-01 06:11:32,4454.0815,158.3019,-764.8107,-4.61989,1.2425476,16.826128
1970-01-01 06:11:33,4485.9795,155.22737,-818.8454,5.2961845,-0.9078552,16.55238
1970-01-01 06:11:34,4404.812,167.39462,-1053.541,5.5430083,-14.026081,17.303131
1970-01-01 06:11:35,4303.6387,154.88771,-1001.7957,0.8043561,15.76979,16.83595
1970-01-01 06:11:36,4300.0244,159.02287,-760.57916,7.205113,2.3720784,16.26014
1970-01-01 06:11:37,4540.352,155.45557,-972.8663,2.7081125,3.60562,15.247169
1970-01-01 06:11:38,4645.6743,160.47607,-569.2098,3.234211,-7.4163785,13.944944
1970-01-01 06:11:39,4347.542,155.91757,-817.40924,1.2086272,6.582691,14.891757
1970-01-01 06:11:40,4221.498,160.35791,-1457.4049,4.0179095,,15.237951
1970-01-01 06:11:41,4384.263,158.22408,-225.44957,3.6262221,-21.449852,15.519891
1970-01-01 06:11:42,4452.533,158.68219,-872.9733,2.3062181,-16.503716,14.40135
1970-01-01 06:11:43,4460.136,160.36739,-1011.9792,3.165735,15.8123865,15.121858
1970-01-01 06:11:44,4430.1143,153.07002,-830.6125,2.456767,6.917528,14.647199
1970-01-01 06:11:45,4269.568,155.4675,-687.264,-0.8112757,-0.67211384,13.064146
1970-01-01 06:11:46,4408.804,168.17921,-333.45016,-2.3088706,16.470304,12.476005
1970-01-01 06:11:47,4196.043,165.58672,-832.7696,-2.288039,4.086221,11.859475
1970-01-01 06:11:48,4201.9536,153.66573,-1027.2571,1.7574348,1.4922495,13.16451
1970-01-01 06:11:49,4263.3843,158.57542,-889.29443,4.1532025,1.1276997,14.024034
1970-01-01 06:11:50,4421.8164,155.18181,-829.72046,-2.6870804,-16.873617,15.155907
1970-01-01 06:11:51,4299.9404,158.45534,-735.1108,-0.0070720105,-5.200744,15.7109
1970-01-01 06:11:52,4155.4116,156.9582,-864.064,-1.2507274,2.8111975,15.175987
1970-01-01 06:11:53,4217.052,159.14647,-643.1631,-0.59471816,11.205126,15.430576
1970-01-01 06:11:54,4215.453,159.6203,-603.66327,3.4881861,20.749254,15.045739
1970-01-01 06:11:55,4237.757,158.34431,-552.2286,3.7326608,-24.314987,12.8161745
1970-01-01 06:11:56,4356.351,161.96092,-447.09238,-2.1996596,-5.9167356,13.161966
1970-01-01 06:11:57,4260.9307,156.43532,-494.013,1.8763703,-3.342225,12.776806
1970-01-01 06:11:58,4272.9785,160.493,-700.3973,3.1144087,-19.590784,11.2399
1970-01-01 06:11:59,4240.818,154.70525,-780.16626,-0.14407639,-24.452925,11.199566
1970-01-01 06:12:00,4065.5488,156.83966,-887.47424,-2.8784232,0.7484986,10.807335
1970-01-01 06:12:01,4267.336,158.22675,-905.7588,9.270965,2.1803567,10.281573
1970-01-01 06:12:02,4093.745,161.90997,-821.0674,-4.7015004,-3.1621492,10.631192
1970-01-01 06:12:03,4152.069,151.97386,-1041.6495,4.111344,12.526596,9.305714
1970-01-01 06:12:04,4117.089,153.94218,-907.65216,4.8624315,-0.05877181,10.650347
1970-01-01 06:12:05,4196.447,152.63237,-1082.2668,0.76243883,-0.51763475,10.183834
1970-01-01 06:12:06,4076.0774,154.08044,-1537.9001,-3.791171,0.95632213,12.124195
1970-01-01 06:12:07,3999.761,158.11595,-1080.751,3.125172,13.062713,12.420111
1970-01-01 06:12:08,4003.0376,153.52892,-482.78943,-0.023345094,11.427398,12.211327
1970-01-01 06:12:09,4011.2983,162.08575,-600.82495,1.4984099,-3.8187292,12.99742
1970-01-01 06:12:10,3917.8867,168.26633,-973.17645,3.2777066,-12.42756,10.591377
1970-01-01 06:12:11,3971.1528,158.0351,-392.26883,-0.22970644,0.18589692,11.577016
1970-01-01 06:12:12,4073.586,162.97838,-786.69775,4.1188135,5.8553853,12.797987
1970-01-01 06:12:13,4019.9202,152.7665,-1054.6449,3.4861472,-5.867634,13.680839
1970-01-01 06:12:14,3941.2935,154.72566,-310.97955,-0.61974436,22.014767,13.444043
1970-01-01 06:12:15,3986.6418,157.54878,-1006.35364,-0.63043565,-13.744249,13.327873
1970-01-01 06:12:16,3899.6028,156.2858,-479.5084,1.4280728,6.2467647,12.082666
1970-01-01 06:12:17,3743.7566,156.64046,-1263.3002,3.6766675,-6.0186505,10.353924
1970-01-01 06:12:18,3977.4446,160.3997,-742.21674,5.7780676,-13.14855,9.395873
1970-01-01 06:12:19,3934.4014,158.66714,-887.3295,1.1358503,-7.409482,9.630556
1970-01-01 06:12:20,3880.0603,161.52312,-668.7914,6.3773475,-2.7105093,10.070038
1970-01-01 06:12:21,3954.9858,154.90305,-833.4089,0.18956389,-0.51263845,10.114044
1970-01-01 06:12:22,3848.572,158.214,-533.88715,5.368112,20.452145,11.71486
1970-01-01 06:12:23,,156.67381,-738.11475,1.7090553,-8.2526,
1970-01-01 06:12:24,3812.5027,155.9583,-1007.59534,0.72094315,3.2167282,12.9484415
1970-01-01 06:12:25,3793.0059,153.1393,-1122.0049,0.47291684,-12.597508,13.750187
1970-01-01 06:12:26,3735.9124,158.72452,-552.69684,-7.841019,4.9275694,14.218033
1970-01-01 06:12:27,3715.0913,162.25784,-661.28436,1.4219682,-0.96137273,13.455856
1970-01-01 06:12:28,3743.6963,159.53645,-1189.3223,3.2645087,-17.740696,12.541289
1970-01-01 06:12:29,3772.631,159.32687,-819.0415,5.9143972,3.6747978,13.104601
1970-01-01 06:12:30,3715.9216,160.6885,-602.4634,3.846068,4.0112486,13.047346
1970-01-01 06:12:31,3741.3066,161.62874,-676.0393,1.7221483,11.50406,12.53256
1970-01-01 06:12:32,3766.2039,159.69418,-974.29785,0.3725988,-9.125806,11.584638
1970-01-01 06:12:33,3614.8625,164.03575,-675.0384,1.2295805,11.435679,12.468396
1970-01-01 06:12:34,3803.967,161.5187,-786.57654,1.1787403,-6.320274,12.135453
1970-01-01 06:12:35,3625.3596,155.52937,-998.2882,-0.45783284,-12.057807,11.573788
1970-01-01 06:12:36,3762.8154,154.89929,-846.2312,1.2782553,6.182186,11.574746
1970-01-01 06:12:37,3686.402,157.00093,-762.9065,-1.2362299,14.835005,11.813358
1970-01-01 06:12:38,3618.562,158.24356,-1261.7307,8.187483,-3.8221872,12.635889
1970-01-01 06:12:39,3717.519,157.36461,-430.20163,2.4339826,9.783936,9.855842
1970-01-01 06:12:40,3535.265,158.05872,-786.2272,-1.4201782,7.492334,10.517441
1970-01-01 06:12:41,3686.9053,157.06227,-1109.8438,-1.4923921,-1.0577497,10.983466
1970-01-01 06:12:42,3589.9016,157.43393,-1052.7124,1.9369208,-8.034457,10.086596
1970-01-01 06:12:43,3603.7559,155.86098,-649.45984,-0.89693934,-10.572199,9.500061
1970-01-01 06:12:44,3576.019,154.36964,-771.5111,-1.0465199,-10.945378,8.680106
1970-01-01 06:12:45,3587.8892,156.60506,-776.7402,-0.20968708,-8.289765,7.422138
1970-01-01 06:12:46,3498.3113,160.46361,-546.2293,5.1771784,2.2247715,8.725588
1970-01-01 06:12:47,3548.3735,168.52353,-948.77075,-2.6634028,3.1151438,7.657672
1970-01-01 06:12:48,3467.7937,161.90031,-706.1973,,2.9942873,8.982078
1970-01-01 06:12:49,3328.4438,160.113,-863.98566,0.6081801,-10.0223,8.293834
1970-01-01 06:12:50,3499.9175,157.39114,-901.00037,2.2973626,-3.562881,7.313741
1970-01-01 06:12:51,3411.9673,161.11711,-856.99194,,-7.057406,5.327181
1970-01-01 06:12:52,3452.7676,158.83626,-891.324,2.5821133,21.842247,4.9390903
1970-01-01 06:12:53,3380.8308,163.44862,-529.9461,0.45295066,14.434353,4.253344
1970-01-01 06:12:54,3511.7764,159.98376,-944.947,1.7155422,1.2566106,3.8434193
1970-01-01 06:12:55,3377.6357,153.884,-1014.8204,-3.783159,,4.765541
1970-01-01 06:12:56,,157.04384,-988.10236,0.9301167,17.910095,4.9723415
1970-01-01 06:12:57,3419.9404,157.66055,-813.43353,0.46234944,7.6304326,4.530503
1970-01-01 06:12:58,3497.8987,158.16792,-679.7654,-1.9667636,8.142165,4.3915777
1970-01-01 06:12:59,3458.9744,159.53008,-435.07227,7.2117963,1.2608066,5.225761
1970-01-01 06:13:00,3339.1448,161.66599,-832.94476,-0.76982415,8.252122,4.9215226
1970-01-01 06:13:01,3294.0342,163.85637,-664.3116,2.5783546,0.50965005,4.588755
1970-01-01 06:13:02,3356.8687,158.77649,-758.3982,2.8865478,-8.795636,4.9857802
1970-01-01 06:13:03,3320.9734,159.13399,-1012.6735,1.5134892,6.6120048,5.9218664
1970-01-01 06:13:04,3479.1335,163.20901,-745.3977,4.333549,-4.306833,5.3837924
1970-01-01 06:13:05,,151.34335,-212.91792,2.0115974,3.9710553,3.5649734
1970-01-01 06:13:06,3290.3406,160.49141,-663.8322,9.65597,5.1350875,2.5281963
1970-01-01 06:13:07,3287.082,157.40886,-1015.45135,0.4018429,14.217983,3.1899302
1970-01-01 06:13:08,3315.696,159.71211,-772.30615,2.972086,-12.598879,2.6856015
1970-01-01 06:13:09,3173.3914,158.78526,-900.8577,5.019204,-8.55699,1.4907553
1970-01-01 06:13:10,3324.5737,159.39288,-756.7523,2.726225,-5.836553,0.75926167
1970-01-01 06:13:11,3331.5713,157.75465,-389.37805,-2.2231703,-1.0275728,0.7015366
1970-01-01 06:13:12,3096.701,149.73529,-886.24677,1.7885711,-18.213,0.47943234
1970-01-01 06:13:13,3150.865,159.69676,-661.8678,4.7140937,7.35938,0.48222727
1970-01-01 06:13:14,3230.4048,160.16553,-987.53357,-1.3166285,-4.8996863,0.21137318
1970-01-01 06:13:15,3256.5537,162.5082,-891.23413,-1.9524406,4.8041763,359.92847
1970-01-01 06:13:16,3184.4836,160.01102,-653.55023,-0.4345829,4.755402,0.31719658
1970-01-01 06:13:17,3248.2742,153.0709,-868.3982,5.7374682,8.936118,0.3054083
1970-01-01 06:13:18,2979.5396,156.04652,-886.3751,-4.74382,-2.6434019,0.024078388
1970-01-01 06:13:19,3122.9082,158.59885,-703.287,1.1772774,-0.10601139,1.7443968
1970-01-01 06:13:20,3127.1792,157.7553,-773.6772,1.1546139,-14.915258,359.99432
1970-01-01 06:13:21,3063.154,166.84023,-867.3487,11.468547,-1.9026632,359.69403
1970-01-01 06:13:22,2991.3567,158.67052,-464.17117,6.599854,6.2882686,0.048371032
1970-01-01 06:13:23,3060.1763,165.97745,-687.9312,1.0704786,3.7872367,0.7164726
1970-01-01 06:13:24,3076.2024,154.996,-976.22437,0.042212088,-15.728259,359.59357
1970-01-01 06:13:25,3100.4792,158.68152,-671.039,0.31701082,14.825491,359.004
1970-01-01 06:13:26,3063.756,162.35124,-932.4567,1.9681975,20.049826,357.98962
1970-01-01 06:13:27,3042.6208,156.6822,-831.73126,0.55327356,-2.000561,359.1679
1970-01-01 06:13:28,3097.2544,155.1624,-763.15656,5.6395497,2.1403205,358.49387
1970-01-01 06:13:29,2941.3035,163.79146,-575.40643,1.253471,0.7334268,358.5084
1970-01-01 06:13:30,3134.6116,156.98883,-807.40845,0.2361979,-8.3950815,358.35788
1970-01-01 06:13:31,2976.1604,156.66219,-1293.1635,-4.439812,-15.170323,358.17545
1970-01-01 06:13:32,2939.8237,155.92812,-818.9464,-1.4233229,-5.1719403,358.2837
1970-01-01 06:13:33,2913.5176,164.22498,-725.90436,1.617312,-8.466304,358.05826
1970-01-01 06:13:34,2983.6504,155.90971,-843.1367,5.311489,1.9856731,358.6489
1970-01-01 06:13:35,2768.2493,165.24924,-979.75616,-3.552002,9.757504,359.48462
1970-01-01 06:13:36,2972.557,158.54593,-1009.91907,1.50536,-2.5295253,358.9572
1970-01-01 06:13:37,2897.1558,159.0878,-709.246,-3.4605546,7.1757298,359.28232
1970-01-01 06:13:38,2920.4458,159.99942,-1197.9996,2.3514721,13.44489,357.77948
1970-01-01 06:13:39,2907.7798,151.88084,-596.1471,5.2128477,-12.339188,357.70734
1970-01-01 06:13:40,2811.018,154.67552,-932.5591,3.5471148,-2.3671203,357.76154
1970-01-01 06:13:41,2846.8977,168.56734,-769.45074,0.036380503,-1.5805733,358.63916
1970-01-01 06:13:42,2883.1233,149.68793,-804.2084,4.5721774,-9.878346,359.39908
1970-01-01 06:13:43,2935.1504,153.08151,-1133.6266,6.342019,3.9894547,358.75137
1970-01-01 06:13:44,2675.9204,156.96518,-970.52313,2.099647,-10.450525,358.49997
1970-01-01 06:13:45,2920.3743,157.29152,-1127.719,-0.9278766,-1.389372,358.50162
1970-01-01 06:13:46,2659.871,159.16437,-589.60236,0.46013346,-12.073505,357.35773
1970-01-01 06:13:47,2927.0225,158.07034,-854.5197,0.9792185,-8.834938,356.68024
1970-01-01 06:13:48,2664.7764,165.3502,-1073.5397,2.406733,8.847742,356.82706
1970-01-01 06:13:49,2714.6824,161.54353,-966.23816,-0.40633336,30.779606,357.06317
1970-01-01 06:13:50,2537.2625,157.57143,-1068.8458,3.4988737,-4.2799134,356.53784
1970-01-01 06:13:51,2765.39,158.69626,-946.4769,-2.2822988,2.5469592,355.0197
1970-01-01 06:13:52,2704.5774,165.33391,-845.41626,2.5016234,-0.21088812,355.61465
1970-01-01 06:13:53,2641.5479,161.3404,-878.52527,-2.3674514,-14.429195,
1970-01-01 06:13:54,2789.661,168.0142,-916.6753,4.746385,-18.176365,355.04797
1970-01-01 06:13:55,2813.3386,153.75168,-950.9925,1.0051969,-2.5616293,355.27017
1970-01-01 06:13:56,2658.818,163.32692,-428.1895,3.7174485,2.2617977,355.79422
1970-01-01 06:13:57,2679.0894,164.2606,-904.01825,-0.8016415,-7.6066294,356.93732
1970-01-01 06:13:58,2632.1506,153.69655,-757.28094,-10.0,-3.4874876,355.65472
1970-01-01 06:13:59,2463.5896,159.86305,-530.4995,-1.6911582,-7.031611,355.34595
1970-01-01 06:14:00,2546.4817,152.11284,-761.0583,5.534642,2.945294,356.07416
1970-01-01 06:14:01,2532.7197,155.0097,-537.27655,-0.2261102,1.3571968,358.2752
1970-01-01 06:14:02,2598.302,154.0713,-1087.4637,5.3867497,16.046888,357.9323
1970-01-01 06:14:03,2544.8582,156.2703,-936.62646,-2.0368204,8.294656,359.09366
1970-01-01 06:14:04,2518.934,159.13483,-859.34216,2.3477175,6.074499,358.11383
1970-01-01 06:14:05,2476.1326,160.94379,-527.0149,6.43182,4.9864235,358.223
1970-01-01 06:14:06,2641.3828,159.12521,-757.25665,9.908733,1.8166612,357.7662
1970-01-01 06:14:07,2396.5889,159.49715,-671.42487,-0.9863961,-4.153453,358.42352
1970-01-01 06:14:08,2291.9521,153.82138,-952.44165,3.0874467,-13.377667,356.54532
1970-01-01 06:14:09,2410.9207,156.2141,-1020.9136,2.201431,0.306333,356.75677
1970-01-01 06:14:10,2551.6035,157.34624,-1252.2572,-0.5161283,-11.773653,356.532
1970-01-01 06:14:11,2498.8167,161.85445,-746.7243,2.1393003,-16.387691,356.25113
1970-01-01 06:14:12,2428.574,163.76694,-788.32654,1.0435765,-10.0242195,353.94058
1970-01-01 06:14:13,2392.759,160.29114,-971.1389,-0.2876171,-15.108677,351.98447
1970-01-01 06:14:14,2349.6375,158.06764,-625.114,-0.028563395,2.7566783,352.99118
1970-01-01 06:14:15,2306.9348,162.58356,-1045.1758,-3.0984542,14.1659775,353.16663
1970-01-01 06:14:16,2300.1326,156.61252,-651.47626,6.0236983,-4.055855,353.82864
1970-01-01 06:14:17,2320.4617,157.42091,-856.6373,-0.6729952,-2.759648,354.43503
1970-01-01 06:14:18,2294.917,161.69547,-761.76355,-1.4470345,10.643353,352.77408
1970-01-01 06:14:19,2355.08,165.07018,-761.3755,4.374873,-5.370823,354.54987
1970-01-01 06:14:20,2343.7732,161.85353,-851.5716,5.525876,0.1528408,355.1177
1970-01-01 06:14:21,2281.9263,151.69972,-764.88135,6.0657015,-6.9370003,354.54358
1970-01-01 06:14:22,2308.7021,153.37032,-535.6673,-1.9605769,-11.310801,353.35922
1970-01-01 06:14:23,2407.1235,161.43524,-377.09003,-1.6201395,-12.21219,353.12024
1970-01-01 06:14:24,2203.6838,168.74384,-555.56665,0.5647713,1.3755404,353.0819
1970-01-01 06:14:25,2159.923,159.82713,-1140.6847,1.8180976,-1.4579461,352.7768
1970-01-01 06:14:26,2446.927,156.26889,-757.0589,-0.046979982,-21.860897,351.65485
1970-01-01 06:14:27,2222.4688,161.73196,-1137.4297,4.5357275,3.4521976,351.93652
1970-01-01 06:14:28,2212.7485,161.14491,-935.54175,0.8059634,-1.7680347,351.8354
1970-01-01 06:14:29,2257.9805,156.59807,-840.25037,3.6959734,10.986749,352.30518
1970-01-01 06:14:30,2259.2764,160.5848,-904.8513,0.68313694,11.197261,353.1214
1970-01-01 06:14:31,1974.577,162.45992,-680.6668,2.0599647,17.886827,354.36145
1970-01-01 06:14:32,2134.5776,153.51625,-1164.9764,4.111745,-26.50345,354.4298
1970-01-01 06:14:33,2132.3508,161.4282,-675.9602,-3.7763486,0.71689564,353.0457
1970-01-01 06:14:34,2127.7786,153.18575,-861.004,4.0619726,0.83901656,353.10303
1970-01-01 06:14:35,2184.2769,158.27725,-889.4727,-3.0514562,-2.092189,352.9769
1970-01-01 06:14:36,2148.652,160.08885,-801.6374,4.013908,4.9569287,352.70895
1970-01-01 06:14:37,2086.5754,159.41116,-701.079,-2.667281,-13.213713,352.08923
1970-01-01 06:14:38,1967.907,163.8143,-881.89056,3.3482373,-1.7803546,350.0137
1970-01-01 06:14:39,2053.1838,154.6331,-597.1044,0.8345452,17.305443,350.11435
1970-01-01 06:14:40,2067.6013,158.32913,-696.963,7.064717,-2.2109282,350.5191
1970-01-01 06:14:41,1932.34,158.947,-1064.8618,3.9393835,4.6490865,351.71756
1970-01-01 06:14:42,2217.2385,158.09138,-689.7112,-0.8093657,0.1331873,351.2982
1970-01-01 06:14:43,2032.9849,157.05228,-774.1752,1.2410179,-9.876335,349.19235
1970-01-01 06:14:44,1941.0387,161.5314,-432.64755,6.3133626,10.131436,349.67447
1970-01-01 06:14:45,1900.1626,157.03227,-605.62177,5.1822815,-0.29716173,350.39728
1970-01-01 06:14:46,2048.2336,157.80138,-770.3559,2.5941403,-8.272764,350.45734
1970-01-01 06:14:47,2006.4943,,-857.9921,0.11256894,-6.0649424,351.8302
1970-01-01 06:14:48,1989.4441,158.71,-691.3501,3.2746403,-2.5462034,350.73065
1970-01-01 06:14:49,1897.7848,157.52101,-663.75995,2.5290108,-16.364803,350.3941
1970-01-01 06:14:50,1774.2217,159.07912,-737.19403,0.5261755,9.261335,350.8664
1970-01-01 06:14:51,1941.0181,156.63957,-683.78876,4.6941133,-12.693281,350.86377
1970-01-01 06:14:52,1982.4928,154.78618,-904.2318,-3.9049866,-3.3723288,351.46576
1970-01-01 06:14:53,1789.4768,158.15417,-731.8383,3.776763,-17.775614,351.0844
1970-01-01 06:14:54,1851.7683,160.19968,-668.8247,6.13319,-22.087818,351.85547
1970-01-01 06:14:55,1858.1759,,-727.09015,-0.37906146,1.6534302,350.11835
1970-01-01 06:14:56,1925.2074,158.39114,-992.4736,-1.6738982,5.517353,349.7149
1970-01-01 06:14:57,1859.2426,152.64857,-845.11865,0.33360276,-2.047868,348.7111
1970-01-01 06:14:58,1832.1652,,-537.04364,-1.1333146,10.863898,349.31
1970-01-01 06:14:59,1792.5883,154.74173,-551.6256,4.5073886,-0.34726575,348.37076
1970-01-01 06:15:00,1811.2018,164.00453,-837.6394,2.7026207,-8.465357,347.01276
1970-01-01 06:15:01,1830.4412,160.4165,-827.71747,3.8325343,7.1369166,347.11484
1970-01-01 06:15:02,1809.561,154.94255,-759.64185,1.0650824,-2.922857,347.4917
1970-01-01 06:15:03,1792.4708,162.61882,-394.08118,3.9390452,3.1839807,346.15735
1970-01-01 06:15:04,1698.377,162.9205,-911.5907,2.118194,-2.4529934,345.82388
1970-01-01 06:15:05,1699.454,155.22739,-791.78705,0.14721277,-1.0833274,346.76917
1970-01-01 06:15:06,1731.8586,158.57945,-491.612,1.5638561,-22.569168,347.73267
1970-01-01 06:15:07,1900.988,161.74243,-797.2439,8.91257,10.6591,348.60837
1970-01-01 06:15:08,1860.5266,159.86644,-855.66943,-0.7551542,-6.3534856,346.7568
1970-01-01 06:15:09,1778.6598,163.74652,-982.7551,-4.7127943,-12.506429,346.41507
1970-01-01 06:15:10,1723.9344,156.48172,-868.72253,4.81328,-23.997644,347.7538
1970-01-01 06:15:11,1622.4058,154.73218,-815.27747,6.3528514,-9.847314,347.02686
1970-01-01 06:15:12,1477.5807,161.81995,-944.8853,1.9143173,-14.842764,348.45892
1970-01-01 06:15:13,1671.1384,161.71942,-660.79535,6.512737,-5.998499,347.8895
1970-01-01 06:15:14,1657.5458,169.69073,-1503.2361,0.22506274,3.9710078,347.0955
1970-01-01 06:15:15,1650.7468,156.0322,-828.68604,1.0383748,-9.708771,347.65146
1970-01-01 06:15:16,1687.8337,158.61911,-457.73663,0.15456058,-3.1664248,348.04474
1970-01-01 06:15:17,1670.1704,155.82156,-878.878,4.392717,1.0367744,348.94485
1970-01-01 06:15:18,1656.0826,159.89919,-920.839,7.280135,5.6513004,348.62946
1970-01-01 06:15:19,1582.6311,159.08395,-575.0317,3.799122,-7.928388,348.7684
1970-01-01 06:15:20,1634.8772,155.15288,-836.93085,2.4333892,0.19673987,347.71826
1970-01-01 06:15:21,1708.2037,156.73073,-537.1669,1.9755129,19.434204,348.3458
1970-01-01 06:15:22,1422.7921,165.39961,-947.5557,-4.694864,-9.085416,347.36093
1970-01-01 06:15:23,1547.9955,162.01128,-597.39716,6.6540923,5.312704,347.73904
1970-01-01 06:15:24,1530.785,161.39034,-970.08624,-1.0612661,-2.6653495,346.31058
1970-01-01 06:15:25,1394.2028,165.77953,-892.3512,0.5124032,7.3621626,344.14417
1970-01-01 06:15:26,1517.3245,158.61572,-682.2155,-2.375515,-1.8404638,344.34528
1970-01-01 06:15:27,1551.4093,160.43404,-787.1664,2.5388162,-4.9256463,344.44992
1970-01-01 06:15:28,1548.2845,157.0698,-422.51788,1.7424191,-7.539317,343.9231
1970-01-01 06:15:29,1553.5062,,-339.83777,2.4882987,-6.19314,344.7238
1970-01-01 06:15:30,1403.029,162.58923,-907.81384,-0.17106761,-2.886745,345.3575
1970-01-01 06:15:31,1517.4213,160.23575,-881.26294,0.120348506,4.788614,346.32224
1970-01-01 06:15:32,1405.3561,159.162,-722.08307,2.7291977,-6.1922903,346.61487
1970-01-01 06:15:33,1424.1862,163.25468,-521.3393,1.7975382,24.653406,346.57797
1970-01-01 06:15:34,1484.9064,162.66684,-696.29553,5.297702,7.695232,346.52933
1970-01-01 06:15:35,1374.0293,151.28113,-729.9451,0.5609461,-10.468091,347.34857
1970-01-01 06:15:36,1355.3712,158.67856,-680.3047,3.938508,-3.0678194,347.75354
1970-01-01 06:15:37,,156.4033,-1171.251,-0.12107531,-8.162088,347.46967
1970-01-01 06:15:38,1337.2084,161.62129,-680.0009,5.214746,-11.18707,347.21304
1970-01-01 06:15:39,1190.5626,164.81732,-1112.8245,-2.0218072,4.862106,348.23697
1970-01-01 06:15:40,1257.675,166.78357,-882.2913,2.7159145,9.383836,347.02997
1970-01-01 06:15:41,1332.1006,152.6147,-745.65375,0.1725714,-13.230462,344.52457
1970-01-01 06:15:42,1227.4858,157.60573,-807.3631,-2.3520496,-15.603481,345.08768
1970-01-01 06:15:43,1412.0215,155.6994,-925.5799,-0.8529198,22.38768,344.2705
1970-01-01 06:15:44,1241.4467,158.01059,-847.4969,4.656488,-3.952154,342.72098
1970-01-01 06:15:45,1231.0575,163.08113,-728.5965,-0.0820115,-17.221592,343.60776
1970-01-01 06:15:46,1275.3285,157.67064,-802.0135,6.340101,-4.550065,343.8638
1970-01-01 06:15:47,1229.2139,159.79475,-778.07306,-0.6365948,-5.530276,343.4675
1970-01-01 06:15:48,1230.0519,160.73468,-696.5912,2.085527,5.323116,342.72235
1970-01-01 06:15:49,1196.0658,162.308,-1006.00287,0.48351595,-20.429369,344.29852
1970-01-01 06:15:50,1068.5441,150.82324,-544.30756,1.511704,-7.273677,344.89987
1970-01-01 06:15:51,1177.4976,156.32674,-788.7614,-4.3144155,-9.968751,345.40625
1970-01-01 06:15:52,1174.6652,159.56201,-465.66248,4.344494,7.2311525,346.17273
1970-01-01 06:15:53,1150.9635,155.1689,-1072.3856,6.2401547,,347.03967
1970-01-01 06:15:54,955.0483,159.25018,-790.66003,1.6142844,-11.067889,346.6804
1970-01-01 06:15:55,1083.6288,160.69511,-893.0182,1.6495667,-10.464365,346.0387
1970-01-01 06:15:56,1153.9049,156.25749,-1139.7463,0.93905383,-10.020561,346.42075
1970-01-01 06:15:57,1133.2903,158.45439,-963.6556,0.6353406,5.293221,346.11182
1970-01-01 06:15:58,946.7551,161.45232,-815.0716,-1.9472972,-1.465182,346.41827
1970-01-01 06:15:59,1109.9583,159.79236,-805.5461,6.456136,21.877806,347.19983
1970-01-01 06:16:00,1040.9069,161.63004,-456.27197,0.5937704,-5.905231,346.99905
1970-01-01 06:16:01,1029.0328,156.69547,-954.68616,0.8645571,-1.7452313,347.4951
1970-01-01 06:16:02,1033.4456,161.75386,-567.19904,0.4895877,7.808417,348.1145
1970-01-01 06:16:03,1153.8451,161.94179,-965.71216,10.426898,7.1180625,348.2883
1970-01-01 06:16:04,1129.1089,156.06137,-845.92535,-2.7465606,-3.8358757,347.2701
