timestamp,altmsl,ias,vspd,pitch,roll,hdg
1970-01-01 11:06:40,21.054825,117.938896,1001.2825,0.45244324,15.4155245,0.6884991
1970-01-01 11:06:41,63.24224,111.60123,1031.1494,-0.81200325,5.187755,0.46568993
1970-01-01 11:06:42,54.3993,116.50508,425.60995,2.0333652,11.526659,0.65932393
1970-01-01 11:06:43,125.25042,122.86664,824.7123,3.0110974,10.6573305,359.90997
1970-01-01 11:06:44,64.68739,125.75997,943.5194,2.3475108,5.8862114,358.019
1970-01-01 11:06:45,30.510294,116.957214,790.588,-1.5370475,-5.20293,356.9237
1970-01-01 11:06:46,156.51375,125.715256,1388.7457,0.46440613,3.3055396,357.00876
1970-01-01 11:06:47,117.68173,125.232475,772.10443,-4.7550936,6.111324,357.7621
1970-01-01 11:06:48,185.24199,115.98735,620.3072,4.39997,-6.6942253,357.5339
1970-01-01 11:06:49,294.64035,113.40404,1109.9854,4.5054893,-5.337475,358.15952
1970-01-01 11:06:50,143.16904,121.221375,850.1793,0.13861705,-2.1237442,359.72076
1970-01-01 11:06:51,130.54852,125.06373,1146.2925,-2.334567,11.841445,1.1562741
1970-01-01 11:06:52,31.433935,124.98252,812.26526,-0.018840712,5.269728,0.46564823
1970-01-01 11:06:53,83.22608,123.25281,907.25134,-2.1918623,4.934793,0.08859285
1970-01-01 11:06:54,230.73701,121.270775,976.7329,2.7889686,-2.6198173,0.17650405
1970-01-01 11:06:55,125.243286,118.33943,499.44934,1.993321,-6.031663,0.21568897
1970-01-01 11:06:56,155.62206,120.50778,1034.0166,0.2587426,1.808745,0.6579838
1970-01-01 11:06:57,169.27435,123.9698,669.1853,-3.7466726,7.507624,1.5492094
1970-01-01 11:06:58,65.01243,127.72348,657.6784,7.49525,6.109189,0.111700535
1970-01-01 11:06:59,235.07034,119.60623,796.3254,-2.9748423,1.0505751,359.35303
1970-01-01 11:07:00,189.03246,115.35545,889.94507,-0.90393513,-13.467066,357.89447
1970-01-01 11:07:01,231.8861,128.34578,1177.8148,2.2131135,13.906675,357.86124
1970-01-01 11:07:02,333.2495,122.1944,1044.9474,-2.4458234,-11.184565,357.8025
1970-01-01 11:07:03,292.5891,115.46372,762.3366,6.390321,-11.047977,359.0521
1970-01-01 11:07:04,306.67987,132.38766,489.85318,-1.4770685,7.9984126,359.3516
1970-01-01 11:07:05,280.61282,126.77406,755.6709,3.4834783,-13.275339,359.67682
1970-01-01 11:07:06,352.1909,118.66134,944.74115,1.6828045,-2.9889214,359.09406
1970-01-01 11:07:07,586.94293,123.66231,819.9625,0.12658818,14.144505,358.7089
1970-01-01 11:07:08,344.74222,119.02509,607.34045,4.5114317,9.68885,358.16144
1970-01-01 11:07:09,414.4956,124.95506,886.92487,3.7710137,5.041539,359.21243
1970-01-01 11:07:10,231.26015,120.80638,745.2832,-0.22147411,9.067078,359.22305
1970-01-01 11:07:11,477.60388,116.983406,798.22095,1.2548411,3.0574036,358.61362
1970-01-01 11:07:12,466.7568,124.85067,519.3501,-0.037767604,12.116125,0.42963082
1970-01-01 11:07:13,390.53006,117.29579,1026.8411,3.813619,-1.6896397,0.92521846
1970-01-01 11:07:14,360.67035,121.8634,932.11804,1.4932297,4.419482,1.5254753
1970-01-01 11:07:15,447.4254,121.84448,1094.7004,4.2882295,0.038215905,0.7171824
1970-01-01 11:07:16,319.3677,117.76374,1033.2963,4.7506757,-1.0215839,1.4003952
1970-01-01 11:07:17,479.8661,116.31122,864.7796,5.865799,14.3792925,0.92454064
1970-01-01 11:07:18,436.41226,121.261345,757.78656,1.9552215,-19.404053,359.57034
1970-01-01 11:07:19,534.57745,117.35682,496.23874,1.058066,0.7475557,359.63132
1970-01-01 11:07:20,445.46094,117.42923,1006.95935,2.001614,-7.420546,359.73026
1970-01-01 11:07:21,517.7173,125.181946,804.9638,2.00591,6.916195,358.67654
1970-01-01 11:07:22,540.85455,130.21227,704.8946,3.267778,5.400253,358.39612
1970-01-01 11:07:23,442.83234,119.9541,766.257,1.9857279,10.582707,358.1736
1970-01-01 11:07:24,694.032,122.51505,930.6569,2.51282,-0.0050918763,358.6953
1970-01-01 11:07:25,377.8202,120.16947,768.4949,1.5591943,-5.060234,358.37067
1970-01-01 11:07:26,540.2999,115.28112,891.94,4.520888,-8.666328,359.40347
1970-01-01 11:07:27,680.48724,122.54688,941.5026,4.604265,-16.676645,0.2794171
1970-01-01 11:07:28,566.8831,122.4195,779.31635,4.1560955,1.6252216,1.5208341
1970-01-01 11:07:29,515.5143,126.74305,569.40106,2.0364387,-20.572113,1.4999124
1970-01-01 11:07:30,,122.704155,1103.1221,-1.2578113,0.19680318,1.6871849
1970-01-01 11:07:31,636.377,118.72996,674.40265,-5.3373933,-6.2904806,1.1489252
1970-01-01 11:07:32,513.155,115.05055,709.4141,1.9676393,-5.246597,1.1228924
1970-01-01 11:07:33,641.8823,123.58192,850.4327,-1.4919785,4.802409,1.2206398
1970-01-01 11:07:34,795.6766,122.67376,756.822,1.5422988,-14.0876465,359.67303
1970-01-01 11:07:35,700.8929,126.365395,895.3305,8.034605,9.387308,358.73132
1970-01-01 11:07:36,709.24554,124.07629,980.2228,6.2670875,-10.869575,358.1622
1970-01-01 11:07:37,599.17126,124.49226,984.45276,6.111358,7.983401,358.82184
1970-01-01 11:07:38,867.9294,123.61288,844.80566,1.0861194,4.884979,359.53702
1970-01-01 11:07:39,552.10236,123.02705,1137.1721,-0.3021182,-0.35891426,359.89078
1970-01-01 11:07:40,797.7177,123.363686,449.62622,-1.2055243,9.5764065,359.16226
1970-01-01 11:07:41,806.0548,113.071335,1021.72125,3.6959503,10.844292,357.5616
1970-01-01 11:07:42,895.7082,121.31418,696.1633,8.207584,-6.097633,359.10364
1970-01-01 11:07:43,804.68054,119.70101,467.52414,1.018381,-6.69345,358.79434
1970-01-01 11:07:44,817.2163,122.8054,880.274,3.8769798,8.458003,358.11865
1970-01-01 11:07:45,784.38324,111.98635,947.9442,0.061367095,11.207362,356.83917
1970-01-01 11:07:46,818.9646,119.91305,947.8145,-0.5034886,10.668634,357.8331
1970-01-01 11:07:47,826.0358,125.463295,838.63983,3.2991648,-3.1850693,358.96896
1970-01-01 11:07:48,892.1765,118.36467,769.63104,1.9619688,1.2461495,358.50604
1970-01-01 11:07:49,810.0122,117.67771,712.00256,4.4092345,-7.6627274,358.55
1970-01-01 11:07:50,898.90826,120.50483,663.00745,-1.0280106,-3.354374,358.21115
1970-01-01 11:07:51,855.751,114.97358,840.9897,4.7384844,-5.3364534,357.90988
1970-01-01 11:07:52,933.0086,118.93466,957.075,1.2396318,14.630624,358.26297
1970-01-01 11:07:53,823.915,126.59155,787.16486,3.0064335,8.395253,359.0619
1970-01-01 11:07:54,974.02313,123.55199,1005.3322,3.9718966,6.4537973,358.31586
1970-01-01 11:07:55,1059.8694,121.2935,758.5984,5.3286495,2.900485,358.8615
1970-01-01 11:07:56,927.6815,123.63557,891.5402,-0.21090639,-4.351736,359.59113
1970-01-01 11:07:57,904.2627,120.52709,686.62476,8.141504,-10.767871,1.2599764
1970-01-01 11:07:58,881.2976,116.71859,761.56464,9.034866,7.215354,2.0791433
1970-01-01 11:07:59,1078.9595,116.91136,847.2493,3.1612198,-7.040889,2.0975926
1970-01-01 11:08:00,1073.6583,117.4152,300.4798,5.3438673,7.4645424,1.4241401
1970-01-01 11:08:01,966.47534,124.51888,1138.9255,3.118178,5.0089917,1.8721333
1970-01-01 11:08:02,978.9558,115.31293,411.54297,-2.1793284,0.008441837,2.6701617
1970-01-01 11:08:03,969.8051,121.63863,841.1562,2.374049,-5.0114565,3.0010357
1970-01-01 11:08:04,1027.6996,120.890945,487.18195,-0.6045095,2.3010802,5.1284356
1970-01-01 11:08:05,1071.3137,119.80486,692.6563,-0.46347564,10.417903,4.935414
1970-01-01 11:08:06,945.36005,122.057915,664.26953,4.3295045,27.877718,5.317504
1970-01-01 11:08:07,1122.4976,118.02373,763.1225,0.22282456,5.648464,6.3571167
1970-01-01 11:08:08,1141.5688,125.59995,907.2384,3.2026987,-6.709237,6.267402
1970-01-01 11:08:09,1077.4243,121.21103,662.9689,2.7541802,10.164707,6.509633
1970-01-01 11:08:10,1048.8469,118.8064,1214.0818,3.0362296,-3.9604638,5.827768
1970-01-01 11:08:11,1063.0986,122.56217,543.45135,-7.565972,6.731836,7.241747
1970-01-01 11:08:12,1091.3007,119.531,681.82275,4.553175,-36.717686,7.1462803
1970-01-01 11:08:13,1121.594,120.32286,655.90875,1.311084,23.479631,8.183245
1970-01-01 11:08:14,1158.6211,124.620804,1076.6663,6.1327343,-25.544897,6.9884534
1970-01-01 11:08:15,1028.9209,116.26264,879.3072,-0.94042724,-5.3595862,5.1698594
1970-01-01 11:08:16,970.385,127.020256,1097.5372,-3.9138927,0.32976097,5.1766434
1970-01-01 11:08:17,1211.2643,123.375015,757.63434,3.9235415,-4.1242623,6.9039836
1970-01-01 11:08:18,1162.5011,107.30042,589.2863,2.4555206,2.3855975,7.2725506
1970-01-01 11:08:19,1074.3058,121.80818,1054.321,-1.0708208,-12.72784,7.1632504
1970-01-01 11:08:20,1052.508,122.95645,480.7908,6.79029,3.9063575,6.7800345
1970-01-01 11:08:21,1295.8239,116.40268,692.6035,6.3844123,9.628725,7.420356
1970-01-01 11:08:22,1339.9695,117.02069,971.615,1.5419577,4.713019,7.226556
1970-01-01 11:08:23,1290.0936,121.13288,620.867,0.41845217,3.128601,6.618218
1970-01-01 11:08:24,1366.2932,120.72559,689.7298,-2.2420998,-28.136414,7.893714
1970-01-01 11:08:25,1285.1414,117.57657,524.2647,2.508467,-11.58426,9.16866
1970-01-01 11:08:26,1303.6927,122.92654,827.5985,1.6692588,-17.043966,9.301389
1970-01-01 11:08:27,1309.7737,119.68481,1017.36127,3.7814639,11.093563,7.730284
1970-01-01 11:08:28,1466.6754,118.806175,714.50604,2.3292613,-17.611637,7.6813097
1970-01-01 11:08:29,1342.4685,123.12876,899.9038,0.9488883,-15.756161,7.602871
1970-01-01 11:08:30,1379.842,118.00574,1181.4337,0.9351402,-9.933066,7.087931
1970-01-01 11:08:31,1379.0012,122.02569,891.20026,1.6286846,-10.5722065,5.9389896
1970-01-01 11:08:32,1246.2391,119.3424,981.259,1.6764258,8.438793,6.1337285
1970-01-01 11:08:33,1399.7535,122.97167,827.4739,0.49527064,6.526569,6.5681815
1970-01-01 11:08:34,1390.5453,117.738014,921.512,3.2527897,-8.279744,6.3174005
1970-01-01 11:08:35,1345.3154,121.01877,846.34357,4.2728806,2.9500713,5.2855077
1970-01-01 11:08:36,1556.4012,123.5584,711.5426,2.1825998,-7.9304123,6.6422815
1970-01-01 11:08:37,1379.3441,127.12198,760.11884,1.9447145,-20.99851,6.7911196
1970-01-01 11:08:38,1530.3911,115.9668,1049.9227,2.7409267,10.653897,5.7179613
1970-01-01 11:08:39,1475.6459,118.460106,439.78223,1.4986709,-13.054101,6.5930753
1970-01-01 11:08:40,1452.0363,123.963875,1072.0269,4.3362226,27.55756,7.706976
1970-01-01 11:08:41,1526.6292,118.28154,730.363,6.259234,14.170961,7.5332007
1970-01-01 11:08:42,1499.284,119.16714,839.6437,8.99061,1.3609405,7.9781632
1970-01-01 11:08:43,1600.7358,121.41263,639.5672,-2.0235405,-24.472818,7.0700483
1970-01-01 11:08:44,1455.8533,119.37639,822.9361,-0.9030074,-10.902951,8.223192
1970-01-01 11:08:45,1516.6372,122.3895,832.8783,-0.4640644,-5.9698405,7.160265
1970-01-01 11:08:46,1578.6088,124.05112,788.9497,5.7763753,15.888111,7.1063275
1970-01-01 11:08:47,1521.6018,114.6884,746.68036,3.6370451,-5.9119616,7.5005455
1970-01-01 11:08:48,1676.6897,125.841156,569.54315,1.4977707,-22.014977,8.172788
1970-01-01 11:08:49,1466.7307,122.101456,856.4025,4.67726,3.5314112,8.040335
1970-01-01 11:08:50,1646.6904,116.44107,665.29504,7.54205,-11.973392,7.8496284
1970-01-01 11:08:51,1679.4563,117.46464,831.9453,0.4334741,-5.750163,6.0253873
1970-01-01 11:08:52,1601.2664,117.879715,868.5847,6.582163,16.233356,4.8505816
1970-01-01 11:08:53,1611.8364,125.51535,992.85504,4.6144595,-9.07443,3.9991913
1970-01-01 11:08:54,1669.2291,125.49225,493.6378,2.32259,10.084702,3.0054033
1970-01-01 11:08:55,1725.6742,121.23121,673.9373,4.6350193,-20.117657,2.5315704
1970-01-01 11:08:56,1717.3191,113.7928,897.1225,-0.025722202,6.74333,1.1159781
1970-01-01 11:08:57,1626.039,121.38267,152.72147,1.9184153,2.1814516,0.46130088
1970-01-01 11:08:58,1745.6989,124.359505,1142.6727,5.1572385,-9.614377,1.2195235
1970-01-01 11:08:59,1687.3575,121.94156,870.13324,-2.8797011,-6.334644,359.69208
1970-01-01 11:09:00,1937.901,119.27896,1040.4125,0.011994079,-3.657865,358.25592
1970-01-01 11:09:01,1621.6093,122.9005,827.5262,1.379115,-9.365794,358.5156
1970-01-01 11:09:02,1593.5214,124.812874,722.71936,7.01694,2.279208,357.78607
1970-01-01 11:09:03,1872.7454,121.215164,1111.9996,7.497649,-2.511414,356.42194
1970-01-01 11:09:04,1830.6414,116.96862,583.0792,1.337933,11.478048,355.26392
1970-01-01 11:09:05,1657.1896,118.53895,926.7864,5.223358,9.282047,355.03333
1970-01-01 11:09:06,1834.1338,117.715385,1202.9681,3.8020241,-6.336969,352.7289
1970-01-01 11:09:07,1923.7471,117.49059,919.2472,1.3788152,-7.194052,352.69318
1970-01-01 11:09:08,1834.033,128.86787,839.256,0.54042256,-13.000939,352.34375
1970-01-01 11:09:09,1852.8855,117.797,647.1412,-2.4672866,-2.512847,349.62897
1970-01-01 11:09:10,1822.5118,113.21164,847.7714,-3.5266201,13.559936,349.81183
1970-01-01 11:09:11,1869.8685,128.97227,567.3015,3.4653897,-2.3338356,351.71948
1970-01-01 11:09:12,1826.4316,119.09605,737.5327,3.6911242,-1.4935046,351.59616
1970-01-01 11:09:13,1894.1206,127.15249,756.2724,-1.4775035,-1.6877946,353.03482
1970-01-01 11:09:14,1921.3073,118.16118,791.39014,2.8464355,4.5884733,352.0782
1970-01-01 11:09:15,1989.3828,119.471535,572.7035,-3.914439,0.26829702,352.9495
1970-01-01 11:09:16,1905.4314,122.85728,609.12317,-2.509536,4.5483894,354.03738
1970-01-01 11:09:17,1997.4037,125.11785,786.4177,-2.8365855,-9.655058,354.79297
1970-01-01 11:09:18,1889.5667,121.25087,908.0834,-1.4358652,-10.543884,355.245
1970-01-01 11:09:19,1988.821,121.72128,972.679,-1.9220731,11.139854,355.72403
1970-01-01 11:09:20,1839.206,122.7007,521.35754,-0.8696759,-6.7127767,353.9695
1970-01-01 11:09:21,1830.0637,125.07134,586.04004,2.2415996,-4.394331,354.89682
1970-01-01 11:09:22,1894.0972,119.45504,567.63086,1.7795638,2.5259438,355.35284
1970-01-01 11:09:23,1886.6597,126.01121,725.02795,5.1616764,-10.900587,355.9684
1970-01-01 11:09:24,2103.128,121.355804,940.7455,0.5728775,-4.112198,354.89703
1970-01-01 11:09:25,1912.1755,123.52158,838.88574,10.267295,6.2814937,354.77026
1970-01-01 11:09:26,2131.6758,122.18003,915.5558,6.2412496,8.830465,354.92773
1970-01-01 11:09:27,2087.8264,123.02374,941.64105,0.5194784,-0.15929848,354.7959
1970-01-01 11:09:28,2009.3582,119.48317,898.4045,0.84006524,11.190829,353.89334
1970-01-01 11:09:29,2117.035,118.613754,787.1235,2.7706404,12.090684,354.31613
1970-01-01 11:09:30,1994.9454,117.09381,787.283,3.8717275,-8.729291,354.86194
1970-01-01 11:09:31,1991.0002,125.307724,690.698,-0.5789549,6.551685,353.8487
1970-01-01 11:09:32,2053.4966,128.20273,536.4592,3.6973026,-1.6467063,354.71967
1970-01-01 11:09:33,2142.2117,125.02993,814.6618,0.55913556,-1.9600536,352.7607
1970-01-01 11:09:34,1931.3276,124.22881,760.81195,-2.0538352,-4.292499,352.0095
1970-01-01 11:09:35,2169.823,119.08798,764.10004,-0.09864214,-1.1674482,351.41092
1970-01-01 11:09:36,2088.0557,117.68689,837.01685,0.0647335,-8.493893,351.72873
1970-01-01 11:09:37,2132.8894,122.95222,961.7184,0.3511296,11.936634,353.29358
1970-01-01 11:09:38,2196.8818,121.34077,914.1115,0.2972704,-8.613722,354.20673
1970-01-01 11:09:39,2286.2654,122.770485,701.17676,5.978187,-8.336033,354.90314
1970-01-01 11:09:40,2228.3965,114.062485,1238.4617,-2.1927507,-7.016445,355.53445
1970-01-01 11:09:41,2226.9692,119.3603,1012.538,1.4745494,-0.43558866,357.11453
1970-01-01 11:09:42,2286.2598,121.76829,533.22144,0.5590471,-2.9188106,356.18143
1970-01-01 11:09:43,2209.7117,119.29638,533.2332,4.5887504,2.4409006,355.82495
1970-01-01 11:09:44,2164.7974,109.22832,818.9476,-1.4792086,-5.4665427,356.2593
1970-01-01 11:09:45,2293.8896,127.75445,724.26514,-0.54065007,-19.110262,357.42297
1970-01-01 11:09:46,2469.531,121.09477,928.04895,1.8431332,5.9213433,358.97958
1970-01-01 11:09:47,2371.7747,127.370415,367.30948,3.351477,-2.5484767,357.33563
1970-01-01 11:09:48,2178.1196,114.76777,799.89355,6.063633,-7.404254,357.5231
1970-01-01 11:09:49,2261.2493,116.39573,1344.6868,-0.49599087,-0.46131632,356.92984
1970-01-01 11:09:50,2296.331,125.94833,895.2642,8.088411,24.007236,356.3641
1970-01-01 11:09:51,2316.689,124.381775,894.8554,2.6490648,13.7270155,357.43143
1970-01-01 11:09:52,2424.311,119.482315,1018.0777,4.0125265,-0.45400918,358.94464
1970-01-01 11:09:53,2162.8254,123.16763,1082.4061,5.036124,13.901818,357.7415
1970-01-01 11:09:54,2366.8452,120.39273,511.01324,3.3496218,-5.5572486,359.42493
1970-01-01 11:09:55,2244.079,127.806816,729.79614,-2.2743945,-0.8527474,358.57278
1970-01-01 11:09:56,2468.904,123.552216,820.5799,-0.061216377,-2.973573,357.91458
1970-01-01 11:09:57,2383.477,119.92319,959.79266,0.8270153,-10.980686,358.7717
1970-01-01 11:09:58,2351.6782,118.42947,469.0003,7.8557677,12.923376,356.9981
1970-01-01 11:09:59,2456.4856,122.551476,445.44797,-0.26161188,11.64259,359.13507
1970-01-01 11:10:00,2372.85,123.20754,821.4982,3.5163255,1.4392717,359.795
1970-01-01 11:10:01,2345.69,125.3436,560.88635,0.31164414,-5.0685234,359.43536
1970-01-01 11:10:02,2431.6626,123.092026,840.07965,-4.3180733,1.3298619,358.82925
1970-01-01 11:10:03,2406.2163,114.516556,852.6619,2.0749118,-23.36037,358.3691
1970-01-01 11:10:04,2380.1553,125.60374,952.92993,3.0271387,-2.6952193,358.66534
1970-01-01 11:10:05,2510.6638,118.71414,1185.8424,-0.4148452,-8.968974,358.29868
1970-01-01 11:10:06,2625.9414,123.9055,709.6921,2.717641,-4.975238,359.1746
1970-01-01 11:10:07,2458.4033,128.1104,661.50665,2.1014898,6.4441447,356.92813
1970-01-01 11:10:08,2513.8872,121.12347,721.2205,5.7601857,17.041656,356.8799
1970-01-01 11:10:09,2734.237,123.11868,857.27594,1.6650755,-4.3891826,356.7632
1970-01-01 11:10:10,2635.886,119.703384,714.4558,6.255716,0.841098,357.06854
1970-01-01 11:10:11,2679.4568,120.05258,1044.4746,6.4706907,-0.93707067,358.39758
1970-01-01 11:10:12,2707.839,119.3232,553.62274,2.6217437,7.0022407,354.51797
1970-01-01 11:10:13,2657.3418,128.21002,1116.7112,-0.40057337,-2.082537,354.65286
1970-01-01 11:10:14,2520.266,123.48417,591.16284,0.4799283,-8.070732,355.35828
1970-01-01 11:10:15,2624.754,118.662315,840.01654,1.1123861,11.055095,354.28998
1970-01-01 11:10:16,2649.8376,118.9846,515.5378,4.6477904,13.895533,354.70605
1970-01-01 11:10:17,2678.0308,122.001495,624.82153,6.3681717,7.886084,354.97397
1970-01-01 11:10:18,2624.8667,125.75429,571.2516,0.5330478,-10.951685,354.85883
1970-01-01 11:10:19,2592.4104,121.25059,820.8713,1.4944692,1.9690129,354.82465
1970-01-01 11:10:20,2807.4622,120.20611,511.42303,4.5060406,6.841206,355.7626
1970-01-01 11:10:21,2754.6167,121.05743,629.80493,-0.86138135,-5.3186145,358.3631
1970-01-01 11:10:22,2781.4832,117.668274,721.1963,0.05574642,-10.519647,359.99173
1970-01-01 11:10:23,2707.5452,125.094666,928.91864,2.6059778,-13.881839,358.5191
1970-01-01 11:10:24,2793.367,118.27757,682.86816,2.8485188,-3.197314,357.84744
1970-01-01 11:10:25,2914.514,120.29907,931.63934,-0.79198897,-18.428047,356.52615
1970-01-01 11:10:26,2720.1873,120.40368,595.20636,2.3773806,3.4527664,354.89368
1970-01-01 11:10:27,2905.3875,125.998695,915.44836,6.1285796,8.741493,353.6962
1970-01-01 11:10:28,2764.101,121.15848,608.3643,1.3016907,-16.655016,353.36725
1970-01-01 11:10:29,2827.0178,119.6708,642.85913,-0.1564474,-2.5837474,353.0039
1970-01-01 11:10:30,2888.331,125.164314,422.93115,1.067846,-6.548528,352.73956
1970-01-01 11:10:31,2717.1414,123.22599,427.30267,0.8917306,0.4692389,351.44318
1970-01-01 11:10:32,2790.6196,121.34101,639.6846,-2.229312,12.868435,350.06097
1970-01-01 11:10:33,2701.349,129.35164,852.5143,6.036006,0.26859558,348.31015
1970-01-01 11:10:34,2880.3086,118.00278,533.50665,-0.44765863,-1.052556,348.29767
1970-01-01 11:10:35,2696.033,126.76524,874.94885,-1.2335149,21.264791,348.32138
1970-01-01 11:10:36,2845.7463,122.04004,885.6231,3.9198055,-1.3468357,348.96692
1970-01-01 11:10:37,2989.967,122.710686,1008.5863,2.728133,4.716572,349.67126
1970-01-01 11:10:38,2888.1274,123.73189,668.11804,3.6639583,-9.24684,349.6137
1970-01-01 11:10:39,2944.232,122.5103,635.1557,-1.1217754,1.6444924,348.41595
1970-01-01 11:10:40,2860.3108,124.00455,680.69257,4.0991325,-8.011722,349.11557
1970-01-01 11:10:41,2885.622,125.721535,794.8981,4.937557,-14.817919,348.99347
1970-01-01 11:10:42,2962.6108,119.85114,900.39575,5.3174596,-9.691746,347.87256
1970-01-01 11:10:43,3061.8616,125.863304,721.62714,1.1150708,-4.841309,348.5829
1970-01-01 11:10:44,2953.2563,128.70369,,3.2752607,-10.477446,347.7634
1970-01-01 11:10:45,3010.6401,132.5108,1073.7241,2.2737172,2.1824715,347.05923
1970-01-01 11:10:46,2971.2769,117.261505,681.982,-0.883819,-19.740067,346.96588
1970-01-01 11:10:47,2788.8909,110.974686,833.7154,0.8303733,10.792943,347.625
1970-01-01 11:10:48,3066.1777,121.52277,503.6964,1.2299249,4.2269835,347.40253
1970-01-01 11:10:49,3082.5054,124.2309,729.35345,1.5753334,-6.6759305,348.05353
1970-01-01 11:10:50,3074.5737,120.54001,996.9222,-2.65336,-7.156748,346.5382
1970-01-01 11:10:51,3068.656,120.28479,917.17664,2.9322383,7.3287306,347.3002
1970-01-01 11:10:52,3140.8435,117.13124,836.8767,-1.2219564,-6.625656,345.70584
1970-01-01 11:10:53,3063.5225,123.75906,496.597,0.36838004,-8.858171,346.19177
1970-01-01 11:10:54,3246.0354,120.66548,887.1568,1.2931304,7.1102657,347.90735
1970-01-01 11:10:55,3015.2146,121.19886,879.5742,3.9146183,-18.97916,348.19305
1970-01-01 11:10:56,3094.8833,115.540504,834.41327,2.774667,-5.839974,347.26877
1970-01-01 11:10:57,3212.5247,120.54593,1024.9795,3.5980597,6.970053,346.92212
1970-01-01 11:10:58,3287.9565,123.18427,746.37036,6.030352,12.660324,346.76138
1970-01-01 11:10:59,3091.7761,116.8575,865.3951,-0.81380284,-13.343037,346.63553
1970-01-01 11:11:00,3286.5994,124.95645,773.8623,1.7722988,3.2678425,346.85477
1970-01-01 11:11:01,3263.3428,121.080025,886.69635,-4.1230655,-4.3605924,348.0271
1970-01-01 11:11:02,3358.316,116.16905,601.0267,2.3813505,-11.198231,349.83023
1970-01-01 11:11:03,3154.1997,120.34003,669.9347,1.7408072,11.250424,349.15665
1970-01-01 11:11:04,3268.822,120.06866,685.2893,6.80408,10.111212,349.21292
1970-01-01 11:11:05,3152.4321,121.319595,562.55475,1.6069927,3.614833,350.10938
1970-01-01 11:11:06,3321.6055,124.89106,679.72455,1.7361944,-8.002722,348.84482
1970-01-01 11:11:07,3369.1152,123.10698,761.9251,0.75208163,-11.182562,347.01416
1970-01-01 11:11:08,3372.8257,120.98583,551.6905,0.17008081,-4.9257965,347.67584
1970-01-01 11:11:09,3302.2183,117.11278,989.62616,3.84145,14.010486,347.04514
1970-01-01 11:11:10,3167.1782,122.03675,1156.5856,2.35433,-6.558465,347.29312
1970-01-01 11:11:11,3346.28,118.0345,909.76306,4.8308744,12.25731,347.18903
1970-01-01 11:11:12,3271.3865,130.21938,817.0067,2.705357,6.0123405,348.39615
1970-01-01 11:11:13,3399.9468,121.033165,1069.8295,4.914189,5.390217,347.54083
1970-01-01 11:11:14,3435.2917,123.79051,688.9621,-5.9788647,16.029804,347.64346
1970-01-01 11:11:15,3384.791,119.14,633.672,6.7648754,9.433778,347.203
1970-01-01 11:11:16,3305.9568,122.65996,773.9938,1.464995,-0.6557147,347.56323
1970-01-01 11:11:17,3457.5217,122.21423,722.1375,3.1836517,16.992855,348.7375
1970-01-01 11:11:18,3365.0874,123.64146,770.6554,3.044018,0.7748405,349.23178
1970-01-01 11:11:19,3564.7495,113.540535,637.2638,1.3101647,9.667427,350.19077
1970-01-01 11:11:20,3365.1682,122.87372,711.1341,0.553904,7.1090107,348.31183
1970-01-01 11:11:21,3331.38,124.07651,1050.3223,4.5309286,-6.067515,348.1972
1970-01-01 11:11:22,3444.9236,127.69615,872.856,0.8739976,5.6737566,348.67035
1970-01-01 11:11:23,3501.7544,117.33448,1130.9728,1.8486459,13.173455,348.13205
1970-01-01 11:11:24,3461.9915,114.64954,1098.2935,0.83522415,-1.2450527,349.94348
1970-01-01 11:11:25,3460.064,124.40303,740.1375,3.1353185,-10.52228,348.96033
1970-01-01 11:11:26,3582.2905,120.25315,773.54395,3.5691922,-8.18144,349.41736
1970-01-01 11:11:27,3403.0574,123.57232,961.4413,2.6365836,-9.630925,350.35806
1970-01-01 11:11:28,3412.377,125.34817,720.7548,2.8831437,4.1021295,351.03616
1970-01-01 11:11:29,3775.6052,119.09304,904.06964,2.535825,-1.487591,351.76755
1970-01-01 11:11:30,3641.8938,119.52103,872.88434,1.9331542,8.180857,351.0716
1970-01-01 11:11:31,3487.5886,121.09323,1049.6299,2.0028512,-12.788308,349.94775
1970-01-01 11:11:32,3528.7905,118.05892,959.68646,5.0116334,20.28405,348.53027
1970-01-01 11:11:33,3618.4038,118.28422,1056.5221,7.199696,-8.973745,347.5693
1970-01-01 11:11:34,3814.01,118.720375,793.7958,0.99059933,20.089983,350.02966
1970-01-01 11:11:35,3535.02,120.68427,1110.3883,1.4024751,-11.237469,350.62833
1970-01-01 11:11:36,3583.343,125.81083,890.797,3.1516953,-9.429179,350.7978
1970-01-01 11:11:37,3704.4348,117.4832,800.3242,6.472195,5.3003445,350.17624
1970-01-01 11:11:38,3753.3203,123.06591,934.91077,0.29054752,12.976123,350.7026
1970-01-01 11:11:39,3626.789,121.548706,441.1343,0.13941051,-12.906217,351.77097
1970-01-01 11:11:40,3631.475,120.19354,931.3179,2.6272783,-3.3450465,352.56317
1970-01-01 11:11:41,3717.6912,118.57605,926.9773,-0.049941145,-2.419005,353.5613
1970-01-01 11:11:42,3604.128,120.37323,1100.6667,5.204128,2.965464,352.0958
1970-01-01 11:11:43,3699.398,125.04559,1203.3585,-2.0960007,-10.408895,353.16345
1970-01-01 11:11:44,3860.6553,118.81622,684.5074,-0.20173822,-6.0447736,353.97476
1970-01-01 11:11:45,3723.3206,128.54251,391.92166,4.722251,3.5334535,354.24948
1970-01-01 11:11:46,3836.4749,122.1562,840.30725,-0.5623162,9.465114,352.75323
1970-01-01 11:11:47,3840.259,122.819565,624.7668,-2.1294367,10.179845,352.06003
1970-01-01 11:11:48,3828.219,128.09256,807.3104,8.093536,-12.518382,353.74576
1970-01-01 11:11:49,4041.9521,123.34948,811.2431,-0.27503458,8.21875,353.0587
1970-01-01 11:11:50,3807.6755,117.49667,1077.4951,1.924245,9.417854,351.5214
1970-01-01 11:11:51,3916.6763,121.32111,875.4293,0.021525543,7.496776,352.16782
1970-01-01 11:11:52,3878.4136,123.228294,933.16284,0.7413412,-6.342086,353.70316
1970-01-01 11:11:53,3808.1465,122.61481,744.94617,-5.587749,-10.196017,354.48627
1970-01-01 11:11:54,3786.4033,118.801254,826.2157,2.3875592,1.2691976,353.46564
1970-01-01 11:11:55,3819.2585,125.96738,1172.9908,6.3097715,-15.390733,353.65192
1970-01-01 11:11:56,4013.7878,125.10917,741.82715,-0.57399493,9.154735,354.05548
1970-01-01 11:11:57,3645.3137,121.16273,637.4242,4.821444,-0.8993789,356.7796
1970-01-01 11:11:58,3839.9202,124.22681,400.72662,3.302282,-14.486804,358.06848
1970-01-01 11:11:59,3894.4976,119.79515,897.9338,-3.109373,-11.845339,357.7427
1970-01-01 11:12:00,3879.1963,121.31423,937.2503,0.50182116,0.07229829,358.7645
1970-01-01 11:12:01,3900.6553,123.018585,1225.8257,2.080188,-28.643902,357.1843
1970-01-01 11:12:02,3866.1887,118.27627,697.2679,0.75514036,10.075138,356.31418
1970-01-01 11:12:03,3982.4294,113.77865,936.6927,4.514926,0.8767327,354.42426
1970-01-01 11:12:04,3929.8188,122.059456,815.69965,1.3130343,-0.39980018,353.8491
1970-01-01 11:12:05,4056.9346,118.17485,845.85315,6.355288,-8.375743,354.39157
1970-01-01 11:12:06,3918.1882,121.374855,788.0381,-2.019622,8.164383,355.6956
1970-01-01 11:12:07,4089.5098,118.11769,1040.9653,1.8539708,8.885015,357.9808
1970-01-01 11:12:08,4018.9534,125.62544,938.70557,0.8397251,-13.252656,358.95987
1970-01-01 11:12:09,4041.7588,122.29115,1104.7858,2.9906824,-13.781388,358.96155
1970-01-01 11:12:10,3973.1614,114.49848,1012.8152,6.011273,0.84377754,0.23781674
1970-01-01 11:12:11,3924.7664,119.09349,638.3685,4.9541273,-21.006475,0.019943599
1970-01-01 11:12:12,4084.9185,124.88099,620.15454,-3.5341868,-3.2360675,0.02867613
1970-01-01 11:12:13,3986.6433,124.43076,1120.9237,3.8933072,-11.216736,359.6128
1970-01-01 11:12:14,4081.9822,118.92898,1075.7025,3.5567122,18.124905,359.29257
1970-01-01 11:12:15,4155.067,123.10303,,-1.3960897,-8.583263,359.6972
1970-01-01 11:12:16,4303.263,117.62573,961.3987,3.1621866,3.0481436,359.95108
1970-01-01 11:12:17,4199.2104,119.301315,622.2484,1.6521595,-2.5301728,0.47325516
1970-01-01 11:12:18,4091.5254,117.16823,1076.8451,-0.6169192,-8.143676,0.114139944
1970-01-01 11:12:19,4068.9114,121.238495,658.17,-5.80587,-3.441044,1.4920132
1970-01-01 11:12:20,4189.9814,119.77499,858.6795,-1.944177,2.5964763,2.8964655
1970-01-01 11:12:21,4235.3267,122.151405,738.9277,1.2552725,23.123356,0.6907939
1970-01-01 11:12:22,4166.323,122.86041,550.74133,1.8382851,-14.013424,0.34363165
1970-01-01 11:12:23,4200.747,121.67963,948.12415,1.2924813,8.765958,0.37078953
1970-01-01 11:12:24,4177.3945,123.8225,551.35297,3.794957,2.4866376,1.1785437
1970-01-01 11:12:25,4076.681,120.784966,857.351,0.86330634,-6.5667624,1.6606582
1970-01-01 11:12:26,4191.8423,126.21555,452.4376,-2.1260724,10.439207,1.6636426
1970-01-01 11:12:27,4405.9077,121.53091,617.1134,2.669641,-4.4299235,358.6051
1970-01-01 11:12:28,4389.0674,119.44272,715.17377,0.82393914,-3.9574819,357.86768
1970-01-01 11:12:29,4175.686,122.33586,1102.6055,3.5049584,-4.481818,358.5391
1970-01-01 11:12:30,4373.0376,126.95577,1141.2357,6.155817,-8.38809,357.79315
1970-01-01 11:12:31,4200.099,126.0434,778.02606,0.9569015,-11.922322,357.44556
1970-01-01 11:12:32,4274.7554,119.73219,590.4298,1.4532534,-1.854688,358.1588
1970-01-01 11:12:33,4230.219,123.73768,974.2174,8.239562,-1.9429619,359.12408
1970-01-01 11:12:34,4230.065,119.276695,828.376,-6.508779,11.9217615,359.24088
1970-01-01 11:12:35,,123.2776,1005.82874,5.1531463,7.9648104,358.79727
1970-01-01 11:12:36,4469.2925,119.73881,902.70667,5.8056173,2.6227918,358.43674
1970-01-01 11:12:37,4303.5767,117.57746,799.9728,1.0599804,7.6438575,359.0707
1970-01-01 11:12:38,4423.508,117.74886,580.3222,1.6492597,5.9812613,359.38004
1970-01-01 11:12:39,4419.3203,126.04142,853.3252,0.60770655,3.8011363,357.81973
1970-01-01 11:12:40,4375.65,117.32035,1018.0085,-3.012515,-0.7387018,358.77405
1970-01-01 11:12:41,4390.204,117.77272,792.89404,8.929672,-15.153575,358.11188
1970-01-01 11:12:42,4415.372,124.03254,723.92944,2.1542568,-4.8754344,1.009696
1970-01-01 11:12:43,4483.5615,129.64194,1102.5344,2.8085046,-3.7797277,1.3216121
1970-01-01 11:12:44,4388.7827,122.069595,1025.326,-1.5177853,-18.967194,0.5564908
1970-01-01 11:12:45,4569.3257,121.500336,790.52795,3.4069345,4.65202,1.2918919
1970-01-01 11:12:46,4498.5444,115.69215,730.7473,1.1116705,-4.183071,0.3518447
1970-01-01 11:12:47,4573.8745,116.31439,793.63184,4.7825804,13.451727,0.8805233
1970-01-01 11:12:48,4585.367,114.141464,929.51117,-1.4199966,3.7343316,359.8036
1970-01-01 11:12:49,4533.589,128.78897,1086.2544,2.880507,3.3168926,1.1619345
1970-01-01 11:12:50,4624.6846,118.36549,708.96356,2.6180928,-19.469528,1.3074688
1970-01-01 11:12:51,4577.893,121.99411,868.1341,5.304633,-15.452314,0.45083255
1970-01-01 11:12:52,4577.047,122.06844,513.56665,2.4362607,-8.775663,0.26405025
1970-01-01 11:12:53,4598.6978,118.81278,782.33344,-1.563672,1.3636228,1.2323544
1970-01-01 11:12:54,4362.6685,113.052086,763.6375,-0.03104143,-1.4858764,1.8479232
1970-01-01 11:12:55,4459.732,123.61272,932.8153,4.77527,5.8820877,0.64219725
1970-01-01 11:12:56,4554.401,115.95694,915.4112,1.4698088,10.336795,0.6076459
1970-01-01 11:12:57,4665.827,124.61275,811.1023,5.7224083,2.1455634,358.95178
1970-01-01 11:12:58,4705.77,113.649124,642.2313,1.3671376,5.878721,358.50607
1970-01-01 11:12:59,4665.762,120.2382,831.4363,1.5563649,-13.774821,358.6387
1970-01-01 11:13:00,4672.5664,123.791504,371.90045,4.5890617,3.3238194,358.1741
1970-01-01 11:13:01,4555.407,124.89949,911.56177,-0.89393675,6.2056646,358.73755
1970-01-01 11:13:02,4606.2275,118.25721,641.9396,6.472906,-8.158199,359.14417
1970-01-01 11:13:03,4776.362,114.82245,896.4003,3.28805,-11.440918,0.18787791
1970-01-01 11:13:04,4662.179,125.57994,825.98126,3.1410162,21.176449,359.4794
1970-01-01 11:13:05,4827.8936,119.46105,770.72833,3.3123744,1.780889,359.83878
1970-01-01 11:13:06,4686.453,117.858986,666.37976,3.766664,-13.051014,1.2507865
1970-01-01 11:13:07,4868.0024,130.16396,960.26605,-0.4310465,2.5978808,1.9914577
1970-01-01 11:13:08,4691.1284,116.54708,834.14154,2.5874631,8.76929,1.8047541
1970-01-01 11:13:09,4868.7295,125.28654,533.1976,1.5890595,7.661432,2.1477394
1970-01-01 11:13:10,4745.276,124.69221,759.604,0.4594341,-8.746107,1.3584106
1970-01-01 11:13:11,4830.4507,118.19162,902.4001,2.6561055,8.4215145,0.23282279
1970-01-01 11:13:12,4803.796,123.75594,228.69702,5.6268387,5.4676476,0.24322467
1970-01-01 11:13:13,4843.048,115.61872,1120.4,-0.057044648,-5.6552687,0.30823973
1970-01-01 11:13:14,4724.013,122.79876,1113.3777,0.53338295,2.5393152,359.5471
1970-01-01 11:13:15,4806.7188,121.18791,808.52673,1.957681,15.224314,358.00583
1970-01-01 11:13:16,4764.7974,121.25191,642.21484,2.9163525,5.133225,358.34186
1970-01-01 11:13:17,4859.071,118.916245,734.7695,-0.1466693,5.6789165,358.54007
1970-01-01 11:13:18,4838.2715,115.759705,825.6136,-0.9877071,1.8388104,359.4603
1970-01-01 11:13:19,4748.359,121.57963,878.38824,3.5709815,3.1195498,359.27588
1970-01-01 11:13:20,4844.352,111.55705,910.2565,-2.6060739,12.214529,358.86072
1970-01-01 11:13:21,5062.149,115.30431,763.3867,1.9746407,21.57268,0.0029399022
1970-01-01 11:13:22,4968.5083,123.48258,586.86383,2.1353295,11.923329,0.99876577
1970-01-01 11:13:23,4764.3022,119.92322,735.7188,2.042524,-3.5263114,0.81044817
1970-01-01 11:13:24,5000.5977,123.81737,392.974,1.044185,-6.8082695,0.9355384
1970-01-01 11:13:25,5064.392,122.89995,976.3516,-0.66246665,-0.21697417,2.1168299
1970-01-01 11:13:26,4920.4478,127.92249,1079.8777,1.2920029,6.7134395,2.8591669
1970-01-01 11:13:27,5016.658,128.9376,1050.1998,0.113692604,-1.1244042,2.7411768
1970-01-01 11:13:28,5024.198,121.59212,627.3999,-2.1872208,12.253883,4.320264
1970-01-01 11:13:29,5044.805,122.24567,844.06274,4.3181205,-4.502337,3.906535
1970-01-01 11:13:30,5015.4263,121.098114,1006.51624,1.4805318,24.458353,3.408121
1970-01-01 11:13:31,5180.412,124.67476,555.03534,,-0.34083664,3.8430686
1970-01-01 11:13:32,4913.8286,122.47405,788.85834,1.8957626,13.615435,3.0573819
1970-01-01 11:13:33,5015.5312,114.9919,779.2525,1.0956802,-9.628893,1.7146016
1970-01-01 11:13:34,5081.0947,123.38498,1212.0133,-2.5916915,-9.033495,2.1697924
1970-01-01 11:13:35,5139.032,131.91895,365.95804,-0.9359712,11.339672,2.027591
1970-01-01 11:13:36,5124.8906,119.42273,637.46844,4.6984925,2.833696,3.2932572
1970-01-01 11:13:37,5094.924,112.55086,1003.9933,7.607028,14.848591,4.435555
1970-01-01 11:13:38,5042.02,120.782196,962.35095,1.5448968,-13.788377,5.645771
1970-01-01 11:13:39,5128.116,124.222244,1024.4336,0.55760264,-17.708048,2.8098676
1970-01-01 11:13:40,5152.5596,125.14073,850.1567,3.7231736,5.9739347,3.5522313
1970-01-01 11:13:41,5190.5825,121.35192,648.4691,4.3515344,2.6993334,3.757959
1970-01-01 11:13:42,5123.1045,126.61688,894.17664,1.8345722,-2.0141244,2.2954092
1970-01-01 11:13:43,5208.161,124.85435,979.7114,3.7607722,-7.091756,3.420079
1970-01-01 11:13:44,5173.4326,120.772766,922.0934,3.9162037,8.84125,3.323335
1970-01-01 11:13:45,5179.5205,122.54892,582.4127,4.831656,12.17218,4.298614
1970-01-01 11:13:46,5343.724,114.91542,985.8317,-3.0077078,-2.0390403,3.1073396
1970-01-01 11:13:47,5182.1255,117.51443,722.3252,-1.3178358,15.104994,3.1956487
1970-01-01 11:13:48,5211.6763,121.48328,907.4134,-0.8782293,5.940538,0.9559917
1970-01-01 11:13:49,5293.508,128.74388,819.4308,4.352227,-4.579621,1.8965372
1970-01-01 11:13:50,5237.4604,126.04717,920.49084,1.274973,3.6493368,3.4093564
1970-01-01 11:13:51,5229.7476,118.13683,667.18756,-3.0023496,-6.517271,2.806121
1970-01-01 11:13:52,5380.924,118.09681,936.7115,5.265846,-14.938732,2.777481
1970-01-01 11:13:53,5238.962,121.09843,976.624,1.7966449,1.5947922,2.134403
1970-01-01 11:13:54,5421.5107,117.899574,884.694,2.9226432,9.231093,1.4430429
1970-01-01 11:13:55,5355.933,122.952446,674.88696,1.9760841,-3.8890798,1.4232298
1970-01-01 11:13:56,5271.278,122.8723,577.93066,1.33511,-2.1614861,2.1760838
1970-01-01 11:13:57,5204.6533,115.119156,741.3501,-0.6149089,15.70182,1.2330619
1970-01-01 11:13:58,5554.8257,121.341995,775.7541,1.5122956,-1.5015894,0.75070757
1970-01-01 11:13:59,5484.64,120.246506,684.4885,3.039577,5.662853,358.8608
1970-01-01 11:14:00,5328.907,118.2554,944.61304,4.9051385,1.2668824,358.6179
1970-01-01 11:14:01,5540.573,123.564384,947.1396,1.3306298,-2.285871,358.1834
1970-01-01 11:14:02,5439.0938,118.69142,761.4925,1.6192516,19.609825,358.0916
1970-01-01 11:14:03,5291.1284,125.19555,1147.58,-0.015935916,15.285427,357.84186
1970-01-01 11:14:04,5451.144,119.3856,385.69223,4.508279,15.65075,357.03036
1970-01-01 11:14:05,5512.2646,119.61149,873.1059,5.859666,1.2428769,357.4598
1970-01-01 11:14:06,5539.484,123.792755,608.26434,3.183623,-6.475129,355.52814
1970-01-01 11:14:07,5452.268,123.8612,701.16266,5.2492347,0.030799601,355.5005
1970-01-01 11:14:08,5489.6665,119.0386,717.88086,2.725282,-15.541549,354.72122
1970-01-01 11:14:09,5550.9663,116.82085,986.6324,0.80529195,3.9264627,354.82675
1970-01-01 11:14:10,5434.8457,126.057205,751.80273,-6.8152175,8.811332,354.71338
1970-01-01 11:14:11,5711.672,123.9581,580.9421,-0.7984941,-0.90731204,354.06638
1970-01-01 11:14:12,5451.551,127.28803,629.3591,-3.6950974,3.7837436,353.08798
1970-01-01 11:14:13,5642.695,121.509834,663.2365,2.1421332,0.10543539,353.85535
1970-01-01 11:14:14,5515.52,124.425735,1012.35364,6.2848625,13.667779,353.45584
1970-01-01 11:14:15,5601.5894,120.00955,622.3739,-1.5690408,-1.0126187,353.2768
1970-01-01 11:14:16,5554.852,121.65977,890.222,4.022399,-28.31215,353.62073
1970-01-01 11:14:17,5598.549,115.081604,1024.5834,1.0644073,-2.277874,355.28235
1970-01-01 11:14:18,5787.303,120.78424,1076.3337,1.8953205,8.265361,354.66992
1970-01-01 11:14:19,5693.654,125.52206,504.1022,4.782693,14.796234,356.28122
1970-01-01 11:14:20,5783.467,125.432304,723.73206,2.8686519,11.9342785,356.335
1970-01-01 11:14:21,5764.4136,125.65607,585.09564,2.5847569,-7.3072224,357.33197
1970-01-01 11:14:22,5680.24,121.88051,806.1771,2.659917,-11.488106,356.68494
1970-01-01 11:14:23,5673.474,124.46915,662.82117,0.5727756,11.099941,355.92688
1970-01-01 11:14:24,5627.9097,121.54544,586.3527,7.103306,17.565828,356.3791
1970-01-01 11:14:25,5822.1323,124.37692,1071.2589,1.7543766,-6.5843544,358.21277
1970-01-01 11:14:26,5717.495,118.037384,575.34186,-3.782047,21.18914,358.69916
1970-01-01 11:14:27,5683.9277,124.3148,933.5626,-3.504338,-7.9622464,0.6391319
1970-01-01 11:14:28,5699.198,118.060745,497.18405,-0.37957746,-6.6558475,1.1904123
1970-01-01 11:14:29,5804.0884,118.66298,1015.07855,3.124114,2.4512231,1.9789726
1970-01-01 11:14:30,5820.93,126.065025,304.12943,0.2750454,-16.096786,1.6960088
1970-01-01 11:14:31,5799.2534,119.69815,978.01044,2.090636,-4.291031,359.12088
1970-01-01 11:14:32,5755.2534,120.3447,702.4577,2.5704181,-9.5050535,359.4558
1970-01-01 11:14:33,5992.768,119.06416,643.85333,5.610988,-13.646814,358.51935
1970-01-01 11:14:34,5695.6504,125.54091,1027.9149,2.8355255,0.6373714,358.28256
1970-01-01 11:14:35,5876.7886,128.64336,1023.4846,3.8887744,6.0599723,359.28537
1970-01-01 11:14:36,5892.4644,127.73715,285.88858,5.134576,21.439074,358.0684
1970-01-01 11:14:37,5849.9956,126.51352,741.0276,0.3476817,-1.6321234,359.42096
1970-01-01 11:14:38,5854.163,119.4343,681.72186,5.685,6.9014087,358.6274
1970-01-01 11:14:39,5913.0405,121.77983,879.3924,4.8009715,2.8217115,0.44876695
1970-01-01 11:14:40,5874.1284,117.51275,1105.8641,2.325758,1.6415925,1.2445155
1970-01-01 11:14:41,5861.641,131.11087,981.488,-2.6742353,1.1639456,359.8394
1970-01-01 11:14:42,6022.739,120.88002,322.30157,-5.551939,15.379751,0.36545885
1970-01-01 11:14:43,5965.231,122.650444,689.1931,6.2734885,-9.190273,359.8116
1970-01-01 11:14:44,5984.6216,121.23369,816.0571,2.7655396,-6.4013762,358.91553
1970-01-01 11:14:45,5970.946,118.92817,677.36847,8.940169,-13.834265,0.6364416
1970-01-01 11:14:46,6029.3223,114.38572,745.4657,4.1606874,7.167174,359.90668
1970-01-01 11:14:47,6004.4893,121.41632,774.72864,5.984962,18.157228,0.51378465
1970-01-01 11:14:48,6064.3916,118.86916,850.7386,-0.46709335,5.914093,359.40985
1970-01-01 11:14:49,6007.3545,124.30129,885.85657,3.0629601,-14.997447,358.86557
1970-01-01 11:14:50,6111.868,117.80899,954.518,0.4165809,-5.5772104,357.71503
1970-01-01 11:14:51,6051.792,121.20257,764.0429,4.096112,7.946068,358.24292
1970-01-01 11:14:52,6000.787,122.06577,811.43256,0.42456007,,0.32817805
1970-01-01 11:14:53,6146.1978,123.90737,1049.1823,-1.9194485,-3.6092057,0.29053354
1970-01-01 11:14:54,5910.9194,119.4448,774.18335,0.2100251,-15.881418,1.3022816
1970-01-01 11:14:55,6255.3677,120.84051,811.88904,-0.90654993,-2.6773522,1.2154893
1970-01-01 11:14:56,6165.969,130.77077,702.04297,5.595802,-0.49709457,1.4779515
1970-01-01 11:14:57,6128.6333,129.29703,924.78284,-3.758039,-6.0606837,3.1747875
1970-01-01 11:14:58,6189.9893,122.25915,864.3275,2.5926185,9.133527,2.7406442
1970-01-01 11:14:59,6117.712,121.47277,1081.697,1.761157,-6.895192,2.3592718
1970-01-01 11:15:00,6151.948,126.00476,611.38324,5.055802,-12.582328,1.3402008
1970-01-01 11:15:01,6050.3613,125.10774,610.29596,4.6520786,-14.659583,2.152465
1970-01-01 11:15:02,6146.731,119.63687,630.8829,3.1244345,-3.5760698,1.1767099
1970-01-01 11:15:03,6173.0947,119.47579,744.6138,1.1542164,-5.0090404,2.5421865
1970-01-01 11:15:04,6190.3774,123.02399,1041.4755,3.2656858,7.402839,2.4339151
1970-01-01 11:15:05,6260.8516,130.88013,1110.3707,1.4150676,1.3782886,1.1922997
1970-01-01 11:15:06,6201.991,123.41646,403.38525,0.42660746,-6.9959736,0.09627263
1970-01-01 11:15:07,6096.6626,112.91685,970.63306,1.2477316,6.6442685,359.34308
1970-01-01 11:15:08,6217.0996,122.876816,903.49603,0.114109434,-6.854494,359.63794
1970-01-01 11:15:09,6248.7725,125.37027,827.9993,-2.7589195,-0.07957266,0.9234692
1970-01-01 11:15:10,6228.3413,124.20261,706.18915,-2.8739855,-1.026591,1.3343368
1970-01-01 11:15:11,6269.4756,123.30537,759.68243,-0.7256028,-1.9324006,0.669937
1970-01-01 11:15:12,,115.34423,764.81903,2.4783049,6.7875566,359.2156
1970-01-01 11:15:13,6238.4336,126.56113,479.30347,-3.2729912,-4.255473,358.90704
1970-01-01 11:15:14,6280.9634,124.38921,664.97876,1.2377503,6.2363443,
1970-01-01 11:15:15,6349.662,122.27345,617.81335,2.9053433,10.589803,358.75146
1970-01-01 11:15:16,6363.9355,120.659584,810.9833,6.3573422,-0.5021619,359.4128
1970-01-01 11:15:17,6252.563,121.83701,968.7437,7.0373273,-16.23814,359.86102
1970-01-01 11:15:18,6349.265,127.9308,643.38635,-2.3232706,17.542542,0.43645516
1970-01-01 11:15:19,6279.4604,121.90119,733.93756,-0.7906128,7.819735,1.0810425
1970-01-01 11:15:20,6222.1846,118.60913,1066.054,2.7306783,11.031973,2.3658428
1970-01-01 11:15:21,6375.793,127.30917,587.6669,1.4156588,-7.0271826,2.3172941
1970-01-01 11:15:22,6438.3906,122.68253,876.2225,7.8206654,-6.3014073,1.8917711
1970-01-01 11:15:23,6458.4478,122.1996,1300.3893,2.0795739,-3.6120524,2.8332016
1970-01-01 11:15:24,6439.955,121.529976,673.56445,4.456509,-9.13431,0.8684497
1970-01-01 11:15:25,6399.3994,119.690056,731.6556,-1.4606521,15.1251335,359.67734
1970-01-01 11:15:26,6516.6123,121.92091,890.3739,3.756411,12.904473,0.3817432
1970-01-01 11:15:27,6441.556,122.28068,697.984,5.1415405,9.187099,1.955358
1970-01-01 11:15:28,6614.835,123.62753,609.5831,-0.24710265,0.5053699,3.36897
1970-01-01 11:15:29,6416.942,125.12606,645.63885,5.0679765,-12.399495,1.7883782
1970-01-01 11:15:30,6649.5903,123.49193,790.7566,-1.6169263,-27.075039,3.554897
1970-01-01 11:15:31,6634.6743,126.24842,889.1372,7.0938153,5.4670515,4.4428678
1970-01-01 11:15:32,6497.961,122.179016,902.6497,4.291047,0.6041015,5.218811
1970-01-01 11:15:33,6613.5405,117.999016,791.5276,-1.4745799,13.172212,4.2392306
1970-01-01 11:15:34,6662.4272,126.209145,540.08075,1.2162457,8.396501,4.250916
1970-01-01 11:15:35,6597.7847,127.19297,901.85944,-0.19964878,-5.1636586,4.4995747
1970-01-01 11:15:36,6446.1377,119.31465,536.5092,1.2871279,9.100867,4.31419
1970-01-01 11:15:37,6595.2764,120.54697,883.34656,2.4149961,-9.996531,3.4483187
1970-01-01 11:15:38,6422.292,123.85673,655.2705,-1.4771484,5.0544186,4.109838
1970-01-01 11:15:39,6577.591,127.82082,760.34045,1.8009493,17.758614,4.484532
1970-01-01 11:15:40,6627.6157,116.22249,593.472,5.767696,4.982115,4.66927
1970-01-01 11:15:41,6638.417,127.40481,731.84625,0.43959674,1.2218289,5.5107436
1970-01-01 11:15:42,6754.255,122.82294,740.97644,2.7278187,2.9111457,6.100261
1970-01-01 11:15:43,6568.101,112.21268,1068.6578,1.9525476,-13.777019,5.172194
1970-01-01 11:15:44,6780.6724,121.037384,923.6573,3.3532898,-0.32753742,6.5387197
1970-01-01 11:15:45,6675.959,124.131874,599.7861,2.9529862,-1.1133114,6.8453345
1970-01-01 11:15:46,6655.791,124.35277,704.2082,7.45884,0.84019375,
1970-01-01 11:15:47,6741.168,123.018936,1214.3936,2.3283186,24.948746,3.686191
1970-01-01 11:15:48,6661.902,132.24742,959.3775,2.2625437,-0.2815461,4.407439
1970-01-01 11:15:49,6803.0728,122.90577,597.2891,0.99693865,16.184078,5.03206
1970-01-01 11:15:50,6916.8774,123.28276,517.25836,-1.0414156,9.239898,5.6863303
1970-01-01 11:15:51,6795.7744,119.01001,582.2152,7.514573,10.087044,4.049327
1970-01-01 11:15:52,6823.4336,120.60362,779.6794,-2.6039505,-12.680157,3.5435636
1970-01-01 11:15:53,6604.965,126.94285,951.38684,4.287843,-8.529935,2.766359
1970-01-01 11:15:54,6692.798,123.39006,786.35785,3.3549445,2.308301,5.6202106
1970-01-01 11:15:55,6733.499,133.60631,787.0471,1.526559,11.848655,4.274757
1970-01-01 11:15:56,6850.3657,129.67969,777.5809,1.7186967,0.25040358,3.6297421
1970-01-01 11:15:57,6812.95,123.466896,763.51355,-0.0057041147,8.426332,4.4610276
1970-01-01 11:15:58,6991.779,123.36739,667.3917,0.82967734,-8.087408,6.986989
1970-01-01 11:15:59,6876.456,123.55102,803.76965,2.1773207,-3.5847495,8.062986
1970-01-01 11:16:00,6870.0776,120.59372,683.3115,-1.233123,-24.926823,8.894814
1970-01-01 11:16:01,6918.7944,119.24638,454.10962,-1.7444607,5.0577564,9.570241
1970-01-01 11:16:02,7033.419,128.37941,980.319,4.541761,3.850761,10.474898
1970-01-01 11:16:03,6834.891,114.27602,683.2516,-0.49868473,2.885003,10.050697
1970-01-01 11:16:04,6800.8594,116.60172,724.13763,-4.888343,-3.2292678,11.880742
1970-01-01 11:16:05,6808.808,125.52851,909.21826,-2.9157164,9.165144,12.830224
1970-01-01 11:16:06,6914.83,125.77001,527.31836,9.222103,2.1182473,13.2765465
1970-01-01 11:16:07,7038.184,129.12689,981.7703,-1.3441643,6.936649,13.50714
1970-01-01 11:16:08,6956.254,123.42455,1107.4915,1.6459153,-10.13854,13.106425
1970-01-01 11:16:09,6880.9395,132.65372,493.49255,0.17798908,-14.886834,12.999565
1970-01-01 11:16:10,6975.098,124.73002,962.5519,-1.1170849,-24.866013,13.3411665
1970-01-01 11:16:11,7064.161,124.35584,748.135,2.463847,2.1512995,13.113146
1970-01-01 11:16:12,7095.449,117.99345,608.5587,5.2254806,16.268648,12.420889
1970-01-01 11:16:13,7148.987,125.5456,1063.7181,2.8353896,-4.40954,13.921508
1970-01-01 11:16:14,6927.0376,119.59663,861.0212,3.764747,-0.7116381,13.37721
1970-01-01 11:16:15,6986.786,125.33032,1100.1062,2.1439466,2.5227885,13.158903
1970-01-01 11:16:16,7136.8384,120.208664,1060.6263,3.3472693,-0.36213675,12.059426
1970-01-01 11:16:17,6948.475,125.55444,717.20123,5.8060117,-5.47014,12.464447
1970-01-01 11:16:18,7105.482,121.155365,1053.6034,-2.0065508,-1.9212747,13.237884
1970-01-01 11:16:19,7174.737,125.313,1185.1924,-4.499505,-9.137922,14.89045
1970-01-01 11:16:20,7078.5713,125.36508,645.86975,3.5777135,0.43814674,14.736312
1970-01-01 11:16:21,7064.12,119.699844,872.6124,-2.3016956,6.907094,15.902741
1970-01-01 11:16:22,7180.4224,123.58346,970.90063,-2.0647154,3.9761033,14.421525
1970-01-01 11:16:23,7028.3604,132.25737,735.7452,-0.18034835,11.21748,13.108532
1970-01-01 11:16:24,7167.9893,118.73474,645.36084,3.6838527,-0.32654014,13.142333
1970-01-01 11:16:25,7265.4473,123.62965,479.24966,3.616859,10.309228,13.314084
1970-01-01 11:16:26,7147.609,124.657776,683.1108,1.7200081,-14.216225,13.035613
1970-01-01 11:16:27,7337.384,126.34366,765.4529,5.2472725,22.543009,14.175489
1970-01-01 11:16:28,7199.573,122.13477,749.387,3.9924386,0.4309177,15.79128
1970-01-01 11:16:29,7249.9746,121.3789,1134.3215,5.70321,4.2185287,14.558473
1970-01-01 11:16:30,7270.1304,122.089874,808.3651,8.683681,6.3286395,14.27396
1970-01-01 11:16:31,7246.326,120.25584,1164.3491,-0.7094709,6.780411,13.47918
1970-01-01 11:16:32,7369.978,114.75724,769.31213,8.33329,6.5194755,12.499637
1970-01-01 11:16:33,7284.041,126.6663,830.71686,2.5321193,-14.414762,13.112501
1970-01-01 11:16:34,7289.5703,121.53792,699.9867,2.9084585,9.312177,14.467806
1970-01-01 11:16:35,7334.958,126.984726,653.92413,1.4414257,12.044566,13.969186
1970-01-01 11:16:36,7263.6147,125.086525,873.30743,2.0207222,-8.208662,15.9157505
1970-01-01 11:16:37,7385.824,128.18413,905.64087,3.4226727,-2.6792233,16.98892
1970-01-01 11:16:38,7501.325,126.06379,855.2738,4.6419344,30.604418,16.771881
1970-01-01 11:16:39,7317.0317,126.39502,908.60803,-4.2040033,6.1222982,14.889431
1970-01-01 11:16:40,7425.578,126.06504,1204.9125,-0.33720002,-1.6699725,15.75794
1970-01-01 11:16:41,7201.6895,113.1776,1076.2074,1.6953647,8.373094,14.391545
1970-01-01 11:16:42,7429.174,122.41029,753.0691,7.947837,3.0253196,15.08514
1970-01-01 11:16:43,7420.8726,125.00656,881.1549,1.8905004,-1.5578396,13.9295845
1970-01-01 11:16:44,7448.8325,115.09133,844.9259,1.2883854,-11.51536,13.254032
1970-01-01 11:16:45,7490.795,126.6836,625.3913,6.674486,2.3550532,14.031289
1970-01-01 11:16:46,7449.6465,109.48785,975.36774,1.9887663,1.6181479,13.396968
1970-01-01 11:16:47,7342.494,126.49573,966.6332,-6.856922,1.5434189,12.015565
1970-01-01 11:16:48,7308.492,127.268906,483.4737,2.4917145,2.8818145,12.779442
1970-01-01 11:16:49,7572.2456,121.703735,386.09793,-1.039619,-7.2674427,14.816265
1970-01-01 11:16:50,7641.8423,124.972855,932.8592,2.1394284,-20.658052,16.148788
1970-01-01 11:16:51,7484.687,124.1485,387.66046,11.09051,2.0213177,16.140772
1970-01-01 11:16:52,7570.9653,123.991066,964.0735,-2.393637,7.1136866,14.923123
1970-01-01 11:16:53,7506.088,128.63202,815.7042,-1.7471151,-2.589019,14.3703
1970-01-01 11:16:54,7569.77,122.34251,889.3914,-1.7069668,-7.4358697,14.971713
1970-01-01 11:16:55,7551.0547,116.08803,882.1106,1.4232,11.405123,15.889201
1970-01-01 11:16:56,7610.587,121.14781,697.0339,2.3781464,14.874801,17.125586
1970-01-01 11:16:57,7534.9185,131.03157,592.0311,0.95693314,-4.499381,16.205292
1970-01-01 11:16:58,7590.89,121.61129,1053.4998,2.408782,7.96648,14.980092
1970-01-01 11:16:59,7471.3745,123.7006,865.8947,1.3049921,-8.656343,14.678603
1970-01-01 11:17:00,7705.7627,122.18863,935.04144,-0.50563955,-21.345034,14.549878
1970-01-01 11:17:01,7726.182,119.95745,806.0506,-3.9901793,-1.0231172,14.638438
1970-01-01 11:17:02,7505.734,120.00465,567.7638,1.2193651,-9.850443,14.498444
1970-01-01 11:17:03,7555.365,118.49537,1067.0842,8.542183,-11.974078,13.888752
1970-01-01 11:17:04,7579.3506,122.75016,1071.3265,-2.195442,-4.8790526,13.295083
1970-01-01 11:17:05,7651.431,123.97534,738.74493,-2.648391,-9.631347,15.628618
1970-01-01 11:17:06,7707.556,124.080956,598.02716,4.350459,-6.908572,15.581672
1970-01-01 11:17:07,7712.597,122.5739,856.2697,2.4725027,0.24329229,15.697053
1970-01-01 11:17:08,7597.9033,121.15085,608.29443,1.9890109,-7.394805,14.360956
1970-01-01 11:17:09,7602.169,123.73958,665.3612,4.6685014,-8.3708725,15.004941
1970-01-01 11:17:10,7851.611,117.04313,1005.9342,3.1671698,-1.349136,15.347635
1970-01-01 11:17:11,7731.4497,121.210526,403.06277,4.7147017,-3.8461578,14.631185
1970-01-01 11:17:12,7693.4824,122.09668,784.8279,4.0828624,4.355767,14.806258
1970-01-01 11:17:13,7837.599,123.950264,742.61835,1.0783358,-10.356524,11.786497
1970-01-01 11:17:14,7872.2646,127.45757,1119.435,4.4238453,-1.8152131,12.531369
1970-01-01 11:17:15,7758.8813,124.244125,518.6616,4.6610594,-1.173778,12.877242
1970-01-01 11:17:16,7784.7754,136.36584,1254.785,5.639094,-7.511839,14.418412
1970-01-01 11:17:17,7756.5513,120.45857,818.02246,1.5268507,5.0707507,14.174501
1970-01-01 11:17:18,7752.7866,123.44002,933.5844,1.069509,2.9725697,14.543876
1970-01-01 11:17:19,7966.4966,127.961754,609.7075,2.4819927,-3.1021757,13.778063
1970-01-01 11:17:20,7938.172,127.41658,939.96027,0.25704283,3.9338117,13.360708
1970-01-01 11:17:21,7814.3936,118.013855,922.78827,4.38292,3.8593562,13.152614
1970-01-01 11:17:22,7948.09,124.31149,756.04114,4.1716166,-10.026372,12.67071
1970-01-01 11:17:23,7893.8994,114.72517,731.2954,-3.4444036,-5.551641,12.969846
1970-01-01 11:17:24,,119.72962,740.3482,-0.23729102,-9.075093,13.21337
1970-01-01 11:17:25,7680.8687,122.86073,680.63007,4.517526,-2.8850648,15.637202
1970-01-01 11:17:26,7928.8535,125.25779,745.8553,-4.1375885,-8.760428,14.928059
1970-01-01 11:17:27,8008.0537,125.45377,720.4668,4.794628,-16.817009,14.581639
1970-01-01 11:17:28,8072.442,124.585014,752.55237,-3.3183396,-21.987358,14.009214
1970-01-01 11:17:29,8015.775,121.47677,746.88196,2.274602,7.896397,11.469535
1970-01-01 11:17:30,8014.9883,120.31466,729.063,4.4454775,-3.7009063,9.7976
1970-01-01 11:17:31,8028.609,123.70915,809.1441,1.9022448,5.3569202,8.111176
1970-01-01 11:17:32,8088.396,123.35171,626.043,2.8272212,-8.837099,6.788191
1970-01-01 11:17:33,7912.373,130.3014,911.20087,0.7974713,-5.544766,6.234502
1970-01-01 11:17:34,7919.325,124.754295,630.0828,7.5087624,-6.210381,6.5966506
1970-01-01 11:17:35,7985.176,122.5642,623.3096,9.01326,-11.592499,7.1192226
1970-01-01 11:17:36,7923.767,121.95547,773.6844,4.8798804,-23.997982,7.9840813
1970-01-01 11:17:37,8134.709,128.23187,731.01245,5.6280627,13.167533,8.397264
1970-01-01 11:17:38,7964.1904,118.449,828.71564,3.03941,-1.9140301,9.691061
1970-01-01 11:17:39,7943.63,131.5945,975.3703,4.9771338,16.99386,12.146429
1970-01-01 11:17:40,8203.475,122.056786,760.82983,0.854512,-19.43427,13.178812
1970-01-01 11:17:41,8227.24,117.113144,675.88403,1.5098747,11.281525,13.680682
1970-01-01 11:17:42,8204.568,126.57753,662.8771,2.131764,-14.450311,15.231398
1970-01-01 11:17:43,8077.7446,126.25482,787.8124,-4.1065454,-5.6526155,16.066053
1970-01-01 11:17:44,8185.15,119.1634,770.56744,-0.77046263,25.113453,17.666798
1970-01-01 11:17:45,8220.227,122.429596,591.5089,0.4364111,9.33136,15.973478
1970-01-01 11:17:46,8206.446,124.212326,1046.5652,2.5077708,8.326478,17.518887
1970-01-01 11:17:47,8126.53,128.7227,426.72528,3.4244244,-3.6514874,17.8698
1970-01-01 11:17:48,8261.327,127.73176,1141.0718,4.57857,7.1128864,18.364033
1970-01-01 11:17:49,8095.016,123.90095,749.2656,5.762689,4.607429,18.598827
1970-01-01 11:17:50,8262.405,126.8202,691.36346,1.051899,-2.051913,19.807125
1970-01-01 11:17:51,8230.376,121.74323,1088.2144,4.170072,0.13938373,19.917215
1970-01-01 11:17:52,8223.458,128.2516,447.8974,3.0678618,1.8898078,19.200068
1970-01-01 11:17:53,8281.83,123.4226,691.3574,1.8158041,-4.848029,18.318468
1970-01-01 11:17:54,8168.4453,127.93446,925.4409,0.49946454,-14.734302,18.421911
1970-01-01 11:17:55,8430.7705,126.08777,1028.5026,-2.345181,2.098518,18.291471
1970-01-01 11:17:56,8218.56,121.53962,711.89606,0.92454565,-10.339642,18.92562
1970-01-01 11:17:57,8209.393,122.838196,485.26132,2.101192,-12.627257,17.978823
1970-01-01 11:17:58,8257.68,127.00272,593.7978,-0.9861293,-8.403923,20.015736
1970-01-01 11:17:59,8267.666,128.72202,583.4811,-0.3211818,8.64056,21.751083
1970-01-01 11:18:00,8458.004,124.202225,573.99365,4.6010613,-5.710228,22.332169
1970-01-01 11:18:01,8402.059,124.16919,955.64716,-1.3083546,2.7472591,23.246235
1970-01-01 11:18:02,8504.933,121.02113,935.73364,4.4917526,16.332102,23.58538
1970-01-01 11:18:03,8399.285,122.82574,730.99243,0.3513816,-15.755039,23.846937
1970-01-01 11:18:04,8477.759,128.58374,1270.9093,-3.2899797,-0.025464784,24.032661
1970-01-01 11:18:05,8407.22,127.435234,586.6971,7.6799574,6.4494677,25.652472
1970-01-01 11:18:06,8299.935,128.19676,755.89514,0.6277622,9.888234,24.395554
1970-01-01 11:18:07,8349.807,130.21483,712.04126,4.237214,9.327536,24.296223
1970-01-01 11:18:08,8440.946,125.12375,1107.3616,-0.056418806,2.45836,25.43862
1970-01-01 11:18:09,8537.835,118.80948,751.2522,5.534755,6.585031,26.511469
1970-01-01 11:18:10,8479.551,120.449,742.0341,4.135198,-5.9883184,25.239061
1970-01-01 11:18:11,8483.213,132.31856,585.16754,2.5046551,11.431162,24.923012
1970-01-01 11:18:12,8414.193,122.56054,1112.5195,5.54599,-13.757871,25.307272
1970-01-01 11:18:13,8479.127,122.3071,841.9266,5.002524,11.674458,23.82311
1970-01-01 11:18:14,8496.427,122.37996,918.9543,0.50610536,8.9506645,24.478127
1970-01-01 11:18:15,8472.266,123.93942,633.7358,5.1273503,5.5363717,26.352448
1970-01-01 11:18:16,8532.413,129.08679,350.26004,4.1502295,0.94938517,25.88477
1970-01-01 11:18:17,8504.678,126.283966,539.1997,1.9037746,4.308176,24.588903
1970-01-01 11:18:18,8643.651,123.36874,838.44434,-8.087184,7.7531767,25.592295
1970-01-01 11:18:19,8548.821,124.30075,1074.252,4.6147304,-10.045912,23.324142
1970-01-01 11:18:20,8800.378,123.34035,639.64545,1.9696951,-1.0061523,23.27871
1970-01-01 11:18:21,8626.38,126.106926,963.5098,6.0635886,-4.9686036,23.129526
1970-01-01 11:18:22,8489.238,122.96293,890.02203,-0.68853706,-22.98706,23.106474
1970-01-01 11:18:23,8694.548,123.55162,786.7363,0.19425893,10.501843,23.186739
1970-01-01 11:18:24,8541.739,128.16414,708.2361,6.614274,8.480377,21.924675
1970-01-01 11:18:25,8591.506,119.46211,1066.5942,1.5465294,0.50259095,20.5436
1970-01-01 11:18:26,8752.763,121.57646,588.6563,0.6726778,11.382696,21.008654
1970-01-01 11:18:27,8688.219,124.14557,490.7274,3.9370253,0.35115954,20.247074
1970-01-01 11:18:28,8821.179,121.89455,672.073,4.656183,-11.913335,21.832886
1970-01-01 11:18:29,8662.759,124.48751,493.71848,1.9647682,-6.0912237,22.30611
1970-01-01 11:18:30,8625.047,123.12084,841.7652,-0.23720257,-9.028629,24.065603
1970-01-01 11:18:31,8722.4375,124.55429,549.2247,5.928504,-3.349054,26.744024
1970-01-01 11:18:32,8741.701,125.18797,1115.3801,0.79678816,8.100943,26.83234
1970-01-01 11:18:33,8631.061,126.35862,650.1776,4.399353,-2.635317,25.699059
1970-01-01 11:18:34,8715.809,121.24812,894.73035,0.10109263,-6.427102,27.392864
1970-01-01 11:18:35,8778.905,128.8875,311.80563,0.5881147,1.4402266,26.564894
1970-01-01 11:18:36,8808.323,123.98693,618.8701,1.1627916,10.538203,27.135141
1970-01-01 11:18:37,9004.593,129.55325,737.5873,1.8604549,10.685686,25.602516
1970-01-01 11:18:38,8770.264,123.670204,841.75256,2.6743505,3.2178838,25.159115
1970-01-01 11:18:39,8979.977,126.83541,1087.8528,0.71359795,38.202713,26.90591
1970-01-01 11:18:40,8818.62,123.40624,553.93713,-4.887381,-2.0369704,26.657717
1970-01-01 11:18:41,8879.55,121.8126,925.8133,5.035057,-6.386571,26.299244
1970-01-01 11:18:42,9093.992,125.372795,912.24615,3.9062045,11.72942,27.066925
1970-01-01 11:18:43,8919.239,123.46937,806.1682,1.4403453,1.8876133,27.699753
1970-01-01 11:18:44,8688.133,121.89526,684.3261,-0.99288183,-3.9332156,28.049046
1970-01-01 11:18:45,8932.592,124.07413,844.15,3.5699785,3.1288884,26.406883
1970-01-01 11:18:46,8851.404,123.58901,828.8999,-1.4177346,12.030363,26.189802
1970-01-01 11:18:47,9029.204,122.2699,700.14435,3.416792,-3.991595,25.718904
1970-01-01 11:18:48,8957.686,128.45132,699.7277,-3.7470062,22.370247,24.811426
1970-01-01 11:18:49,8897.004,125.095634,825.0205,0.83791435,2.066068,25.306778
1970-01-01 11:18:50,8888.846,126.667854,999.61865,-0.299524,1.850604,25.95887
1970-01-01 11:18:51,8916.186,123.84113,797.4514,0.62417746,13.495041,26.105154
1970-01-01 11:18:52,9054.618,116.22929,493.96277,6.252001,-3.2817762,25.670465
1970-01-01 11:18:53,9007.902,121.872025,961.8486,-1.0378885,0.30405056,26.277012
1970-01-01 11:18:54,8918.126,118.48277,668.30945,0.5245745,-3.6924427,27.33255
1970-01-01 11:18:55,8794.364,130.34024,632.4052,-0.26192692,14.17704,27.131918
1970-01-01 11:18:56,9003.25,125.83748,730.81256,0.90889233,9.468162,27.714724
1970-01-01 11:18:57,9155.324,124.38785,739.9421,2.373532,-3.297241,27.884663
1970-01-01 11:18:58,9170.42,126.89662,918.22955,1.4055258,11.562817,30.61568
1970-01-01 11:18:59,9106.533,122.149506,554.21124,3.7806277,-1.5831012,30.97621
1970-01-01 11:19:00,9157.286,127.14912,1081.4832,3.5954134,1.5688081,30.574308
1970-01-01 11:19:01,9101.111,121.51757,863.1061,2.470667,-2.1623638,30.790628
1970-01-01 11:19:02,9024.168,119.44635,573.1082,4.6303535,0.7925433,30.205511
1970-01-01 11:19:03,9077.739,128.6659,766.9947,-0.05735942,1.5598148,32.099937
1970-01-01 11:19:04,9220.679,123.444786,935.6342,-1.0980262,-5.60648,31.44443
1970-01-01 11:19:05,9170.055,118.19421,1236.4138,-3.5184784,-6.6228657,29.704262
1970-01-01 11:19:06,9162.431,128.83206,744.1465,4.724547,0.8058587,29.39068
1970-01-01 11:19:07,9145.649,130.57924,1010.4819,2.6015344,19.102964,30.217312
1970-01-01 11:19:08,,122.02333,430.45554,3.415564,-3.8429117,30.580725
1970-01-01 11:19:09,9074.655,131.97437,712.5283,2.4106255,-1.1178554,31.413755
1970-01-01 11:19:10,9304.904,119.06556,787.5513,3.6291614,-2.8910856,34.051613
1970-01-01 11:19:11,9316.062,124.522484,744.3786,3.139816,5.410331,33.51675
1970-01-01 11:19:12,9275.642,120.417435,915.1947,3.9510322,-2.3375363,35.293602
1970-01-01 11:19:13,9235.8955,129.09807,751.58984,3.7697728,11.687705,34.795856
1970-01-01 11:19:14,9156.554,120.21575,909.9651,7.8328667,-8.653801,35.32367
1970-01-01 11:19:15,9196.058,119.87984,933.0771,2.3085515,-12.884541,34.490086
1970-01-01 11:19:16,9338.467,120.29511,1035.0349,2.6774924,-11.099986,34.318073
1970-01-01 11:19:17,9302.755,126.14755,559.7542,6.025068,2.7835255,35.276142
1970-01-01 11:19:18,9419.971,121.78806,809.92786,0.5293261,-6.680052,37.10937
1970-01-01 11:19:19,9204.354,123.22175,890.10565,3.501466,11.831981,38.460545
1970-01-01 11:19:20,9362.156,125.10387,664.66394,0.15516812,0.014480278,38.855087
1970-01-01 11:19:21,9395.317,128.29494,927.8302,-0.832138,4.6169634,39.614735
1970-01-01 11:19:22,9210.503,121.39719,715.3921,3.2684703,0.72270584,39.740707
1970-01-01 11:19:23,9195.534,125.538795,722.80963,1.4735885,-7.7596765,41.361412
1970-01-01 11:19:24,9417.267,120.23935,787.1927,-4.3026013,2.0133746,40.13781
1970-01-01 11:19:25,9341.096,125.70929,523.7666,5.7064586,2.1969397,36.97688
1970-01-01 11:19:26,9455.268,124.72873,769.42706,1.839937,-3.470426,37.93776
1970-01-01 11:19:27,9462.247,123.98548,1054.2874,3.1892507,-0.13604581,38.858345
1970-01-01 11:19:28,9440.3125,122.37584,829.2409,4.2274933,3.869105,39.291214
1970-01-01 11:19:29,9332.526,130.37689,370.50714,-1.132993,12.531036,39.63461
1970-01-01 11:19:30,9375.451,126.985916,919.39124,-0.5634017,14.517116,37.899853
1970-01-01 11:19:31,9438.033,120.33487,732.61304,0.4871934,15.62531,36.886795
1970-01-01 11:19:32,9508.479,123.398796,595.96344,1.7932771,-9.00466,36.539467
1970-01-01 11:19:33,9535.355,136.57913,937.34344,4.5466247,-9.499817,35.811893
1970-01-01 11:19:34,9425.967,127.333374,740.2382,0.70481527,4.144976,36.104183
1970-01-01 11:19:35,9561.473,124.1741,881.25854,-3.9990935,14.299799,35.22626
1970-01-01 11:19:36,9302.023,127.372314,821.11694,-5.506957,-10.411895,37.896114
1970-01-01 11:19:37,9480.225,132.07259,1058.133,-0.27750042,-16.575014,36.35484
1970-01-01 11:19:38,9482.122,130.05647,848.1729,-0.5127589,11.157821,35.60366
1970-01-01 11:19:39,9510.847,122.230644,941.2002,4.5390787,9.469936,36.27396
1970-01-01 11:19:40,9552.848,124.04567,763.5602,3.2519977,-4.888802,37.153564
1970-01-01 11:19:41,9538.5625,125.57455,985.55646,1.9542491,7.9667506,38.76733
1970-01-01 11:19:42,9689.349,118.9626,1002.0478,2.489399,-9.468819,40.621735
1970-01-01 11:19:43,9614.329,125.79795,737.4685,-0.7241643,7.2828484,41.186592
1970-01-01 11:19:44,9576.035,131.26901,1322.2479,-0.08451167,-0.81376916,41.448666
1970-01-01 11:19:45,9591.197,133.50856,1191.5771,1.5019823,8.291635,41.683414
1970-01-01 11:19:46,9602.515,130.99765,865.88916,0.9441356,-17.455053,42.56186
1970-01-01 11:19:47,9400.007,133.46477,1068.3865,-6.845032,7.4456124,43.499706
1970-01-01 11:19:48,9738.044,125.083824,751.02344,7.4422483,-18.042599,42.719917
1970-01-01 11:19:49,9804.493,127.682655,838.96204,6.24386,-10.608612,42.52917
1970-01-01 11:19:50,9801.341,121.22902,956.80176,3.2686214,-9.606683,43.227036
1970-01-01 11:19:51,9747.429,128.15926,646.13544,5.166862,13.441219,42.353752
1970-01-01 11:19:52,9686.276,125.5686,533.1219,-1.785663,12.202646,41.96
1970-01-01 11:19:53,9731.212,123.77923,1019.2879,1.5178621,-2.2381437,42.75412
1970-01-01 11:19:54,9725.5,126.85435,1203.4939,3.7265422,-2.0641603,42.20991
1970-01-01 11:19:55,9652.061,133.4841,996.733,5.077907,1.7787105,42.219402
1970-01-01 11:19:56,9920.211,126.328804,714.4586,3.867641,24.941036,41.279137
1970-01-01 11:19:57,9764.004,125.556984,739.8889,2.56991,12.360293,42.996162
1970-01-01 11:19:58,9767.523,121.27211,842.5306,0.24134593,-0.23436655,42.408363
1970-01-01 11:19:59,9774.262,119.902054,822.32904,5.15814,-5.265006,41.980106
1970-01-01 11:20:00,9760.213,125.55794,845.3895,8.190061,3.2543793,40.96035
1970-01-01 11:20:01,9998.632,122.23382,775.71234,0.73277044,4.5650153,39.74645
1970-01-01 11:20:02,9826.054,127.631744,1087.232,1.596023,2.8853467,39.40089
1970-01-01 11:20:03,9889.836,124.51956,726.36017,2.6351693,11.872984,38.599163
1970-01-01 11:20:04,9897.816,129.13953,872.8365,-1.4604846,2.2805088,38.85949
1970-01-01 11:20:05,9842.103,131.51451,718.63666,4.7422223,-8.811404,39.188744
1970-01-01 11:20:06,9867.322,122.01241,698.439,5.3614936,-0.27534795,40.03468
1970-01-01 11:20:07,10086.384,126.27097,794.3655,1.46503,-0.29988796,41.904057
1970-01-01 11:20:08,9787.1045,122.6318,824.63873,-1.5404024,-4.0596046,42.886158
1970-01-01 11:20:09,9928.701,131.39032,780.31305,5.9017043,3.6191359,43.347572
1970-01-01 11:20:10,9873.56,130.26866,758.4225,2.068955,-5.3142843,43.386
1970-01-01 11:20:11,10007.484,126.340096,665.18604,0.68671954,-3.8418407,44.634197
1970-01-01 11:20:12,10124.373,126.69652,442.81082,7.3049054,9.345823,43.354305
1970-01-01 11:20:13,9984.94,124.53974,746.81354,-0.3091474,-1.2291709,43.56864
1970-01-01 11:20:14,9973.606,123.96013,1206.3724,0.053924605,-14.244346,43.537716
1970-01-01 11:20:15,9869.593,129.01721,926.3544,0.1133046,-0.07524994,42.63311
1970-01-01 11:20:16,10033.61,121.94957,780.37524,2.4657686,-8.728593,43.109077
1970-01-01 11:20:17,9987.715,123.633865,653.79486,3.0791903,12.442951,44.35275
1970-01-01 11:20:18,10054.537,127.38868,383.14978,2.1085486,-7.4339795,44.70961
1970-01-01 11:20:19,10081.593,130.72313,1061.8486,2.1895692,-8.344555,45.53425
1970-01-01 11:20:20,10011.668,128.08913,567.5918,3.6488075,-12.063423,45.679657
1970-01-01 11:20:21,10016.852,128.15576,752.8319,6.133724,2.4559276,44.08405
1970-01-01 11:20:22,9992.693,126.955956,932.3805,2.6368728,-5.228179,43.965935
1970-01-01 11:20:23,10079.994,125.482285,489.37512,-4.4108744,-14.272676,44.745872
1970-01-01 11:20:24,9958.011,126.15474,917.53687,0.1873853,1.882189,45.6444
1970-01-01 11:20:25,10183.273,120.64684,459.8567,2.574724,-3.4027035,45.508995
1970-01-01 11:20:26,10188.225,118.27863,829.60803,4.6475573,-5.729211,44.842728
1970-01-01 11:20:27,10148.929,128.20566,506.37207,-0.10683002,12.79934,45.071476
1970-01-01 11:20:28,10146.009,127.8061,585.33105,2.7406318,-0.30162698,44.931435
1970-01-01 11:20:29,10269.743,127.2811,886.522,0.896305,-4.359423,45.074894
1970-01-01 11:20:30,10234.071,120.86504,773.73334,-0.25382626,-4.945278,46.10141
1970-01-01 11:20:31,10115.314,123.8858,719.2773,-1.8773614,6.283385,47.871563
1970-01-01 11:20:32,10185.004,134.86464,802.7281,5.93977,15.089149,46.58591
1970-01-01 11:20:33,10135.972,129.49902,673.76227,4.1655045,10.749983,45.73864
1970-01-01 11:20:34,10164.348,126.220375,979.9523,-1.1072507,-1.7420998,45.75583
1970-01-01 11:20:35,10179.402,127.05056,778.39557,4.3555837,0.4420669,44.96582
1970-01-01 11:20:36,10325.041,122.25007,743.9662,3.8796415,23.850012,45.657806
1970-01-01 11:20:37,10209.256,122.56429,862.50977,-3.4197557,-21.521072,45.525913
1970-01-01 11:20:38,10232.573,127.96237,661.1306,-0.6763788,-3.454399,46.06818
1970-01-01 11:20:39,10363.151,124.32002,861.3838,3.1674926,-12.6483345,44.701565
1970-01-01 11:20:40,10336.1875,132.68787,902.6256,0.94095445,17.813719,46.0974
1970-01-01 11:20:41,10170.306,124.57066,989.72577,3.8268585,17.630327,47.279343
1970-01-01 11:20:42,10254.277,126.7147,828.96045,4.8571653,-4.694441,46.217445
1970-01-01 11:20:43,10338.022,128.05855,686.90356,1.4159601,1.9292908,46.161983
1970-01-01 11:20:44,10242.512,122.660416,614.25256,5.34681,12.135909,47.93734
1970-01-01 11:20:45,10323.9375,117.7431,938.8342,4.9877505,6.3378997,48.58345
1970-01-01 11:20:46,10369.786,122.06643,1289.9362,-2.0263085,3.8926606,49.180412
1970-01-01 11:20:47,10316.228,135.6886,271.7542,-0.08022946,4.1232486,47.984825
1970-01-01 11:20:48,10359.535,122.42035,808.5412,-3.4850812,-7.161931,47.22683
1970-01-01 11:20:49,10423.263,126.62881,906.9196,8.535312,2.0738583,47.805008
1970-01-01 11:20:50,10515.63,118.6275,665.66266,5.055609,-22.07339,47.363583
1970-01-01 11:20:51,10379.387,123.3563,228.30515,2.1408663,8.504371,46.235767
1970-01-01 11:20:52,10536.86,118.83502,909.9644,6.620944,0.42738008,46.393837
1970-01-01 11:20:53,10510.987,122.19199,908.0909,2.8529165,-1.6049681,46.75809
1970-01-01 11:20:54,10578.268,131.15138,503.4915,1.451869,-10.464767,47.55164
1970-01-01 11:20:55,10436.764,130.3162,668.4372,2.7860556,-9.14561,47.830605
1970-01-01 11:20:56,10475.524,131.3378,776.1248,2.7666576,3.2776945,46.46887
1970-01-01 11:20:57,10570.603,127.350006,834.37036,2.8100445,-17.671001,47.782238
1970-01-01 11:20:58,10442.419,127.87926,890.9056,2.8265471,5.574152,48.11015
1970-01-01 11:20:59,10487.176,130.8765,1063.2572,-2.3819377,6.771876,46.857162
1970-01-01 11:21:00,10391.785,124.86161,962.19666,0.050502874,-7.49184,49.134876
1970-01-01 11:21:01,10471.221,130.90967,1074.8628,3.3849757,8.570707,50.303997
1970-01-01 11:21:02,10679.827,126.432,723.4958,3.47383,-1.260221,49.96949
1970-01-01 11:21:03,10565.808,125.24748,738.50256,1.2903597,11.650302,51.231583
1970-01-01 11:21:04,10635.125,120.20227,730.87695,4.0421586,-10.901359,49.12267
1970-01-01 11:21:05,10567.97,121.48206,1058.1224,2.1563704,-1.7561994,47.919018
1970-01-01 11:21:06,10684.192,133.25078,901.17786,-1.3043126,0.9656138,49.05622
1970-01-01 11:21:07,10637.375,123.38545,464.57394,2.4082317,0.88599974,50.96651
1970-01-01 11:21:08,10561.633,122.060684,1026.7954,-3.644662,2.6627898,50.84876
1970-01-01 11:21:09,10651.387,121.93782,668.0528,5.0071692,-19.816216,51.98965
1970-01-01 11:21:10,10610.438,125.205666,728.2263,3.4808314,-3.3527288,51.55277
1970-01-01 11:21:11,10722.666,129.28255,880.50696,5.320517,-7.8814397,52.71277
1970-01-01 11:21:12,10714.072,129.48094,935.16235,0.1553534,1.2235861,51.58031
1970-01-01 11:21:13,10754.409,138.51833,999.21173,2.949772,10.283733,50.31969
1970-01-01 11:21:14,10830.762,124.57767,424.2195,4.8832903,11.705309,49.5886
1970-01-01 11:21:15,10790.038,127.00114,747.90015,-1.4156157,-21.066158,50.068043
1970-01-01 11:21:16,10678.662,130.39514,1015.28906,-0.45395645,12.165817,49.28778
1970-01-01 11:21:17,10788.906,127.85849,777.55347,5.2403827,-1.315049,47.23213
1970-01-01 11:21:18,10681.043,126.84786,1126.4707,2.1143794,2.4159083,46.277725
1970-01-01 11:21:19,10742.145,124.005875,711.14075,-2.5833933,5.5945277,46.29449
1970-01-01 11:21:20,10753.205,128.84293,622.412,-4.109548,-6.4838843,44.983704
1970-01-01 11:21:21,10875.057,125.56303,750.90265,3.5220375,-6.0523305,46.777546
1970-01-01 11:21:22,10889.761,121.64697,697.2098,-1.2636963,-5.2163687,46.41348
1970-01-01 11:21:23,10641.165,131.7493,784.5337,2.356102,-14.177874,44.47093
1970-01-01 11:21:24,10843.071,131.21286,835.17395,1.4712895,4.37132,45.828316
1970-01-01 11:21:25,11106.566,124.60444,755.46576,-1.0592152,-2.8331625,46.13789
1970-01-01 11:21:26,11001.308,130.61528,1011.7044,1.5526232,-0.3513338,
1970-01-01 11:21:27,10826.6455,,905.48083,-4.2487655,-18.949038,46.771133
1970-01-01 11:21:28,10843.036,128.32114,1340.9349,5.25061,20.058613,46.876064
1970-01-01 11:21:29,10856.74,128.17928,975.6479,0.021289717,-5.841173,46.446285
1970-01-01 11:21:30,10984.449,128.49034,1021.56964,2.2423801,-14.833392,46.322166
1970-01-01 11:21:31,10846.742,123.210655,836.95886,1.3721861,-11.946217,46.164883
1970-01-01 11:21:32,10962.183,123.45942,771.19885,-0.18576291,-7.5293365,44.576767
1970-01-01 11:21:33,10860.416,127.03359,686.22076,4.9744177,18.06936,44.800236
1970-01-01 11:21:34,10853.629,127.335686,871.19507,2.1381853,-2.277098,43.844833
1970-01-01 11:21:35,11018.42,124.3456,506.759,3.7571523,9.045045,42.95491
1970-01-01 11:21:36,11069.114,124.93869,825.59045,0.9720633,-9.481553,42.111984
1970-01-01 11:21:37,11109.204,128.21747,259.273,-1.5240034,6.9526343,42.01856
1970-01-01 11:21:38,11052.371,126.8207,547.94727,4.737214,13.673408,
1970-01-01 11:21:39,11098.56,130.89621,1251.2035,2.1474524,-4.794485,39.425743
1970-01-01 11:21:40,10982.474,129.63312,1027.5076,3.5132487,-7.901146,39.904793
1970-01-01 11:21:41,10948.774,123.22336,295.11887,6.0089107,-9.231043,38.328445
1970-01-01 11:21:42,11097.475,121.23611,997.46564,7.9582396,9.795101,38.43514
1970-01-01 11:21:43,10978.175,128.96526,855.80475,6.8931136,10.201732,38.941612
1970-01-01 11:21:44,11071.288,123.43064,627.7564,0.25008285,-6.909665,37.94082
1970-01-01 11:21:45,11067.518,133.12407,843.06525,4.5842867,9.756139,38.63256
1970-01-01 11:21:46,11119.496,125.64684,597.9728,1.626375,6.352759,38.892628
1970-01-01 11:21:47,11249.383,127.896576,945.76685,3.1849976,-11.14189,39.359566
1970-01-01 11:21:48,11264.456,131.62303,637.6546,2.6590545,-3.751985,39.97005
1970-01-01 11:21:49,11185.479,130.55229,571.96497,0.6212543,12.323895,39.85265
1970-01-01 11:21:50,11295.958,125.11482,827.11884,2.447606,-5.371148,38.91605
1970-01-01 11:21:51,11222.948,127.86746,1089.4855,2.4386296,-3.558088,40.353207
1970-01-01 11:21:52,11179.3,128.92789,868.10443,-1.1632391,1.5105548,40.495586
1970-01-01 11:21:53,11266.288,128.78337,996.9565,0.9401265,-8.434953,41.310863
1970-01-01 11:21:54,11011.68,127.45758,790.2293,6.35492,10.350096,41.63787
1970-01-01 11:21:55,11285.212,129.23532,660.1508,-1.6970806,-8.3914995,41.27661
1970-01-01 11:21:56,11280.812,129.8833,671.02057,1.3767741,2.9961,40.55986
1970-01-01 11:21:57,11280.961,123.62082,781.61127,2.479239,0.1773722,40.172897
1970-01-01 11:21:58,11427.814,131.73712,569.41785,-0.28228512,11.85791,41.1007
1970-01-01 11:21:59,11229.135,129.50252,660.154,3.0745006,-15.666399,40.43394
1970-01-01 11:22:00,11157.103,125.68954,300.05725,2.1606634,8.0674,39.739872
1970-01-01 11:22:01,11189.97,126.19047,1132.8491,2.2534525,21.129946,38.889915
1970-01-01 11:22:02,11480.511,134.9237,659.2951,0.8130017,-26.916765,39.28745
1970-01-01 11:22:03,11162.376,135.597,722.003,5.256794,-5.1893535,37.96249
1970-01-01 11:22:04,11290.901,122.66933,937.6416,-3.1676338,-8.875788,37.400505
1970-01-01 11:22:05,11283.842,123.60032,779.3546,7.7461047,-5.0062084,37.0187
1970-01-01 11:22:06,11247.497,125.018524,1083.7296,0.5607691,3.3890784,36.712383
1970-01-01 11:22:07,11399.463,131.96451,810.653,0.50584453,4.235532,37.091213
1970-01-01 11:22:08,11298.616,132.11693,882.5777,3.0158446,4.0723567,37.79592
1970-01-01 11:22:09,11427.019,123.6029,887.9803,0.06306232,9.086563,38.43129
1970-01-01 11:22:10,11455.534,124.04303,789.71436,-1.0525733,7.9373326,39.418068
1970-01-01 11:22:11,11317.856,120.69695,1166.4442,-2.8005874,-13.102644,39.28185
1970-01-01 11:22:12,11451.022,130.76984,750.6388,2.0821059,-1.5749774,39.20437
1970-01-01 11:22:13,11408.007,126.01704,1057.8639,7.474473,,39.490803
1970-01-01 11:22:14,11463.289,129.53333,800.51886,0.19147699,2.373886,38.387478
1970-01-01 11:22:15,11565.743,131.61649,1047.7507,2.5490987,3.4681566,36.68061
1970-01-01 11:22:16,11565.635,125.31392,799.6031,0.109307334,-1.0334426,37.359497
1970-01-01 11:22:17,11642.331,120.90269,628.69147,3.148743,4.067794,37.52798
1970-01-01 11:22:18,11490.326,130.52872,851.982,2.7569294,-2.6332655,37.014103
1970-01-01 11:22:19,11399.658,130.82417,790.8289,0.42453247,-5.720561,35.82599
1970-01-01 11:22:20,11493.176,132.07654,736.9383,3.4064577,13.335393,34.19105
1970-01-01 11:22:21,11586.833,126.71094,567.9047,1.5372932,-3.0456538,34.402954
1970-01-01 11:22:22,11471.303,135.22179,1038.1165,-3.1012685,2.7946022,35.50382
1970-01-01 11:22:23,11403.365,120.95504,971.78265,3.499131,-0.1274176,34.639576
1970-01-01 11:22:24,11558.098,129.18335,1058.4373,1.8777486,-3.7284622,34.67861
1970-01-01 11:22:25,11679.448,128.69249,514.6554,5.5190496,-27.980816,35.2244
1970-01-01 11:22:26,11537.44,127.21575,935.0299,-4.101163,-16.957537,34.396576
1970-01-01 11:22:27,11631.28,132.08627,985.74774,-1.0045968,0.64625514,35.677715
1970-01-01 11:22:28,11542.501,127.13546,1115.1011,0.83431494,-4.848899,35.978302
1970-01-01 11:22:29,11642.992,126.624054,181.87033,-3.357113,-3.8182216,36.458035
1970-01-01 11:22:30,11607.19,127.68734,749.8426,2.4244106,-0.26822758,36.61443
1970-01-01 11:22:31,11730.542,130.73447,576.97095,-4.63477,-5.8316917,
1970-01-01 11:22:32,11794.54,125.85993,672.6539,0.6607835,4.7257586,35.889927
1970-01-01 11:22:33,11599.88,126.15061,936.69867,6.7999897,-19.838936,36.53361
1970-01-01 11:22:34,11889.683,124.503975,993.78784,-1.1314262,-0.67634606,35.936596
1970-01-01 11:22:35,11611.603,122.41702,445.5005,5.084601,-0.077145845,34.28812
1970-01-01 11:22:36,11865.348,126.553055,667.93866,1.9819746,-9.4069395,33.793423
1970-01-01 11:22:37,11697.795,127.25836,310.89853,7.1690655,-13.425716,32.20999
1970-01-01 11:22:38,11699.854,128.0333,1083.3627,5.1136327,-6.400031,31.232397
1970-01-01 11:22:39,11598.347,125.69968,692.9139,-0.8179587,6.3090324,30.613384
1970-01-01 11:22:40,11681.274,132.3406,1005.91736,1.9072367,-7.764149,31.773775
1970-01-01 11:22:41,11814.683,132.55151,545.7543,5.938174,-1.7264397,30.685274
1970-01-01 11:22:42,11779.539,125.36987,868.98615,7.311015,10.803099,32.00714
1970-01-01 11:22:43,11834.715,124.139275,787.47186,2.5558786,13.498008,31.096157
1970-01-01 11:22:44,11758.634,128.83043,1224.8741,-0.49176472,-2.83447,31.181866
1970-01-01 11:22:45,11834.1455,128.24803,758.23346,2.7947738,-3.0112467,30.72787
1970-01-01 11:22:46,11920.334,137.40424,688.2106,-1.6847601,6.641528,30.294613
1970-01-01 11:22:47,11819.276,132.13182,481.7632,3.8175862,-3.6248698,31.158257
1970-01-01 11:22:48,11992.504,128.17224,693.2655,3.1296275,-8.551562,30.989206
1970-01-01 11:22:49,11912.617,127.58979,770.7772,3.9520538,5.353277,31.508135
1970-01-01 11:22:50,11832.487,135.50754,838.01404,0.14370966,-6.5251656,31.319992
1970-01-01 11:22:51,11929.827,132.29288,599.9445,0.79041845,-8.009105,30.992085
1970-01-01 11:22:52,11932.125,124.759735,590.61084,-0.025401426,-11.84398,31.490263
1970-01-01 11:22:53,11878.791,136.43375,620.1443,1.6449412,4.26985,31.227291
1970-01-01 11:22:54,11973.861,135.82814,385.0385,4.874909,7.3335886,30.197367
1970-01-01 11:22:55,11865.189,127.96917,929.8542,1.0212512,14.115698,30.228912
1970-01-01 11:22:56,12021.49,131.55382,1004.2751,-2.2795763,-8.029966,30.297152
1970-01-01 11:22:57,11988.512,128.06442,827.5146,1.9111129,-16.176208,30.227385
1970-01-01 11:22:58,12111.208,126.31758,575.91486,5.0131273,-14.911567,29.982134
1970-01-01 11:22:59,11979.665,126.3146,192.01978,5.886772,26.003403,30.402014
1970-01-01 11:23:00,12022.903,131.26413,82.034874,-0.4411887,7.1703825,29.360289
1970-01-01 11:23:01,12006.739,125.2641,-45.703453,5.527595,-27.913052,28.94041
1970-01-01 11:23:02,11929.145,123.13183,73.16512,0.13473454,-15.271348,30.064762
1970-01-01 11:23:03,12140.099,124.78812,-348.80405,2.2660913,-2.0863132,29.14537
1970-01-01 11:23:04,11942.786,122.5653,547.5596,-0.25810716,3.7051156,29.551619
1970-01-01 11:23:05,12069.058,127.89892,-144.02286,5.4876895,4.0451035,31.053587
1970-01-01 11:23:06,12067.219,129.92859,42.711777,1.7708045,14.828485,31.192308
1970-01-01 11:23:07,12150.51,133.46858,-37.828003,-3.6418934,1.2049508,30.265762
1970-01-01 11:23:08,12109.51,125.63409,224.45317,1.1348954,,29.366674
1970-01-01 11:23:09,11944.31,126.965126,195.1071,5.409407,15.940107,29.508839
1970-01-01 11:23:10,11870.282,121.107,40.19084,3.832854,2.5958421,28.998917
1970-01-01 11:23:11,11927.991,125.29322,-58.747475,3.930681,-6.284392,27.76244
1970-01-01 11:23:12,12028.959,126.435936,159.21402,5.023986,0.5995216,28.253664
1970-01-01 11:23:13,11777.542,133.42686,-280.63016,5.0885873,19.910715,27.671108
1970-01-01 11:23:14,12091.488,122.40495,-14.15267,,11.974152,28.401596
1970-01-01 11:23:15,12155.882,136.33568,-111.26922,6.7377915,24.674006,28.336136
1970-01-01 11:23:16,11936.555,128.37747,302.23688,4.9157653,6.0493526,27.414454
1970-01-01 11:23:17,12046.151,123.66211,68.99767,4.9435697,15.798481,27.030682
1970-01-01 11:23:18,12027.841,125.18124,43.858227,1.2759049,-1.4619135,27.130928
1970-01-01 11:23:19,12250.212,131.79443,161.90916,4.807323,9.871617,26.768883
1970-01-01 11:23:20,11909.317,128.83136,132.56584,0.15440147,-4.8447413,27.020123
1970-01-01 11:23:21,11894.714,131.9444,-228.81322,2.3655572,-26.336744,25.295052
1970-01-01 11:23:22,11922.537,130.61154,68.20578,4.373351,-19.877193,25.429987
1970-01-01 11:23:23,12036.779,133.7983,-87.398674,0.47544372,-3.8296585,25.694572
1970-01-01 11:23:24,11951.462,136.69157,175.9873,-0.7988589,-5.1301436,25.7996
1970-01-01 11:23:25,12035.648,128.79185,9.642816,2.9936907,6.954596,25.43527
1970-01-01 11:23:26,11925.6875,129.05672,389.5757,3.745081,-15.802103,24.07567
1970-01-01 11:23:27,12081.609,128.70528,,7.2101974,-6.3074512,23.406155
1970-01-01 11:23:28,12017.433,128.47008,-288.24756,2.7334151,8.6071,22.775593
1970-01-01 11:23:29,12020.655,125.60603,-224.67134,3.1739206,7.2237062,23.80226
1970-01-01 11:23:30,11864.108,117.78116,14.634817,-2.9545796,-5.770943,25.438421
1970-01-01 11:23:31,12023.649,128.10251,-211.67043,-0.5424085,-0.6283229,25.89387
1970-01-01 11:23:32,12036.818,130.33363,-167.5389,5.298124,-17.644817,26.402195
1970-01-01 11:23:33,12206.643,127.20918,4.7838697,4.114747,-0.8679423,26.200377
1970-01-01 11:23:34,12038.9375,124.87707,-181.38896,1.5590231,8.79089,27.97137
1970-01-01 11:23:35,11942.118,130.15251,67.57727,-1.2989801,6.1459427,27.923515
1970-01-01 11:23:36,12102.207,128.71617,91.380806,0.8980065,3.5091007,27.941526
1970-01-01 11:23:37,11886.134,129.24976,-15.401422,0.19924666,2.5201027,27.25106
1970-01-01 11:23:38,11878.46,136.44865,134.61075,1.3432549,-2.4791632,27.097073
1970-01-01 11:23:39,11909.637,121.855804,111.52634,-3.366587,7.1831284,25.83591
1970-01-01 11:23:40,12016.132,128.327,184.75447,3.5281794,11.202561,26.189957
1970-01-01 11:23:41,12026.008,129.01009,39.131367,2.2103825,-17.139608,26.46285
1970-01-01 11:23:42,11941.544,124.098175,15.663282,9.775705,8.854361,26.140463
1970-01-01 11:23:43,11833.891,127.87528,116.27588,2.2760715,-9.701717,26.732637
1970-01-01 11:23:44,12082.6875,133.91273,77.62772,-0.9016288,-13.606378,26.675669
1970-01-01 11:23:45,11936.903,126.410484,-101.27526,-1.1326684,2.598583,26.933191
1970-01-01 11:23:46,12013.543,124.18044,-97.60382,3.7474837,-6.0688367,26.74734
1970-01-01 11:23:47,11917.782,121.33801,-223.48055,-0.7982448,7.433838,25.738571
1970-01-01 11:23:48,12059.346,132.83832,70.48989,0.8519848,-8.209245,24.600748
1970-01-01 11:23:49,12143.833,126.886,-254.18944,4.386152,-24.425306,24.812626
1970-01-01 11:23:50,12084.203,133.62897,277.37204,3.9075525,-3.136061,24.984045
1970-01-01 11:23:51,12031.64,124.011635,-234.52437,3.3854358,13.725845,25.938608
1970-01-01 11:23:52,12053.958,128.68185,-426.53885,,6.967524,26.175331
1970-01-01 11:23:53,11997.996,128.02559,-144.79521,0.3199144,-2.6307209,26.148819
1970-01-01 11:23:54,11997.759,122.413216,-15.180176,3.0825565,-5.7013903,26.30731
1970-01-01 11:23:55,11920.951,133.37297,323.93454,-1.8733524,-0.59254473,25.788446
1970-01-01 11:23:56,12104.683,128.93576,-59.690598,-0.49736175,12.356113,27.075315
1970-01-01 11:23:57,11962.444,135.45811,304.86987,5.9490247,8.457517,27.032057
1970-01-01 11:23:58,11953.38,125.65043,92.64169,8.345915,8.631928,26.69026
1970-01-01 11:23:59,12114.78,131.10207,-173.31374,-0.77051985,16.790071,26.476713
1970-01-01 11:24:00,11878.692,131.05518,20.640043,-0.2370512,6.771553,24.782885
1970-01-01 11:24:01,11999.617,133.31554,-202.1121,-1.9148301,-8.237651,25.972483
1970-01-01 11:24:02,12028.216,132.97475,-119.3815,3.640352,-8.731856,25.701292
1970-01-01 11:24:03,11987.298,125.391716,-118.43178,6.4869785,-5.9732084,25.768923
1970-01-01 11:24:04,11909.466,132.11214,202.14612,-1.6482587,4.109058,25.966724
1970-01-01 11:24:05,12006.93,126.60555,-0.538466,1.4493723,-10.73539,26.545483
1970-01-01 11:24:06,11953.469,132.95123,-526.4878,5.35638,1.4910405,28.052927
1970-01-01 11:24:07,11998.88,124.59363,-93.71583,4.718417,-12.466488,27.695234
1970-01-01 11:24:08,12065.704,128.35905,-62.37352,3.8831081,-17.359463,26.850904
1970-01-01 11:24:09,11958.722,130.59941,174.01057,6.331094,-18.316118,25.970266
1970-01-01 11:24:10,11981.366,126.118095,-317.014,4.7062416,3.1429214,27.32484
1970-01-01 11:24:11,12027.93,130.46715,62.947613,-4.694875,-9.254597,26.38489
1970-01-01 11:24:12,12019.343,130.68121,179.75916,0.26279035,6.750571,26.408415
1970-01-01 11:24:13,12068.406,139.83072,7.0598435,5.5188537,11.035585,27.227367
1970-01-01 11:24:14,11999.928,126.56187,159.1224,3.7038562,-5.3500805,26.804222
1970-01-01 11:24:15,11957.001,128.40369,-56.519127,5.4441457,-0.30252403,27.68014
1970-01-01 11:24:16,11882.76,129.32521,214.64165,-3.0478096,5.666003,27.044495
1970-01-01 11:24:17,12021.247,119.40228,148.21127,-4.2494974,10.9489,29.230576
1970-01-01 11:24:18,12035.001,129.62436,151.40508,3.8428056,10.477377,29.1329
1970-01-01 11:24:19,11954.035,132.04967,130.11458,1.1305082,-9.487803,27.825012
1970-01-01 11:24:20,11953.296,133.44553,-128.9748,-2.731648,7.288217,28.997168
1970-01-01 11:24:21,11968.7295,125.70787,-209.26239,3.2227888,3.3834553,29.257063
1970-01-01 11:24:22,12056.808,128.91638,383.7791,2.4058292,-13.770558,29.018394
1970-01-01 11:24:23,11963.407,136.46098,-117.4479,1.1583827,-0.13674104,30.141605
1970-01-01 11:24:24,12134.937,127.790695,97.01,4.2487698,20.98666,28.345957
1970-01-01 11:24:25,11871.901,134.5124,21.434774,-2.3656812,10.602197,28.379341
1970-01-01 11:24:26,11933.744,129.09409,-13.948713,0.37372667,1.4848689,29.324474
1970-01-01 11:24:27,11843.619,131.8926,207.51855,0.054642294,0.042225994,28.898958
1970-01-01 11:24:28,11970.339,132.76363,22.132229,4.1670866,1.7172452,30.11699
1970-01-01 11:24:29,11924.5,136.52464,-223.96133,0.4978655,15.492589,28.249025
1970-01-01 11:24:30,12025.733,122.461655,300.91483,-1.9362271,3.3813968,28.758087
1970-01-01 11:24:31,11961.464,127.97731,-411.4497,7.400725,-4.1169376,27.540583
1970-01-01 11:24:32,11921.483,135.11357,-323.36572,4.2617164,3.615758,27.352282
1970-01-01 11:24:33,11910.773,132.7698,-36.34936,7.9906983,5.7586646,27.554422
1970-01-01 11:24:34,11893.472,137.73586,-671.77954,-1.0624216,8.866254,28.315155
1970-01-01 11:24:35,12033.979,133.1771,-20.31503,-2.8808312,-22.09622,27.945238
1970-01-01 11:24:36,11967.7,131.11603,138.4957,-2.75028,10.545728,27.07482
1970-01-01 11:24:37,11958.581,126.48503,228.10837,-3.0876198,-2.9549387,28.586445
1970-01-01 11:24:38,11993.735,131.7368,214.81372,0.26471558,10.078974,27.812952
1970-01-01 11:24:39,12023.361,128.94637,-172.9874,0.9393261,6.5844684,28.537981
1970-01-01 11:24:40,12083.717,136.20117,-428.74365,-0.8030237,6.473128,30.190884
1970-01-01 11:24:41,11838.908,124.70068,-274.42056,,-3.226017,29.969112
1970-01-01 11:24:42,11923.46,134.084,-153.96834,3.72416,-2.2465644,30.36299
1970-01-01 11:24:43,12108.633,121.56446,79.934944,3.1452885,12.458096,32.372997
1970-01-01 11:24:44,11909.762,134.44807,-75.63333,-0.49152878,4.0639076,31.386946
1970-01-01 11:24:45,11938.505,128.67896,131.53421,2.6932743,-3.704084,31.760813
1970-01-01 11:24:46,11948.533,128.20488,-124.41863,3.4880614,4.5734873,33.89999
1970-01-01 11:24:47,11981.438,127.5737,-143.22229,-0.27848893,17.686903,34.016586
1970-01-01 11:24:48,11977.391,131.14944,85.39021,1.2314928,3.7397487,34.54004
1970-01-01 11:24:49,11997.531,131.63617,-544.51276,3.5113902,11.869338,31.308596
1970-01-01 11:24:50,12021.391,127.94156,-312.37973,3.1143336,0.5094115,30.93403
1970-01-01 11:24:51,12070.673,131.23788,-164.75627,-1.0857066,-2.837373,29.53393
1970-01-01 11:24:52,12015.681,129.93796,-57.277023,1.4003121,-2.759168,28.379
1970-01-01 11:24:53,11923.54,130.60939,135.48524,-1.0857475,2.4030232,27.838226
1970-01-01 11:24:54,11937.397,129.11884,-230.54843,4.153248,-1.788654,27.23223
1970-01-01 11:24:55,12057.96,135.15836,56.87514,0.7333251,3.6603775,27.339981
1970-01-01 11:24:56,12047.092,135.1468,-329.4949,0.8838465,-10.918806,27.27929
1970-01-01 11:24:57,11849.787,129.2196,144.26424,-2.67849,10.717978,26.658245
1970-01-01 11:24:58,12067.786,129.44148,131.65154,6.4875855,-0.37128222,25.935812
1970-01-01 11:24:59,12107.707,126.7672,-25.773808,1.1816788,0.32478863,25.363993
1970-01-01 11:25:00,11871.829,123.88724,87.69453,-1.8136125,2.5968854,24.057632
1970-01-01 11:25:01,12063.068,125.305214,259.065,0.40969846,-6.826952,23.172087
1970-01-01 11:25:02,11998.054,128.25905,318.7304,6.335984,,24.036028
1970-01-01 11:25:03,12174.729,127.76842,136.09038,10.363209,-2.7449331,24.488756
1970-01-01 11:25:04,11908.431,130.5593,275.22498,1.7954557,-0.6198977,22.872488
1970-01-01 11:25:05,12083.628,130.14172,340.77725,4.828788,16.102322,22.285854
1970-01-01 11:25:06,12005.631,122.66168,207.97412,4.793908,-9.6911955,22.081831
1970-01-01 11:25:07,12109.768,133.3601,-106.65218,3.0019727,11.540848,22.465027
1970-01-01 11:25:08,11885.272,130.04596,5.9284987,-3.8620386,3.001212,21.705208
1970-01-01 11:25:09,11920.8955,130.36798,-36.461353,5.033839,0.9005734,21.359255
1970-01-01 11:25:10,11854.427,135.65471,-115.6422,-1.3453938,6.586335,19.642788
1970-01-01 11:25:11,11937.75,133.3528,-185.19821,-0.21538422,-11.623748,20.608952
1970-01-01 11:25:12,12099.105,129.91809,-246.7941,-2.8284357,-18.286243,19.606413
1970-01-01 11:25:13,11962.853,135.35533,-196.09392,3.9050727,6.9528546,15.473561
1970-01-01 11:25:14,11939.038,128.46078,-63.478928,6.71206,-7.7781363,15.78818
1970-01-01 11:25:15,11966.736,118.522194,-146.04855,,3.4758852,16.933077
1970-01-01 11:25:16,12127.594,132.93423,-46.576168,1.3367541,5.896201,19.219229
1970-01-01 11:25:17,11994.731,119.19179,371.17236,2.858316,-0.38360703,20.076601
1970-01-01 11:25:18,12042.396,129.90105,181.72725,1.4429991,-4.9995627,20.206966
1970-01-01 11:25:19,11968.229,138.18005,-264.699,-1.2771071,-11.632127,20.009356
1970-01-01 11:25:20,12145.13,133.83539,147.26624,5.716179,2.1665916,20.047619
1970-01-01 11:25:21,12127.48,133.73991,219.33028,-1.06829,-4.905669,21.086634
1970-01-01 11:25:22,12025.515,127.17177,-154.4277,1.4117907,-3.5666432,22.226547
1970-01-01 11:25:23,11965.265,132.83984,259.7287,1.5744588,-9.5901575,23.170103
1970-01-01 11:25:24,11916.379,131.63948,-211.0699,-1.5817801,2.8185587,23.624971
1970-01-01 11:25:25,11927.251,130.66866,86.227554,0.05415707,-0.4809469,25.331764
1970-01-01 11:25:26,11982.184,130.49374,97.29012,0.06321524,-13.654261,26.577627
1970-01-01 11:25:27,12035.545,133.25848,-85.448494,2.6623893,-4.6023936,25.809048
1970-01-01 11:25:28,11912.82,128.68439,259.264,-1.9837976,0.08456422,25.657227
1970-01-01 11:25:29,12137.683,131.56111,-40.35311,7.9888434,4.091359,26.736353
1970-01-01 11:25:30,12154.236,134.0886,-76.4947,-0.73318774,-14.367601,26.536648
1970-01-01 11:25:31,11936.349,132.39021,85.34613,-0.3832344,17.654526,25.66519
1970-01-01 11:25:32,11897.888,134.36684,163.00458,5.35138,1.0986758,25.507988
1970-01-01 11:25:33,11997.232,131.50911,-224.71135,1.9780035,-1.186543,27.526747
1970-01-01 11:25:34,11946.96,134.98785,-171.15428,3.6812775,2.169682,26.283226
1970-01-01 11:25:35,11966.582,131.81084,-93.67589,2.2455747,5.8880477,26.329748
1970-01-01 11:25:36,12048.042,136.95691,-34.286243,2.1836598,-12.972607,26.613924
1970-01-01 11:25:37,11991.972,128.05737,-202.76585,3.147902,-15.550079,26.530025
1970-01-01 11:25:38,11913.773,135.29655,-342.81784,-2.6910865,1.7386376,27.071682
1970-01-01 11:25:39,11948.044,138.72284,86.92773,6.5934634,4.8633122,27.332869
1970-01-01 11:25:40,11962.919,139.39177,-76.279945,2.1419592,-20.01769,28.046064
1970-01-01 11:25:41,11998.747,131.62148,464.90018,-0.7422288,0.3617976,26.859194
1970-01-01 11:25:42,11998.1455,130.16435,73.96046,-0.6521681,18.980314,27.525318
1970-01-01 11:25:43,12181.576,130.63805,1.1018994,-2.6614952,5.7150626,27.483759
1970-01-01 11:25:44,12012.221,132.3523,-141.49245,1.2214812,5.924164,27.668486
1970-01-01 11:25:45,11908.993,130.86998,-161.86284,-0.56741023,-13.260389,26.465565
1970-01-01 11:25:46,11906.141,125.83445,-80.7139,5.993444,-4.3756285,26.102873
1970-01-01 11:25:47,11999.14,135.84558,-10.132561,-1.2013346,-9.122467,26.957865
1970-01-01 11:25:48,11935.146,136.08432,26.8755,-3.3444939,10.256058,26.984715
1970-01-01 11:25:49,12127.895,133.05814,-9.435008,3.2353945,5.7047253,28.82522
1970-01-01 11:25:50,12004.141,128.55127,-161.45964,-0.1767376,-9.616475,27.563839
1970-01-01 11:25:51,11996.516,132.3071,38.31853,-2.246203,-0.641956,28.57605
1970-01-01 11:25:52,11950.253,133.93173,-95.59978,2.162877,-5.154714,28.295197
1970-01-01 11:25:53,12050.518,135.46289,-42.032333,0.4055865,6.7218995,27.09842
1970-01-01 11:25:54,11859.133,133.39626,244.57742,1.8889838,-10.492528,27.521137
1970-01-01 11:25:55,12085.675,133.91719,85.798256,-0.895891,-10.55795,26.531212
1970-01-01 11:25:56,12087.165,137.51534,289.50174,2.9780285,3.4237506,26.012764
1970-01-01 11:25:57,12169.049,132.19495,161.03844,-0.23207891,5.091041,25.223513
1970-01-01 11:25:58,12042.092,131.08678,395.09256,-1.1912606,-4.7423053,24.593021
1970-01-01 11:25:59,11981.939,124.4283,328.08224,-1.4286516,1.3049488,22.885693
1970-01-01 11:26:00,12021.442,130.2371,-164.96066,2.344893,-13.57642,22.076591
1970-01-01 11:26:01,12007.009,135.38425,40.03895,8.762172,1.8245268,22.36935
1970-01-01 11:26:02,11985.134,135.16757,98.4397,-1.0011239,-7.4594045,22.398489
1970-01-01 11:26:03,12105.381,129.9679,-40.65773,-1.364441,-5.790015,22.124516
1970-01-01 11:26:04,12076.845,128.2541,30.960846,9.230053,-5.5230155,21.454157
1970-01-01 11:26:05,11867.419,132.06602,97.38992,2.5321884,4.773335,23.217249
1970-01-01 11:26:06,12094.253,136.61388,-431.9812,6.1193776,-8.2425,23.813318
1970-01-01 11:26:07,11939.969,128.37892,29.28048,1.4772431,-10.835748,22.572876
1970-01-01 11:26:08,11908.522,130.62114,-37.00896,2.7587917,5.025772,25.0622
1970-01-01 11:26:09,11991.977,136.13876,-59.574043,3.758134,-3.2451334,24.881466
1970-01-01 11:26:10,12009.868,134.78633,128.03961,-5.0032897,14.394093,26.408491
1970-01-01 11:26:11,12066.954,132.59433,-5.395233,3.4678695,-8.147453,25.828373
1970-01-01 11:26:12,12097.088,132.40282,-100.15178,1.7306247,8.445607,25.865133
1970-01-01 11:26:13,11955.121,134.8053,332.9699,3.091642,3.3720171,26.07477
1970-01-01 11:26:14,12091.25,137.67172,-7.8542233,1.9335314,-12.141306,26.532259
1970-01-01 11:26:15,12081.801,130.49059,201.3724,1.104937,8.086548,25.105612
1970-01-01 11:26:16,11884.947,136.2846,442.2848,1.8333712,-23.170343,26.61604
1970-01-01 11:26:17,12079.4375,126.25818,148.68565,5.4338408,1.8075842,24.160303
1970-01-01 11:26:18,11974.657,127.668175,-180.78458,1.7593429,3.8877418,24.913498
1970-01-01 11:26:19,12002.041,135.75787,,5.15304,15.249078,25.593193
1970-01-01 11:26:20,11933.318,129.82281,-302.04367,2.7550485,-8.936841,26.287058
1970-01-01 11:26:21,12045.268,126.84414,-65.183945,-4.1858215,-9.748555,27.665787
1970-01-01 11:26:22,11958.988,126.80923,-91.31283,0.6842399,2.5155325,27.800133
1970-01-01 11:26:23,11916.797,133.47754,-293.0546,-3.2567396,11.301247,28.1383
1970-01-01 11:26:24,11961.889,135.7774,93.00608,6.6707497,17.175085,28.39371
1970-01-01 11:26:25,12133.409,135.35936,211.79973,4.783577,-2.0982993,26.290054
1970-01-01 11:26:26,12156.368,127.24844,42.116062,5.0625067,-7.009846,26.24663
1970-01-01 11:26:27,12057.524,130.66286,457.80554,-1.6913772,3.5899167,26.897387
1970-01-01 11:26:28,11928.985,135.59943,166.35907,0.48095104,-6.7494783,27.008017
1970-01-01 11:26:29,12042.759,130.80081,-27.269108,5.6130977,-2.1539066,28.867437
1970-01-01 11:26:30,12088.587,131.249,-182.31738,4.5189676,-4.97989,29.263317
1970-01-01 11:26:31,12060.032,132.23952,-144.82062,-2.2925255,-6.474802,30.146687
1970-01-01 11:26:32,11993.236,128.27202,-94.63321,2.09075,6.5502825,33.219215
1970-01-01 11:26:33,12106.01,134.69264,196.88577,4.616473,-13.379517,34.277264
1970-01-01 11:26:34,12069.537,141.2142,200.76245,1.951176,-20.604586,34.28289
1970-01-01 11:26:35,11801.111,137.71207,-397.8631,6.7256556,-15.752605,34.779236
1970-01-01 11:26:36,12067.899,136.91765,21.105083,0.3091777,10.343652,34.699
1970-01-01 11:26:37,11886.373,129.79964,-290.99246,-0.62928885,-12.727394,35.99006
1970-01-01 11:26:38,11968.954,121.650055,623.6953,2.0964162,-9.4036,35.961506
1970-01-01 11:26:39,11933.118,136.35756,-10.785744,2.7015047,2.4637835,35.677666
1970-01-01 11:26:40,12132.465,139.46815,-99.26934,4.2807436,3.9760966,36.468597
1970-01-01 11:26:41,12021.429,132.33968,-41.387493,1.1082712,-11.301302,37.05157
1970-01-01 11:26:42,11932.261,139.04913,75.966125,4.613431,-0.87235206,36.179035
1970-01-01 11:26:43,11890.826,138.60428,-125.08579,1.7832844,5.661537,37.00302
1970-01-01 11:26:44,12014.914,129.49203,-340.8978,-1.6915464,6.6710405,38.509686
1970-01-01 11:26:45,11988.396,136.68893,25.65413,5.528227,-21.755352,37.40422
1970-01-01 11:26:46,11865.925,121.37762,147.26134,0.5908183,-4.5664415,38.67911
1970-01-01 11:26:47,11937.203,128.0056,57.356018,1.8790251,6.767844,41.142967
1970-01-01 11:26:48,11955.104,135.52824,-62.060623,6.1284504,,41.511734
1970-01-01 11:26:49,12026.415,136.51758,45.881767,2.5699377,6.3579836,42.552963
1970-01-01 11:26:50,11983.341,130.82849,-339.88104,2.1163423,8.514018,41.630234
1970-01-01 11:26:51,12063.584,135.94743,471.74243,1.3927064,25.596294,42.09284
1970-01-01 11:26:52,12026.036,128.81868,-159.8149,6.442689,0.5951741,41.238358
1970-01-01 11:26:53,11985.863,128.7386,-113.85926,6.349886,-26.650673,42.006187
1970-01-01 11:26:54,12013.653,137.62471,-116.18166,1.6175154,-5.8758683,42.19015
1970-01-01 11:26:55,12008.793,137.27168,-29.320827,-0.23072354,-3.013876,42.873413
1970-01-01 11:26:56,12089.851,136.52406,543.2292,0.02075606,-17.350578,42.20502
1970-01-01 11:26:57,11834.322,139.39441,146.36053,5.033433,19.572063,42.82797
1970-01-01 11:26:58,11845.0205,129.6122,110.18415,6.199636,-1.8442842,41.509407
1970-01-01 11:26:59,11872.597,125.113106,228.48068,2.8626127,9.777916,41.32047
1970-01-01 11:27:00,12042.184,131.47047,-476.6098,-1.3075118,-3.8453336,41.013206
1970-01-01 11:27:01,12068.154,129.39293,-73.08355,1.9410497,10.84222,42.113632
1970-01-01 11:27:02,11989.284,132.79715,69.80581,-0.07016106,10.6318865,43.749516
1970-01-01 11:27:03,12000.535,130.1125,260.9598,-0.7716826,14.782284,43.63668
1970-01-01 11:27:04,11978.969,131.34824,-345.02612,3.7676907,6.1988006,43.65428
1970-01-01 11:27:05,12011.111,127.45771,-19.814781,1.1502584,3.9734793,44.30668
1970-01-01 11:27:06,11842.206,134.20076,-111.18942,2.3313816,4.322856,45.8354
1970-01-01 11:27:07,11984.997,131.02141,61.685833,4.9765015,7.6488466,45.450336
1970-01-01 11:27:08,12025.526,134.58385,31.594023,3.4477801,5.6940217,46.976357
1970-01-01 11:27:09,12048.749,132.02003,7.551724,-0.75054234,-2.6376343,45.42782
1970-01-01 11:27:10,11906.07,126.442116,-43.550537,6.7348714,-8.838523,46.292393
1970-01-01 11:27:11,11909.116,138.13739,-17.900036,-1.0399007,1.3080074,43.662266
1970-01-01 11:27:12,11945.627,139.23822,188.35617,3.7333157,-6.012815,44.620266
1970-01-01 11:27:13,11931.777,132.05801,-296.67395,-2.5696075,6.4561677,45.013424
1970-01-01 11:27:14,11990.405,131.02066,8.199766,1.0525761,6.482214,46.896904
1970-01-01 11:27:15,11989.714,129.45784,-14.443778,1.7459905,-9.873244,46.205757
1970-01-01 11:27:16,12026.892,132.77325,-367.5142,3.43984,0.7052303,44.584003
1970-01-01 11:27:17,11834.01,136.65747,-234.41405,-0.030198703,10.671175,43.993042
1970-01-01 11:27:18,12170.631,138.19556,-81.47834,0.36034757,-5.8036046,42.885605
1970-01-01 11:27:19,12045.194,133.60968,-122.84983,0.7554787,0.6946949,42.28234
1970-01-01 11:27:20,12008.394,138.06798,80.805374,3.6004493,-5.8860035,43.032364
1970-01-01 11:27:21,12026.756,137.90646,-181.8297,4.5798426,6.4088583,43.85261
1970-01-01 11:27:22,12084.029,128.04608,67.61449,-0.340708,-3.7566717,43.172066
1970-01-01 11:27:23,12005.419,134.50716,-97.62527,5.1709633,-8.573206,43.339878
1970-01-01 11:27:24,11910.104,132.41832,-238.19995,0.7216486,-3.7139628,43.82126
1970-01-01 11:27:25,12152.349,133.40244,-0.15973024,-2.2319999,8.647136,43.54369
1970-01-01 11:27:26,11961.701,138.74109,-34.325035,0.771417,-2.6804638,42.81022
1970-01-01 11:27:27,11897.238,132.80779,-27.386812,1.7537514,-2.3679798,43.302032
1970-01-01 11:27:28,11865.141,134.69711,-51.46686,8.106772,-1.2146068,44.14414
1970-01-01 11:27:29,12014.83,135.11606,-133.64334,7.5453544,-20.376783,44.19628
1970-01-01 11:27:30,12018.185,127.7629,163.60007,-3.5767262,1.6482662,44.699898
1970-01-01 11:27:31,12013.183,136.53712,119.02014,3.3774946,10.248259,43.38345
1970-01-01 11:27:32,12154.509,139.51491,430.08603,1.2017186,-4.606291,42.572346
1970-01-01 11:27:33,11936.729,132.36601,-30.507133,0.7407434,10.02105,41.588398
1970-01-01 11:27:34,11798.668,136.3075,-17.363424,-3.5794947,14.89557,40.97079
1970-01-01 11:27:35,11972.111,127.90587,-264.38684,3.6121085,9.01082,41.467995
1970-01-01 11:27:36,11926.931,138.73291,-95.104355,-0.7554163,6.6182785,40.05287
1970-01-01 11:27:37,12092.65,133.71217,200.64006,6.066588,-12.020199,40.22615
1970-01-01 11:27:38,12011.946,131.8711,217.22543,4.743478,-18.71961,40.743454
1970-01-01 11:27:39,12005.999,134.81383,227.88664,2.3285468,1.3460485,40.264297
1970-01-01 11:27:40,11993.948,129.73218,260.12982,3.2176297,-10.8291235,41.950447
1970-01-01 11:27:41,12010.786,137.09706,-89.19868,2.0863352,4.0752354,41.66279
1970-01-01 11:27:42,11943.367,135.37627,28.731838,2.8322527,-10.933933,40.970688
1970-01-01 11:27:43,12008.147,135.48862,238.58641,0.07111699,2.1440954,41.175953
1970-01-01 11:27:44,11908.744,129.91388,-68.57083,-4.4770823,14.0514,40.471905
1970-01-01 11:27:45,11973.089,136.84993,-373.2085,4.150789,15.32475,42.109413
1970-01-01 11:27:46,12001.74,127.97844,17.454947,0.63040745,-8.656019,39.1051
1970-01-01 11:27:47,12212.238,134.35228,-152.74039,0.87687624,0.31494737,40.040165
1970-01-01 11:27:48,11987.578,129.84761,-9.506036,3.3843286,-5.583014,39.982433
1970-01-01 11:27:49,11944.069,134.84142,142.08917,7.3709917,-4.2936535,40.696316
1970-01-01 11:27:50,12008.696,138.8213,-130.00848,3.1949928,5.8404937,41.70295
1970-01-01 11:27:51,11984.706,137.54134,102.50273,-2.4550915,-0.96899384,42.895203
1970-01-01 11:27:52,12017.094,134.55458,82.89655,0.53527886,14.617573,43.174927
1970-01-01 11:27:53,12059.247,134.81941,293.62485,5.2081037,9.509016,43.73525
1970-01-01 11:27:54,12076.257,136.07185,13.796006,0.33577183,-8.402092,44.203
1970-01-01 11:27:55,12012.502,140.6332,3.248044,-2.7432756,-4.8209424,45.931366
1970-01-01 11:27:56,11967.239,134.57527,-24.231133,0.88403106,-6.777333,45.859177
1970-01-01 11:27:57,12032.669,134.89409,97.590294,-1.0325981,2.1835957,46.257454
1970-01-01 11:27:58,12119.536,130.93193,128.21689,5.191184,10.611741,46.582813
1970-01-01 11:27:59,12038.347,132.9434,-4.491507,6.1638255,-3.9702609,47.848072
1970-01-01 11:28:00,11901.194,128.38593,-103.88253,0.043461557,-0.29111928,48.328426
1970-01-01 11:28:01,12058.941,138.20926,-94.12279,2.509886,-3.0295355,48.71709
1970-01-01 11:28:02,12031.709,136.33922,-288.61713,3.8316145,-11.790589,47.136
1970-01-01 11:28:03,11996.823,133.81323,134.11201,7.147794,16.509134,48.357407
1970-01-01 11:28:04,11855.185,139.0947,194.91454,1.0437992,-2.2753823,47.594353
1970-01-01 11:28:05,12050.538,131.72539,-173.5275,-0.09384546,3.2672396,47.91197
1970-01-01 11:28:06,11886.837,136.10426,0.45309222,4.739137,-10.401069,48.49989
1970-01-01 11:28:07,12126.632,141.20253,-106.956474,1.6396084,0.6630583,49.384926
1970-01-01 11:28:08,12054.423,135.62468,79.70271,3.2389674,-6.917525,49.149605
1970-01-01 11:28:09,12117.001,134.42993,304.47574,7.456225,-15.561154,49.414677
1970-01-01 11:28:10,12083.995,130.12807,-196.44371,-0.8765102,-7.536882,50.613316
1970-01-01 11:28:11,11983.361,131.48805,-64.87545,3.2455444,17.875021,50.32026
1970-01-01 11:28:12,11914.727,138.73712,-144.59673,4.8905478,2.0729487,50.438828
1970-01-01 11:28:13,11932.039,132.78082,-0.51434463,-0.49986982,-22.310328,50.843365
1970-01-01 11:28:14,11952.326,123.61966,88.162766,5.303586,-4.0334697,49.220924
1970-01-01 11:28:15,12020.233,137.92479,-23.279982,3.2615185,2.1530182,50.331158
1970-01-01 11:28:16,12027.478,130.38763,-55.072613,1.717574,-11.730717,50.665237
1970-01-01 11:28:17,11920.44,133.97707,-16.4774,0.4348767,15.906257,49.21977
1970-01-01 11:28:18,11929.383,133.664,190.99126,1.8808287,-9.502359,47.538437
1970-01-01 11:28:19,12087.742,131.56686,128.49881,4.309098,13.957957,44.878403
1970-01-01 11:28:20,11959.372,136.93439,-287.63547,1.9777006,-13.12071,44.226086
1970-01-01 11:28:21,12058.756,141.25061,247.72902,2.9620094,1.0283178,44.230675
1970-01-01 11:28:22,11908.408,136.82755,48.657257,1.6253614,-15.592009,44.541756
1970-01-01 11:28:23,12097.252,134.5263,50.37235,5.2880907,-2.0870337,44.82851
1970-01-01 11:28:24,12024.941,139.91548,280.01044,4.2159014,-1.2835097,45.03249
1970-01-01 11:28:25,11963.257,129.1623,-276.37976,1.7234273,-5.0740776,46.12427
1970-01-01 11:28:26,12013.365,133.69807,41.621765,-0.12181611,1.3896803,48.01084
1970-01-01 11:28:27,12000.108,141.61667,-3.234849,-2.2773032,8.547794,48.5898
1970-01-01 11:28:28,12134.014,135.10927,348.81863,1.3200309,16.367867,49.877335
1970-01-01 11:28:29,12117.889,139.54608,-10.352229,-1.0209761,-11.632003,47.66569
1970-01-01 11:28:30,12017.169,131.41057,-59.29167,-0.28093305,2.6112,48.06019
1970-01-01 11:28:31,11983.814,,120.52635,1.1409283,9.729665,48.032627
1970-01-01 11:28:32,11957.952,137.00214,118.06967,-3.672467,8.936388,48.34652
1970-01-01 11:28:33,11923.98,139.66466,-205.88539,0.71020585,-8.058282,49.689552
1970-01-01 11:28:34,12067.258,139.07349,255.24216,3.1182947,6.7316937,51.3014
1970-01-01 11:28:35,11929.037,133.80702,50.268368,-0.92706007,-0.71365994,51.384167
1970-01-01 11:28:36,12068.189,131.57489,-200.04956,3.5270495,-12.070263,51.12516
1970-01-01 11:28:37,12095.694,129.23601,-60.3743,4.81969,10.343843,50.745087
1970-01-01 11:28:38,11982.041,133.13649,170.99652,4.942492,-2.4529388,51.68177
1970-01-01 11:28:39,11932.104,130.29105,-60.65956,0.96677774,-8.769989,52.76177
1970-01-01 11:28:40,11991.398,135.60631,131.64395,4.3162756,-5.645216,55.195755
1970-01-01 11:28:41,12066.742,135.42143,222.69893,3.9540062,5.6148562,55.48788
1970-01-01 11:28:42,11930.828,144.92241,161.93279,6.222594,4.7519956,56.65102
1970-01-01 11:28:43,12047.474,134.44713,27.773624,-1.5764574,-5.143815,55.722435
1970-01-01 11:28:44,12094.125,132.12503,-302.57568,3.9226177,-6.0366783,56.36286
1970-01-01 11:28:45,12072.052,142.0922,117.51451,3.8992937,-7.4771957,56.484398
1970-01-01 11:28:46,11706.499,131.67537,-35.41076,3.7432153,2.863488,55.74995
1970-01-01 11:28:47,12049.329,135.92273,179.23708,4.8590856,-3.7551103,56.001198
1970-01-01 11:28:48,12076.987,132.40094,130.74284,5.195608,15.168447,55.83405
1970-01-01 11:28:49,11891.325,135.7581,-26.03662,5.457739,-0.44361392,56.69892
1970-01-01 11:28:50,11937.265,140.72748,-207.45518,-0.7815429,-0.57048804,57.64798
1970-01-01 11:28:51,12025.478,130.33598,-274.7032,-2.6526418,-14.109613,58.39209
1970-01-01 11:28:52,11910.402,131.55827,55.753883,4.957507,-10.608059,59.509598
1970-01-01 11:28:53,11994.031,134.95271,226.73004,5.140062,-7.641126,59.086933
1970-01-01 11:28:54,12076.617,134.73334,-347.20883,5.1420445,1.9294281,60.894814
1970-01-01 11:28:55,12047.205,134.85617,24.99068,7.9326005,13.070062,58.83222
1970-01-01 11:28:56,11967.697,132.0651,-128.11304,-1.2455192,11.631675,59.84255
1970-01-01 11:28:57,12087.794,142.01979,250.20836,7.033587,18.791805,61.207222
1970-01-01 11:28:58,12091.418,143.73555,-178.77565,-2.0470018,7.6179614,61.78745
1970-01-01 11:28:59,11846.255,137.41547,32.889553,1.4320983,-2.3152802,62.37441
1970-01-01 11:29:00,11846.263,132.82924,104.11687,2.3762774,18.7018,62.883152
1970-01-01 11:29:01,11992.367,135.07971,128.12077,2.6560495,-5.7067904,61.726738
1970-01-01 11:29:02,12081.799,138.96806,64.57624,-1.0851672,10.132655,62.77136
1970-01-01 11:29:03,12023.631,140.0424,131.62836,-1.7263759,-2.1766179,63.954895
1970-01-01 11:29:04,11989.158,139.3154,-225.85692,0.9085668,8.355017,64.45683
1970-01-01 11:29:05,11999.428,136.0442,80.257416,4.1006846,-0.24240093,64.42173
1970-01-01 11:29:06,11903.102,136.82344,-315.38574,0.15349962,13.25186,64.75625
1970-01-01 11:29:07,11971.755,138.94643,69.00317,2.386996,10.325284,64.917496
1970-01-01 11:29:08,12070.241,142.37456,-93.89885,3.3396435,-8.9693165,64.89296
1970-01-01 11:29:09,12021.068,142.70901,-228.36029,0.43388584,6.4167094,64.27349
1970-01-01 11:29:10,11891.671,133.46773,121.3542,1.4988265,15.908775,63.022926
1970-01-01 11:29:11,12066.58,140.12425,-444.62485,-1.3585118,8.369327,61.883278
1970-01-01 11:29:12,12150.046,135.33833,238.34193,5.965363,18.76438,60.86549
1970-01-01 11:29:13,11928.669,138.01634,461.36887,-0.5729405,1.837519,61.5555
1970-01-01 11:29:14,11912.378,145.65141,-231.93758,6.1412034,-14.043258,60.76834
1970-01-01 11:29:15,11956.195,133.7888,97.60473,-1.6751481,8.473045,60.66563
1970-01-01 11:29:16,11975.432,138.29153,-58.573124,4.13145,0.95249337,62.05164
1970-01-01 11:29:17,11954.239,138.12996,-129.55885,1.8597332,-1.4434305,62.819305
1970-01-01 11:29:18,12017.465,138.89842,40.67479,0.116029136,1.58801,62.699547
1970-01-01 11:29:19,12028.481,128.48503,230.98048,5.5017548,-13.1759,62.965023
1970-01-01 11:29:20,11975.548,130.57886,-249.46144,2.603553,4.0054407,62.575775
1970-01-01 11:29:21,11937.707,137.81543,205.95856,2.8761485,7.979321,64.61941
1970-01-01 11:29:22,11921.256,138.46884,-34.40522,5.453983,-9.844935,64.64975
1970-01-01 11:29:23,12058.756,135.61177,-99.11152,-0.37011746,-15.061271,66.09246
1970-01-01 11:29:24,12055.146,135.98372,-169.31667,2.211351,2.3660657,66.04315
1970-01-01 11:29:25,11916.625,137.77432,60.59774,3.9751148,6.7775397,65.74017
1970-01-01 11:29:26,11933.131,134.00285,27.69549,-0.7154669,3.0710008,63.773373
1970-01-01 11:29:27,11872.872,135.70067,103.957375,0.3893942,5.8016825,65.35452
1970-01-01 11:29:28,11950.479,147.31944,-249.19603,0.26438496,-15.605638,64.02953
1970-01-01 11:29:29,12062.159,132.6841,64.59895,7.7233863,-11.021627,63.66513
1970-01-01 11:29:30,11947.798,138.36574,-46.606434,0.049050927,-17.967373,64.71313
1970-01-01 11:29:31,11968.846,135.9156,-104.96449,-5.3427324,18.008438,67.00991
1970-01-01 11:29:32,11790.066,134.72433,6.722175,6.7899737,-3.4447517,68.215485
1970-01-01 11:29:33,11981.963,137.7841,-84.50276,4.85823,-4.738089,67.58747
1970-01-01 11:29:34,11971.46,135.75392,91.17187,4.2527084,8.204539,67.64675
1970-01-01 11:29:35,11910.693,141.48932,283.9008,-3.1170435,3.103087,67.739746
1970-01-01 11:29:36,12118.294,143.73872,-170.02388,0.354793,-12.257479,69.9163
1970-01-01 11:29:37,12140.369,139.6795,,-2.563478,6.388414,70.30785
1970-01-01 11:29:38,12078.732,140.77715,-70.867676,5.6952834,3.270998,70.6336
1970-01-01 11:29:39,12123.74,140.9693,243.14914,6.8812184,-7.7878904,70.64195
1970-01-01 11:29:40,12079.958,137.41356,-104.58856,2.161566,9.841089,70.17657
1970-01-01 11:29:41,11996.729,140.2776,264.13773,-0.7664493,3.5906494,70.43273
1970-01-01 11:29:42,12032.355,142.48116,168.60289,1.2152503,2.6325364,70.32538
1970-01-01 11:29:43,12027.39,140.65106,123.49704,5.2370896,-3.1064117,70.15054
1970-01-01 11:29:44,12086.746,137.41017,6.279421,4.3109236,21.689013,69.15148
1970-01-01 11:29:45,12060.03,141.70972,538.3696,2.8383946,6.4677277,69.00089
1970-01-01 11:29:46,12000.815,136.70876,-32.66333,6.6978536,13.5127325,70.23926
1970-01-01 11:29:47,11989.537,136.60085,-106.436386,-0.9206283,-14.616554,69.78562
1970-01-01 11:29:48,12000.723,134.68459,35.188633,3.8460388,16.807459,69.841675
1970-01-01 11:29:49,11904.2295,135.90973,130.92336,9.667617,-19.060509,70.39028
1970-01-01 11:29:50,11882.124,141.76695,-254.11806,6.9412055,2.370196,70.37049
1970-01-01 11:29:51,11980.048,132.18665,-4.5555077,2.032071,-4.5324144,69.6103
1970-01-01 11:29:52,12018.163,141.72409,54.61545,1.0773282,-2.9349601,69.85605
1970-01-01 11:29:53,12102.387,136.71652,-15.558796,6.3364983,13.358243,69.18272
1970-01-01 11:29:54,12037.041,145.64432,-109.09642,2.5657117,-10.773365,68.70318
1970-01-01 11:29:55,11905.846,136.11603,-27.226728,4.747759,1.3105216,69.76447
1970-01-01 11:29:56,12091.479,138.85205,200.93404,-2.2369251,-9.672335,71.453575
1970-01-01 11:29:57,11892.385,140.96799,113.47093,6.446514,3.0204525,72.21876
1970-01-01 11:29:58,12064.707,135.19017,-263.32938,2.8170469,-5.6201053,72.071175
1970-01-01 11:29:59,12065.865,133.79257,235.79742,5.422023,-7.656182,71.3895
1970-01-01 11:30:00,12080.585,142.48503,-174.99855,3.2144156,-19.110485,71.92168
1970-01-01 11:30:01,12077.664,139.07114,-213.80809,4.8633943,-14.693772,73.411026
1970-01-01 11:30:02,11979.669,139.22949,290.89813,-0.71261144,-0.47448996,72.17833
1970-01-01 11:30:03,11824.216,140.00548,-148.68004,-5.082276,-4.09207,70.97877
1970-01-01 11:30:04,11808.037,136.16911,172.3007,3.1976068,5.133035,71.20732
1970-01-01 11:30:05,12049.284,143.69861,-248.83916,2.7797654,-1.8229374,70.08095
1970-01-01 11:30:06,11953.083,139.42033,-6.246944,8.253428,-3.8949203,70.173386
1970-01-01 11:30:07,11863.381,138.258,63.317314,0.7161639,11.077892,70.303696
1970-01-01 11:30:08,11961.307,138.43799,-215.45284,5.202994,-22.83561,71.71532
1970-01-01 11:30:09,12053.505,125.976006,-148.05412,-6.143788,0.7750815,70.82316
1970-01-01 11:30:10,12026.523,138.42154,90.14114,1.8079432,2.4010096,71.533714
1970-01-01 11:30:11,11945.459,133.11958,-211.24745,8.059118,-6.9303646,72.240944
1970-01-01 11:30:12,11946.382,136.3963,-219.63147,-1.1646978,-6.349397,72.196106
1970-01-01 11:30:13,11994.533,143.61505,65.06687,1.3797354,-18.857538,72.93633
1970-01-01 11:30:14,11928.888,139.35005,-128.94066,1.0815827,11.987419,72.113205
1970-01-01 11:30:15,11904.025,134.68973,201.86795,7.415956,-8.234383,71.39664
1970-01-01 11:30:16,12031.273,136.13943,-123.967674,-2.494684,1.835906,71.18358
1970-01-01 11:30:17,11987.353,141.07721,,5.120174,-8.932534,71.40105
1970-01-01 11:30:18,12038.749,143.7362,-270.32358,6.63486,-1.7271098,
1970-01-01 11:30:19,12092.097,135.94745,24.151854,-2.0170512,1.5870731,69.887825
1970-01-01 11:30:20,11952.57,148.11392,27.614538,3.2763133,-9.142958,68.63478
1970-01-01 11:30:21,11956.163,136.1768,294.51114,-3.098688,-18.430462,68.28828
1970-01-01 11:30:22,12151.114,140.12277,-101.71806,6.4145093,-1.0528817,69.63289
1970-01-01 11:30:23,11850.673,134.42012,80.99439,0.82372534,-1.4491315,69.94722
1970-01-01 11:30:24,11833.243,137.59773,21.935408,0.032512095,-2.0514393,71.86684
1970-01-01 11:30:25,11945.247,135.68486,-245.8109,1.5067996,-0.57213414,71.91248
1970-01-01 11:30:26,11945.113,140.03087,-171.00058,0.3656099,-22.081503,73.10391
1970-01-01 11:30:27,11992.201,139.25285,-508.017,2.6172345,-24.78802,72.42271
1970-01-01 11:30:28,11970.905,140.11928,104.28168,4.515903,8.227503,72.13924
1970-01-01 11:30:29,11791.691,134.5659,-48.20163,-4.532388,6.185965,73.26012
1970-01-01 11:30:30,11896.805,141.32503,-229.11642,3.6414301,6.309837,71.884186
1970-01-01 11:30:31,11942.409,140.97704,8.941758,3.188007,-0.59831774,71.58129
1970-01-01 11:30:32,11878.137,,-33.215054,0.28119966,-10.097358,70.900635
1970-01-01 11:30:33,12018.611,145.78397,-309.5501,2.7783692,8.053142,71.49434
1970-01-01 11:30:34,12136.9,143.00923,175.87822,-0.5317568,-1.3993129,72.00339
1970-01-01 11:30:35,12015.214,136.46107,184.49905,5.290016,-1.1993297,70.67667
1970-01-01 11:30:36,12169.601,141.3926,-309.94034,5.8991327,5.5692472,70.60084
1970-01-01 11:30:37,11945.875,137.29448,318.6727,2.554019,-3.957503,71.04685
1970-01-01 11:30:38,12125.735,144.37267,371.7411,1.617834,-0.4282825,70.82156
1970-01-01 11:30:39,12015.578,138.86642,-168.59848,2.7771764,10.44644,71.89169
1970-01-01 11:30:40,11897.048,141.26839,509.89554,2.6648538,-6.514299,70.44183
1970-01-01 11:30:41,11940.769,141.3214,158.37463,5.782201,1.5762813,72.230644
1970-01-01 11:30:42,11921.2705,134.38458,-132.27527,0.55073255,6.5017123,71.78393
1970-01-01 11:30:43,11940.641,138.45657,-40.776325,-2.5023656,-14.305159,70.323364
1970-01-01 11:30:44,12022.818,139.86418,-472.6049,-0.15277302,5.579484,70.775696
1970-01-01 11:30:45,11952.706,143.86766,-75.42239,-4.6412196,-8.218231,71.074684
1970-01-01 11:30:46,12007.736,134.75677,161.16692,-0.3967483,1.1384196,71.0175
1970-01-01 11:30:47,12135.815,139.93404,19.036503,2.7030587,13.549798,
1970-01-01 11:30:48,12118.454,139.91026,437.57053,-1.5231173,26.557621,73.087135
1970-01-01 11:30:49,11950.176,141.00758,555.83344,0.19796863,9.330159,72.278595
1970-01-01 11:30:50,11996.834,134.56395,-432.1442,0.2841429,10.30228,72.49658
1970-01-01 11:30:51,12178.943,135.5925,-59.053356,3.268688,4.0417438,71.15348
1970-01-01 11:30:52,11942.911,138.19395,-269.01413,2.249185,26.298569,71.21396
1970-01-01 11:30:53,11889.447,133.48712,-69.777885,1.6875079,-0.32601428,73.18279
1970-01-01 11:30:54,11970.725,144.70433,-94.13904,1.1614134,-0.9596494,73.06217
1970-01-01 11:30:55,12034.646,148.61732,-126.91482,2.3487928,1.4606297,74.393005
1970-01-01 11:30:56,12040.602,138.96255,-4.710584,2.8159149,-21.629976,74.27299
1970-01-01 11:30:57,11951.729,139.039,-249.5324,4.815564,-22.434036,72.69666
1970-01-01 11:30:58,11983.484,140.99118,32.23479,-1.6057523,-3.8178875,72.70315
1970-01-01 11:30:59,12024.468,138.8837,-242.71655,-3.0623991,-11.639433,72.589226
1970-01-01 11:31:00,11977.086,142.18713,315.21268,0.25288057,-1.0036486,73.645996
1970-01-01 11:31:01,11922.3125,136.94904,-487.60825,1.9606826,16.283936,74.70887
1970-01-01 11:31:02,11938.999,138.3022,330.21466,1.5194197,8.313426,74.402916
1970-01-01 11:31:03,12015.114,138.73073,-145.74675,6.427421,2.603064,74.10846
1970-01-01 11:31:04,11938.864,144.52159,80.7506,7.5810223,8.975657,75.16783
1970-01-01 11:31:05,12140.238,136.78978,-139.56044,2.0789669,2.4508202,74.67125
1970-01-01 11:31:06,11942.446,141.76369,-269.8514,3.8092299,4.8899846,75.155136
1970-01-01 11:31:07,12132.276,132.66911,184.19049,2.2429504,12.600289,76.25347
1970-01-01 11:31:08,11933.428,143.933,-75.67076,0.11581407,-12.848643,76.336365
1970-01-01 11:31:09,12028.525,140.15422,127.46088,-0.05067036,-25.784962,76.64422
1970-01-01 11:31:10,12091.019,142.2905,-131.2256,3.2684946,-7.927557,76.36613
1970-01-01 11:31:11,11991.698,136.72217,20.377295,4.7024593,-8.609298,75.761406
1970-01-01 11:31:12,11979.352,132.92644,-222.59581,4.3235745,-7.1013002,75.24301
1970-01-01 11:31:13,12062.378,139.17632,-42.609486,0.68409127,-5.9360423,76.37163
1970-01-01 11:31:14,12005.741,141.76071,-302.68762,1.216855,-1.2293131,76.37131
1970-01-01 11:31:15,12081.465,140.85725,209.46272,1.7458143,2.3248248,77.07835
1970-01-01 11:31:16,12010.607,145.80753,-65.59545,-5.535216,-10.392981,76.52522
1970-01-01 11:31:17,11935.134,147.48209,2.9787483,-0.31665272,-6.839715,75.53865
1970-01-01 11:31:18,12242.449,141.61815,147.61322,1.550516,-5.824838,76.47388
1970-01-01 11:31:19,12069.837,137.78993,-114.11936,10.749392,3.8255816,77.15327
1970-01-01 11:31:20,12024.061,147.82822,-210.1453,1.2061726,-10.049974,78.57863
1970-01-01 11:31:21,11911.301,139.07974,-59.957893,1.988854,2.3531501,77.45013
1970-01-01 11:31:22,12044.883,147.92746,-284.0528,2.9692886,-4.3176956,77.50034
1970-01-01 11:31:23,11982.593,139.44727,-113.26203,2.2631264,-12.044625,76.60301
1970-01-01 11:31:24,12066.22,135.36084,-255.7766,0.9988849,15.876495,77.86519
1970-01-01 11:31:25,11928.45,137.21852,334.01398,0.7974413,-4.3367734,78.98348
1970-01-01 11:31:26,12023.83,142.71344,207.56122,7.9082828,3.947775,79.92343
1970-01-01 11:31:27,12047.237,136.637,18.204954,-0.24582672,-1.6697885,80.39614
1970-01-01 11:31:28,12050.335,137.02072,-28.412218,2.9753616,8.682561,81.13591
1970-01-01 11:31:29,12028.204,139.35672,195.3613,-0.4682076,-14.369727,80.21676
1970-01-01 11:31:30,11993.105,138.6786,139.08888,-2.3195567,23.452406,78.797516
1970-01-01 11:31:31,12076.29,136.06522,-440.3445,0.94248724,-6.635857,77.34993
1970-01-01 11:31:32,11979.753,134.53708,26.489223,-3.30793,-14.311703,77.23959
1970-01-01 11:31:33,11932.082,147.73047,-53.19547,-2.4264636,7.5758333,77.38731
1970-01-01 11:31:34,11942.794,141.94844,-57.59642,-0.4824219,-8.421537,76.85198
1970-01-01 11:31:35,11940.112,138.74414,227.14534,6.64629,-11.718353,76.9098
1970-01-01 11:31:36,12052.714,137.4676,45.438816,1.6337945,-5.0974855,77.8568
1970-01-01 11:31:37,11950.617,144.9959,-202.65372,1.3062276,4.714826,77.75178
1970-01-01 11:31:38,12006.161,148.15535,-321.5409,0.82539415,2.071207,77.06984
1970-01-01 11:31:39,12014.052,134.00383,10.602682,0.18323289,8.385258,77.32089
1970-01-01 11:31:40,11968.616,143.92203,67.08901,4.8583856,2.272507,79.115326
1970-01-01 11:31:41,11941.409,151.78038,270.04398,4.3673635,3.0515385,78.70104
1970-01-01 11:31:42,12078.562,142.14151,-270.5718,3.2552266,-20.752392,77.19781
1970-01-01 11:31:43,11921.179,144.02086,-284.43,0.07757149,-1.3782226,78.86625
1970-01-01 11:31:44,,138.93788,-61.933796,0.9803524,-4.8390737,79.7688
1970-01-01 11:31:45,11917.946,142.31973,281.73285,-0.38771003,15.23609,79.59676
1970-01-01 11:31:46,11970.36,143.49963,-351.89148,3.370697,0.92323047,81.917076
1970-01-01 11:31:47,12000.559,141.56798,132.97946,3.6720705,-4.8268185,81.840805
1970-01-01 11:31:48,12072.854,143.12155,6.197516,1.7696453,3.9679031,82.74953
1970-01-01 11:31:49,11949.39,142.14023,-158.92273,3.1846457,2.758166,82.034904
1970-01-01 11:31:50,11935.005,133.87254,-4.86941,9.4301195,9.691475,81.85388
1970-01-01 11:31:51,11875.743,145.33475,-122.21181,3.14258,7.594292,82.33136
1970-01-01 11:31:52,12069.868,135.98982,-34.528515,5.5044994,-10.747,82.4506
1970-01-01 11:31:53,12121.573,143.91895,252.7212,2.8664796,-2.752955,81.59311
1970-01-01 11:31:54,12007.66,147.30756,165.80907,2.043154,10.897331,84.107414
1970-01-01 11:31:55,11961.318,143.33263,-81.843315,-1.8992141,-3.7937775,84.016174
1970-01-01 11:31:56,,134.84843,-197.54398,-3.0250456,8.912396,83.77082
1970-01-01 11:31:57,12022.804,136.37439,165.64374,1.5157846,-8.549489,84.24494
1970-01-01 11:31:58,11991.776,139.2343,33.34514,3.8075888,-7.339259,85.992584
1970-01-01 11:31:59,11960.248,146.0379,-17.536337,2.2478545,26.146248,85.02676
1970-01-01 11:32:00,11988.86,142.6618,70.853546,-0.1601127,3.8041792,84.04635
1970-01-01 11:32:01,11971.628,140.99925,169.71216,-0.5865208,-7.9404,84.22419
1970-01-01 11:32:02,12064.022,141.3558,152.04591,2.5892115,-8.059199,83.69752
1970-01-01 11:32:03,11849.6875,147.19514,165.37495,8.654839,4.064124,82.89601
1970-01-01 11:32:04,11968.756,138.74045,-328.75546,-0.13275567,,82.55951
1970-01-01 11:32:05,12028.267,139.48552,-41.648914,-1.5123876,13.96995,82.80536
1970-01-01 11:32:06,11901.961,144.3188,26.624077,4.4710307,-10.910375,83.64087
1970-01-01 11:32:07,12015.845,149.45999,127.420616,0.8961413,-6.888343,81.63138
1970-01-01 11:32:08,12030.74,138.93398,210.3219,2.9495428,5.280278,82.61658
1970-01-01 11:32:09,11897.912,144.946,96.75566,3.3282406,-1.1225104,84.083336
1970-01-01 11:32:10,11905.2,141.44731,-301.5472,2.863065,0.37977964,85.00968
1970-01-01 11:32:11,12114.999,135.38033,18.777468,-0.1528784,13.047659,85.39783
1970-01-01 11:32:12,12029.778,136.12802,-248.02757,-1.117463,9.920052,85.807236
1970-01-01 11:32:13,12007.627,136.46419,259.16245,3.8539035,7.887758,85.811485
1970-01-01 11:32:14,11897.33,138.43207,-329.63705,2.9644558,-7.5832253,86.17876
1970-01-01 11:32:15,12020.884,139.7811,-313.9357,0.07965559,-22.16802,86.83862
1970-01-01 11:32:16,12050.674,139.65298,115.800804,-1.9420927,3.5326822,89.09543
1970-01-01 11:32:17,12023.451,140.60385,147.5581,-0.048805047,-16.30391,89.40992
1970-01-01 11:32:18,12080.434,150.39584,-28.792286,2.2418048,-9.632662,89.5356
1970-01-01 11:32:19,12176.148,139.88403,-76.26073,-1.8828126,9.753917,89.656265
1970-01-01 11:32:20,12124.121,137.07051,7.4098573,1.3748597,6.012268,91.496605
1970-01-01 11:32:21,11968.71,140.77716,235.18788,-0.38614595,9.754411,93.57599
1970-01-01 11:32:22,12051.634,146.47363,-172.23885,6.82109,6.2207785,92.66356
1970-01-01 11:32:23,11952.054,136.22435,-130.44382,0.24405402,0.5938353,93.50721
1970-01-01 11:32:24,,141.26195,30.644573,5.9838314,1.6964544,93.681625
1970-01-01 11:32:25,11980.876,136.92372,28.080343,2.9783125,-19.626879,95.39261
1970-01-01 11:32:26,12083.62,145.11662,-50.660583,5.97494,23.147598,94.84822
1970-01-01 11:32:27,12069.164,143.38074,120.70195,5.006342,14.769446,95.3531
1970-01-01 11:32:28,12047.856,142.84518,-52.255077,4.9968443,18.079443,96.84255
1970-01-01 11:32:29,12056.125,141.20842,-292.0679,1.2634466,-4.0797696,96.611885
1970-01-01 11:32:30,12000.626,140.33539,-77.79658,2.6329882,-0.3597701,96.8433
1970-01-01 11:32:31,12052.381,144.80067,5.0835967,1.2157027,-4.7926073,99.1984
1970-01-01 11:32:32,11959.405,137.38033,-179.83398,-2.3822875,3.0090535,98.77157
1970-01-01 11:32:33,11983.975,140.77505,27.279112,1.5992357,-9.192988,98.30607
1970-01-01 11:32:34,11903.145,144.29973,343.66223,3.3635867,-10.091113,97.843864
1970-01-01 11:32:35,12087.578,142.65602,2.8160055,-3.5269608,-14.884668,97.84993
1970-01-01 11:32:36,12076.879,145.9578,137.62029,5.791744,4.119636,97.825775
1970-01-01 11:32:37,12057.317,145.43317,61.32557,4.574744,15.953428,98.32601
1970-01-01 11:32:38,12153.271,139.62236,330.2062,4.217187,0.46525386,96.76462
1970-01-01 11:32:39,12031.508,137.8712,-229.03026,5.8433657,-5.120515,96.89002
1970-01-01 11:32:40,12055.005,145.53052,54.980698,8.577751,-1.0661567,96.455696
1970-01-01 11:32:41,11968.826,149.67053,239.63872,2.3054235,-18.092096,94.980125
1970-01-01 11:32:42,12008.212,144.24153,-303.871,1.6363294,6.1816945,94.95777
1970-01-01 11:32:43,12063.905,139.54964,469.0897,1.2915814,-3.951761,93.69546
1970-01-01 11:32:44,12076.542,147.09116,-393.9898,5.3262334,1.1407477,94.610596
1970-01-01 11:32:45,11958.108,133.49304,-22.471582,1.1174982,-1.8289315,94.0227
1970-01-01 11:32:46,12028.891,141.47987,-232.09952,-2.0431745,9.3381195,93.94128
1970-01-01 11:32:47,11989.885,147.37663,-176.4801,5.154927,-3.4189503,94.891785
1970-01-01 11:32:48,12054.179,143.41415,165.87392,1.7183326,8.599216,96.1779
1970-01-01 11:32:49,12086.844,147.86545,21.233044,8.241031,-12.724078,94.862495
1970-01-01 11:32:50,11887.35,146.72223,-218.30667,1.9211317,-0.41427106,95.32102
1970-01-01 11:32:51,12069.968,136.56123,-43.02866,-1.3681158,15.584444,95.88475
1970-01-01 11:32:52,11961.922,141.76648,-176.47504,3.0678744,-9.327085,96.965034
1970-01-01 11:32:53,12050.593,145.40645,-310.70016,-0.23830354,4.7590194,98.018814
1970-01-01 11:32:54,12010.121,144.17078,-87.22907,7.734247,-3.49341,99.99893
1970-01-01 11:32:55,12020.764,140.23703,359.17484,1.8040129,16.92317,99.67261
1970-01-01 11:32:56,11873.034,148.92581,-162.37946,3.1087823,-3.4917135,98.57026
1970-01-01 11:32:57,12000.33,144.27759,99.45913,5.9015565,12.459254,101.065315
1970-01-01 11:32:58,11981.675,142.38567,-148.47057,2.1010485,-9.197352,102.291336
1970-01-01 11:32:59,11859.088,146.7598,97.24684,2.495693,6.0180984,101.469536
1970-01-01 11:33:00,12012.109,144.25134,174.86603,2.23384,16.324348,103.462234
1970-01-01 11:33:01,11956.594,143.95607,47.21924,-0.2833478,-8.974817,102.193535
1970-01-01 11:33:02,11839.602,149.27559,-341.73013,-0.5996694,6.593527,103.137314
1970-01-01 11:33:03,12063.559,140.5239,32.16161,2.9624007,-19.279272,104.01851
1970-01-01 11:33:04,12017.356,146.63774,-12.714257,-2.4090574,-3.6778524,104.017
1970-01-01 11:33:05,11869.362,140.93246,-251.60098,1.3275309,8.582395,103.55906
1970-01-01 11:33:06,12259.613,147.81555,109.11965,-3.831469,-9.377952,103.848915
1970-01-01 11:33:07,11978.92,142.00287,126.58152,4.503755,-1.296215,104.339485
1970-01-01 11:33:08,11803.907,144.57626,167.994,2.4384222,-8.191139,104.96902
1970-01-01 11:33:09,11960.302,148.12584,-165.39519,6.405805,-6.8237123,104.32677
1970-01-01 11:33:10,11927.445,142.87698,-367.57806,3.3660643,-10.529108,104.41314
1970-01-01 11:33:11,11901.89,142.13432,16.178684,3.4457371,-6.000308,105.978775
1970-01-01 11:33:12,11944.512,149.39478,-77.83775,1.3888098,7.293401,104.22993
1970-01-01 11:33:13,12016.455,131.17122,187.36191,1.8621953,-0.6752024,103.33973
1970-01-01 11:33:14,12062.854,142.89423,-185.1711,-1.2930297,12.256699,105.13912
1970-01-01 11:33:15,11927.45,144.19562,-194.48553,2.5112214,9.057204,106.040764
1970-01-01 11:33:16,11988.139,144.2373,-81.532234,6.6036105,-3.3781185,107.095345
1970-01-01 11:33:17,12010.484,148.64702,162.89125,0.67230093,22.340631,108.54561
1970-01-01 11:33:18,11979.26,151.47197,-64.80319,1.7407196,2.00204,107.03448
1970-01-01 11:33:19,11956.678,152.13864,-165.7184,4.852222,-6.4278746,107.8027
1970-01-01 11:33:20,11806.715,137.64124,291.38147,2.5895011,11.537621,107.433914
1970-01-01 11:33:21,12152.8545,147.61942,-324.2599,1.9043807,-0.62327397,108.29791
1970-01-01 11:33:22,11968.888,144.88898,330.1387,2.2519464,-5.805792,109.57659
1970-01-01 11:33:23,12035.315,150.26256,23.333435,3.3020778,-9.50009,110.30574
1970-01-01 11:33:24,12067.595,144.22032,81.84563,4.7897496,8.377804,110.11173
1970-01-01 11:33:25,11788.033,146.39066,-53.72208,2.543548,-11.582954,110.75312
1970-01-01 11:33:26,12010.436,146.50992,-4.80305,3.283857,21.065277,109.54713
1970-01-01 11:33:27,12147.63,138.72325,45.081593,0.9635836,-1.343523,109.42923
1970-01-01 11:33:28,11963.4375,142.53102,-168.31123,2.1708798,9.205882,108.99006
1970-01-01 11:33:29,12120.24,139.8869,395.1172,-1.9934078,-5.7186217,110.61153
1970-01-01 11:33:30,12006.891,146.08218,24.082739,6.6331778,-13.168648,110.41229
1970-01-01 11:33:31,12009.505,143.20094,119.831566,4.181053,-0.01545745,109.183495
1970-01-01 11:33:32,11990.064,139.98083,195.33923,-0.5594411,0.16454524,109.91901
1970-01-01 11:33:33,12016.636,142.1375,-90.97827,-0.50087905,-4.096929,108.114975
1970-01-01 11:33:34,11984.549,144.70769,55.83077,-3.8172588,1.7900579,108.01638
1970-01-01 11:33:35,12075.793,143.67891,574.43384,-0.15757304,13.946083,105.77715
1970-01-01 11:33:36,11940.332,150.86652,-13.174744,-2.3584645,-6.178643,104.90436
1970-01-01 11:33:37,11955.695,146.48174,400.76285,6.322871,-0.23199928,105.200165
1970-01-01 11:33:38,12015.954,140.21115,-436.7338,0.6918265,-8.6585655,104.742165
1970-01-01 11:33:39,12179.569,145.98308,60.997913,4.9228473,,104.02287
1970-01-01 11:33:40,12173.507,137.19225,-312.53427,2.3393464,9.133476,104.67488
1970-01-01 11:33:41,11983.951,145.93372,106.421005,-0.41378945,-28.302437,105.37865
1970-01-01 11:33:42,11957.349,143.80267,-400.24054,6.681513,-5.7755523,106.862274
1970-01-01 11:33:43,12057.893,147.96912,109.937706,4.3862967,6.0819,108.53959
1970-01-01 11:33:44,11949.394,150.02513,-305.709,5.8004446,8.852259,107.27903
1970-01-01 11:33:45,11908.394,147.98283,317.33176,-2.2705002,-13.6247425,108.12174
1970-01-01 11:33:46,12007.238,142.64041,-31.056335,2.5734065,-5.220049,109.50473
1970-01-01 11:33:47,12094.155,147.96437,194.96523,-1.5274769,-7.3103194,109.53596
1970-01-01 11:33:48,11960.249,143.6088,-21.108555,2.3603191,1.5207088,108.47367
1970-01-01 11:33:49,11990.911,145.71658,-189.31342,5.7805285,6.8552217,109.331894
1970-01-01 11:33:50,11933.955,145.96626,42.72725,-2.5150392,1.5043526,108.8731
1970-01-01 11:33:51,11919.963,146.93947,170.3784,2.4700701,10.552593,107.21687
1970-01-01 11:33:52,11889.29,142.21318,-23.797714,-2.2708604,2.9722018,106.04447
1970-01-01 11:33:53,11959.772,149.14163,161.70547,0.99042696,2.3037088,105.74896
1970-01-01 11:33:54,12061.208,142.26341,-97.915375,6.980934,-6.686234,106.3519
1970-01-01 11:33:55,11993.554,142.65862,41.944744,7.1667867,5.385237,105.76305
1970-01-01 11:33:56,11951.183,138.99205,-23.001984,8.387132,12.751275,106.13937
1970-01-01 11:33:57,12023.194,142.89523,287.2232,0.00048567128,24.271648,105.21664
1970-01-01 11:33:58,12068.033,144.88676,-82.22133,3.4008007,16.694513,106.00697
1970-01-01 11:33:59,11804.149,146.24962,,0.86291105,8.736252,108.2052
1970-01-01 11:34:00,12044.391,142.79013,97.77249,3.243729,-4.908222,108.0515
1970-01-01 11:34:01,12012.993,148.4566,-150.05681,-0.2716336,8.613246,108.90971
1970-01-01 11:34:02,12123.052,143.17703,144.07898,-1.5371065,10.089651,109.611145
1970-01-01 11:34:03,11958.155,149.58203,-183.38963,4.89709,13.66495,111.044754
1970-01-01 11:34:04,12088.299,143.48271,376.8437,3.1777918,-0.9536619,110.18909
1970-01-01 11:34:05,12041.878,145.40927,253.65077,0.6903738,5.7160244,110.56779
1970-01-01 11:34:06,12038.396,145.38147,-11.2442,0.020584485,-12.100028,110.46236
1970-01-01 11:34:07,12021.3955,143.62894,90.80156,7.3178797,-12.978026,109.7854
1970-01-01 11:34:08,12180.805,141.70464,130.02081,1.3516997,9.346281,109.36402
1970-01-01 11:34:09,12007.528,144.95653,-310.5471,3.0756512,-3.435615,109.63032
1970-01-01 11:34:10,11963.0205,143.9884,13.524979,7.714947,1.6651164,107.48615
1970-01-01 11:34:11,12018.531,146.86044,-89.28523,-0.8156271,-4.2352037,108.147934
1970-01-01 11:34:12,12014.783,139.8778,371.026,2.4834623,-28.89045,108.15711
1970-01-01 11:34:13,11961.862,145.67677,112.035904,-1.6609251,-5.382526,107.86232
1970-01-01 11:34:14,11946.684,138.02295,238.98282,2.3057194,20.007437,106.66195
1970-01-01 11:34:15,11945.011,144.17287,-65.23404,0.32854214,0.7173732,107.499535
1970-01-01 11:34:16,12092.274,141.12651,-256.80002,,9.162262,105.3183
1970-01-01 11:34:17,12015.409,140.73473,-197.70876,7.7433424,-2.8033335,104.6228
1970-01-01 11:34:18,12158.348,142.20604,-349.6762,6.2097507,-8.3593445,105.21076
1970-01-01 11:34:19,11969.218,148.5781,-96.62861,2.4131463,14.635585,105.21876
1970-01-01 11:34:20,11996.9,148.358,-186.51514,-0.88279927,-1.6281629,106.633194
1970-01-01 11:34:21,12015.425,146.51338,263.5304,1.4416018,4.866655,107.88174
1970-01-01 11:34:22,12039.704,147.00497,-296.8027,4.743467,0.8543943,107.8538
1970-01-01 11:34:23,11933.976,138.99734,10.23573,1.0580143,8.7368355,108.53821
1970-01-01 11:34:24,12031.334,150.57085,19.95104,0.59616834,1.0883712,110.206406
1970-01-01 11:34:25,11993.883,145.78625,-227.75584,2.6038306,-3.6566978,109.632675
1970-01-01 11:34:26,12088.443,142.29044,31.794214,2.8476903,-0.31569466,108.7065
1970-01-01 11:34:27,12043.976,147.1866,-165.03833,-1.2209448,17.580814,106.71277
1970-01-01 11:34:28,12030.238,136.63898,-250.44502,8.762747,-4.992397,107.74112
1970-01-01 11:34:29,12056.971,139.615,-44.691246,4.132922,-1.9216341,108.713585
1970-01-01 11:34:30,11911.748,139.0758,125.428696,-3.3825884,-11.303805,108.03429
1970-01-01 11:34:31,12099.889,147.0888,-176.23128,1.0470092,8.3597145,107.25536
1970-01-01 11:34:32,12004.288,139.31546,245.14653,3.9181178,-8.027612,106.35542
1970-01-01 11:34:33,12036.597,138.37556,43.00457,5.078513,2.3649976,105.03251
1970-01-01 11:34:34,11987.376,142.9164,366.27975,1.9293742,-11.2264185,105.224266
1970-01-01 11:34:35,12067.45,145.09392,63.718422,4.8887634,-5.9176145,105.012924
1970-01-01 11:34:36,12060.325,141.36082,87.658394,1.5857621,5.178917,103.85419
1970-01-01 11:34:37,11913.715,142.6087,13.701094,5.521001,-14.678458,103.402054
1970-01-01 11:34:38,11947.452,144.87845,-155.0568,2.3222044,13.356697,104.1829
1970-01-01 11:34:39,12096.397,135.87944,161.41072,2.8141544,-13.302866,103.93406
1970-01-01 11:34:40,12004.933,155.18726,-126.366516,-2.723366,-9.8666725,103.13021
1970-01-01 11:34:41,11898.313,151.2296,157.09576,2.20465,-15.240546,101.61103
1970-01-01 11:34:42,12067.443,152.76949,145.40694,3.807881,-15.550166,102.91146
1970-01-01 11:34:43,12075.204,141.3723,-279.70175,-0.83543384,10.703272,103.22962
1970-01-01 11:34:44,12004.829,146.27155,359.88312,-3.6682112,-12.815353,104.17165
1970-01-01 11:34:45,11993.406,143.87396,-264.73587,-1.0395261,-7.4546995,102.21258
1970-01-01 11:34:46,11925.234,149.0364,71.47708,0.89053446,31.45964,101.50859
1970-01-01 11:34:47,12016.153,144.81781,-319.86526,,11.739655,101.193085
1970-01-01 11:34:48,11899.234,147.72157,1.2162741,6.389891,-8.614464,101.68824
1970-01-01 11:34:49,12045.375,146.36235,138.7096,2.4044836,-6.9639993,101.41565
1970-01-01 11:34:50,11875.1,140.87766,-84.30023,1.3196679,10.157313,99.75022
1970-01-01 11:34:51,12146.265,139.529,-311.705,3.6449237,4.151032,99.97657
1970-01-01 11:34:52,12011.232,144.89267,99.07619,1.6529275,10.23398,101.63835
1970-01-01 11:34:53,12039.719,143.35638,72.55887,-1.6511656,14.187333,100.990456
1970-01-01 11:34:54,12006.361,148.98589,68.45706,-0.021782458,-9.318915,101.514145
1970-01-01 11:34:55,11963.173,136.19724,-337.3237,2.8478708,-2.3057172,101.98898
1970-01-01 11:34:56,12034.415,143.55229,-13.863791,1.7843388,3.8262808,100.84359
1970-01-01 11:34:57,11994.726,145.24992,-185.2285,-1.9054023,11.866517,101.373215
1970-01-01 11:34:58,12078.933,140.92073,-83.54808,3.1134422,-8.621919,101.28454
1970-01-01 11:34:59,12017.63,145.06422,142.9024,5.1283717,-4.1761003,100.703545
1970-01-01 11:35:00,11969.814,149.47896,101.68611,-1.9075849,-10.049562,102.29836
1970-01-01 11:35:01,11845.137,150.32417,-112.49769,2.2518544,-0.20366256,104.1222
1970-01-01 11:35:02,11882.574,149.54694,106.37017,1.7045528,14.51839,103.29006
1970-01-01 11:35:03,12062.548,150.31348,7.5747466,-1.291769,-9.360828,101.627525
1970-01-01 11:35:04,12082.408,141.61345,78.28172,3.506326,-4.7725263,102.689644
1970-01-01 11:35:05,11853.411,147.57242,-169.709,2.699724,-7.745459,100.187256
1970-01-01 11:35:06,12146.699,145.77759,-177.54591,0.14360479,0.10779097,100.2833
1970-01-01 11:35:07,12011.398,140.95667,-1.6104335,0.36456954,6.3594136,100.035545
1970-01-01 11:35:08,11976.521,152.92316,-74.91791,4.489175,-0.106421344,
1970-01-01 11:35:09,11965.958,140.9586,59.554913,3.9186063,-25.028448,101.48903
1970-01-01 11:35:10,12171.069,144.00824,-245.54189,7.5251713,8.440209,102.22106
1970-01-01 11:35:11,11946.196,150.56152,-47.987274,3.5291517,-5.7144737,100.61174
1970-01-01 11:35:12,11944.512,150.50414,6.3406253,2.8418462,10.599877,98.32786
1970-01-01 11:35:13,12047.917,144.3169,-119.86104,-0.16066612,-13.339992,98.3967
1970-01-01 11:35:14,11996.082,149.15593,-198.09312,3.2656877,8.097308,97.84557
1970-01-01 11:35:15,12038.0205,148.25624,399.8412,2.4847484,-1.6569104,97.79847
1970-01-01 11:35:16,11963.963,150.96133,405.8122,-1.4784199,-11.277175,97.89464
1970-01-01 11:35:17,12021.465,143.65318,-281.82938,3.5053127,2.7234423,99.07472
1970-01-01 11:35:18,11881.105,150.24101,23.646294,0.122148305,2.2804642,98.243645
1970-01-01 11:35:19,12082.268,148.64552,-150.68318,-1.5323637,-14.593151,97.296074
1970-01-01 11:35:20,11944.69,152.31558,7.699267,3.1758633,-16.798647,97.56938
1970-01-01 11:35:21,11875.635,145.57776,-141.87448,3.776455,3.0574028,98.55686
1970-01-01 11:35:22,11957.808,149.33093,-8.465982,3.6937697,5.9226847,97.61024
1970-01-01 11:35:23,12096.396,151.29283,109.20098,4.287592,-14.460704,97.68372
1970-01-01 11:35:24,12063.022,152.32101,185.57658,2.9858441,2.3939667,99.105156
1970-01-01 11:35:25,12056.5625,138.46658,67.736305,-4.329825,9.308758,100.84185
1970-01-01 11:35:26,11866.159,142.43742,349.64975,4.1778793,8.176648,100.126495
1970-01-01 11:35:27,12059.06,140.2062,-128.85931,2.3820822,-15.641447,101.68209
1970-01-01 11:35:28,11955.756,145.47699,189.91464,3.8468351,-18.363771,102.11019
1970-01-01 11:35:29,12142.209,147.81268,301.54727,1.6011161,6.6997895,102.11489
1970-01-01 11:35:30,11960.363,149.03105,-119.66262,-2.833543,4.3259907,101.6083
1970-01-01 11:35:31,12064.016,143.84517,-340.2334,3.4100485,7.384007,102.58127
1970-01-01 11:35:32,11976.878,142.29286,-36.443443,0.79233545,-16.358297,101.9448
1970-01-01 11:35:33,12019.981,144.34326,71.46809,8.812119,10.775704,101.09154
1970-01-01 11:35:34,12044.106,145.1984,-360.48148,3.0907056,14.272268,100.37311
1970-01-01 11:35:35,12019.422,154.81085,169.73279,4.9281545,14.359627,101.36273
1970-01-01 11:35:36,12113.63,149.20805,318.52844,4.1255884,-4.142077,101.5657
1970-01-01 11:35:37,11974.16,138.04213,50.424213,-0.958875,-5.1373396,101.81036
1970-01-01 11:35:38,11979.016,148.7209,41.630005,0.8347505,14.071014,102.11694
1970-01-01 11:35:39,12110.083,148.94125,-215.15836,3.2708843,-0.2519799,102.109344
1970-01-01 11:35:40,,151.51852,-19.406437,2.8578236,-0.80176264,101.61301
1970-01-01 11:35:41,12082.506,149.39404,206.22523,2.3212962,-4.2496867,100.836426
1970-01-01 11:35:42,11997.255,145.79466,32.36528,-3.3105395,8.010167,101.26899
1970-01-01 11:35:43,11962.895,148.17375,-52.397923,-0.1542619,-13.359496,101.52573
1970-01-01 11:35:44,11943.679,146.33171,-492.86108,7.4016166,11.906306,102.27582
1970-01-01 11:35:45,12074.226,146.6575,373.65594,-0.587831,5.747975,101.93036
1970-01-01 11:35:46,12015.908,140.163,147.78181,4.650622,-8.228994,101.036514
1970-01-01 11:35:47,11898.471,150.60881,-157.37994,0.6837941,-4.7221217,102.13263
1970-01-01 11:35:48,12164.494,152.42674,94.67177,6.2520847,11.522632,103.52936
1970-01-01 11:35:49,12061.812,148.16823,-3.3453944,1.4263158,1.313124,104.47329
1970-01-01 11:35:50,11955.281,147.68579,421.70847,1.7965316,28.2999,102.68091
1970-01-01 11:35:51,12017.588,156.2642,-308.06503,4.4130387,6.493732,102.76682
1970-01-01 11:35:52,11906.765,151.16656,43.58209,-4.8955297,12.166121,103.04522
1970-01-01 11:35:53,11992.498,154.94527,-398.88367,4.6405845,-19.25849,104.98012
1970-01-01 11:35:54,12001.246,142.97916,-77.530136,4.693102,4.237482,106.315346
1970-01-01 11:35:55,12166.78,148.8017,-97.995186,0.8939151,6.440377,106.27963
1970-01-01 11:35:56,11834.7705,148.47943,78.121155,5.9363427,-6.8931613,106.36814
1970-01-01 11:35:57,,150.61803,-36.454758,0.8698123,11.554199,106.313965
1970-01-01 11:35:58,12054.803,150.27757,64.1321,3.3993247,-5.460893,106.87799
1970-01-01 11:35:59,11984.189,152.99472,-74.14857,-1.7831584,11.465752,106.50366
1970-01-01 11:36:00,12067.98,149.3915,-61.791363,2.0548117,-8.362335,107.47268
1970-01-01 11:36:01,11974.849,146.66278,-127.16383,0.030710474,-2.0999362,106.43955
1970-01-01 11:36:02,11945.549,145.88655,489.3003,3.8747568,9.167952,106.53746
1970-01-01 11:36:03,11970.733,147.97028,244.95625,3.1035178,-17.896372,106.69662
1970-01-01 11:36:04,12069.384,146.59326,-172.83043,5.4946785,-14.791078,105.856155
1970-01-01 11:36:05,12036.027,148.55005,-304.4235,1.0199057,-10.644236,105.13015
1970-01-01 11:36:06,11971.126,140.84306,-3.2484097,-0.56669456,24.379166,103.99476
1970-01-01 11:36:07,11906.848,149.21765,-387.55295,3.1380386,-7.840774,103.51253
1970-01-01 11:36:08,12069.813,150.24586,298.6459,-0.12052338,12.031317,102.92822
1970-01-01 11:36:09,11980.096,149.87839,-46.88825,-1.9966506,4.1691666,103.34593
1970-01-01 11:36:10,12138.738,148.9923,-7.318701,-0.3014307,-15.000545,104.58977
1970-01-01 11:36:11,11923.942,138.05171,-244.63753,-1.7678267,8.747134,104.13226
1970-01-01 11:36:12,11907.614,154.07433,-37.00073,1.7511913,0.5190175,104.70254
1970-01-01 11:36:13,12038.218,147.26675,,5.8994827,4.686234,104.4495
1970-01-01 11:36:14,12049.83,150.68953,242.97467,1.2550479,-2.148433,104.19176
1970-01-01 11:36:15,12034.788,147.08492,92.11162,1.8949854,-14.877273,103.42761
1970-01-01 11:36:16,11862.053,150.9697,-68.18152,0.6668521,16.525232,104.212395
1970-01-01 11:36:17,11938.688,145.10043,-31.317265,5.4942627,15.4778185,104.149574
1970-01-01 11:36:18,11959.958,144.58939,215.99155,0.2505716,-15.842279,103.66822
1970-01-01 11:36:19,11999.014,152.91643,-19.025553,4.3769193,12.249135,103.397354
1970-01-01 11:36:20,12027.142,144.35925,74.37881,4.2166934,-2.8092923,102.817505
1970-01-01 11:36:21,11993.6455,148.33568,29.371048,-2.9688482,4.5558186,101.39804
1970-01-01 11:36:22,11989.59,145.60388,-113.818184,5.5481515,11.873197,100.49074
1970-01-01 11:36:23,11867.292,150.1453,201.12381,-1.003435,-1.2542714,100.890175
1970-01-01 11:36:24,12025.204,139.97923,188.80205,3.12608,-4.0863533,102.41232
1970-01-01 11:36:25,12154.856,159.27243,-32.896034,5.590755,-0.4137427,101.46915
1970-01-01 11:36:26,11936.695,149.32564,260.56448,-3.8983033,22.363302,101.45206
1970-01-01 11:36:27,12053.222,149.21797,-111.32003,2.7049136,-3.1706529,103.68984
1970-01-01 11:36:28,11868.786,145.4965,-411.25632,0.8157594,-4.8748536,104.773285
1970-01-01 11:36:29,12060.704,147.42896,-76.89254,4.363757,-4.4729314,103.926155
1970-01-01 11:36:30,11958.939,148.95236,352.55814,2.3699362,-8.306386,103.221535
1970-01-01 11:36:31,11989.124,145.78697,-77.40855,3.1178567,-4.2096405,102.425644
1970-01-01 11:36:32,11914.555,154.21155,-50.909416,-0.4371915,-12.20611,102.07312
1970-01-01 11:36:33,12085.673,151.0654,-215.30296,-2.5619953,-9.59957,100.63297
1970-01-01 11:36:34,11976.218,144.07193,238.80518,3.3518562,2.267332,100.93355
1970-01-01 11:36:35,11970.054,151.81032,452.11758,1.2114397,4.4742246,100.86714
1970-01-01 11:36:36,11997.637,148.48938,-16.578917,4.213311,5.071506,100.772415
1970-01-01 11:36:37,12029.333,149.4825,0.93157387,2.7286096,3.5997434,100.34872
1970-01-01 11:36:38,11940.212,144.597,114.48093,2.2899601,3.955361,99.140755
1970-01-01 11:36:39,12041.592,145.3527,94.85718,-0.016013227,-8.840893,99.93634
1970-01-01 11:36:40,12073.323,147.08421,180.53485,2.3167489,9.167881,99.76512
1970-01-01 11:36:41,11947.91,146.98329,178.29018,3.7160833,2.5171995,99.393616
1970-01-01 11:36:42,11977.723,140.88469,-51.569904,-0.44755837,4.1461062,99.15605
1970-01-01 11:36:43,11949.83,150.04709,70.50935,9.300022,-11.418919,98.97675
1970-01-01 11:36:44,11956.83,149.90633,67.925446,8.080879,3.3859088,99.5323
1970-01-01 11:36:45,12067.07,145.70699,-14.648879,3.7717078,-4.1517196,100.407936
1970-01-01 11:36:46,12037.01,145.53381,161.40407,0.91775364,-22.201225,99.83663
1970-01-01 11:36:47,12022.556,143.02583,-95.37625,1.8384162,3.6515706,100.36839
1970-01-01 11:36:48,12026.556,144.67683,-330.96326,3.257438,15.419328,99.97067
1970-01-01 11:36:49,12055.483,150.878,-36.369217,-2.1581857,-5.3535266,100.56335
1970-01-01 11:36:50,12063.798,151.43506,-24.919567,1.538053,4.820224,99.4323
1970-01-01 11:36:51,12203.0205,151.13606,112.291985,0.15739024,-1.7260978,99.80437
1970-01-01 11:36:52,12064.344,144.29726,-96.00445,3.9444017,9.362902,99.80146
1970-01-01 11:36:53,11853.496,147.31232,,1.3407837,0.58998126,100.2181
1970-01-01 11:36:54,11919.126,145.58055,-26.381643,3.2331727,1.9289849,100.92778
1970-01-01 11:36:55,12075.417,151.2234,-29.05233,3.5538225,1.2538242,100.04109
1970-01-01 11:36:56,12082.534,152.35703,68.04973,1.9728925,-14.104391,99.773705
1970-01-01 11:36:57,12103.8,151.37346,-317.54385,6.2129817,20.198736,100.21483
1970-01-01 11:36:58,11964.85,153.0241,-226.23871,3.338803,-22.233341,100.52614
1970-01-01 11:36:59,11959.717,154.46829,-211.76817,4.614364,14.4151945,99.62125
1970-01-01 11:37:00,11935.829,152.32666,143.46672,-1.5665784,-4.3857937,99.43091
1970-01-01 11:37:01,12099.684,151.6626,-279.7927,-2.7767713,-4.5439215,100.98108
1970-01-01 11:37:02,11884.63,140.05035,-30.89531,-1.7087504,8.255903,102.499245
1970-01-01 11:37:03,12038.794,141.55421,-121.727554,2.4547067,8.819779,103.228676
1970-01-01 11:37:04,11897.878,157.33365,-178.80908,0.14313944,-3.855679,102.86329
1970-01-01 11:37:05,11955.94,152.7782,-149.99852,7.481528,11.467801,102.63583
1970-01-01 11:37:06,11907.577,148.31602,228.70328,0.88094795,0.20641677,103.83369
1970-01-01 11:37:07,12049.706,144.65369,-179.64493,2.1880448,-6.9041214,102.93357
1970-01-01 11:37:08,12034.739,156.08461,-261.13788,-1.629436,-7.7996674,102.181854
1970-01-01 11:37:09,11988.835,150.00133,-143.94499,3.0587618,-0.31929776,101.90296
1970-01-01 11:37:10,11991.764,142.83836,297.1371,-3.995872,-7.5394297,101.0761
1970-01-01 11:37:11,12105.118,152.01492,-80.97749,2.0835283,-16.80072,100.31074
1970-01-01 11:37:12,12058.851,147.2413,-146.23741,3.0723252,12.655432,99.59313
1970-01-01 11:37:13,12075.104,151.74486,284.5186,0.92027324,,100.44132
1970-01-01 11:37:14,12003.457,154.98709,-62.493103,3.2029839,-2.0774307,100.51192
1970-01-01 11:37:15,12037.33,153.62578,126.38096,-3.0005107,11.8675,98.62016
1970-01-01 11:37:16,12081.029,152.15666,-11.289596,2.0477355,-12.040379,99.6834
1970-01-01 11:37:17,12026.033,151.82701,-12.213944,7.5469704,1.666331,101.641754
1970-01-01 11:37:18,12004.862,151.97601,58.850655,5.000825,5.149529,101.53828
1970-01-01 11:37:19,12027.147,147.75385,128.65106,2.9468338,0.116276406,102.05581
1970-01-01 11:37:20,11928.301,151.5577,114.03503,2.5601869,-6.763274,100.27563
1970-01-01 11:37:21,12105.581,152.99231,261.40762,3.943873,-1.1468699,100.398605
1970-01-01 11:37:22,11987.84,146.3181,105.37784,6.3410177,13.251818,100.098816
1970-01-01 11:37:23,12121.937,145.07655,60.090897,7.3013444,-2.890021,101.470566
1970-01-01 11:37:24,12020.585,152.81282,,-0.6141042,3.135792,102.02027
1970-01-01 11:37:25,11954.061,146.1174,-7.5354767,-0.17325011,-26.423115,102.79376
1970-01-01 11:37:26,12080.632,143.03752,-95.8474,7.8488007,14.728717,102.03112
1970-01-01 11:37:27,12094.324,152.44662,-388.18823,6.373959,19.271275,102.207306
1970-01-01 11:37:28,12003.894,146.06216,110.64263,5.6411996,0.76689416,102.84231
1970-01-01 11:37:29,12061.873,152.43079,57.7637,-1.0773869,14.303667,104.09842
1970-01-01 11:37:30,11968.667,152.81197,-112.75156,5.285482,4.2867785,102.840965
1970-01-01 11:37:31,12091.331,155.83109,72.716286,4.9124355,-8.421967,102.97807
1970-01-01 11:37:32,11878.138,152.88905,-108.84885,1.1558484,-6.0845566,101.32983
1970-01-01 11:37:33,11923.972,146.82443,-75.26207,0.5697521,-14.033827,100.110596
1970-01-01 11:37:34,11861.992,149.90004,78.82054,0.9745577,-14.589419,100.47539
1970-01-01 11:37:35,11842.012,145.24425,181.12419,5.705627,-18.805115,98.76668
1970-01-01 11:37:36,12162.588,149.20715,121.054695,4.896836,0.56709826,97.943054
1970-01-01 11:37:37,12031.717,149.01927,49.728043,4.8080792,-10.511065,97.82247
1970-01-01 11:37:38,11862.549,156.58853,-2.1896877,6.7766886,0.96314394,98.21983
1970-01-01 11:37:39,12160.969,151.64693,51.054134,-2.2854543,7.413894,98.24051
1970-01-01 11:37:40,11954.122,141.3061,61.00571,-1.9267545,-7.622134,96.84549
1970-01-01 11:37:41,12001.49,150.25998,-0.63311416,2.886991,-8.812104,97.54393
1970-01-01 11:37:42,11996.126,151.4523,68.91123,2.0658684,2.4483144,97.73285
1970-01-01 11:37:43,12071.616,146.16231,43.40434,1.9764832,-15.85014,97.12703
1970-01-01 11:37:44,11958.632,155.39166,47.046566,1.1376958,-7.574935,97.07069
1970-01-01 11:37:45,11986.58,149.41739,-209.4085,0.76871794,-1.2882471,96.49793
1970-01-01 11:37:46,12033.504,151.76506,-89.83098,3.3881457,9.740568,95.54035
1970-01-01 11:37:47,11921.54,146.48267,-75.01232,8.623363,2.33721,94.84161
1970-01-01 11:37:48,12059.989,147.63454,307.23676,0.4657727,-16.07674,94.93465
1970-01-01 11:37:49,12054.515,146.22392,40.745132,5.367713,-1.4665537,94.390915
1970-01-01 11:37:50,11963.039,143.30408,192.65558,-0.3770699,-12.25798,92.747635
1970-01-01 11:37:51,11832.848,149.12782,-225.50375,2.9460318,-5.4153337,93.934326
1970-01-01 11:37:52,12059.208,149.42502,-318.73508,-1.5268416,5.66267,92.547485
1970-01-01 11:37:53,12020.212,141.59282,151.71979,0.9266854,12.705268,91.94566
1970-01-01 11:37:54,11969.283,151.88144,37.297333,1.860398,-6.4265537,91.688614
1970-01-01 11:37:55,12201.01,151.1499,52.50266,6.2241507,-9.690725,89.60273
1970-01-01 11:37:56,,145.69374,-130.33572,-0.35789722,0.13022454,88.823524
1970-01-01 11:37:57,12105.125,144.27419,303.61826,4.7702703,-6.900678,89.33207
1970-01-01 11:37:58,12005.885,147.51482,97.78806,4.4106684,-2.259302,90.207664
1970-01-01 11:37:59,11891.206,155.33435,-514.63824,3.6086106,8.087264,90.7275
1970-01-01 11:38:00,11838.429,150.5534,-41.47105,4.818846,1.8054341,90.71096
1970-01-01 11:38:01,12021.183,147.70953,91.716835,6.939577,-6.085031,90.72337
1970-01-01 11:38:02,12041.609,152.05257,-359.82327,5.7545366,2.5480773,90.05976
1970-01-01 11:38:03,11984.738,148.42563,-103.19656,4.0280704,4.0648937,91.22171
1970-01-01 11:38:04,12112.656,143.44449,59.30638,,24.069597,92.520706
1970-01-01 11:38:05,12210.348,153.65076,-364.41684,1.1484113,-18.995651,90.11121
1970-01-01 11:38:06,11993.788,145.89679,-91.430626,4.5527806,4.509315,90.8784
1970-01-01 11:38:07,11983.851,149.4142,207.42036,1.1924183,-3.0333197,90.843956
1970-01-01 11:38:08,11999.702,147.74814,-18.39776,-3.9327896,2.7440548,90.89062
1970-01-01 11:38:09,12021.15,147.61717,360.51993,0.4972274,-2.4335759,89.90928
1970-01-01 11:38:10,11897.728,151.13174,85.38081,4.0624223,5.365202,89.12257
1970-01-01 11:38:11,12034.836,149.97826,-53.60692,0.74077284,19.524542,89.59938
1970-01-01 11:38:12,11888.311,152.91632,-417.20642,6.0033183,4.53041,90.115326
1970-01-01 11:38:13,11948.513,151.43542,-237.35721,1.5089341,17.785727,89.02555
1970-01-01 11:38:14,11929.119,151.00055,230.35463,0.3839898,-1.8761693,90.62239
1970-01-01 11:38:15,11999.504,149.98805,295.47543,5.4533935,-2.785815,90.937096
1970-01-01 11:38:16,12131.744,148.60915,-439.78812,-1.4799777,-13.684507,90.92757
1970-01-01 11:38:17,12116.138,148.70302,-370.31433,3.9485083,-13.128919,90.525795
1970-01-01 11:38:18,12010.254,142.3,-68.86417,-3.2014694,4.810677,89.077484
1970-01-01 11:38:19,12035.715,154.21841,-48.54343,6.21168,7.317689,88.79163
1970-01-01 11:38:20,12161.428,151.08228,47.11543,7.68119,-7.729306,89.69652
1970-01-01 11:38:21,11998.942,145.65312,326.7908,0.1866699,-14.405918,90.108574
1970-01-01 11:38:22,11882.667,150.912,102.853714,3.7935092,-11.220791,90.0869
1970-01-01 11:38:23,12007.857,150.8713,-145.91937,-5.131092,-0.7710226,90.25512
1970-01-01 11:38:24,11995.178,145.27153,230.37122,3.3869164,-1.587251,89.03592
1970-01-01 11:38:25,11956.92,146.88878,-273.7338,4.2063003,-6.503739,89.58567
1970-01-01 11:38:26,11963.346,151.66666,-286.72406,6.8649654,10.455134,87.36438
1970-01-01 11:38:27,12018.565,151.89577,119.493515,6.182444,-13.997554,86.70094
1970-01-01 11:38:28,12073.23,152.11998,177.9613,-0.13539171,-13.006495,88.028786
1970-01-01 11:38:29,11864.767,150.7026,60.529602,2.585294,10.856738,86.30179
1970-01-01 11:38:30,12026.281,145.71553,163.44122,-6.068905,-2.8076963,84.26142
1970-01-01 11:38:31,11973.637,158.5752,-57.937485,0.41352,3.9366157,84.699615
1970-01-01 11:38:32,12008.928,148.11908,45.5097,1.0698221,-7.4017577,84.61223
1970-01-01 11:38:33,11817.638,152.14798,356.17468,1.9386915,-10.829105,83.4779
1970-01-01 11:38:34,12050.794,155.14384,122.6798,1.101075,-2.7790945,83.8796
1970-01-01 11:38:35,11985.438,151.32475,141.24545,-0.28941274,-5.902062,84.24664
1970-01-01 11:38:36,11971.923,151.65825,109.029976,0.7277311,2.7863243,84.104935
1970-01-01 11:38:37,11992.513,154.61537,348.39902,5.3421907,-3.1519885,83.79993
1970-01-01 11:38:38,12050.623,155.04437,-66.99592,0.3555498,3.738345,83.31567
1970-01-01 11:38:39,11960.741,144.1584,-140.79973,1.4995633,5.299606,84.22996
1970-01-01 11:38:40,11922.89,147.40785,-299.607,3.7151883,-3.1558943,84.97415
1970-01-01 11:38:41,11969.225,156.1103,-286.68683,3.5237892,24.873762,85.48119
1970-01-01 11:38:42,12036.664,160.30473,-231.0144,5.5774918,8.021051,85.80938
1970-01-01 11:38:43,12108.792,148.97557,-1.6515393,1.7643071,12.03594,85.138565
1970-01-01 11:38:44,12073.199,147.45573,-105.609825,1.5307622,-13.059921,83.884995
1970-01-01 11:38:45,11915.178,156.98898,3.3346453,-2.2399657,1.3491329,84.11271
1970-01-01 11:38:46,11954.361,152.92569,497.5831,-1.6774987,-17.349321,84.85708
1970-01-01 11:38:47,12180.682,154.02965,56.08537,-0.53931004,3.3015473,84.47517
1970-01-01 11:38:48,11907.613,144.88753,244.77008,2.0065463,7.9600616,82.29629
1970-01-01 11:38:49,11960.119,150.40657,-162.49695,2.498476,-9.076655,83.87362
1970-01-01 11:38:50,12047.113,149.93187,311.15656,4.1269007,-5.9123435,84.60736
1970-01-01 11:38:51,11932.284,146.61397,8.5820055,4.231207,-1.9371449,83.93462
1970-01-01 11:38:52,12015.022,154.33034,-95.54278,2.623709,3.4749534,83.49596
1970-01-01 11:38:53,11972.9795,143.95406,-115.57644,-1.0714709,6.0352883,83.51399
1970-01-01 11:38:54,11986.199,142.7031,-139.36256,-1.1784266,-2.6356118,85.05529
1970-01-01 11:38:55,12038.08,147.34128,9.464433,-0.38930717,4.07289,85.856064
1970-01-01 11:38:56,12127.905,154.33797,286.91177,-1.830703,10.210819,86.409584
1970-01-01 11:38:57,12214.454,151.41272,-50.685425,3.4425514,20.658459,86.04056
1970-01-01 11:38:58,11957.219,145.31161,-0.11360835,5.0198913,6.207998,85.895
1970-01-01 11:38:59,12111.484,154.2891,-48.079388,-3.3067443,12.098404,86.586105
1970-01-01 11:39:00,12128.233,148.16817,-113.02261,-1.8050439,14.881478,87.4346
1970-01-01 11:39:01,11981.8,157.7128,83.263,0.99468815,-2.1683097,87.55955
1970-01-01 11:39:02,12129.272,153.91272,428.8404,0.634167,-12.998253,86.46963
1970-01-01 11:39:03,11802.636,151.30676,-171.65187,-0.5376818,13.850022,86.15145
1970-01-01 11:39:04,12044.386,150.07199,179.88223,3.8110383,9.550535,86.23324
1970-01-01 11:39:05,11913.144,150.7346,216.95741,5.0318,14.542962,87.8016
1970-01-01 11:39:06,11907.196,143.34021,119.75036,4.802477,11.723427,88.67542
1970-01-01 11:39:07,11966.583,150.45486,-254.86377,3.139951,4.2679806,88.54312
1970-01-01 11:39:08,11976.13,147.97281,-116.35485,3.1944578,-0.03429309,87.44433
1970-01-01 11:39:09,11889.047,147.04823,436.9078,6.8404064,-0.97089636,87.174644
1970-01-01 11:39:10,11991.034,151.9388,55.88316,-0.30438942,5.2386703,87.39706
1970-01-01 11:39:11,11940.369,146.98125,-163.04431,-1.2018282,-12.674892,86.53602
1970-01-01 11:39:12,12176.009,149.07974,152.55663,6.698929,-7.9209657,85.25806
1970-01-01 11:39:13,12093.063,143.662,-7.3032866,-2.1323197,-5.575821,83.21798
1970-01-01 11:39:14,11979.264,,311.73553,6.0983543,4.12646,83.0391
1970-01-01 11:39:15,11998.839,149.21675,-210.41747,1.6553317,4.092121,83.09915
1970-01-01 11:39:16,11941.321,153.06247,244.956,5.431074,-5.5404406,82.81234
1970-01-01 11:39:17,11988.038,149.07085,63.878464,4.34536,-8.32628,82.28119
1970-01-01 11:39:18,11939.161,152.12321,-240.5488,4.4511395,2.5606408,82.4081
1970-01-01 11:39:19,12039.226,146.57271,-206.65495,6.406374,-0.0135229705,82.48415
1970-01-01 11:39:20,12104.083,150.43678,-952.30475,0.14608434,16.71332,81.02131
1970-01-01 11:39:21,12065.612,152.01239,-895.0749,1.0674013,-14.949265,80.958336
1970-01-01 11:39:22,11916.292,155.39851,-791.8317,2.0072372,-8.491167,80.418015
1970-01-01 11:39:23,11936.673,159.2642,-779.0735,1.0292021,2.913601,82.73381
1970-01-01 11:39:24,12021.23,161.34778,-1007.81085,7.620566,12.559418,82.55292
1970-01-01 11:39:25,11966.961,149.83014,-730.31537,3.9231765,-5.5930786,83.195946
1970-01-01 11:39:26,11800.361,150.1549,-845.5053,4.1278434,8.324266,83.84787
1970-01-01 11:39:27,12008.566,156.74086,-670.7896,10.168598,-7.271456,83.40539
1970-01-01 11:39:28,11960.143,158.24806,-863.1616,-0.48682365,0.47220656,82.59571
1970-01-01 11:39:29,11918.004,146.41122,-788.70703,-0.37301186,9.709914,82.2748
1970-01-01 11:39:30,11893.591,151.74559,-1011.756,-3.4226716,-8.251025,81.61745
1970-01-01 11:39:31,11866.078,147.08887,-733.1991,0.33483404,13.26419,82.04335
1970-01-01 11:39:32,11968.3125,151.77115,-1003.6964,-1.2554122,-5.3002577,80.36161
1970-01-01 11:39:33,11840.538,145.70857,-709.62744,2.006058,1.3992634,81.38924
1970-01-01 11:39:34,11840.008,150.02623,-1145.9647,0.10145554,-11.77532,81.29269
1970-01-01 11:39:35,11952.616,151.91348,-491.76816,4.410794,0.65162796,81.01777
1970-01-01 11:39:36,11687.703,150.41365,-1087.4006,3.0445726,-0.9954934,80.381386
1970-01-01 11:39:37,11734.303,150.07544,-1025.13,4.603001,-0.4355711,82.70608
1970-01-01 11:39:38,11748.458,158.01848,-1019.71686,1.5241779,3.3732307,82.76977
1970-01-01 11:39:39,11748.015,149.34335,-897.86957,-0.73908323,6.165492,82.53758
1970-01-01 11:39:40,11789.594,146.06483,-569.15283,-1.0333573,-6.1453323,82.707436
1970-01-01 11:39:41,11780.034,157.78114,-1084.6292,2.0502372,4.741757,83.90983
1970-01-01 11:39:42,11668.557,150.67113,-850.2262,5.9290094,-1.7842013,82.244774
1970-01-01 11:39:43,11511.695,155.02275,-952.40515,-0.76907575,-1.4394572,81.843254
1970-01-01 11:39:44,11707.43,149.89961,-897.9409,-0.42568478,3.646953,80.40038
1970-01-01 11:39:45,11681.406,155.78261,-550.57184,0.86429167,0.7268283,78.25122
1970-01-01 11:39:46,11752.997,147.31165,-508.5379,-1.0384055,14.880057,79.08644
1970-01-01 11:39:47,11656.39,152.68988,-623.24493,1.7918098,-8.491179,80.82018
1970-01-01 11:39:48,11748.027,153.47417,-1100.0432,2.269187,-6.676541,82.2586
1970-01-01 11:39:49,11677.228,155.30476,-1148.2423,1.4449984,-1.3711774,82.977455
1970-01-01 11:39:50,11828.847,151.36061,-479.29132,4.658455,-0.110895656,83.68157
1970-01-01 11:39:51,11655.236,158.07237,-633.1707,3.5602937,-10.566001,84.64121
1970-01-01 11:39:52,11610.37,151.90967,-786.9909,1.4445908,-1.8269308,84.999245
1970-01-01 11:39:53,11550.854,148.47583,-851.5738,-0.012433876,-6.89243,84.86936
1970-01-01 11:39:54,11601.226,150.51147,-726.9351,2.758306,-8.741247,85.761215
1970-01-01 11:39:55,11633.4375,153.26979,-717.51276,-0.34606683,9.168861,86.645645
1970-01-01 11:39:56,11596.094,145.28644,-659.8807,-2.43922,6.495279,85.1149
1970-01-01 11:39:57,,156.58385,-719.4295,-1.2927903,8.284007,83.45877
1970-01-01 11:39:58,11503.927,153.58841,-1016.004,0.3556089,-0.206313,82.34561
1970-01-01 11:39:59,11470.621,150.54892,-918.23145,4.1948566,-5.238317,80.276
1970-01-01 11:40:00,11520.316,153.47409,-698.52783,1.1462479,1.2755903,80.62624
1970-01-01 11:40:01,11440.74,149.92047,-918.6559,-1.3934009,17.70716,82.52347
1970-01-01 11:40:02,11458.722,151.14842,-754.92523,2.8141422,-2.298829,82.55487
1970-01-01 11:40:03,11556.274,155.377,-1161.0259,2.5971603,1.6153239,82.68514
1970-01-01 11:40:04,11351.119,155.25987,-595.33545,2.3338969,-6.3148994,82.51883
1970-01-01 11:40:05,11491.709,148.11319,-729.60065,0.92172056,-8.749526,82.054085
1970-01-01 11:40:06,11511.98,155.55139,-783.98816,2.7534525,2.3031764,83.25705
1970-01-01 11:40:07,11483.25,149.67787,-774.2064,0.64003134,0.87288415,83.242134
1970-01-01 11:40:08,11489.264,147.21896,-941.2759,1.8905827,15.026466,84.95053
1970-01-01 11:40:09,11339.954,149.76497,-1058.2623,3.610104,-14.543044,85.39212
1970-01-01 11:40:10,11401.387,149.35551,-812.7152,5.489768,-7.3319554,87.233925
1970-01-01 11:40:11,11340.888,151.89905,-760.2286,4.115262,-16.462755,85.61354
1970-01-01 11:40:12,11319.808,152.29004,-721.98804,3.9085283,13.246502,85.229324
1970-01-01 11:40:13,11424.264,155.39244,-593.3124,-0.4426511,3.55171,86.06638
1970-01-01 11:40:14,11418.157,148.36758,-418.79492,-0.16483134,-3.0288217,86.05625
1970-01-01 11:40:15,11297.914,153.99242,,0.70999193,0.50857216,87.443405
1970-01-01 11:40:16,11362.018,157.89728,-733.41315,,12.917956,88.66079
1970-01-01 11:40:17,11376.728,153.2963,-951.229,-0.76991916,0.5586587,87.2238
1970-01-01 11:40:18,11360.706,149.83038,-801.70844,3.5750308,8.461895,88.03233
1970-01-01 11:40:19,11299.854,151.72905,-1083.9182,3.3125508,-0.12434176,88.19648
1970-01-01 11:40:20,11181.607,150.67737,-779.1074,2.63989,-1.2302872,86.86819
1970-01-01 11:40:21,11413.376,151.79144,-1237.6171,0.9531012,-15.458532,86.77525
1970-01-01 11:40:22,11348.198,148.89445,-737.4066,-4.0576167,-3.4925592,86.94682
1970-01-01 11:40:23,11350.862,153.1114,-687.7666,1.2199482,5.114132,86.64415
1970-01-01 11:40:24,11336.422,146.51111,-576.0075,-5.5935297,-4.303211,87.72692
1970-01-01 11:40:25,11434.367,156.12367,-1043.9156,-2.5259366,8.985473,88.12029
1970-01-01 11:40:26,11195.426,152.90646,-788.70044,6.667088,2.9343977,88.16005
1970-01-01 11:40:27,11372.298,150.02184,-1074.727,5.436169,18.408733,89.25282
1970-01-01 11:40:28,11317.512,149.4331,-550.529,2.3866732,-4.795352,89.95963
1970-01-01 11:40:29,11292.248,154.57768,-548.0049,3.078299,6.9299827,89.836716
1970-01-01 11:40:30,11209.155,143.97935,-526.6323,-1.9361031,4.8966255,90.92681
1970-01-01 11:40:31,11175.476,150.0777,-958.9406,-1.6176282,11.33178,92.025894
1970-01-01 11:40:32,11143.751,154.21086,-1029.8187,0.45585403,11.951852,92.09892
1970-01-01 11:40:33,11035.108,152.00609,-896.70654,2.7541769,-13.343998,89.67921
1970-01-01 11:40:34,11070.286,155.22516,-1051.461,-0.39986685,10.657801,90.300446
1970-01-01 11:40:35,11173.221,156.95828,-559.53143,-1.6162908,-14.465229,89.63928
1970-01-01 11:40:36,11085.538,152.06604,-766.269,0.36415938,-12.014964,89.80246
1970-01-01 11:40:37,11293.203,155.95009,-632.68176,-2.0373416,12.108031,91.79241
1970-01-01 11:40:38,11167.542,151.1271,-1036.0096,3.0755002,-6.112248,91.08219
1970-01-01 11:40:39,11136.68,,-1184.2596,6.107751,5.8271184,89.44327
1970-01-01 11:40:40,11156.111,153.19144,-934.7763,7.082285,-16.602568,89.82672
1970-01-01 11:40:41,10972.351,162.74394,-711.5625,5.645152,6.050628,90.79027
1970-01-01 11:40:42,11201.769,161.18797,-598.12646,-1.5624776,-8.287577,92.25339
1970-01-01 11:40:43,11068.719,154.93234,-708.13,1.1603895,-1.0173068,89.7277
1970-01-01 11:40:44,11095.316,148.01303,-988.41785,2.7546415,-11.961902,91.323685
1970-01-01 11:40:45,11064.647,153.78456,-804.3083,-1.5014755,-16.09194,91.24298
1970-01-01 11:40:46,11006.972,147.88322,-912.73975,2.0683587,-0.34197608,90.207375
1970-01-01 11:40:47,11033.4375,148.68407,-809.8533,0.17330842,-9.173047,90.20397
1970-01-01 11:40:48,11121.994,163.60323,-783.16626,0.66856956,-0.03929188,90.28121
1970-01-01 11:40:49,10824.07,146.24629,-635.4497,0.9093053,16.896797,89.516594
1970-01-01 11:40:50,10819.372,154.6886,-877.3905,3.8693225,21.740273,89.95439
1970-01-01 11:40:51,10952.805,148.1273,-874.87494,3.4792025,11.963854,89.58826
1970-01-01 11:40:52,10981.047,159.1038,-1092.3398,4.978232,-2.0696247,88.98085
1970-01-01 11:40:53,10975.958,154.60349,-937.58923,-0.23363718,-0.1452096,87.81474
1970-01-01 11:40:54,10821.8955,149.47856,-766.3883,1.3345339,-7.4990478,87.02091
1970-01-01 11:40:55,10881.072,157.11317,-895.1468,5.7021213,-3.1973577,87.95799
1970-01-01 11:40:56,10965.619,149.89238,-699.60815,1.7413535,-10.733449,88.44578
1970-01-01 11:40:57,10887.791,147.94443,-750.30676,3.1624284,20.849354,89.137054
1970-01-01 11:40:58,10990.884,154.58214,-776.9855,-2.6548085,9.374189,87.91805
1970-01-01 11:40:59,10796.608,156.81471,-742.04553,3.3929949,8.556573,86.82257
1970-01-01 11:41:00,10997.978,152.68735,-877.9039,3.9274366,16.22545,86.99764
1970-01-01 11:41:01,10781.965,144.1046,-804.45245,7.490639,17.16636,86.18016
1970-01-01 11:41:02,10768.329,149.33875,-1006.57184,2.3958097,-8.351312,85.10466
1970-01-01 11:41:03,10798.924,145.37305,-849.7933,2.9183903,1.857054,85.08922
1970-01-01 11:41:04,10882.324,151.48029,-797.9318,2.5707057,15.033942,85.3983
1970-01-01 11:41:05,10943.828,149.6185,-814.0289,4.8705263,-4.264477,84.87571
1970-01-01 11:41:06,10701.833,155.56519,-936.6213,0.8720282,-10.942325,84.042534
1970-01-01 11:41:07,10933.199,158.71678,-739.7905,0.21404639,,83.97831
1970-01-01 11:41:08,10728.251,144.17857,-598.0413,2.575735,1.969362,84.155685
1970-01-01 11:41:09,10741.421,151.08662,-1093.1667,0.5320231,6.5420504,83.85437
1970-01-01 11:41:10,10696.774,157.7407,-555.1567,3.0722692,6.8567257,83.440605
1970-01-01 11:41:11,10813.814,151.63376,-959.9921,3.5909846,0.8446514,82.946304
1970-01-01 11:41:12,10682.215,146.2251,-658.54315,3.619069,0.89146173,84.68562
1970-01-01 11:41:13,10597.306,152.73381,-1001.3453,-0.10639068,16.827118,83.7932
1970-01-01 11:41:14,10599.271,155.35336,-1055.6779,2.321829,-9.366458,84.583145
1970-01-01 11:41:15,10615.3,159.73071,-687.86743,5.679068,-17.443022,85.163994
1970-01-01 11:41:16,10654.345,145.77132,-799.1499,3.4444084,-10.093696,84.48832
1970-01-01 11:41:17,10685.35,157.11523,-705.7907,3.2394786,1.7250154,84.845955
1970-01-01 11:41:18,10754.629,149.20273,-708.7369,2.6925936,-2.6077676,86.150276
1970-01-01 11:41:19,10540.558,158.61852,-802.7773,0.77084863,5.947673,83.92438
1970-01-01 11:41:20,10794.816,149.77977,-954.0071,-3.6163497,1.7555141,82.67973
1970-01-01 11:41:21,10612.546,156.94614,-634.3747,5.9171295,14.586827,82.26024
1970-01-01 11:41:22,10619.708,159.30966,-881.80164,-1.355021,-9.40658,80.80691
1970-01-01 11:41:23,10597.124,155.91632,-809.42053,0.8696681,-4.391478,81.3462
1970-01-01 11:41:24,10672.084,150.31265,-814.5928,0.8865015,8.266446,80.703156
1970-01-01 11:41:25,10623.737,156.7666,-988.1122,3.871805,-14.793248,82.27699
1970-01-01 11:41:26,10581.979,151.6446,-847.13544,,0.6330534,83.25191
1970-01-01 11:41:27,10473.877,153.1613,-851.95233,-1.0280724,7.3186398,83.932396
1970-01-01 11:41:28,10495.004,159.59482,-796.0658,2.035751,13.17402,84.07326
1970-01-01 11:41:29,10483.647,151.64017,-666.6309,0.49585843,-12.561356,84.19573
1970-01-01 11:41:30,10462.503,152.83556,-752.89404,-2.5169756,-11.603348,83.57386
1970-01-01 11:41:31,10386.8,153.24863,-737.8155,0.13800633,-12.695369,84.51881
1970-01-01 11:41:32,10453.865,154.20529,-984.6605,0.989106,3.814304,84.47849
1970-01-01 11:41:33,10587.4375,154.46497,-1182.0925,2.7782845,14.037595,84.26461
1970-01-01 11:41:34,10373.337,154.71968,-736.67035,3.9001906,4.618301,83.77241
1970-01-01 11:41:35,10491.771,156.69809,-1013.9114,9.753099,4.73596,
1970-01-01 11:41:36,10391.33,155.48366,-622.98944,1.5845543,6.5661626,83.937675
1970-01-01 11:41:37,10408.296,151.50327,-834.702,-5.067846,7.129501,83.996346
1970-01-01 11:41:38,10422.857,149.63837,-645.3601,4.014498,-23.275581,83.160416
1970-01-01 11:41:39,10349.375,153.09756,-940.54913,5.591953,5.730407,84.19654
1970-01-01 11:41:40,10299.072,156.49817,-887.11084,4.9905124,-4.857269,83.84353
1970-01-01 11:41:41,10399.054,154.35606,-801.0979,2.064828,-14.567696,83.8646
1970-01-01 11:41:42,10373.488,153.43097,-772.6058,1.0537459,12.157369,85.240944
1970-01-01 11:41:43,10365.844,154.3427,-706.95557,9.946067,-9.817799,84.952896
1970-01-01 11:41:44,10466.082,152.37885,-792.14526,4.389199,-18.331806,85.28326
1970-01-01 11:41:45,10244.375,155.22441,-516.6333,3.4919229,3.8584907,84.13092
1970-01-01 11:41:46,10541.147,153.61539,-542.6521,5.778767,-0.34337538,84.096695
1970-01-01 11:41:47,10314.424,147.62955,-869.23157,4.58634,-9.346422,83.46546
1970-01-01 11:41:48,10467.393,152.95692,-428.33423,-1.2483901,11.794575,82.47148
1970-01-01 11:41:49,10367.651,152.87248,-1017.9188,2.8195643,-22.811882,82.53337
1970-01-01 11:41:50,10321.211,153.37466,-515.61633,-0.36964086,-8.299737,83.11587
1970-01-01 11:41:51,10231.989,160.34435,-950.95953,1.304279,-9.557746,83.649124
1970-01-01 11:41:52,10263.341,159.83762,-999.43744,2.8000221,-1.6719391,83.902435
1970-01-01 11:41:53,10269.725,149.40985,-865.43384,3.0823507,-11.184641,84.05689
1970-01-01 11:41:54,10222.135,156.44295,-408.9205,-1.6390592,5.728281,85.15265
1970-01-01 11:41:55,10264.316,155.76144,-983.1411,-2.132452,-11.528286,84.972694
1970-01-01 11:41:56,10176.053,149.33662,-942.7099,3.7116385,9.626587,85.76536
1970-01-01 11:41:57,10199.158,159.24323,-1021.9724,-4.096942,5.775227,85.008224
1970-01-01 11:41:58,10149.559,157.63638,-708.2872,2.2761877,-1.0021106,84.32798
1970-01-01 11:41:59,10187.186,156.26556,-304.53754,-0.13945407,-11.423692,85.96128
1970-01-01 11:42:00,10273.645,154.47061,-379.16507,2.7365687,8.466369,86.75052
1970-01-01 11:42:01,10106.77,155.80768,-776.03766,3.823054,-8.769599,87.24655
1970-01-01 11:42:02,10206.471,152.83339,-645.24677,0.64191633,5.7769575,87.686874
1970-01-01 11:42:03,10181.95,152.79843,-718.71844,4.050203,-13.017607,87.86297
1970-01-01 11:42:04,10257.365,155.47557,-692.4745,1.1844736,-3.0112574,88.66356
1970-01-01 11:42:05,10142.33,152.31425,-817.8427,1.7187517,15.804112,87.89809
1970-01-01 11:42:06,10099.05,152.29218,-433.2423,1.5049058,3.8634734,87.47203
1970-01-01 11:42:07,10098.831,153.7,-350.93066,4.674858,1.5643717,87.38832
1970-01-01 11:42:08,10025.017,154.32292,-877.14136,3.9720733,-14.6309,87.09299
1970-01-01 11:42:09,10011.5625,156.82747,-686.82605,1.4657112,1.7511109,88.512436
1970-01-01 11:42:10,10153.825,158.83444,-463.14056,4.0322213,-3.3961961,90.5989
1970-01-01 11:42:11,10092.643,157.42314,-933.8924,4.775743,-8.852789,91.17839
1970-01-01 11:42:12,10090.573,150.85054,-811.3863,2.748573,-13.605394,90.59405
1970-01-01 11:42:13,10021.074,154.88632,-663.1972,-1.0269454,-10.88259,90.265465
1970-01-01 11:42:14,9971.103,156.62267,-1129.5281,0.24652818,13.000282,92.427574
1970-01-01 11:42:15,9911.809,160.16138,-557.9457,2.6660411,-15.745008,91.84286
1970-01-01 11:42:16,10068.665,157.76134,-611.1926,-4.8311224,3.5479674,91.49171
1970-01-01 11:42:17,9984.996,151.67259,-795.94946,1.5606781,15.600326,92.28236
1970-01-01 11:42:18,10163.037,152.66032,-928.0622,2.4604537,-9.179822,91.66141
1970-01-01 11:42:19,9962.026,153.00761,-799.7905,1.1291214,1.4097787,91.388596
1970-01-01 11:42:20,10042.198,154.21715,-1000.6878,3.284205,-4.62029,90.692696
1970-01-01 11:42:21,9941.395,158.63866,-623.37866,-2.4393644,11.816527,91.135895
1970-01-01 11:42:22,10050.831,154.25029,-950.1699,-0.87622374,-7.8366656,92.05537
1970-01-01 11:42:23,9934.609,156.51831,-703.1681,6.149853,-6.363843,92.965706
1970-01-01 11:42:24,9926.975,155.19571,-864.05396,0.10378177,1.9730158,94.9185
1970-01-01 11:42:25,10005.875,148.60243,-870.5227,2.1604414,20.742966,94.14734
1970-01-01 11:42:26,9782.879,157.23383,-576.14996,-2.374764,0.13665956,94.013794
1970-01-01 11:42:27,9899.649,161.04596,-741.5659,4.658304,-9.46181,94.3404
1970-01-01 11:42:28,9713.828,155.06262,-760.99756,-0.88793296,-17.126413,96.8915
1970-01-01 11:42:29,9903.601,147.37701,-656.2063,-1.7851748,-2.6969943,96.16091
1970-01-01 11:42:30,9860.742,157.5729,-737.376,1.9309126,3.299039,95.1887
1970-01-01 11:42:31,9819.276,153.58823,-809.9851,-0.24093524,-3.6420386,94.702614
1970-01-01 11:42:32,9846.598,159.64003,-732.46716,3.7522838,9.436654,95.36746
1970-01-01 11:42:33,9830.465,155.94402,-467.625,1.8460368,-16.776413,95.88088
1970-01-01 11:42:34,9716.967,154.96062,-944.3449,2.470157,-8.481431,95.54535
1970-01-01 11:42:35,9861.435,152.67657,-936.6186,0.3980668,-13.046669,95.150215
1970-01-01 11:42:36,9877.227,159.2105,-778.75696,4.7221594,-16.286007,95.43087
1970-01-01 11:42:37,9815.316,154.80045,-851.6271,-1.2852288,-4.0489035,96.55091
1970-01-01 11:42:38,9681.207,155.26102,-508.99924,-0.11861897,-5.1856594,95.520294
1970-01-01 11:42:39,9959.379,150.55301,-935.17285,1.3627425,-15.45003,95.329704
1970-01-01 11:42:40,9739.034,153.8713,-946.4679,4.4153585,-14.297439,95.02253
1970-01-01 11:42:41,9708.665,159.38759,-637.6226,7.8977437,4.2946415,96.38741
1970-01-01 11:42:42,9645.794,153.11592,-886.93115,0.506311,-7.8519754,95.75952
1970-01-01 11:42:43,9666.275,163.54024,-498.85776,3.7578115,8.201922,96.12215
1970-01-01 11:42:44,9534.298,156.29825,-832.6346,-0.34004766,-5.164951,95.7058
1970-01-01 11:42:45,9647.353,151.47668,-823.4273,4.156108,0.1332622,97.08218
1970-01-01 11:42:46,9596.059,150.72742,-716.3421,-1.3432684,-6.0388427,97.48441
1970-01-01 11:42:47,9832.086,161.73293,-1018.62695,6.061766,-0.22255963,97.77855
1970-01-01 11:42:48,9605.58,153.58691,-902.49725,3.8565006,-4.730256,97.21597
1970-01-01 11:42:49,9632.287,153.10147,-531.5671,2.0573785,-1.5766107,95.06203
1970-01-01 11:42:50,9606.073,155.51228,-882.7842,1.0554117,19.20861,93.54219
1970-01-01 11:42:51,9709.621,155.80762,-848.0031,2.4477227,5.803065,92.13782
1970-01-01 11:42:52,9513.792,146.68117,-757.8155,6.114495,12.691532,89.708084
1970-01-01 11:42:53,9574.302,153.05019,-768.05145,2.522406,6.9944873,89.11907
1970-01-01 11:42:54,9567.36,158.86044,-990.13385,4.1291623,-8.904652,88.00162
1970-01-01 11:42:55,9753.149,151.83559,-819.4811,6.4292,3.6388128,87.39671
1970-01-01 11:42:56,9654.522,153.48848,-922.319,-0.42367384,21.635359,86.39422
1970-01-01 11:42:57,9573.337,153.29242,-817.0439,2.336376,7.0037856,86.277245
1970-01-01 11:42:58,9494.687,153.9811,-373.50928,0.12829435,-0.19773743,85.69535
1970-01-01 11:42:59,9527.144,158.91257,-923.97705,2.946598,5.1079283,86.08321
1970-01-01 11:43:00,9527.825,157.7408,-780.4411,-0.30587626,-14.839183,87.54176
1970-01-01 11:43:01,9446.268,153.115,-891.28577,-2.4516351,-14.007342,87.48576
1970-01-01 11:43:02,9583.057,155.85939,-829.70776,-1.5932626,27.896454,86.30341
1970-01-01 11:43:03,9322.35,154.2499,-402.3036,2.7758453,-10.516721,87.77553
1970-01-01 11:43:04,9385.611,157.2051,-1133.1431,1.9420766,0.9904923,86.44779
1970-01-01 11:43:05,9423.577,153.36226,-1127.7103,-1.2949792,3.7199836,88.40899
1970-01-01 11:43:06,9424.634,163.18071,-971.34406,2.0724294,-2.6961126,88.3904
1970-01-01 11:43:07,9390.077,154.29468,-956.6651,5.3630123,9.909849,86.13185
1970-01-01 11:43:08,9391.777,164.46199,-560.5325,-1.3070396,-10.357174,85.52831
1970-01-01 11:43:09,9462.11,154.0127,-660.94916,3.6832964,3.7460315,85.24726
1970-01-01 11:43:10,9463.005,155.47644,-871.9808,3.5903609,-20.803127,85.94973
1970-01-01 11:43:11,9336.492,154.76251,-694.907,4.3279552,-0.31266934,86.05336
1970-01-01 11:43:12,9359.386,152.73376,-1045.4607,4.1704006,1.3741839,87.339005
1970-01-01 11:43:13,9268.186,152.1447,-693.8424,1.1994553,12.2156925,89.08668
1970-01-01 11:43:14,9310.89,155.59395,-690.226,1.4890181,-15.205891,89.62481
1970-01-01 11:43:15,9203.456,154.6287,-1273.5029,1.3190584,-3.0046499,88.56623
1970-01-01 11:43:16,9274.269,159.36517,-999.64557,2.9162307,5.6673174,88.85625
1970-01-01 11:43:17,9289.806,160.23007,-726.2848,5.8831115,12.773319,89.30159
1970-01-01 11:43:18,9252.92,152.08084,-543.6448,6.59437,-7.7046,90.865105
1970-01-01 11:43:19,9143.666,152.90492,-923.75024,1.9457424,-12.388565,89.70574
1970-01-01 11:43:20,9307.521,158.95084,-725.91876,2.2740674,-4.9354973,88.849144
1970-01-01 11:43:21,9327.77,148.03789,-704.762,2.2185788,17.972761,88.10727
1970-01-01 11:43:22,9426.457,157.96568,-917.41046,0.3997847,12.413534,87.22522
1970-01-01 11:43:23,9287.824,158.66385,-660.7319,2.8651924,-0.58072925,87.28826
1970-01-01 11:43:24,9237.08,151.51471,-530.9028,0.9486964,10.566873,85.98198
1970-01-01 11:43:25,9057.499,157.43552,-791.5763,7.806464,-3.5598552,85.53451
1970-01-01 11:43:26,9064.952,163.19273,-754.9011,1.0510042,4.4308133,85.75133
1970-01-01 11:43:27,9247.971,149.84369,-552.2059,2.0854774,4.1855607,84.247665
1970-01-01 11:43:28,9153.881,151.95436,-869.80524,1.4069406,-17.155052,82.90261
1970-01-01 11:43:29,9412.293,148.40977,-1036.261,4.3542037,6.144413,83.900276
1970-01-01 11:43:30,9145.552,150.6946,-862.30566,4.277037,4.896465,84.70404
1970-01-01 11:43:31,9055.72,151.29543,-732.1788,3.4745789,-7.638315,84.57058
1970-01-01 11:43:32,9154.661,159.4248,-942.42584,1.5043395,18.325594,83.13886
1970-01-01 11:43:33,9205.876,152.99223,-411.11417,2.8125677,16.06578,80.75273
1970-01-01 11:43:34,9227.282,156.25807,-1053.735,5.475719,12.157394,80.491455
1970-01-01 11:43:35,9224.011,155.5739,-734.1605,-2.9880311,20.199507,82.60556
1970-01-01 11:43:36,9177.642,154.44986,-588.70355,-0.62749046,-4.8786306,80.844696
1970-01-01 11:43:37,9102.581,152.5427,-931.5069,3.158182,9.570031,79.07882
1970-01-01 11:43:38,9180.993,156.68684,-173.18633,-4.797207,12.594509,78.600876
1970-01-01 11:43:39,9104.564,160.66658,-744.5885,-1.0141315,0.08884984,77.9418
1970-01-01 11:43:40,9207.698,159.66162,-975.6028,6.303722,-2.9493027,79.04207
1970-01-01 11:43:41,9036.265,157.5715,-874.8529,0.36244762,-11.062127,79.786476
1970-01-01 11:43:42,9053.035,155.73537,-1058.9285,3.5423074,1.0060084,79.78858
1970-01-01 11:43:43,9111.402,158.2093,-1323.1884,0.6683215,12.403293,79.42457
1970-01-01 11:43:44,9159.685,152.2564,-927.4334,-2.7347665,1.1018922,79.49688
1970-01-01 11:43:45,9099.964,152.77321,-652.667,5.416645,-1.4321449,78.77968
1970-01-01 11:43:46,8930.044,152.1265,-1139.3595,2.9527097,-0.43028206,78.44382
1970-01-01 11:43:47,8951.734,149.39125,-849.67346,0.18936796,-12.94183,78.96781
1970-01-01 11:43:48,8940.534,158.78983,-932.13464,0.6281378,-2.834027,78.93619
1970-01-01 11:43:49,8781.447,142.36296,-602.6311,1.1158714,-5.018044,78.61957
1970-01-01 11:43:50,8834.111,162.29941,-911.3567,3.548194,3.3945594,77.58534
1970-01-01 11:43:51,8860.63,148.40639,-714.81635,0.27684635,6.6197953,78.76744
1970-01-01 11:43:52,8863.615,157.10188,-523.4234,5.550561,17.065712,77.7653
1970-01-01 11:43:53,8886.13,156.73038,-599.3931,0.6663345,2.8561244,76.062355
1970-01-01 11:43:54,8844.133,162.30888,-960.15265,8.045226,4.686639,74.46665
1970-01-01 11:43:55,8867.671,157.01926,-670.4683,-3.025324,-0.3822145,75.30416
1970-01-01 11:43:56,8931.5,158.71277,-949.57404,4.258244,-0.68876207,74.76643
1970-01-01 11:43:57,8771.483,157.69333,-931.8338,7.562342,-11.40987,74.183334
1970-01-01 11:43:58,8854.749,154.8995,-907.9443,3.8509595,13.40576,74.848206
1970-01-01 11:43:59,8761.091,163.04243,-1088.4758,2.400182,7.466752,74.15715
1970-01-01 11:44:00,8673.466,154.07758,-838.02704,4.447906,-11.425527,74.49494
1970-01-01 11:44:01,8804.128,151.13374,-871.1821,-2.606202,-8.319057,74.00659
1970-01-01 11:44:02,8805.615,160.5982,-1090.4443,3.766363,-5.985203,72.72061
1970-01-01 11:44:03,8808.8545,154.68787,-568.6145,4.8431635,5.0951734,73.04041
1970-01-01 11:44:04,8758.046,151.34425,-597.30774,2.1775668,10.0386095,72.95532
1970-01-01 11:44:05,8596.441,158.4525,-836.51483,0.62420845,14.690462,71.777145
1970-01-01 11:44:06,8734.452,156.071,-749.1711,1.0366311,4.1007032,73.04695
1970-01-01 11:44:07,8615.289,153.99202,-1133.7115,2.3198953,1.695113,71.66773
1970-01-01 11:44:08,8696.543,155.3157,-782.1556,0.3934266,11.76986,71.666664
1970-01-01 11:44:09,8789.109,154.08192,-760.804,0.008806747,1.0249739,71.706245
1970-01-01 11:44:10,8770.034,154.98645,-479.5563,-3.4355934,-4.498802,70.81399
1970-01-01 11:44:11,8660.215,154.93767,-647.25745,1.584008,10.645972,70.16665
1970-01-01 11:44:12,8792.509,154.74783,-529.50146,2.1910331,0.8412462,69.84621
1970-01-01 11:44:13,8692.321,159.45256,-770.43256,1.516802,-8.404518,70.12584
1970-01-01 11:44:14,8750.321,156.87859,-848.1064,3.7995934,-6.733786,69.47005
1970-01-01 11:44:15,8684.314,162.34848,-1562.7114,-1.6671118,6.547884,69.412895
1970-01-01 11:44:16,8754.192,155.03188,-935.98364,-1.1882142,0.7062749,69.356766
1970-01-01 11:44:17,8585.336,156.8517,-951.1283,-0.9270811,-13.129396,68.26128
1970-01-01 11:44:18,8523.491,157.07997,-674.517,4.88814,0.39584303,67.60185
1970-01-01 11:44:19,8594.919,159.25394,-875.26245,0.3447399,-6.6253653,67.769806
1970-01-01 11:44:20,8554.467,156.66023,-879.1107,0.52447665,-3.5107253,69.02242
1970-01-01 11:44:21,8686.405,154.73967,-818.7002,5.788082,-11.2876625,68.32608
1970-01-01 11:44:22,8526.358,149.46214,-631.70135,5.259746,-4.2767596,68.98199
1970-01-01 11:44:23,8574.816,163.2965,-793.8449,5.250198,8.48456,67.403175
1970-01-01 11:44:24,8582.7295,158.86165,-1153.2817,-0.7507145,3.2981968,67.43337
1970-01-01 11:44:25,8670.503,158.50385,-974.4769,-4.3974414,-7.7802906,66.87845
1970-01-01 11:44:26,8557.703,160.01538,-953.1805,3.6824088,4.774404,68.12019
1970-01-01 11:44:27,8576.596,159.79881,-465.98492,5.150667,1.9897443,68.13901
1970-01-01 11:44:28,8335.187,153.78079,-678.8737,-7.138393,-3.2382987,69.32458
1970-01-01 11:44:29,8667.49,147.4269,-550.96246,1.2722505,15.591178,69.979645
1970-01-01 11:44:30,8521.474,156.42688,-881.94763,2.1984775,4.8631845,70.87603
1970-01-01 11:44:31,8454.493,155.42981,-883.5343,4.5421157,12.487007,72.09629
1970-01-01 11:44:32,8440.916,163.04645,-1043.6377,-2.7463222,14.8824,73.32221
1970-01-01 11:44:33,8281.907,155.10335,-989.4313,2.4700255,-9.495388,74.13327
1970-01-01 11:44:34,8307.171,153.15541,-1094.6901,0.3928753,15.319705,72.82171
1970-01-01 11:44:35,8454.272,154.796,-1160.9237,8.521839,12.744696,73.353935
1970-01-01 11:44:36,8413.357,158.60828,-868.8064,1.9596348,-16.296894,73.83083
1970-01-01 11:44:37,8420.922,160.77997,-844.3572,-1.7681295,3.3149498,73.49401
1970-01-01 11:44:38,8525.725,155.06047,-823.9758,5.0562363,15.159891,72.755714
1970-01-01 11:44:39,8403.42,150.01744,-1143.6161,3.8191254,-12.610981,70.44941
1970-01-01 11:44:40,8413.473,157.97223,-334.66916,3.3989654,-2.0300806,69.289795
1970-01-01 11:44:41,8382.767,156.72398,-1044.2462,2.5723252,-20.607681,70.006065
1970-01-01 11:44:42,8364.567,154.66277,-155.92068,3.665573,12.530767,70.63218
1970-01-01 11:44:43,8323.943,158.93481,-1224.6665,-1.8514655,4.221062,71.07786
1970-01-01 11:44:44,8325.561,158.51959,-904.0077,6.3265967,-15.433983,71.07458
1970-01-01 11:44:45,8289.447,155.15894,-876.9686,7.3756557,13.320236,71.7657
1970-01-01 11:44:46,8355.804,155.26483,-808.1093,0.16763562,12.462341,72.782104
1970-01-01 11:44:47,8447.599,153.81995,-864.7293,-3.744047,8.249336,72.89156
1970-01-01 11:44:48,8322.455,160.75124,-704.2656,-0.2993722,2.125775,72.973755
1970-01-01 11:44:49,8310.696,155.96455,-1061.167,0.69853884,-0.65917075,72.92762
1970-01-01 11:44:50,8498.501,160.79811,-1261.1693,3.78979,17.155647,73.956245
1970-01-01 11:44:51,8189.4106,157.1687,-819.22064,-3.7349355,-9.981269,71.22229
1970-01-01 11:44:52,8291.0625,154.70352,-1081.3168,-1.8418287,-7.535584,71.46348
1970-01-01 11:44:53,8218.667,165.54308,-835.8631,-0.74763274,3.0838435,71.55316
1970-01-01 11:44:54,8142.827,162.27965,-1004.38464,1.7321441,1.9967527,70.81946
1970-01-01 11:44:55,8311.886,155.72765,-837.81464,-0.14064303,-8.089965,71.62507
1970-01-01 11:44:56,8103.1987,155.93045,-948.3172,4.427195,11.51659,72.476425
1970-01-01 11:44:57,8196.651,152.08269,-643.0056,0.41585392,15.821415,73.07296
1970-01-01 11:44:58,8286.538,154.24791,-639.924,1.7434093,-5.375862,73.70011
1970-01-01 11:44:59,8146.338,158.7632,-677.9674,-6.7520843,4.431646,75.25541
1970-01-01 11:45:00,8220.194,155.1227,-533.80054,1.2471808,12.895734,76.23107
1970-01-01 11:45:01,8193.404,157.38408,-781.5191,3.8420546,-5.624795,76.090294
1970-01-01 11:45:02,8176.68,155.4566,-1043.5869,4.0405483,-9.775879,76.07627
1970-01-01 11:45:03,8205.26,160.40546,-1240.7042,5.146172,12.693996,75.98703
1970-01-01 11:45:04,8140.6196,157.15,-815.08624,8.288032,9.683291,74.67644
1970-01-01 11:45:05,8105.192,151.77736,-660.0617,-6.172765,6.428436,74.625114
1970-01-01 11:45:06,8097.948,156.9132,-686.07697,-1.0868671,14.421973,75.182846
1970-01-01 11:45:07,8142.483,158.22745,-725.77277,-3.0632253,-3.47381,75.490135
1970-01-01 11:45:08,7885.6743,159.07251,-866.9805,1.209482,5.77721,75.06291
1970-01-01 11:45:09,8149.896,158.39062,-462.56277,-0.65328133,-4.778359,76.17731
1970-01-01 11:45:10,,157.06415,-1059.1956,-0.76185936,7.3689284,77.91088
1970-01-01 11:45:11,8016.982,157.11473,-968.272,0.73085666,-10.934613,77.5817
1970-01-01 11:45:12,7953.4062,162.93541,-764.52423,3.8040338,10.834906,78.1896
1970-01-01 11:45:13,8116.701,146.73668,-605.8085,-0.09840008,-3.1260643,78.00671
1970-01-01 11:45:14,8074.5034,157.37328,-793.4368,1.6570747,-4.749078,77.8586
1970-01-01 11:45:15,8016.6763,165.3523,-758.17267,-0.9303006,8.909218,78.128174
1970-01-01 11:45:16,7900.7026,149.55702,-740.20654,3.3881745,-6.823756,78.8545
1970-01-01 11:45:17,8002.9956,154.68416,-605.82007,0.3540038,-7.618559,79.67442
1970-01-01 11:45:18,7943.7114,153.26576,-443.07773,3.881466,-3.081896,79.63965
1970-01-01 11:45:19,7936.2173,156.4921,-824.5334,-0.68344235,-12.434961,79.24478
1970-01-01 11:45:20,7972.9805,152.80801,-958.13104,0.7510046,6.9527245,79.276146
1970-01-01 11:45:21,7888.7183,156.85942,-781.0874,1.5409098,1.785318,76.99773
1970-01-01 11:45:22,7916.316,153.42822,-755.3328,-5.075615,0.46829414,77.078224
1970-01-01 11:45:23,7926.4517,165.57545,-747.38885,0.5967823,10.954643,77.19033
1970-01-01 11:45:24,7792.695,155.77148,-870.8588,-1.8796635,-3.1803756,77.47159
1970-01-01 11:45:25,7853.8174,151.65756,-848.45593,-0.13038619,-8.92827,77.29226
1970-01-01 11:45:26,7841.0767,158.14685,-884.27747,-0.5873993,-7.754762,76.81827
1970-01-01 11:45:27,7845.279,154.21674,-382.88242,3.9363759,10.190884,77.28619
1970-01-01 11:45:28,7800.8604,157.40306,-897.4302,1.8855126,-11.35043,77.32569
1970-01-01 11:45:29,7794.537,161.21764,-944.16833,2.861568,6.213917,76.41502
1970-01-01 11:45:30,7820.5664,145.64333,-754.05115,4.8955503,5.066671,77.704056
1970-01-01 11:45:31,7730.293,154.39828,-711.9314,2.076469,12.508682,78.5096
1970-01-01 11:45:32,7753.0513,155.24426,-752.4942,4.21017,-4.825728,79.66149
1970-01-01 11:45:33,7712.1753,146.70557,-925.8572,-2.6285963,3.3749788,80.18207
1970-01-01 11:45:34,7961.739,156.4866,-790.3003,6.568185,2.2699492,79.81124
1970-01-01 11:45:35,7826.504,158.04832,-625.2132,3.2980478,2.9521382,80.57814
1970-01-01 11:45:36,7624.603,159.57465,-1015.7128,3.5796423,3.4873993,81.52777
1970-01-01 11:45:37,7732.789,157.18794,-524.0555,5.6796975,0.03471008,79.8827
1970-01-01 11:45:38,7670.3965,156.04094,-774.37714,8.512777,3.5878143,79.80909
1970-01-01 11:45:39,7818.867,159.74002,-483.48996,2.256128,-15.277952,80.455894
1970-01-01 11:45:40,7697.4644,160.44542,-1065.6442,3.1905897,10.8872,79.64734
1970-01-01 11:45:41,7676.7134,159.12582,-979.31824,-0.11812395,12.046066,80.78801
1970-01-01 11:45:42,7666.678,151.07964,-667.0827,4.031285,5.1739473,79.32917
1970-01-01 11:45:43,7790.0747,156.26846,-670.6042,2.3133895,23.341219,79.70182
1970-01-01 11:45:44,7579.0947,160.34796,-715.9767,4.4101086,-1.5055401,78.68645
1970-01-01 11:45:45,7627.8223,163.35207,-614.43274,-2.347621,-10.487553,77.78707
1970-01-01 11:45:46,7594.149,160.77115,-872.52716,2.502127,0.23489307,76.18913
1970-01-01 11:45:47,7627.319,158.77089,-766.04614,2.268956,5.1912537,75.07288
1970-01-01 11:45:48,7682.9893,156.32709,-963.0504,1.8090401,1.0332735,75.75117
1970-01-01 11:45:49,7528.885,157.95161,-861.289,7.0348544,7.4305186,76.617195
1970-01-01 11:45:50,7534.714,161.43384,-520.475,-2.1096933,-5.239277,77.37601
1970-01-01 11:45:51,7620.4907,152.88733,-1104.1012,1.0844067,-8.819127,78.4378
1970-01-01 11:45:52,7630.69,153.90979,-784.7909,0.060098745,8.847695,79.85712
1970-01-01 11:45:53,7603.92,149.82059,-919.1392,1.707487,0.28473276,80.57415
1970-01-01 11:45:54,7632.0703,158.14177,-1211.1128,-0.43965024,0.02520576,80.74556
1970-01-01 11:45:55,7549.0347,151.11414,-941.9999,4.4070163,8.794172,81.120255
1970-01-01 11:45:56,7517.6587,158.82724,-801.0792,-1.1835053,14.268734,81.70517
1970-01-01 11:45:57,7537.9653,155.19478,-792.4642,3.3280127,1.682328,81.21233
1970-01-01 11:45:58,7292.0356,155.25621,-860.8289,0.9172311,10.347127,83.82042
1970-01-01 11:45:59,7434.767,151.23193,-532.90924,2.7721727,-11.6246605,82.97405
1970-01-01 11:46:00,7529.853,147.99884,-442.93515,2.588218,-1.7499328,82.05318
1970-01-01 11:46:01,7525.8726,161.24646,-562.53375,1.9113288,7.695994,82.008644
1970-01-01 11:46:02,7505.085,157.53833,-816.4577,1.5187942,-17.988554,82.865234
1970-01-01 11:46:03,7491.075,155.7599,-560.49884,0.3949895,17.903442,83.27031
1970-01-01 11:46:04,7323.4536,161.49562,-1082.4028,0.4053984,13.001573,81.52466
1970-01-01 11:46:05,7414.617,145.42885,-749.30304,-3.0651765,-9.34056,81.85034
1970-01-01 11:46:06,7464.038,157.06439,-836.88495,1.8659446,3.6095648,81.330444
1970-01-01 11:46:07,7412.0996,152.38373,-701.6131,1.1922987,4.9933877,81.27984
1970-01-01 11:46:08,7341.9116,150.62056,-559.42206,-4.444533,-16.542034,82.37217
1970-01-01 11:46:09,7315.296,152.84868,-843.32886,2.2209368,14.669341,81.3602
1970-01-01 11:46:10,7347.606,161.6899,-1185.3185,3.1207929,5.7990284,81.24782
1970-01-01 11:46:11,7306.132,157.54857,-444.0588,1.4745429,-2.9393668,79.326454
1970-01-01 11:46:12,7331.456,156.83972,-690.876,-0.33133602,7.186832,79.00152
1970-01-01 11:46:13,7435.4336,157.97945,-859.427,-3.504026,-11.070462,78.09635
1970-01-01 11:46:14,7279.7925,159.79489,-736.3827,3.5963526,-14.682718,78.800026
1970-01-01 11:46:15,7388.5796,149.74222,-777.28217,0.9758773,5.1163692,80.05011
1970-01-01 11:46:16,7182.69,154.67015,-981.3323,4.126731,-5.630595,80.65271
1970-01-01 11:46:17,7460.861,161.72888,-767.8174,-0.981603,-5.4308114,80.35053
1970-01-01 11:46:18,7338.089,149.76361,,1.7969326,-7.5696387,79.27948
1970-01-01 11:46:19,7375.042,151.66231,-729.3757,-1.0967313,-0.06229395,79.76073
1970-01-01 11:46:20,7328.7617,153.56183,-990.74915,0.39649454,13.577625,80.5048
1970-01-01 11:46:21,7225.7773,153.71404,-986.8701,3.0659964,3.3803267,82.19619
1970-01-01 11:46:22,7169.348,154.43146,-577.2314,-2.2101598,4.3738165,83.67578
1970-01-01 11:46:23,7241.1704,151.53253,-628.92065,-2.1762762,17.138239,83.26392
1970-01-01 11:46:24,7303.602,157.40274,-667.5504,4.5078053,-11.416136,81.84328
1970-01-01 11:46:25,7131.172,152.34248,-782.86975,1.2622514,6.900869,84.748985
1970-01-01 11:46:26,7278.4624,157.2889,-1067.6388,3.4376905,6.6122203,85.65674
1970-01-01 11:46:27,7331.813,157.08083,-395.89285,-1.6043693,0.6734343,85.80179
1970-01-01 11:46:28,7296.8154,160.4727,-896.6119,-1.1555777,15.15352,85.91748
1970-01-01 11:46:29,7134.9565,154.08788,-1289.738,6.4950094,8.193182,86.80311
1970-01-01 11:46:30,7192.771,159.61528,-705.5298,5.1444616,-5.84136,85.59266
1970-01-01 11:46:31,7071.5825,164.08153,-707.48663,-0.14663047,-8.563216,83.50488
1970-01-01 11:46:32,7235.0,164.71199,-872.4978,-1.3632525,0.70070577,83.35664
1970-01-01 11:46:33,7073.367,158.6893,-291.78113,3.7215667,-2.3239439,84.04083
1970-01-01 11:46:34,7208.0503,152.63928,-730.7353,-0.49249938,2.953765,83.99554
1970-01-01 11:46:35,7049.0347,159.06076,-857.8336,-0.014265369,14.894588,84.35327
1970-01-01 11:46:36,7041.4185,153.74878,-888.0231,0.80496746,17.600838,82.256195
1970-01-01 11:46:37,6994.2954,156.50598,-585.56604,0.32270056,-11.615913,82.78907
1970-01-01 11:46:38,7165.89,156.03178,-679.01917,3.8488345,0.1284314,80.80956
1970-01-01 11:46:39,7023.166,156.47533,-512.8549,-2.635113,10.61663,81.647484
1970-01-01 11:46:40,7003.2695,154.94214,-559.57043,3.775639,4.4103847,81.071785
1970-01-01 11:46:41,6995.907,155.86397,-611.5473,0.9426889,-6.361073,82.1312
1970-01-01 11:46:42,6900.22,152.0887,-676.6017,1.1351993,-15.557146,82.39979
1970-01-01 11:46:43,7048.255,154.134,-820.1102,0.9477858,0.11504278,81.57311
1970-01-01 11:46:44,7147.2314,157.63153,-1188.6454,4.480903,-3.451965,82.63252
1970-01-01 11:46:45,6935.917,154.44197,-638.3329,0.7843447,5.316361,83.5297
1970-01-01 11:46:46,6887.2397,152.66147,-978.8739,0.36420044,-5.29022,82.91736
1970-01-01 11:46:47,6962.859,158.32344,-382.8646,0.19200784,34.957535,83.710815
1970-01-01 11:46:48,6809.6777,166.11388,-1130.8356,5.984633,6.9171677,83.368835
1970-01-01 11:46:49,7019.0835,153.5336,-682.37573,4.1793613,11.833944,84.00143
1970-01-01 11:46:50,6921.0034,156.7899,-711.5383,-2.9875035,6.976934,82.74202
1970-01-01 11:46:51,6866.863,152.31381,-640.8516,3.5860324,-2.7755861,83.22447
1970-01-01 11:46:52,6933.094,151.91196,-809.77954,6.854258,4.091204,83.69685
1970-01-01 11:46:53,6898.551,143.76381,-771.54767,-0.77158564,10.079431,83.864555
1970-01-01 11:46:54,6802.7515,155.35327,-700.3473,6.391422,-6.342094,85.46623
1970-01-01 11:46:55,6919.2427,151.17914,-592.14014,-2.2677102,-11.9276905,85.572235
1970-01-01 11:46:56,6683.6064,150.6521,-800.11053,-2.871587,-6.6588254,85.72623
1970-01-01 11:46:57,6848.136,146.62177,-852.9709,3.1009188,-4.43515,85.52116
1970-01-01 11:46:58,6778.6084,162.55469,-761.9157,-3.065751,-3.7599921,86.22768
1970-01-01 11:46:59,6730.2725,158.97144,-710.1064,-2.1656122,-3.867313,86.23799
1970-01-01 11:47:00,6924.3774,157.13397,-834.1826,1.3060749,-7.3568373,86.68525
1970-01-01 11:47:01,6922.0513,154.15034,-931.8047,-1.308332,5.429199,85.8671
1970-01-01 11:47:02,6775.3906,160.94604,-1121.3984,3.7371445,-16.408403,85.26018
1970-01-01 11:47:03,6704.9644,158.7929,-954.5487,-0.57611537,23.450872,84.69643
1970-01-01 11:47:04,6696.7188,157.2021,-1131.6519,-0.5124387,-5.3031964,83.93372
1970-01-01 11:47:05,6895.1,152.36812,-759.58746,3.4286842,6.421146,83.42384
1970-01-01 11:47:06,6736.4536,157.38457,-1188.1453,6.211466,9.779293,81.457794
1970-01-01 11:47:07,6811.046,152.41728,-664.17255,-1.7819666,15.582786,82.447266
1970-01-01 11:47:08,6663.6133,149.77107,-1077.7236,1.9201926,-13.499488,81.76952
1970-01-01 11:47:09,6619.2246,150.11848,-600.5679,2.2271986,-6.3017244,82.602234
1970-01-01 11:47:10,6596.761,152.7736,-787.9748,-1.6139611,-9.053952,82.30266
1970-01-01 11:47:11,6713.537,153.73494,-569.3991,0.44612005,9.807082,83.69944
1970-01-01 11:47:12,6739.675,159.6713,-676.4742,1.9791539,0.2826938,83.190544
1970-01-01 11:47:13,6672.535,160.61165,-835.5449,2.648757,14.536441,82.95092
1970-01-01 11:47:14,6743.042,159.48886,-733.10974,-2.6280286,2.577235,82.69573
1970-01-01 11:47:15,6648.862,157.70726,-808.88654,2.9438262,-7.37202,81.931885
1970-01-01 11:47:16,6626.1777,155.57852,-845.84454,-5.1943,-6.8373704,83.355034
1970-01-01 11:47:17,6473.0327,156.05771,-535.06274,3.3217397,2.5307095,81.94477
1970-01-01 11:47:18,6670.9336,154.8186,-504.70377,4.402145,-2.2437954,81.46755
1970-01-01 11:47:19,6665.5874,150.78323,-428.70996,-2.5852287,-6.877202,80.88373
1970-01-01 11:47:20,6525.113,161.82245,-1159.2693,2.716646,6.4261193,79.7605
1970-01-01 11:47:21,6552.881,161.41016,-912.7402,0.63703245,-2.3421187,80.09789
1970-01-01 11:47:22,6584.5024,151.69398,-286.97296,3.341036,-5.7895727,79.4534
1970-01-01 11:47:23,6420.4966,156.90814,-827.56714,-0.7653361,3.9516804,79.230835
1970-01-01 11:47:24,6441.06,166.45415,-626.15424,7.4277635,8.294168,79.97389
1970-01-01 11:47:25,6412.8433,159.49948,-886.1678,4.6870914,1.072152,79.69742
1970-01-01 11:47:26,6546.85,164.00024,-1181.3721,1.9968834,,77.71555
1970-01-01 11:47:27,6459.4995,157.65022,-710.5398,2.4486012,-6.0501747,76.88808
1970-01-01 11:47:28,6501.5835,159.2856,-486.07376,3.34756,-15.083884,76.16299
1970-01-01 11:47:29,6516.6206,160.34265,-991.1472,3.0078883,-9.438516,77.23782
1970-01-01 11:47:30,6479.884,155.74416,-985.74817,-4.213987,2.5587816,74.914505
1970-01-01 11:47:31,6468.174,158.02826,-541.02765,4.8429985,13.331956,74.34199
1970-01-01 11:47:32,6490.5024,155.39528,-835.1226,4.6146965,2.7874568,74.0195
1970-01-01 11:47:33,6428.1733,153.59401,-933.1425,3.6741207,-6.108326,74.517204
1970-01-01 11:47:34,6479.2686,159.68292,-810.999,5.5607414,-13.159467,73.8895
1970-01-01 11:47:35,6341.775,159.65169,-719.14935,1.9080777,-6.065491,73.364006
1970-01-01 11:47:36,6415.587,159.21046,-758.8946,-1.5237641,17.571625,72.75431
1970-01-01 11:47:37,6391.156,157.24193,-727.238,-0.3551985,-5.659256,71.20552
1970-01-01 11:47:38,6231.798,156.7489,-910.43414,1.2073679,6.7229505,72.16787
1970-01-01 11:47:39,6456.391,157.29437,-599.5889,1.1033372,3.4984746,72.03463
1970-01-01 11:47:40,6369.4775,154.15701,-703.72095,-3.5492187,-0.44073656,72.93422
1970-01-01 11:47:41,6383.7124,161.4566,-1005.7647,2.6872776,0.014798748,75.11343
1970-01-01 11:47:42,6307.577,154.93697,-724.294,1.1116039,13.819439,75.47262
1970-01-01 11:47:43,6265.5947,161.00157,-765.7089,4.225712,-9.073014,75.597145
1970-01-01 11:47:44,6388.487,160.54063,-656.3979,-2.4994001,-18.241837,74.99592
1970-01-01 11:47:45,6302.1577,158.45555,-422.25436,2.7706206,-0.889093,75.889114
1970-01-01 11:47:46,6254.3228,157.77681,-699.9744,1.5380754,-2.4684842,75.90895
1970-01-01 11:47:47,6357.2563,151.45761,-477.49664,1.3975252,-9.488667,76.01321
1970-01-01 11:47:48,6271.1196,159.87871,-690.956,-0.34086883,-11.7009,76.04077
1970-01-01 11:47:49,6164.083,152.69034,-728.97394,0.68887186,-7.741881,76.73552
1970-01-01 11:47:50,6251.1987,153.63168,-808.65063,2.0552645,2.7153306,76.376945
1970-01-01 11:47:51,6299.177,157.06288,-647.7246,-3.8434324,-15.198984,76.04655
1970-01-01 11:47:52,6130.061,146.05571,-962.4168,2.7571864,-5.070089,76.4935
1970-01-01 11:47:53,6373.8047,156.93423,-617.082,3.7623522,6.7044487,76.878174
1970-01-01 11:47:54,6130.1924,158.26836,-576.4869,6.4815774,10.2564945,76.074936
1970-01-01 11:47:55,6114.3857,157.54257,-611.5958,3.2060647,14.653973,75.80686
1970-01-01 11:47:56,6172.0366,157.3075,-681.85925,0.8423062,11.549668,76.55829
1970-01-01 11:47:57,6265.449,161.70895,-611.854,5.3572445,-8.132741,79.122604
1970-01-01 11:47:58,6266.298,157.44144,-788.57574,-3.0410037,-11.165326,78.48255
1970-01-01 11:47:59,6143.419,156.44948,-934.5089,-0.5450132,-5.6736145,77.5391
1970-01-01 11:48:00,6166.9277,152.20418,-1247.5919,2.5257645,-4.1602983,77.309395
1970-01-01 11:48:01,6178.3843,155.35248,-910.84204,1.1190716,-7.218836,78.00676
1970-01-01 11:48:02,6176.136,162.53682,-594.6764,6.619136,9.717356,76.679855
1970-01-01 11:48:03,5999.7827,161.90761,-539.855,3.306416,7.1288404,76.86766
1970-01-01 11:48:04,6048.3306,166.32036,-913.69904,-0.07131609,10.189081,76.78301
1970-01-01 11:48:05,6168.199,158.09085,-617.38196,7.267138,-4.9998565,76.435555
1970-01-01 11:48:06,6041.1636,155.60666,-1177.1908,8.119743,6.8950734,75.49107
1970-01-01 11:48:07,6183.0347,158.69035,-460.10284,3.3232377,-2.241414,75.42966
1970-01-01 11:48:08,6055.3413,155.5838,-740.8761,4.1245365,8.234485,75.43023
1970-01-01 11:48:09,6009.0083,159.24727,-776.36536,2.5258772,10.440354,
1970-01-01 11:48:10,5875.8555,166.25328,-550.966,3.0305545,3.9179938,76.180916
1970-01-01 11:48:11,6074.0225,158.30609,,4.3099313,1.8235185,75.182434
1970-01-01 11:48:12,5979.456,150.05391,-645.14075,2.861515,3.069575,74.51972
1970-01-01 11:48:13,5897.415,163.32323,-1060.9445,3.238341,17.842886,72.69065
1970-01-01 11:48:14,5963.1035,162.87985,-977.9144,5.426614,-1.6403992,72.523735
1970-01-01 11:48:15,5917.314,154.37689,-855.6627,0.8558426,6.044415,71.73633
1970-01-01 11:48:16,5953.238,154.9677,-953.14825,-2.373115,-13.60917,72.98611
1970-01-01 11:48:17,5899.6704,158.7577,-836.799,-6.618034,17.148102,71.65015
1970-01-01 11:48:18,5969.9907,162.47346,-460.36813,-0.45495528,3.005448,72.59428
1970-01-01 11:48:19,5827.1855,154.02339,-766.2515,3.5442762,-10.174091,72.167534
1970-01-01 11:48:20,5883.978,160.63846,-887.48627,5.2840157,5.80879,70.76468
1970-01-01 11:48:21,6061.0347,160.4917,-668.3533,1.1435858,1.9597679,70.646095
1970-01-01 11:48:22,5944.1675,157.74931,-840.7488,5.907879,-16.582611,71.72423
1970-01-01 11:48:23,5687.6543,157.44698,-759.00146,2.0280309,20.743034,72.10041
1970-01-01 11:48:24,5893.9062,157.65096,-886.92365,3.5637887,7.446593,72.22532
1970-01-01 11:48:25,5987.887,155.43578,-910.4666,-1.2329314,-9.189372,72.59476
1970-01-01 11:48:26,5768.662,160.56595,-587.429,-0.2962078,-13.941497,71.52198
1970-01-01 11:48:27,5713.503,156.92712,-726.7696,0.024303671,5.4727526,73.2456
1970-01-01 11:48:28,5948.9487,152.90218,-995.41064,-5.773426,-2.4459891,72.96878
1970-01-01 11:48:29,5858.886,154.82516,-888.0062,4.115121,20.279985,73.248695
1970-01-01 11:48:30,5805.569,168.26305,-838.7668,-1.2358403,5.617218,73.367935
1970-01-01 11:48:31,5714.285,154.99507,-708.003,0.8797378,3.0456152,74.772835
1970-01-01 11:48:32,5808.6533,159.80923,-818.3397,2.1793084,5.9576106,76.09941
1970-01-01 11:48:33,5782.657,156.506,-598.4574,-0.4865613,-2.6698031,76.28975
1970-01-01 11:48:34,5672.2554,155.73651,-830.60266,5.6573215,9.647549,74.4362
1970-01-01 11:48:35,5760.4116,164.13985,-1145.6422,4.6722474,0.71355444,74.14594
1970-01-01 11:48:36,5712.944,159.0214,-792.157,-0.3416966,-2.8326504,74.6216
1970-01-01 11:48:37,5778.2075,154.86913,-871.4181,1.571755,-14.652,73.872955
1970-01-01 11:48:38,5696.7163,159.25208,-759.7233,4.311697,-5.4824824,73.74675
1970-01-01 11:48:39,5636.0557,158.70729,-682.444,2.007446,9.362446,72.38587
1970-01-01 11:48:40,5630.1484,156.22934,-1081.6212,-2.0867443,0.36422482,72.91898
1970-01-01 11:48:41,5648.0215,152.01152,-962.1743,0.92514133,17.515293,73.24825
1970-01-01 11:48:42,5596.3604,163.95859,-1048.5162,7.8095984,5.945714,74.132164
1970-01-01 11:48:43,5551.5195,161.1367,-721.0496,-1.0489719,-5.2445874,74.54042
1970-01-01 11:48:44,5697.347,151.64035,-603.4203,-1.9479723,-13.812568,76.00721
1970-01-01 11:48:45,5545.676,155.64514,-869.7683,0.5180584,-17.257633,74.89267
1970-01-01 11:48:46,5557.1543,154.66998,-1163.3323,4.0732956,-11.772753,74.766075
1970-01-01 11:48:47,5643.752,158.36809,-671.6938,4.872364,-14.126667,74.22827
1970-01-01 11:48:48,5492.969,155.49835,-549.2184,2.335805,9.602609,75.002914
1970-01-01 11:48:49,5728.11,161.61153,-503.51126,6.181793,3.8376858,75.21984
1970-01-01 11:48:50,5511.3384,158.61206,-1015.30347,-0.42723197,-9.931183,75.20378
1970-01-01 11:48:51,5783.4487,158.14386,-953.87994,5.4143934,4.385918,76.116135
1970-01-01 11:48:52,5587.067,158.71642,-1179.4357,1.140364,-2.0548685,76.47269
1970-01-01 11:48:53,5425.88,158.5656,-940.305,8.9544525,3.0945127,75.89051
1970-01-01 11:48:54,5582.914,154.38942,-872.1643,-1.3492624,-9.623092,76.7802
1970-01-01 11:48:55,5632.723,162.91116,-1130.7526,0.41219264,-10.157951,75.665504
1970-01-01 11:48:56,5312.5986,159.851,-697.6044,4.5492716,5.6530037,78.06269
1970-01-01 11:48:57,5362.278,158.92354,-1036.9814,1.7040789,15.593047,79.72115
1970-01-01 11:48:58,5542.647,156.8913,-538.9788,-0.44364607,-5.1245513,80.219696
1970-01-01 11:48:59,5678.282,159.64847,-623.6659,-0.41797888,-1.4065253,81.37157
1970-01-01 11:49:00,5556.278,154.70209,-772.8006,1.8986709,-19.870535,82.06119
1970-01-01 11:49:01,5355.8203,163.07191,-800.58594,-3.424049,5.9166355,83.25802
1970-01-01 11:49:02,5366.6357,156.6191,-518.7777,-0.38209304,-5.9293103,83.362144
1970-01-01 11:49:03,5426.471,164.87604,-760.17395,1.0499806,-9.57283,84.05818
1970-01-01 11:49:04,5404.027,154.87074,-1083.8513,3.2955515,-2.078712,83.07221
1970-01-01 11:49:05,5459.629,155.33104,-1057.7579,0.33541217,-11.336914,82.5353
1970-01-01 11:49:06,5439.127,153.81665,-1218.8734,-0.2021966,-7.619701,82.79231
1970-01-01 11:49:07,5480.561,151.82288,-837.41,3.1108582,14.882073,81.82572
1970-01-01 11:49:08,5335.8013,152.99724,-539.74976,2.8026218,10.7166395,81.583084
1970-01-01 11:49:09,5384.9814,155.05307,-1046.5558,-0.8240517,-12.5696,81.77097
1970-01-01 11:49:10,5260.7627,153.98491,-714.76294,-1.4020072,-2.7823284,83.17851
1970-01-01 11:49:11,5369.752,155.54655,-873.05164,5.3958683,6.0995116,84.33303
1970-01-01 11:49:12,5413.065,153.26059,-1027.8107,5.044627,-11.7358,85.56522
1970-01-01 11:49:13,5209.083,160.38257,-763.7503,1.3238244,-2.4007065,84.70359
1970-01-01 11:49:14,5255.678,165.81235,-760.8704,1.4053646,17.235384,83.44148
1970-01-01 11:49:15,5310.916,160.95909,-915.9284,-1.8642172,-1.2002891,84.03163
1970-01-01 11:49:16,5266.788,154.17749,-873.84357,-1.6609752,4.270474,81.282135
1970-01-01 11:49:17,5368.4863,154.3522,-643.98254,-4.150311,1.3018262,81.31615
1970-01-01 11:49:18,5377.6914,167.50122,-590.1584,7.3016334,-6.9798746,81.4278
1970-01-01 11:49:19,5236.768,156.49493,-614.019,4.623299,5.9103956,82.51072
1970-01-01 11:49:20,5200.8936,160.48802,-1340.9747,8.693881,0.44244477,80.80264
1970-01-01 11:49:21,5247.229,163.94957,-1051.0552,3.9448814,-9.880338,80.517586
1970-01-01 11:49:22,5246.399,155.19836,-756.8653,4.335031,2.4143548,81.33665
1970-01-01 11:49:23,5238.69,168.47531,-795.5023,3.725057,5.7920065,81.77327
1970-01-01 11:49:24,5237.0586,155.04852,-630.5514,-2.459915,4.8133187,79.90664
1970-01-01 11:49:25,5110.395,157.08151,-363.87537,2.8293302,7.1795344,81.07525
1970-01-01 11:49:26,5212.0347,157.74931,-844.1652,4.019662,-9.213176,80.91307
1970-01-01 11:49:27,5298.991,157.26942,-880.44556,3.6818604,1.1639391,80.9173
1970-01-01 11:49:28,5240.403,159.7399,-400.53036,0.38846868,-2.1193569,80.60186
1970-01-01 11:49:29,5106.846,158.75066,-942.365,0.30315292,-2.7338567,80.56571
1970-01-01 11:49:30,5140.9272,157.511,-338.9677,2.181395,-8.479849,80.603714
1970-01-01 11:49:31,4970.7236,158.98369,-1010.13947,-2.3056638,-4.8362203,81.24381
1970-01-01 11:49:32,5031.7305,154.0542,-662.8579,2.4399533,5.813376,80.36821
1970-01-01 11:49:33,5137.5513,160.18304,-641.8026,1.7565913,4.0046515,79.77834
1970-01-01 11:49:34,5075.4004,163.38213,-1136.8204,5.4039965,8.655249,79.53828
1970-01-01 11:49:35,5119.001,151.56987,-921.52966,0.6279461,6.1352754,78.3316
1970-01-01 11:49:36,4966.2915,159.09558,-480.1693,2.6216578,-22.665066,78.98185
1970-01-01 11:49:37,5133.0225,156.29662,-604.49615,1.013448,19.127052,77.59911
1970-01-01 11:49:38,5153.948,160.26808,-1021.6272,1.0119381,7.574546,79.20174
1970-01-01 11:49:39,4979.816,159.99571,-528.7726,0.072062045,-4.549145,78.508766
1970-01-01 11:49:40,5052.1245,154.46638,-1017.7808,-0.049336784,-1.4564229,77.754036
1970-01-01 11:49:41,4999.1587,161.64406,-371.22705,0.96597236,-6.356645,78.53146
1970-01-01 11:49:42,5028.588,157.67679,-871.6723,4.172636,0.05084951,78.42861
1970-01-01 11:49:43,5030.1436,156.97421,-970.7115,-0.5563358,-9.935307,77.5085
1970-01-01 11:49:44,4951.375,159.43222,-793.94446,2.6252344,-14.255124,76.05096
1970-01-01 11:49:45,4972.2114,165.05853,-884.57294,-2.4802954,-18.006979,74.75391
1970-01-01 11:49:46,5100.8647,156.79716,-703.81665,1.0516798,23.031473,73.79988
1970-01-01 11:49:47,4858.1533,158.35362,-1019.3082,0.4728809,-0.8494236,73.32356
1970-01-01 11:49:48,5067.7295,157.36308,-886.8625,5.4157395,19.547037,73.12932
1970-01-01 11:49:49,4923.9995,157.09404,-1049.4156,-2.3108573,0.95347714,71.71968
1970-01-01 11:49:50,4916.365,160.80829,-601.52997,1.6583165,5.495815,70.70075
1970-01-01 11:49:51,4870.9697,150.26115,-708.91925,1.3720794,8.381832,71.97907
1970-01-01 11:49:52,4977.452,158.02623,-680.89966,0.91108406,-17.763895,71.55019
1970-01-01 11:49:53,4822.515,150.80788,-946.9057,5.378235,9.821577,72.97348
1970-01-01 11:49:54,4726.266,158.6537,-710.86743,-0.40376386,6.1603007,72.96371
1970-01-01 11:49:55,4982.578,156.20494,-810.90643,6.642302,1.0801367,73.45975
1970-01-01 11:49:56,4857.6816,166.10118,-935.9747,4.438877,-19.970007,73.968254
1970-01-01 11:49:57,4905.965,158.50043,-772.2161,-1.8980488,5.0050592,73.69499
1970-01-01 11:49:58,4874.4243,154.45638,-750.0668,2.513575,9.759971,73.77403
1970-01-01 11:49:59,4894.039,163.02342,-1043.0743,,-8.352515,73.45633
1970-01-01 11:50:00,4817.488,156.50246,-332.2761,4.902864,10.721794,73.63494
1970-01-01 11:50:01,4687.21,157.1751,-931.7453,3.3216386,-15.949627,73.38506
1970-01-01 11:50:02,4666.561,158.53554,-772.153,-3.5567381,23.20126,72.54949
1970-01-01 11:50:03,4814.6724,153.27888,-1058.2743,1.060544,5.547287,71.85047
1970-01-01 11:50:04,4643.788,159.51843,-1133.9059,0.7153936,6.2657566,73.17891
1970-01-01 11:50:05,4698.0786,157.49571,-700.2031,2.9709487,7.2635117,73.66286
1970-01-01 11:50:06,4797.9,161.26855,-610.64056,3.8064072,3.4232945,72.29482
1970-01-01 11:50:07,4807.4146,159.00862,-677.996,5.5703864,-13.828256,71.95829
1970-01-01 11:50:08,4701.7627,154.22035,-690.2824,5.0501323,2.0916805,71.235664
1970-01-01 11:50:09,4734.552,157.74385,-861.2425,0.30548507,4.385842,70.27068
1970-01-01 11:50:10,4661.605,158.15332,-339.2766,1.3433264,1.0034412,71.08313
1970-01-01 11:50:11,4750.921,163.572,-582.93097,7.8863997,-11.906163,69.296104
1970-01-01 11:50:12,4768.371,164.61569,-816.49884,2.1114063,-6.1323996,67.43023
1970-01-01 11:50:13,4848.944,155.94557,-789.8256,3.8373582,21.323275,65.81854
1970-01-01 11:50:14,4824.0073,160.75282,-891.3911,-1.430576,-2.4541323,66.81827
1970-01-01 11:50:15,4548.0054,158.04295,-722.66956,3.7930107,2.0893052,66.37773
1970-01-01 11:50:16,4573.3784,152.65877,-910.6728,3.995601,-8.662489,66.83734
1970-01-01 11:50:17,4563.4,156.663,-1191.5431,0.53327006,-11.948282,66.64523
1970-01-01 11:50:18,4591.535,161.56924,-722.84155,5.519591,-0.53754103,66.435104
1970-01-01 11:50:19,4700.849,158.89923,-855.79065,-1.1128705,0.9313835,67.357666
1970-01-01 11:50:20,4620.718,156.54166,-854.3134,1.5119087,-8.303561,68.15078
1970-01-01 11:50:21,4475.7563,161.20865,-884.1081,1.8338606,-14.119023,67.57399
1970-01-01 11:50:22,4646.489,162.77559,-1032.7653,1.7282062,17.841576,68.69915
1970-01-01 11:50:23,4412.0615,158.74065,-589.427,9.4589,2.4967208,68.37125
1970-01-01 11:50:24,4549.7163,156.66652,-747.3818,-0.76064396,-1.4705762,69.16889
1970-01-01 11:50:25,4479.816,156.39368,-881.2806,3.919236,11.226453,69.65226
1970-01-01 11:50:26,4375.885,152.7955,-941.6652,7.783527,2.7993612,70.83609
1970-01-01 11:50:27,4497.4043,153.84184,-780.2788,3.585391,-7.605516,71.99993
1970-01-01 11:50:28,4577.748,160.24762,-664.2913,0.86464655,-11.675518,72.29195
1970-01-01 11:50:29,4595.1025,164.38264,-677.72595,-5.3858,-10.102314,72.8967
1970-01-01 11:50:30,4387.9067,161.31017,-807.6494,1.320582,0.7199065,71.85186
1970-01-01 11:50:31,4305.0254,156.54843,-882.53656,2.507586,-2.766562,72.50875
1970-01-01 11:50:32,4479.285,153.6959,-340.44202,1.6853976,0.11498321,72.29132
1970-01-01 11:50:33,4365.8047,155.61328,-786.86945,-0.30480304,-0.7567952,71.4912
1970-01-01 11:50:34,4475.9604,155.3936,-967.5961,4.2013164,5.205413,70.96887
1970-01-01 11:50:35,4495.398,163.8505,-815.8692,0.8732787,,71.15488
1970-01-01 11:50:36,4462.665,158.69849,-638.383,-0.591877,-4.688571,72.187294
1970-01-01 11:50:37,4401.136,147.25105,-659.43,3.376705,-7.209466,72.89424
1970-01-01 11:50:38,4434.9717,157.26416,-560.03485,1.179725,-1.0157526,72.70652
1970-01-01 11:50:39,4320.9355,151.06322,-773.6377,-1.0779945,-3.3935325,72.57763
1970-01-01 11:50:40,4393.8745,155.36063,-829.0842,-0.40869346,13.99496,71.20071
1970-01-01 11:50:41,4279.835,156.58858,-797.4701,2.824483,-5.9663787,71.54269
1970-01-01 11:50:42,4352.4126,159.80399,-872.32434,3.3483727,20.872131,71.54141
1970-01-01 11:50:43,4314.0674,154.74268,-1115.1031,0.81774753,-0.070320226,71.72238
1970-01-01 11:50:44,4299.8994,158.43282,-717.44147,-0.71621555,-23.356562,71.68687
1970-01-01 11:50:45,4237.1797,157.1676,-1019.3955,1.2946388,-7.0747538,71.74827
1970-01-01 11:50:46,4198.629,151.57132,-1048.8455,2.9864407,-7.7572145,71.49923
1970-01-01 11:50:47,4251.127,152.07298,-628.4164,3.9389622,-1.2463142,70.18833
1970-01-01 11:50:48,4298.676,158.85945,-1150.8525,5.5042124,4.534499,71.04978
1970-01-01 11:50:49,4115.105,152.77885,-869.9127,2.5401542,13.372595,71.66064
1970-01-01 11:50:50,4219.1367,159.1701,-383.40448,-2.4841585,-9.653172,71.06379
1970-01-01 11:50:51,4181.167,153.66689,-618.47784,3.1301641,8.214251,71.40533
1970-01-01 11:50:52,4195.6445,162.4867,-957.0945,7.910775,-5.161456,70.76948
1970-01-01 11:50:53,4073.5708,158.21112,-789.1675,1.4450725,-1.491767,68.78932
1970-01-01 11:50:54,4134.2124,154.97536,-880.33014,2.7189133,0.6474271,67.49706
1970-01-01 11:50:55,3936.0686,159.0917,-703.627,3.9217262,8.890856,67.51716
1970-01-01 11:50:56,4181.228,157.57477,-484.84186,2.2888494,6.9680057,67.946686
1970-01-01 11:50:57,4191.9385,155.40314,-962.40717,7.5960336,-8.603511,67.94103
1970-01-01 11:50:58,4037.6062,157.49811,-480.74722,6.205834,3.4729383,67.82556
1970-01-01 11:50:59,4210.465,152.9859,-1341.675,1.1376075,-0.100081176,68.88173
1970-01-01 11:51:00,4191.374,159.35884,-773.8979,0.49658665,-13.61364,69.44963
1970-01-01 11:51:01,4111.371,159.58171,-913.2205,0.70701027,-8.280342,70.3557
1970-01-01 11:51:02,4095.1665,163.25688,-514.16486,-4.1337833,4.569353,69.106026
1970-01-01 11:51:03,3946.4988,152.51772,-645.5141,2.0336907,-0.03843938,68.09884
1970-01-01 11:51:04,3987.1382,159.7187,-368.95535,2.9979155,2.4672766,68.65672
1970-01-01 11:51:05,4066.1238,158.312,-681.2674,3.496007,-7.440657,68.60957
1970-01-01 11:51:06,4100.3096,162.94623,-765.5302,3.8266933,5.468935,67.80464
1970-01-01 11:51:07,3934.076,156.74902,-625.8984,-2.1549346,-11.9735365,67.71628
1970-01-01 11:51:08,3921.0894,164.4053,-721.2758,-1.0438004,10.081711,65.7429
1970-01-01 11:51:09,4056.5698,159.5493,-630.11426,8.260246,-8.863073,64.65821
1970-01-01 11:51:10,4112.7256,153.02782,-539.72656,5.5712175,5.864686,64.22199
1970-01-01 11:51:11,3879.296,154.22963,-506.66675,-0.34406322,4.0354395,64.512276
1970-01-01 11:51:12,3995.7761,159.26306,-869.684,2.9324112,-5.814311,64.7528
1970-01-01 11:51:13,3937.9917,155.96857,-730.1012,7.209619,-1.1824307,63.98221
1970-01-01 11:51:14,3945.9006,154.74818,-1051.5363,5.2830925,5.2937994,63.684544
1970-01-01 11:51:15,4044.8938,156.45798,-675.0514,0.6041235,-12.189497,63.691647
1970-01-01 11:51:16,4018.1003,159.30867,-608.47845,2.4446552,-9.356467,64.58618
1970-01-01 11:51:17,3865.8728,165.71756,-794.92206,4.2809825,-10.630584,65.56965
1970-01-01 11:51:18,3948.1238,159.41162,-549.863,1.5389901,3.3284643,66.42092
1970-01-01 11:51:19,3919.6772,159.2,-1145.57,4.5094686,-19.485523,67.64797
1970-01-01 11:51:20,3973.2305,157.00697,-605.8389,1.1482887,28.375822,67.30903
1970-01-01 11:51:21,3888.4258,156.01685,-1024.5201,8.599588,5.946059,66.37038
1970-01-01 11:51:22,3948.0374,156.80128,-862.18036,5.9411054,-1.7145803,67.8799
1970-01-01 11:51:23,3964.051,166.54189,-824.90216,3.815185,-8.97436,68.409996
1970-01-01 11:51:24,3891.4128,153.14232,-911.9485,6.760011,-7.378433,68.66433
1970-01-01 11:51:25,3901.3574,159.1833,-1026.3986,2.895541,-3.1292553,69.17742
1970-01-01 11:51:26,3813.1323,149.71208,-783.41595,1.293026,-16.427853,68.687195
1970-01-01 11:51:27,3842.2266,159.58684,-1065.0027,4.0159464,-6.05847,69.03312
1970-01-01 11:51:28,3813.5664,160.65677,-1188.1832,0.33169988,4.6115904,69.23177
1970-01-01 11:51:29,3721.3494,158.51915,-654.6196,-2.1506226,-5.0279894,68.19919
1970-01-01 11:51:30,3791.8245,162.53175,-863.1546,4.3598504,-5.173701,69.32782
1970-01-01 11:51:31,3906.502,,-1051.1511,4.867613,8.527119,69.14936
1970-01-01 11:51:32,3816.453,157.01018,-850.42444,3.3771613,5.848354,69.03134
1970-01-01 11:51:33,3756.0244,160.18478,-894.7893,6.684212,19.058453,69.34681
1970-01-01 11:51:34,3794.308,158.38333,-868.22516,2.222994,-11.499083,71.07486
1970-01-01 11:51:35,3740.1765,162.56029,-806.36566,-3.2077534,9.629492,70.41724
1970-01-01 11:51:36,3717.7185,161.12779,-976.78174,-1.9472576,6.0386176,70.999374
1970-01-01 11:51:37,3660.8977,163.58282,-773.6643,-3.0897338,6.8744473,
1970-01-01 11:51:38,3626.8591,157.65808,-618.04425,3.4664006,1.1691545,71.66698
1970-01-01 11:51:39,3757.1729,156.09346,-1040.7799,1.9582299,-0.083926976,71.32077
1970-01-01 11:51:40,3482.6538,158.84708,-1018.72864,-1.5827625,17.702078,72.30548
1970-01-01 11:51:41,3713.9983,154.08223,-983.00586,0.49171823,-14.940441,71.20278
1970-01-01 11:51:42,3628.1064,157.18033,-887.33673,5.630808,-1.0318675,69.10316
1970-01-01 11:51:43,3611.7483,154.71277,-711.9088,-1.3420494,-11.97918,69.4599
1970-01-01 11:51:44,3661.349,155.10577,-662.46765,-1.2721624,2.021027,70.661934
1970-01-01 11:51:45,3615.0464,159.73877,-1000.1499,5.25462,-2.8466237,
1970-01-01 11:51:46,3802.4753,154.78094,-489.39304,5.382914,1.2080868,69.36247
1970-01-01 11:51:47,3551.68,154.77597,-590.1594,1.2995391,-4.9330754,68.64007
1970-01-01 11:51:48,3603.8586,158.39244,-683.0593,-1.1135223,9.464977,67.93675
1970-01-01 11:51:49,3577.7815,160.59041,-849.3916,3.7406764,8.341412,69.22373
1970-01-01 11:51:50,3578.771,160.25473,-1101.8276,6.5425,5.0340643,69.88512
1970-01-01 11:51:51,3487.7751,163.308,-820.95984,4.4308414,2.2348852,70.24572
1970-01-01 11:51:52,3428.5505,160.01144,-1072.0334,0.83246154,12.7168665,67.82789
1970-01-01 11:51:53,3476.8708,157.90489,-738.0323,2.2800856,3.2212164,68.15077
1970-01-01 11:51:54,3570.2063,163.06914,-705.7756,-1.358637,-5.4317245,67.95699
1970-01-01 11:51:55,3440.4946,157.9685,-1064.8784,5.211425,14.183459,68.23316
1970-01-01 11:51:56,3424.7444,161.65996,-805.09094,3.04315,9.69141,68.549614
1970-01-01 11:51:57,3600.6074,153.37146,-577.37775,1.7797751,5.249859,69.39881
1970-01-01 11:51:58,3413.48,162.86316,-913.16675,-1.372149,3.0747058,69.190475
1970-01-01 11:51:59,3325.303,157.27852,-795.60394,2.3666816,-17.15205,68.175804
1970-01-01 11:52:00,3512.3215,157.11945,-1032.0151,4.917679,2.2228456,67.75282
1970-01-01 11:52:01,3526.2654,156.67268,-727.6876,2.3021166,-17.814434,65.70327
1970-01-01 11:52:02,3393.6577,160.41458,-772.0701,2.19481,1.9954666,65.71102
1970-01-01 11:52:03,3474.53,155.69196,-782.41876,-2.407846,10.096698,65.49067
1970-01-01 11:52:04,3372.7024,166.08334,-669.1937,0.9756985,6.5200663,66.02715
1970-01-01 11:52:05,3458.526,158.73906,-901.5164,3.8458817,-19.876392,67.255974
1970-01-01 11:52:06,3397.2163,163.35905,-648.4722,-0.041366376,-11.9305525,67.67759
1970-01-01 11:52:07,3161.8374,161.89888,-1132.1976,3.5800796,-1.8900447,68.4492
1970-01-01 11:52:08,3334.8113,158.53181,-899.661,3.2948768,-0.20447148,70.037926
1970-01-01 11:52:09,3474.0442,154.90396,-727.0799,7.4021916,11.990427,69.004974
1970-01-01 11:52:10,3258.1982,161.40675,-693.2515,2.071085,-10.126426,69.19153
1970-01-01 11:52:11,3189.8828,156.21448,-857.3813,2.352166,3.1275167,68.27616
1970-01-01 11:52:12,3324.2258,161.6798,-643.9304,0.4501368,7.6242595,67.49906
1970-01-01 11:52:13,,158.9028,-608.29016,8.373444,5.409703,69.29646
1970-01-01 11:52:14,3320.075,160.31946,-702.13165,6.807553,0.047437787,68.67494
1970-01-01 11:52:15,3216.0327,161.6652,-1010.3687,10.695324,6.3340745,68.60651
1970-01-01 11:52:16,3155.7664,155.26999,-496.96448,2.1555033,-25.858973,69.71896
1970-01-01 11:52:17,3249.302,155.29095,-838.79517,6.7397227,10.745456,68.665344
1970-01-01 11:52:18,3300.8247,158.31969,-841.05493,4.4194975,-0.6336327,69.16087
1970-01-01 11:52:19,3134.4153,162.54193,-903.3822,-3.211029,-1.6410571,67.2068
1970-01-01 11:52:20,3308.3022,158.86098,-532.8311,0.35608807,8.215882,68.649475
1970-01-01 11:52:21,3282.411,159.13351,-486.46524,3.9202583,-16.444174,67.404495
1970-01-01 11:52:22,3156.1536,164.58563,-1005.6142,2.983615,-11.008025,66.86421
1970-01-01 11:52:23,3261.1238,159.24677,-890.0351,4.4735193,1.2742758,67.25533
1970-01-01 11:52:24,3283.2104,154.29077,-672.85693,4.026163,-5.8172975,67.02849
1970-01-01 11:52:25,3374.0642,158.45891,-261.133,-0.6750215,2.4880307,68.148674
1970-01-01 11:52:26,3101.9668,162.107,-640.8147,-0.23964468,-3.9166255,69.787895
1970-01-01 11:52:27,3138.345,161.95006,-1151.9341,-4.626147,-11.936148,68.17859
1970-01-01 11:52:28,3167.4688,157.22809,-557.11896,4.202167,-4.5527067,70.39013
1970-01-01 11:52:29,3230.3367,158.76302,-851.2518,1.266343,-3.1743267,69.865845
1970-01-01 11:52:30,3251.7498,153.46931,-1065.8873,-0.56455976,-5.8231454,71.54425
1970-01-01 11:52:31,3189.841,156.22224,-726.4326,2.656553,10.988569,71.674385
1970-01-01 11:52:32,3052.4517,158.73782,-910.34796,2.4733381,-3.6961658,70.75986
1970-01-01 11:52:33,3120.4126,164.74814,-615.22833,0.98193854,-0.3984967,71.36798
1970-01-01 11:52:34,3000.3442,165.27452,-830.44244,-3.7504249,-10.117153,71.0617
1970-01-01 11:52:35,3034.9585,162.87146,-563.78156,4.105405,0.5369666,70.83117
1970-01-01 11:52:36,3018.803,158.5622,-815.6536,9.879684,0.54556274,70.220436
1970-01-01 11:52:37,3076.3594,159.6859,-634.1446,3.1664941,-11.214679,70.72873
1970-01-01 11:52:38,2929.3699,154.06737,-682.0987,-4.2520466,6.2798643,70.22013
1970-01-01 11:52:39,3062.823,163.77121,-869.32654,5.1184697,10.0793495,70.867905
1970-01-01 11:52:40,3018.7603,159.8653,-577.85706,-1.732024,7.76915,71.53413
1970-01-01 11:52:41,2966.3103,158.96312,-753.4548,3.3006659,0.6785948,70.75198
1970-01-01 11:52:42,2829.2842,158.24419,-832.18823,2.8614547,5.022885,69.22239
1970-01-01 11:52:43,2866.924,149.88611,-1140.672,3.8060863,-8.723649,69.247925
1970-01-01 11:52:44,2879.3833,158.99712,-782.2131,-3.2371771,5.258246,69.716515
1970-01-01 11:52:45,3063.023,165.197,-770.17194,-0.6766008,0.3742537,70.25398
1970-01-01 11:52:46,3011.3333,163.60297,-1067.9391,-1.8983027,-12.343206,71.10505
1970-01-01 11:52:47,2795.6448,161.54169,-917.7526,2.6610613,12.120214,71.42617
1970-01-01 11:52:48,2851.397,157.0496,-787.5321,-1.3999554,11.922011,72.18006
1970-01-01 11:52:49,2902.568,163.93037,-877.5104,5.084303,-1.896884,71.77872
1970-01-01 11:52:50,2804.0264,155.45436,-793.65643,2.6318047,-0.6703614,72.47526
1970-01-01 11:52:51,2834.17,154.9607,-614.6813,4.545383,7.6475983,71.8208
1970-01-01 11:52:52,2846.772,156.49138,-683.9416,3.28366,9.286444,71.02443
1970-01-01 11:52:53,2788.396,161.94955,-663.3,6.456417,7.7396107,71.11104
1970-01-01 11:52:54,2866.8386,164.22272,-970.3097,9.248637,-14.189775,71.64995
1970-01-01 11:52:55,2676.7852,166.41286,-428.56287,0.6132894,2.4678738,71.705246
1970-01-01 11:52:56,2767.7576,157.54268,-658.2117,0.9632114,15.999744,72.765526
1970-01-01 11:52:57,2667.4788,161.86285,-535.3159,1.9525793,-19.609625,74.76483
1970-01-01 11:52:58,2732.185,149.83632,-787.4515,5.213461,-16.362873,76.40023
1970-01-01 11:52:59,2796.1895,161.27591,-642.9344,-0.907146,10.943845,76.912094
1970-01-01 11:53:00,2773.7896,158.51288,-951.5149,2.493236,-11.319507,75.989685
1970-01-01 11:53:01,2885.2456,158.02246,-756.51605,2.946403,13.8176365,75.89433
1970-01-01 11:53:02,2587.1523,157.12296,-619.75934,0.05614214,5.437256,75.34612
1970-01-01 11:53:03,2766.0789,160.15604,-1033.0742,-3.3264284,8.043657,74.45605
1970-01-01 11:53:04,2630.0642,161.16429,-903.6809,2.828611,7.037898,74.77166
1970-01-01 11:53:05,2650.626,154.64537,-534.7745,0.7127833,-4.536403,74.5189
1970-01-01 11:53:06,2713.2866,155.43837,-743.51697,-0.8062859,2.9380264,75.645615
1970-01-01 11:53:07,2763.1965,161.69403,-601.9303,-2.6108544,-1.2149911,76.62122
1970-01-01 11:53:08,2694.6772,157.45993,-905.5032,-1.9093751,5.1482577,76.84446
1970-01-01 11:53:09,2761.1199,158.47614,-824.4696,-0.9265483,-1.5095537,76.91962
1970-01-01 11:53:10,2709.4102,161.29758,-868.7198,0.27817357,0.4786877,76.19097
1970-01-01 11:53:11,2826.0005,156.59721,-586.5291,1.7151479,5.38242,76.90188
1970-01-01 11:53:12,2615.2886,151.85696,-393.8484,-1.670652,-3.6804736,75.96635
1970-01-01 11:53:13,2597.3796,156.00877,-869.3038,3.360366,7.4710965,75.29644
1970-01-01 11:53:14,2537.704,160.86266,-542.50586,0.49785036,-7.801047,75.58872
1970-01-01 11:53:15,2554.527,154.89154,-754.6753,1.7071738,-11.589774,76.08521
1970-01-01 11:53:16,2583.2112,157.88675,,-1.814698,4.7803173,77.8765
1970-01-01 11:53:17,2538.9026,165.2747,-720.64087,1.933128,5.431021,79.032234
1970-01-01 11:53:18,2518.5095,162.75163,-1086.647,1.1049515,9.877037,79.56993
1970-01-01 11:53:19,2654.6252,164.9709,-657.3078,0.8834497,-2.0644317,78.946465
1970-01-01 11:53:20,2598.2744,157.82513,-532.9855,-3.8367984,1.5183712,79.11352
1970-01-01 11:53:21,2457.7808,162.92822,-1064.7244,4.44381,-8.436555,81.17822
1970-01-01 11:53:22,2591.6638,160.30186,-785.154,10.318953,25.85651,81.933426
1970-01-01 11:53:23,2594.1653,161.7642,-777.29407,-0.4530382,8.747661,81.26607
1970-01-01 11:53:24,2557.8171,162.90442,-785.70483,1.5013115,0.0077055576,80.45163
1970-01-01 11:53:25,2538.2722,164.28923,-712.076,5.28866,-2.8718314,79.60939
1970-01-01 11:53:26,2397.735,156.18459,-673.1232,1.5686215,16.883059,79.759415
1970-01-01 11:53:27,2616.6658,159.54291,-911.4536,3.072471,-4.760131,77.30208
1970-01-01 11:53:28,2470.175,152.7126,-550.2669,3.5448472,-15.264385,75.83619
1970-01-01 11:53:29,2524.9556,161.8839,-692.32776,5.313153,-2.3949986,76.77524
1970-01-01 11:53:30,2326.2268,155.8111,-821.8313,-2.252839,-11.067013,77.17868
1970-01-01 11:53:31,2370.242,163.60896,-587.1134,4.360885,6.8151298,78.672134
1970-01-01 11:53:32,2340.1184,160.00381,-920.9409,-0.41971615,-3.5375633,78.078285
1970-01-01 11:53:33,2394.7083,159.89021,-734.1681,-2.472046,3.7671132,77.994774
1970-01-01 11:53:34,2496.6714,158.90353,-717.5553,0.7248425,18.178947,78.788315
1970-01-01 11:53:35,2311.1904,158.03078,-546.47107,2.4407458,7.7323856,77.119415
1970-01-01 11:53:36,2346.0005,155.0944,-753.9068,3.646325,0.511649,77.65273
1970-01-01 11:53:37,2238.2795,165.10146,-928.3772,0.033942506,-2.3409462,79.77114
1970-01-01 11:53:38,2272.4495,157.38295,-1231.63,0.6349727,6.2171416,78.483345
1970-01-01 11:53:39,2417.6438,162.72282,-517.64417,2.0610547,4.4779463,77.59254
1970-01-01 11:53:40,2288.5747,161.75214,-805.69965,3.5498042,-12.33848,76.29296
1970-01-01 11:53:41,2356.8018,154.02148,-587.9192,-1.227067,-5.219223,78.457146
1970-01-01 11:53:42,2192.8223,164.81511,-423.63257,0.61415404,0.95484054,78.65957
1970-01-01 11:53:43,2299.274,161.59203,-668.86786,3.7441657,-6.178141,78.93664
1970-01-01 11:53:44,2329.3745,157.99153,-756.9927,-2.7027628,-3.9365366,79.79486
1970-01-01 11:53:45,2096.1353,158.78246,-571.6655,-2.8060267,9.27917,79.932304
1970-01-01 11:53:46,2307.2922,157.71118,-552.4935,4.9873505,-6.618213,81.23753
1970-01-01 11:53:47,2151.7046,155.60152,-875.9198,-0.93256944,-10.429558,82.73209
1970-01-01 11:53:48,2411.9717,158.24123,-904.9712,0.5699559,-4.4698324,81.73099
1970-01-01 11:53:49,2161.6863,163.63573,-674.2802,6.184227,-14.062401,81.94057
1970-01-01 11:53:50,2225.0667,153.44666,-891.8262,0.60408175,7.4263806,82.217186
1970-01-01 11:53:51,2257.275,151.65794,-744.0321,5.1649218,2.7833412,81.72814
1970-01-01 11:53:52,2171.8398,,-1042.4116,3.0260024,-2.5485725,82.188194
1970-01-01 11:53:53,2172.0508,154.85126,-919.0768,-0.12531771,-4.221743,82.060394
1970-01-01 11:53:54,2171.7566,165.93095,-701.9918,1.7397497,19.488731,80.99726
1970-01-01 11:53:55,2244.8462,156.15372,-738.65967,-4.929744,14.896018,80.4623
1970-01-01 11:53:56,2103.172,158.4814,-861.15845,3.2786233,-10.766017,80.502495
1970-01-01 11:53:57,2175.9084,163.55995,-1009.59375,3.7634616,10.527156,80.627304
1970-01-01 11:53:58,2086.0422,163.60979,-706.72156,2.2168014,3.4236069,82.30442
1970-01-01 11:53:59,2102.7117,162.02138,-649.5194,2.8852346,-3.46875,81.52206
1970-01-01 11:54:00,2061.844,161.12436,-686.09125,3.7633903,-9.273811,82.84337
1970-01-01 11:54:01,2054.6494,159.5471,-858.441,3.2641718,-19.215364,81.65793
1970-01-01 11:54:02,2073.8687,167.54315,-880.4867,2.1012573,-31.423061,81.851776
1970-01-01 11:54:03,2126.999,162.80898,-895.16064,3.9147255,-5.061925,80.94539
1970-01-01 11:54:04,1980.4266,165.16322,-1011.65485,2.748703,-9.904196,82.09031
1970-01-01 11:54:05,2006.641,154.30666,-836.4061,-0.13138661,-15.7924595,81.22534
1970-01-01 11:54:06,1959.4382,154.2616,-793.494,2.5468087,8.463492,81.15305
1970-01-01 11:54:07,1932.5621,149.4611,-977.8404,-1.5399182,2.7835,80.415764
1970-01-01 11:54:08,1963.8043,156.0976,-698.54486,1.7915212,-12.915499,81.85973
1970-01-01 11:54:09,1972.4572,164.40196,-935.06683,-0.03134387,6.992977,80.271
1970-01-01 11:54:10,2027.5328,159.25014,-755.18604,-1.4274918,1.8824233,82.16979
1970-01-01 11:54:11,2034.0698,157.19125,-675.6861,0.9306035,17.872229,82.06967
1970-01-01 11:54:12,1949.5199,158.00916,-741.1075,1.260862,-0.697603,80.326035
1970-01-01 11:54:13,1942.721,161.23093,-752.5969,-3.0208921,-2.913891,81.68843
1970-01-01 11:54:14,1947.0564,162.01541,-547.8512,0.35521907,1.4242615,82.743744
1970-01-01 11:54:15,1958.9971,161.5039,-739.6702,1.7142476,5.6348896,81.510056
1970-01-01 11:54:16,1873.1868,160.97655,-722.53796,7.828265,5.4355035,81.08235
1970-01-01 11:54:17,2015.6218,156.78554,-435.81757,4.2650485,6.7059298,80.907684
1970-01-01 11:54:18,1913.9553,159.01486,-789.5587,6.1434784,-4.50943,80.66427
1970-01-01 11:54:19,1967.8901,152.61243,-860.6156,0.8701782,1.0958377,80.09217
1970-01-01 11:54:20,1840.8284,165.43202,-819.4403,1.9835222,11.281881,79.56594
1970-01-01 11:54:21,1816.1099,158.646,-836.6241,2.180811,-1.3225114,80.89046
1970-01-01 11:54:22,1864.3854,158.62675,-649.1813,7.0160356,-0.55952156,81.36757
1970-01-01 11:54:23,1771.7142,155.57579,-866.78253,-0.7003035,-3.1705997,81.876144
1970-01-01 11:54:24,2009.5942,166.41113,-779.1781,3.4639,-21.631926,81.52744
1970-01-01 11:54:25,1861.084,154.69543,-792.2861,0.17955424,14.580315,81.83158
1970-01-01 11:54:26,1820.4417,157.85841,-569.90234,-0.50116813,17.483736,81.62298
1970-01-01 11:54:27,1883.4956,157.09332,-822.17346,4.0832086,-22.76925,82.71142
1970-01-01 11:54:28,1815.9203,157.97313,-1190.6378,-0.38506597,6.9855833,81.82892
1970-01-01 11:54:29,1733.7858,162.36601,-732.5124,4.358427,6.3893056,82.380196
1970-01-01 11:54:30,1788.6733,163.5987,-1170.1685,-1.7572412,1.0478764,83.2537
1970-01-01 11:54:31,1745.9374,157.75876,-1173.8005,1.0001419,5.01403,83.91397
1970-01-01 11:54:32,1806.6327,165.20374,-890.9742,-0.32290658,-15.011356,85.69919
1970-01-01 11:54:33,1657.0682,156.78311,-872.8362,7.499052,10.084968,85.57754
1970-01-01 11:54:34,1779.7833,165.5512,-626.29315,6.239777,-2.792665,86.293526
1970-01-01 11:54:35,1583.1293,159.54929,-997.6086,7.38266,-13.949016,85.158195
1970-01-01 11:54:36,1628.437,163.5106,-802.24023,5.108575,17.533175,85.27029
1970-01-01 11:54:37,1898.2961,159.20042,-986.38275,7.0600805,-10.531179,85.13649
1970-01-01 11:54:38,1707.4875,155.48427,-1012.1643,3.4106607,-4.0048547,85.15302
1970-01-01 11:54:39,1716.2845,162.36308,-702.6643,-0.14204979,-7.562662,83.46248
1970-01-01 11:54:40,1593.7104,161.42677,-417.32755,2.5882483,3.6881912,80.83638
1970-01-01 11:54:41,1609.495,155.66185,-891.3842,1.5152261,8.285369,80.935585
1970-01-01 11:54:42,1629.0146,157.8005,-368.1751,6.4262867,13.875278,81.45698
1970-01-01 11:54:43,1652.4753,157.53592,-661.28876,-0.036561154,23.957829,81.89424
1970-01-01 11:54:44,1563.749,164.64438,-606.0706,-1.6427461,6.3347344,81.03544
1970-01-01 11:54:45,1550.8774,155.71353,-585.9145,-2.8892982,13.425467,81.49661
1970-01-01 11:54:46,1686.208,152.37648,-796.6114,4.8903584,-2.1927578,83.02606
1970-01-01 11:54:47,1535.4763,151.83995,-867.31195,1.232189,2.2869542,81.367455
1970-01-01 11:54:48,1579.4783,157.30304,-437.89865,-6.666699,-15.222726,82.5856
1970-01-01 11:54:49,1550.9685,157.3188,-1078.3057,4.676038,-23.17432,81.374916
1970-01-01 11:54:50,1533.0887,155.63745,-1048.1598,3.1511948,11.901636,81.54814
1970-01-01 11:54:51,1571.7562,161.06361,-460.7141,-2.7672842,7.492337,79.54221
1970-01-01 11:54:52,1476.9991,156.75594,-875.324,4.7776423,-26.271656,81.35971
1970-01-01 11:54:53,1586.4827,155.42973,-616.89764,4.6791806,2.066648,81.36625
1970-01-01 11:54:54,1472.3289,155.29692,-657.2277,2.5570612,-13.308166,81.867805
1970-01-01 11:54:55,1353.1439,165.01541,-639.21606,0.28554288,14.95113,84.27302
1970-01-01 11:54:56,1448.7025,158.48038,-971.6201,3.359489,-3.0300848,83.71438
1970-01-01 11:54:57,1525.1356,160.92664,-871.54065,3.937381,5.688936,81.6141
1970-01-01 11:54:58,1648.8453,160.60976,-965.4017,5.19107,-7.953947,83.21979
1970-01-01 11:54:59,1441.0254,156.24254,-1115.6837,6.8959804,-12.338234,82.283936
1970-01-01 11:55:00,1443.0775,164.93423,-875.0149,-1.6431835,-0.82851136,82.25209
1970-01-01 11:55:01,1410.7974,157.95955,-888.76807,6.331981,17.235977,82.39546
1970-01-01 11:55:02,1430.5356,159.07043,-855.1715,1.6686969,-6.4131966,81.7068
1970-01-01 11:55:03,1434.3513,163.80429,-1151.6395,3.4040582,-4.9147043,83.00732
1970-01-01 11:55:04,1374.5043,159.40428,-885.9085,2.6680288,9.858306,81.14496
1970-01-01 11:55:05,1479.9491,159.84927,-803.1262,3.3100624,-14.802241,80.69637
1970-01-01 11:55:06,1265.7842,162.23926,-708.5948,3.173708,5.8338957,82.06755
1970-01-01 11:55:07,1276.5558,162.02933,-827.3945,-1.3151889,8.905357,81.73698
1970-01-01 11:55:08,1147.3888,157.9892,-941.14,-2.2895956,2.778019,83.462555
1970-01-01 11:55:09,1311.2853,161.43404,-744.7791,7.1010623,10.431678,83.64668
1970-01-01 11:55:10,1398.1908,159.78555,-696.60077,,5.8981814,84.79224
1970-01-01 11:55:11,1196.98,161.97513,-861.46906,0.76183796,8.735977,84.421074
1970-01-01 11:55:12,1255.5792,158.64334,-1053.3052,4.7111006,-5.017723,84.22369
1970-01-01 11:55:13,1418.2104,159.28448,-570.5188,4.7943263,9.749781,85.42089
1970-01-01 11:55:14,1381.9988,158.37697,-1000.2598,8.670561,-0.7581602,85.28207
1970-01-01 11:55:15,1258.3362,161.88615,-735.3861,4.280361,12.3116255,85.92353
1970-01-01 11:55:16,1223.998,156.40347,-796.76196,0.62357396,-13.474604,86.05489
1970-01-01 11:55:17,1132.4906,158.43013,-1054.4587,2.3307838,-3.245104,86.421524
1970-01-01 11:55:18,1196.4122,162.9949,-362.41934,2.0515115,-1.1018409,85.96908
1970-01-01 11:55:19,1356.7964,162.18147,-881.2464,-1.4341234,-8.143564,85.97863
1970-01-01 11:55:20,1042.52,158.02556,-1051.7572,2.2110956,13.906013,87.315315
1970-01-01 11:55:21,1157.0929,159.01817,-650.03015,3.748099,10.084325,86.70873
1970-01-01 11:55:22,1207.2675,152.25267,-669.2125,4.7089777,-1.9557045,85.850876
1970-01-01 11:55:23,1139.3921,155.82558,-1254.0101,-2.422076,8.337258,86.28315
1970-01-01 11:55:24,1189.2891,166.64827,-871.98865,5.83988,-4.934181,86.557846
1970-01-01 11:55:25,994.139,159.16966,-770.74994,2.244612,6.191755,87.55105
1970-01-01 11:55:26,1206.5466,162.53047,-848.0269,1.1687225,12.512084,87.96385
1970-01-01 11:55:27,1185.8356,161.44563,-1178.24,1.3057349,-18.092888,90.08802
1970-01-01 11:55:28,1204.7897,157.33664,-762.38184,0.92454785,17.708601,90.29253
1970-01-01 11:55:29,1107.1414,160.60303,-1140.3644,-6.362227,8.504929,91.478516
1970-01-01 11:55:30,1099.8042,157.67323,-966.9884,1.2322626,14.727437,91.41791
1970-01-01 11:55:31,1141.7377,162.15291,-695.4067,0.57097703,5.365113,91.100426
1970-01-01 11:55:32,998.1318,151.54485,-865.45526,0.6845261,4.701582,91.35078
1970-01-01 11:55:33,1071.8075,162.32288,-894.7719,0.6970633,6.510542,90.13226
1970-01-01 11:55:34,1052.9047,164.31859,-909.14996,0.9083893,-4.9681034,88.88725
1970-01-01 11:55:35,860.5223,160.38403,-656.15717,-3.5651376,-14.26762,89.7167
1970-01-01 11:55:36,997.61584,165.66495,-1243.7664,0.68751997,-11.25621,89.66624
1970-01-01 11:55:37,1118.2644,159.35457,-874.1644,8.000775,5.329865,88.78948
1970-01-01 11:55:38,1097.4272,161.84108,-937.9987,-4.7538295,6.522667,88.85846
