timestamp,altmsl,ias,vspd,pitch,roll,hdg
1970-01-01 08:20:00,-48.374912,115.451515,387.83752,-1.4529335,6.8042755,0.23779547
1970-01-01 08:20:01,30.146202,123.08052,1277.5663,2.2284248,-0.35279077,359.0615
1970-01-01 08:20:02,-47.105267,119.62078,1032.622,3.9310944,15.469005,358.89532
1970-01-01 08:20:03,29.386078,119.72878,760.3856,5.841811,2.0050862,0.7300052
1970-01-01 08:20:04,215.1427,122.774475,737.7635,-0.11449925,-3.8006942,0.96490395
1970-01-01 08:20:05,-30.612835,122.122,910.8232,0.49706095,0.8942171,358.85263
1970-01-01 08:20:06,-28.584494,113.064735,750.23334,1.0102985,11.040305,358.3923
1970-01-01 08:20:07,33.89665,115.55723,1153.013,0.91843474,7.1297364,356.98657
1970-01-01 08:20:08,178.21077,115.23566,990.8773,2.8930798,-0.7025203,356.6935
1970-01-01 08:20:09,35.76216,121.759735,1002.4329,2.4724782,4.524873,355.952
1970-01-01 08:20:10,264.973,116.44656,1043.0819,5.0385575,0.88976634,356.97803
1970-01-01 08:20:11,175.90367,123.23698,541.6048,3.3037245,-14.403564,357.37244
1970-01-01 08:20:12,231.41765,113.49494,966.7066,3.8015437,-3.919832,356.88412
1970-01-01 08:20:13,282.3652,127.36453,849.22974,1.4803821,-2.8132737,355.90005
1970-01-01 08:20:14,156.30844,123.08862,836.3891,-1.1528448,-4.730236,355.923
1970-01-01 08:20:15,288.5478,121.61977,906.5492,1.6438926,-6.788266,354.97104
1970-01-01 08:20:16,90.446335,119.118484,867.22253,3.675863,-11.605802,354.93625
1970-01-01 08:20:17,283.76868,122.970535,895.38763,-2.0938118,-15.871542,356.22986
1970-01-01 08:20:18,306.28168,127.02012,906.5953,-0.3125024,1.3729311,358.50977
1970-01-01 08:20:19,338.22147,129.24094,699.7655,1.3697958,-28.826721,358.54416
1970-01-01 08:20:20,325.96964,117.726875,839.70447,4.25445,4.668269,357.51404
1970-01-01 08:20:21,,121.47065,265.215,1.6157246,-3.3022387,359.56036
1970-01-01 08:20:22,331.70734,119.14116,789.09735,-3.483703,-15.555976,359.81668
1970-01-01 08:20:23,413.33542,,641.5893,-4.3785005,-8.636285,2.466993
1970-01-01 08:20:24,245.27415,116.12906,1327.9396,1.8258975,-1.1640614,3.51408
1970-01-01 08:20:25,395.94012,122.573135,784.9995,3.0447757,-27.636896,4.0270567
1970-01-01 08:20:26,247.05078,122.320984,1236.3475,1.9286134,-7.606459,6.1280837
1970-01-01 08:20:27,451.30002,126.02215,622.88794,2.4509976,-5.69433,5.978496
1970-01-01 08:20:28,521.84906,116.31709,747.8815,-0.7868982,-2.6548953,5.213699
1970-01-01 08:20:29,509.54623,119.42457,909.51636,2.05803,5.0213423,4.394941
1970-01-01 08:20:30,532.14636,,845.3254,1.6362699,15.7312355,4.081656
1970-01-01 08:20:31,585.65686,126.392746,463.3497,4.0729513,-13.297445,3.2280455
1970-01-01 08:20:32,588.747,125.91508,839.2324,5.206345,-3.883443,5.0616236
1970-01-01 08:20:33,529.7161,118.59437,748.04846,1.1033938,1.5089965,5.117607
1970-01-01 08:20:34,532.74725,124.84752,397.073,0.91194695,-21.229996,6.042368
1970-01-01 08:20:35,497.7775,119.09454,894.57666,1.0259441,-3.6612349,7.285167
1970-01-01 08:20:36,543.19354,117.48295,651.8374,2.9554503,4.4905314,7.9435077
1970-01-01 08:20:37,600.96356,120.7616,579.74133,5.608655,2.2651508,8.534761
1970-01-01 08:20:38,755.23047,123.80852,833.571,-0.20070897,9.230088,8.452776
1970-01-01 08:20:39,661.0618,122.01113,794.0085,0.57396454,14.724426,8.762521
1970-01-01 08:20:40,706.7428,124.760925,854.8934,-0.99387556,8.679562,9.513697
1970-01-01 08:20:41,739.9338,122.33083,747.5776,0.22504,6.073262,10.952465
1970-01-01 08:20:42,542.73596,120.766174,780.76044,-0.65195286,4.6575084,9.416552
1970-01-01 08:20:43,734.5558,116.2345,1013.8647,0.87841505,2.50712,8.987511
1970-01-01 08:20:44,882.9759,121.581085,1159.2416,4.076598,-5.9665318,9.979935
1970-01-01 08:20:45,725.59607,115.29723,844.9577,-1.613641,1.0236294,10.026993
1970-01-01 08:20:46,821.863,121.59684,886.77496,-1.6849313,21.200272,9.479227
1970-01-01 08:20:47,968.8082,125.06238,799.8671,2.2366254,11.158205,8.724698
1970-01-01 08:20:48,801.0628,115.24868,571.5477,1.6958567,-2.9114347,10.512692
1970-01-01 08:20:49,819.89124,118.65901,1132.2137,5.7318907,-16.894602,11.177998
1970-01-01 08:20:50,870.2754,117.42407,784.27905,4.8304825,2.046298,12.394645
1970-01-01 08:20:51,827.378,122.18869,795.18634,3.8952396,-3.5917516,13.373641
1970-01-01 08:20:52,849.0692,114.158165,965.70374,4.4646997,12.121502,14.529546
1970-01-01 08:20:53,951.34125,117.18207,699.9346,11.887901,-1.2648878,14.4222975
1970-01-01 08:20:54,932.5968,125.60078,707.61816,-5.5260696,-13.7673855,14.350098
1970-01-01 08:20:55,965.719,124.48364,569.1687,3.8208048,-4.5979815,14.256427
1970-01-01 08:20:56,941.5801,117.11341,1083.0939,0.22760554,5.784854,13.978204
1970-01-01 08:20:57,1058.9482,118.711235,250.91026,5.7109613,6.906721,
1970-01-01 08:20:58,894.9987,118.82011,701.498,0.51430875,3.3800774,15.494543
1970-01-01 08:20:59,1074.2686,124.28731,907.59576,3.1880608,4.798478,14.756982
1970-01-01 08:21:00,1110.9044,118.47722,967.3107,4.2553515,5.475684,14.710462
1970-01-01 08:21:01,987.99146,117.64901,708.46735,1.6918969,-10.743921,13.105426
1970-01-01 08:21:02,1212.3762,118.25008,775.7591,5.1764464,10.073469,12.687608
1970-01-01 08:21:03,983.6848,120.92609,854.85095,2.288338,2.3824637,12.422992
1970-01-01 08:21:04,1011.0638,126.23798,612.4919,7.178676,-13.94184,12.458429
1970-01-01 08:21:05,1118.3206,124.02468,1003.6194,3.143628,-12.1608925,13.004946
1970-01-01 08:21:06,1083.066,120.39656,681.99896,2.479381,29.61106,13.6190195
1970-01-01 08:21:07,1239.6965,117.76922,795.1478,-1.7248564,-7.2335343,14.192886
1970-01-01 08:21:08,1246.2385,120.639175,735.66296,4.721465,-2.9967747,13.100159
1970-01-01 08:21:09,1207.644,122.077255,505.4432,-2.5136428,11.844844,13.128001
1970-01-01 08:21:10,1134.0193,127.07836,797.49274,5.402237,14.848378,13.662486
1970-01-01 08:21:11,1231.9977,117.85254,1186.6672,1.0644674,-9.70188,14.120156
1970-01-01 08:21:12,1122.8993,119.215385,958.93195,2.6520813,-9.698663,15.020356
1970-01-01 08:21:13,1213.2866,121.355705,703.3266,2.3979414,5.1374526,16.172571
1970-01-01 08:21:14,1206.5962,113.048485,1012.2621,-1.520349,1.1100603,16.367882
1970-01-01 08:21:15,1379.703,125.62177,887.17865,1.3901737,11.4635725,17.877653
1970-01-01 08:21:16,1213.7339,113.63322,651.17645,1.5483426,4.509277,16.102331
1970-01-01 08:21:17,1529.1407,126.98979,894.81146,1.9811425,0.46985066,15.323083
1970-01-01 08:21:18,1357.3218,121.0056,744.5477,-1.5082147,9.05384,15.586146
1970-01-01 08:21:19,1328.9368,118.31294,633.1077,0.4301853,,16.135033
1970-01-01 08:21:20,1168.7952,121.94141,737.024,5.8374352,10.937067,17.0158
1970-01-01 08:21:21,1543.7493,128.1143,913.4487,-0.4656921,8.114834,20.396515
1970-01-01 08:21:22,1495.5687,114.93974,810.5945,-1.3071891,-0.10423901,20.055855
1970-01-01 08:21:23,1397.3937,118.931526,418.8487,5.362133,-0.9186301,18.787897
1970-01-01 08:21:24,1485.7743,116.17393,749.15344,-1.3655112,6.1758447,16.972446
1970-01-01 08:21:25,1370.9885,122.4179,931.2372,6.952041,5.217961,14.737646
1970-01-01 08:21:26,1527.0991,115.24136,847.938,0.58246434,-7.178036,13.439428
1970-01-01 08:21:27,1356.1279,119.45109,820.71783,5.3540215,-5.3608155,12.455767
1970-01-01 08:21:28,1537.9713,117.38426,886.27185,1.2103612,3.0144594,11.617428
1970-01-01 08:21:29,1433.5796,119.55207,762.54987,4.107519,-17.503998,11.843082
1970-01-01 08:21:30,1563.8408,124.68633,923.96075,7.836732,0.7010229,11.373748
1970-01-01 08:21:31,1395.6055,120.42328,973.9376,-0.17350225,-3.6355193,11.868676
1970-01-01 08:21:32,1589.4666,123.87176,908.8988,2.2044168,-7.207301,13.986101
1970-01-01 08:21:33,1674.314,119.800186,392.9782,-3.0061817,0.11362277,14.435696
1970-01-01 08:21:34,1500.9739,117.25075,835.635,4.275638,0.55332464,13.509993
1970-01-01 08:21:35,1641.012,122.243164,653.13873,5.7084966,5.829252,12.732693
1970-01-01 08:21:36,1505.9377,116.854195,847.2392,2.8555467,,12.028847
1970-01-01 08:21:37,1559.6752,116.343,800.2014,4.350398,-7.5781446,12.39789
1970-01-01 08:21:38,1752.488,122.48877,622.8122,2.6158173,5.725276,13.247962
1970-01-01 08:21:39,1561.9901,117.71303,892.03894,0.09685499,5.507121,16.613464
1970-01-01 08:21:40,1890.3796,124.41738,650.6162,1.5688306,-15.268668,16.054495
1970-01-01 08:21:41,1707.9482,116.60133,1254.4314,2.619836,-2.678941,16.36219
1970-01-01 08:21:42,1622.7463,123.23909,1182.5552,6.300446,-19.487612,17.268042
1970-01-01 08:21:43,1743.4148,126.90124,567.76184,-0.96763396,13.48391,16.681664
1970-01-01 08:21:44,1942.039,122.06221,975.40796,1.4841828,-0.89293724,
1970-01-01 08:21:45,1657.6395,114.055084,727.21625,7.059564,7.6928673,15.313111
1970-01-01 08:21:46,1876.7483,119.0043,607.0099,6.983774,1.9702235,15.33914
1970-01-01 08:21:47,1727.4885,127.63064,304.98373,-0.8273205,12.457052,16.302153
1970-01-01 08:21:48,1808.8162,118.99672,807.9431,1.6148317,0.9761818,17.603134
1970-01-01 08:21:49,1722.1028,122.52309,820.4992,3.035083,7.7741766,16.48671
1970-01-01 08:21:50,1955.0172,124.73446,666.4833,2.293988,-7.005923,17.213829
1970-01-01 08:21:51,1863.3779,126.0081,1000.2332,4.2180576,-6.1087546,16.58516
1970-01-01 08:21:52,1916.154,119.74215,1257.4279,2.1610143,4.160806,15.564236
1970-01-01 08:21:53,1891.9895,124.845535,457.91235,0.9906884,-7.956563,15.103751
1970-01-01 08:21:54,1933.8181,120.77256,746.1034,-0.5143798,-15.472127,13.312081
1970-01-01 08:21:55,1954.8733,121.320404,577.27014,-4.1280518,2.8751323,13.170919
1970-01-01 08:21:56,1867.6273,122.45529,491.8258,4.4671316,3.0907385,13.235792
1970-01-01 08:21:57,2009.2808,119.01102,1027.8503,0.7027855,-8.396676,12.036011
1970-01-01 08:21:58,2002.4036,120.23821,1109.2614,-0.9072894,-13.484459,11.912961
1970-01-01 08:21:59,1960.4662,122.72841,802.5396,6.419697,-0.76942265,13.277874
1970-01-01 08:22:00,1915.2473,115.67399,420.00735,3.0980296,-4.3698473,13.836974
1970-01-01 08:22:01,2100.291,122.790726,634.7025,-0.06469317,1.5382035,16.537804
1970-01-01 08:22:02,2059.8247,126.384995,219.692,2.5608594,1.7998134,15.357486
1970-01-01 08:22:03,2120.5137,120.222145,788.0285,4.544949,-2.0780523,15.402998
1970-01-01 08:22:04,2075.0295,111.81554,677.707,2.0632212,-13.564201,14.779821
1970-01-01 08:22:05,2068.5818,119.622505,404.11658,3.3393447,2.3030434,13.480759
1970-01-01 08:22:06,2332.8164,124.72999,685.9921,1.1879739,-0.7650073,14.115812
1970-01-01 08:22:07,2272.9895,123.1674,747.8171,-1.1241093,-11.936912,15.501195
1970-01-01 08:22:08,2112.441,121.73538,559.5357,5.5554433,3.0763543,14.667258
1970-01-01 08:22:09,2314.5117,125.92406,636.24005,1.1270773,6.865385,15.098781
1970-01-01 08:22:10,2261.973,118.07566,899.13806,0.94703764,11.064205,16.543573
1970-01-01 08:22:11,2294.9224,122.56821,977.0312,3.4482977,-9.859939,17.99174
1970-01-01 08:22:12,2244.5845,121.85852,713.363,2.8834162,10.184503,18.953688
1970-01-01 08:22:13,2324.5286,125.61333,838.3984,1.4663429,-10.9323435,17.87997
1970-01-01 08:22:14,2361.456,121.645676,736.21014,-2.3220432,-0.62185913,17.694546
1970-01-01 08:22:15,2191.9797,128.06287,898.71045,5.9579525,-14.084275,17.501284
1970-01-01 08:22:16,2329.2917,127.57066,785.04236,5.5080304,4.102818,17.990257
1970-01-01 08:22:17,2347.5823,113.569275,349.98907,2.9419358,-9.622573,19.83268
1970-01-01 08:22:18,2418.4038,119.84608,565.6876,5.0474725,-0.28900513,21.764322
1970-01-01 08:22:19,2297.286,122.44359,997.183,7.3185587,3.839917,22.099783
1970-01-01 08:22:20,2368.2366,116.65144,855.3405,-3.1594403,5.16812,22.425592
1970-01-01 08:22:21,2442.4314,124.16981,493.37595,1.6864522,-11.231934,22.489012
1970-01-01 08:22:22,2368.9338,118.22697,860.8924,7.150245,3.8378406,22.658371
1970-01-01 08:22:23,2591.6633,127.941124,518.0361,0.75959456,1.8685243,24.019678
1970-01-01 08:22:24,2456.9177,125.30804,827.75793,0.92921835,-6.1510186,22.198553
1970-01-01 08:22:25,2466.323,119.86817,602.5995,4.810161,7.303812,23.237556
1970-01-01 08:22:26,2418.2324,119.90374,380.06854,0.8815695,-10.409476,23.695152
1970-01-01 08:22:27,2395.3594,120.58766,496.79037,8.322371,-9.334339,24.616467
1970-01-01 08:22:28,2558.2708,120.22321,1113.7938,6.5648546,-8.21452,22.993338
1970-01-01 08:22:29,2649.242,117.830605,1227.0764,5.400212,-7.408919,23.223671
1970-01-01 08:22:30,2396.751,118.07359,856.17163,-2.4451625,-13.832079,24.883587
1970-01-01 08:22:31,2554.5898,127.29266,810.39496,2.5734541,-8.686665,24.553318
1970-01-01 08:22:32,2495.1052,122.10038,973.5666,2.5672123,11.964848,25.034473
1970-01-01 08:22:33,2489.5122,114.0149,1015.77637,3.3681054,4.602979,26.33001
1970-01-01 08:22:34,2519.6465,125.05055,766.5732,4.1660023,-5.7185955,25.651327
1970-01-01 08:22:35,2680.0657,118.92347,645.6318,-3.9168832,-9.912263,24.112717
1970-01-01 08:22:36,2588.717,122.392944,1086.7352,0.9795471,7.4509115,24.964918
1970-01-01 08:22:37,2813.1294,,1148.0789,4.48187,-16.801804,23.968588
1970-01-01 08:22:38,2504.0447,123.96552,768.1479,0.15524802,-2.7554586,23.123186
1970-01-01 08:22:39,2927.2927,117.47567,669.243,2.3859818,5.04422,23.68381
1970-01-01 08:22:40,2723.215,121.65014,1082.7827,5.4487095,5.2296357,24.980417
1970-01-01 08:22:41,2708.4897,125.60084,527.5893,0.9073017,-11.067915,25.431326
1970-01-01 08:22:42,2689.8699,121.69968,718.0493,4.708858,13.244571,26.215252
1970-01-01 08:22:43,2755.6875,122.42596,942.2366,5.747928,-6.1219487,26.510752
1970-01-01 08:22:44,2878.917,123.03568,1184.9534,5.0488405,4.4046264,26.887003
1970-01-01 08:22:45,2814.7278,122.20666,941.5541,5.036404,-6.9435673,27.001715
1970-01-01 08:22:46,2803.22,119.82973,682.85376,-4.2981467,23.919046,28.592829
1970-01-01 08:22:47,2928.9663,117.439644,876.13245,4.653854,8.221085,28.003408
1970-01-01 08:22:48,2855.9678,117.73986,1063.6508,1.4172037,3.6908138,29.062107
1970-01-01 08:22:49,2967.7268,128.6844,1128.4387,5.092106,-17.343359,30.589136
1970-01-01 08:22:50,2940.7231,121.216995,521.16113,0.8088351,-20.089931,29.555208
1970-01-01 08:22:51,2908.8083,116.773476,822.7686,2.2088993,-20.670288,
1970-01-01 08:22:52,2883.203,116.54197,512.19257,-3.6955066,0.37474284,30.150404
1970-01-01 08:22:53,2828.572,116.87316,847.8958,-3.461453,7.2171106,30.448814
1970-01-01 08:22:54,2993.4421,116.80937,441.12082,4.98301,-14.090461,30.195591
1970-01-01 08:22:55,2794.6921,125.05595,616.0382,-1.8885566,-0.849106,29.987064
1970-01-01 08:22:56,3000.4817,119.699936,692.4337,4.355289,12.574437,30.43776
1970-01-01 08:22:57,3080.5786,123.284996,812.81,3.964226,7.4956107,30.262707
1970-01-01 08:22:58,3013.5417,121.15172,822.71545,4.3993893,12.268617,29.332508
1970-01-01 08:22:59,3031.9072,124.49176,900.56384,5.9441566,8.830363,29.531986
1970-01-01 08:23:00,3079.0068,121.41745,664.7747,6.3938704,3.0422976,29.666882
1970-01-01 08:23:01,3072.3188,123.52744,815.8636,11.309579,-0.11612344,30.202438
1970-01-01 08:23:02,3178.4006,126.101555,754.6545,1.7609258,6.168293,29.737791
1970-01-01 08:23:03,3156.0225,119.027916,682.9999,4.9347124,-0.6952657,27.614
1970-01-01 08:23:04,3270.6406,121.470314,1059.3285,2.5233853,-9.73774,28.496357
1970-01-01 08:23:05,3150.6038,120.471565,1242.3608,-2.5899801,0.40247586,29.456593
1970-01-01 08:23:06,3188.9194,117.90276,701.4055,6.6620264,17.952448,28.633995
1970-01-01 08:23:07,3299.6443,124.214714,756.8504,3.1036835,7.278955,27.133347
1970-01-01 08:23:08,3194.467,119.709656,832.70874,2.5037575,-14.936038,27.324562
1970-01-01 08:23:09,3302.1426,112.76373,912.0582,3.828244,-3.2648342,29.050064
1970-01-01 08:23:10,3312.5002,121.503174,798.9873,1.2354982,4.109459,28.806984
1970-01-01 08:23:11,3330.1924,118.67983,651.3424,0.6196996,16.50628,28.630064
1970-01-01 08:23:12,3240.1726,118.036804,862.5568,0.21214247,7.1239023,28.948347
1970-01-01 08:23:13,3308.9543,121.365204,785.3231,2.9248772,6.5035424,29.16325
1970-01-01 08:23:14,3184.3513,125.47336,566.05225,4.5339823,-1.6399258,28.766333
1970-01-01 08:23:15,3293.4087,118.529854,460.7176,,-15.315121,30.093826
1970-01-01 08:23:16,3321.3127,118.15967,1106.2781,1.8175514,-7.9521956,30.363089
1970-01-01 08:23:17,3335.2146,125.26239,780.66534,-2.4813821,8.95732,30.605087
1970-01-01 08:23:18,3511.7192,124.2065,767.3007,0.0967833,-8.688725,30.247126
1970-01-01 08:23:19,3425.6619,123.900444,483.38882,4.210882,9.117682,30.78344
1970-01-01 08:23:20,3375.296,121.32506,1016.67035,0.5584486,-14.6619215,30.321655
1970-01-01 08:23:21,3442.6387,117.110245,696.6054,4.6312437,-21.75453,28.750303
1970-01-01 08:23:22,3365.7668,124.03475,925.28973,-0.852848,2.8548381,27.20589
1970-01-01 08:23:23,3559.5955,123.09207,473.88397,2.5656724,20.852589,27.489893
1970-01-01 08:23:24,3555.777,120.33328,615.0976,1.6331273,17.332455,25.737545
1970-01-01 08:23:25,3323.3562,116.66917,1102.2843,4.384649,-1.8112774,25.978802
1970-01-01 08:23:26,3447.9675,123.58217,827.96893,5.1156993,-17.40852,26.891737
1970-01-01 08:23:27,3479.4502,116.87913,417.57275,5.074289,-7.355968,26.73152
1970-01-01 08:23:28,3514.3662,116.88212,740.90515,-1.1929836,-12.615293,26.902264
1970-01-01 08:23:29,3585.5447,119.354385,622.0035,8.758977,-5.3776097,27.138716
1970-01-01 08:23:30,3565.877,117.462204,743.2695,4.885364,-0.45662233,25.983053
1970-01-01 08:23:31,3671.173,119.54597,890.4627,-4.153196,-28.12714,25.740122
1970-01-01 08:23:32,3585.2632,120.44856,954.3281,6.72451,-7.4762344,24.810362
1970-01-01 08:23:33,3606.6677,124.152534,904.6134,5.267886,-1.8684871,23.454979
1970-01-01 08:23:34,3735.3904,125.45722,1136.4408,5.1640897,3.247829,23.538332
1970-01-01 08:23:35,3554.1501,120.47876,823.1289,1.232777,-8.757901,23.598063
1970-01-01 08:23:36,3684.0662,119.2166,532.8822,2.7839534,-9.84012,23.473063
1970-01-01 08:23:37,3705.273,120.39897,,0.6715785,-0.6990291,23.528326
1970-01-01 08:23:38,3741.2559,119.39863,827.66986,4.043918,-16.234415,23.469423
1970-01-01 08:23:39,3596.2124,120.53818,1032.9076,4.926086,4.0757747,25.011019
1970-01-01 08:23:40,3658.053,109.97371,834.277,-1.4325507,-8.595675,26.07149
1970-01-01 08:23:41,3738.4082,124.28345,863.65234,3.6487384,-9.731849,27.420837
1970-01-01 08:23:42,3798.79,120.367065,1064.1294,6.960651,-18.035189,27.008408
1970-01-01 08:23:43,3838.6467,116.83057,1001.158,3.1475499,-8.598658,28.761202
1970-01-01 08:23:44,3829.2432,130.74477,767.2806,-0.46983045,-3.389103,28.54036
1970-01-01 08:23:45,3761.8474,123.83298,904.42773,1.5455223,1.9133011,29.977816
1970-01-01 08:23:46,3876.9758,122.21984,851.5049,-1.9603397,-7.5159917,31.47956
1970-01-01 08:23:47,3981.8572,116.328766,767.09875,4.37843,0.24949789,32.677273
1970-01-01 08:23:48,3706.5305,118.80335,976.64294,0.84487075,-9.23887,34.458454
1970-01-01 08:23:49,,121.773224,978.517,2.9852912,3.3242977,33.04917
1970-01-01 08:23:50,3990.6997,118.27592,732.5857,4.2548103,-4.716177,34.039608
1970-01-01 08:23:51,3805.3242,118.27668,814.6023,-0.87409586,-8.636719,34.787624
1970-01-01 08:23:52,3865.1384,130.63521,594.3102,3.6991093,8.44005,34.91898
1970-01-01 08:23:53,3944.6365,119.03818,824.74677,-1.0614016,2.089075,34.808598
1970-01-01 08:23:54,4042.251,123.33269,732.24194,0.6147874,10.419956,34.77198
1970-01-01 08:23:55,3960.0188,121.37525,1111.3024,3.1442251,4.866634,33.131523
1970-01-01 08:23:56,4122.156,125.33128,586.0158,12.558057,13.882489,33.34826
1970-01-01 08:23:57,4005.5078,119.25983,685.0989,0.4144141,12.959367,32.55033
1970-01-01 08:23:58,4133.642,119.95498,921.722,-4.080047,-25.126722,33.795773
1970-01-01 08:23:59,4031.2407,116.35942,964.51556,7.3515654,8.734401,33.801327
1970-01-01 08:24:00,4142.3564,117.98396,668.9319,-0.5439823,12.0508585,34.30783
1970-01-01 08:24:01,4085.688,125.02618,559.80164,2.657631,10.751547,32.837032
1970-01-01 08:24:02,4059.0854,122.03241,726.24,3.0974681,-0.8038473,31.530737
1970-01-01 08:24:03,4076.2058,119.79788,1031.2556,7.0661154,9.789473,31.332478
1970-01-01 08:24:04,4142.1416,120.557846,548.57074,-1.0747488,-12.595942,32.05419
1970-01-01 08:24:05,4157.9214,122.680145,885.22375,2.3363788,2.795037,33.223846
1970-01-01 08:24:06,4208.239,130.36108,646.5387,1.2209721,-7.9594965,32.712326
1970-01-01 08:24:07,4098.249,122.078156,600.3724,8.49065,10.743625,31.92301
1970-01-01 08:24:08,4395.325,114.83995,938.43634,1.7367562,-1.7513496,32.10339
1970-01-01 08:24:09,4328.8477,121.087524,1046.525,1.588086,1.9444591,33.39118
1970-01-01 08:24:10,4268.2305,122.6841,1101.2317,2.4347408,-27.403734,33.338726
1970-01-01 08:24:11,4301.174,118.408745,860.6983,1.014499,-3.7430995,33.607677
1970-01-01 08:24:12,4176.9404,126.04825,770.3197,5.7240286,0.7258404,34.408207
1970-01-01 08:24:13,4248.536,111.99682,1228.2034,2.3126807,11.2789955,35.299145
1970-01-01 08:24:14,4378.331,121.749855,973.3946,4.25073,-7.28897,35.977306
1970-01-01 08:24:15,4437.6978,121.83587,992.27625,,3.84134,37.07725
1970-01-01 08:24:16,4382.308,123.27583,980.421,0.28174654,12.07297,36.77686
1970-01-01 08:24:17,4385.676,125.32972,477.81564,5.963596,10.688494,37.97977
1970-01-01 08:24:18,4377.6655,118.28273,573.9519,2.063043,-14.634392,37.577988
1970-01-01 08:24:19,4432.4355,122.271,588.4674,-3.0563495,-4.879466,37.762222
1970-01-01 08:24:20,4389.0317,127.45367,1071.4001,-1.7876204,2.4463878,37.179317
1970-01-01 08:24:21,4403.973,118.15778,884.85596,2.484007,1.8185718,36.52803
1970-01-01 08:24:22,4452.4404,119.75706,1047.7561,2.2453737,15.20082,37.01625
1970-01-01 08:24:23,4454.36,123.87893,656.402,0.25458795,5.110275,36.108948
1970-01-01 08:24:24,4550.7725,120.959595,485.54758,0.8747826,10.916989,36.37238
1970-01-01 08:24:25,4631.255,118.97893,716.0044,2.8196044,9.171829,36.27082
1970-01-01 08:24:26,4492.369,117.642204,1146.213,-4.84686,-8.290153,37.234222
1970-01-01 08:24:27,4533.086,122.65508,856.6563,1.1840458,-3.58791,34.02373
1970-01-01 08:24:28,4630.603,119.060455,1305.5504,5.1383476,1.3616168,33.372734
1970-01-01 08:24:29,4612.959,118.51658,193.86496,2.5357778,-0.587698,31.760695
1970-01-01 08:24:30,4577.791,122.72265,1016.74603,4.4905853,1.529616,30.363056
1970-01-01 08:24:31,4712.7925,121.515564,764.4769,3.245938,1.0104102,29.446949
1970-01-01 08:24:32,4626.497,123.128944,569.84515,1.9915702,22.639574,29.482296
1970-01-01 08:24:33,4674.268,123.68879,690.48676,1.7114434,0.18583696,30.036922
1970-01-01 08:24:34,4765.7305,122.321205,711.1174,1.2462845,8.193129,29.439554
1970-01-01 08:24:35,4667.1455,119.725235,723.91144,-1.2958515,-2.9506922,29.978182
1970-01-01 08:24:36,4637.463,116.29997,816.73517,4.8671274,-6.5337133,29.373096
1970-01-01 08:24:37,4876.1787,123.60247,799.5033,3.9340386,4.8095922,29.621876
1970-01-01 08:24:38,4684.0625,125.961105,559.12024,-0.046337303,,27.932785
1970-01-01 08:24:39,4773.6367,120.15184,1067.7336,1.4169536,-6.7258453,29.225756
1970-01-01 08:24:40,4719.728,118.35552,763.2893,0.81621677,-1.211672,27.125328
1970-01-01 08:24:41,4640.0576,121.871056,956.9466,6.157072,-2.8216383,26.383595
1970-01-01 08:24:42,5028.9443,119.02253,854.3398,4.0616965,-12.3406725,27.306488
1970-01-01 08:24:43,4869.898,122.41443,822.3573,-0.2005069,-7.888558,25.19681
1970-01-01 08:24:44,4793.921,123.21697,864.45416,-1.3670415,3.2631273,26.040293
1970-01-01 08:24:45,4724.8477,125.460884,790.9808,-2.1326904,4.188824,24.282894
1970-01-01 08:24:46,4766.606,122.708916,762.879,-1.6041492,-11.539728,24.722046
1970-01-01 08:24:47,4917.3794,122.97103,470.38074,-2.6862025,-5.238141,25.650656
1970-01-01 08:24:48,4877.1963,125.47129,824.38873,6.7947593,-6.079446,25.853483
1970-01-01 08:24:49,4833.001,111.56005,659.66895,3.43824,-6.512891,
1970-01-01 08:24:50,4754.1074,119.41403,879.016,5.2933803,13.710582,23.299477
1970-01-01 08:24:51,4898.1323,118.50092,782.09644,2.5873847,-2.9284618,23.15702
1970-01-01 08:24:52,4841.421,123.19029,602.3236,-1.0535958,9.612568,23.244558
1970-01-01 08:24:53,5074.5767,120.50593,965.4525,3.922359,4.5714808,23.173326
1970-01-01 08:24:54,5122.665,131.3094,616.6163,3.9496422,-3.3347805,22.822557
1970-01-01 08:24:55,4991.7173,118.7906,974.2309,-3.8350797,-11.622355,23.078009
1970-01-01 08:24:56,4993.415,115.126915,793.91895,1.4896379,-9.656993,24.58958
1970-01-01 08:24:57,5109.033,,927.76715,-3.7286239,-1.4393945,25.746117
1970-01-01 08:24:58,5046.411,125.29463,848.35223,0.058767322,0.25414112,24.883385
1970-01-01 08:24:59,5024.609,126.27153,1261.5171,1.3299114,-10.035039,25.747799
1970-01-01 08:25:00,5186.066,120.82401,775.61584,-0.25572392,12.3126335,25.437244
1970-01-01 08:25:01,5153.9146,126.39809,1184.4055,0.95779717,7.178304,25.437904
1970-01-01 08:25:02,5174.5366,126.84782,878.48785,1.335101,-6.2635765,25.693018
1970-01-01 08:25:03,5244.8193,118.20548,633.5722,1.503676,2.280655,26.901241
1970-01-01 08:25:04,5166.121,123.950584,803.07434,4.9243574,2.1281788,27.425497
1970-01-01 08:25:05,5294.314,119.45451,1022.5638,6.5245943,-6.996263,29.46456
1970-01-01 08:25:06,5250.1816,123.82912,1144.1738,-3.7011676,-7.716118,28.950182
1970-01-01 08:25:07,5087.8066,113.175606,637.4967,2.9601276,-9.4127445,29.126577
1970-01-01 08:25:08,5290.1885,116.07515,799.7983,2.0722024,0.25088868,29.235605
1970-01-01 08:25:09,5200.99,115.09114,960.8002,1.256838,-3.778582,29.532648
1970-01-01 08:25:10,5379.6646,131.12775,1035.2548,2.3411562,-8.444303,30.220083
1970-01-01 08:25:11,5134.4043,118.38657,858.9899,0.67485774,-6.036266,28.661499
1970-01-01 08:25:12,5410.464,120.08049,880.81256,1.9931371,-18.44565,25.34558
1970-01-01 08:25:13,5306.7075,118.58292,666.37695,-0.040567458,9.071936,27.39054
1970-01-01 08:25:14,5423.077,123.55116,877.48926,-1.7097298,9.54668,28.516432
1970-01-01 08:25:15,5423.9814,128.28214,729.8845,2.299183,-1.1297885,28.91252
1970-01-01 08:25:16,5392.302,113.57042,720.0054,6.6730137,9.34904,29.299744
1970-01-01 08:25:17,5355.96,122.71449,748.528,1.921773,1.69294,28.705496
1970-01-01 08:25:18,5398.983,125.172165,985.47473,-0.51238364,14.654708,27.90273
1970-01-01 08:25:19,5538.1465,115.770706,709.39276,-3.8178916,3.7653146,28.691816
1970-01-01 08:25:20,5439.8325,130.57547,804.1062,-1.7622939,-5.44775,27.857447
1970-01-01 08:25:21,5474.5757,118.98989,608.5146,5.0637307,2.1310613,25.48298
1970-01-01 08:25:22,5417.7104,121.72678,659.7725,5.047028,-2.2380216,26.958496
1970-01-01 08:25:23,5453.335,121.875656,410.7287,2.798939,-16.482191,28.14263
1970-01-01 08:25:24,5449.066,122.88602,1181.8783,6.611678,6.6163735,28.093212
1970-01-01 08:25:25,5471.6514,118.21992,793.78156,0.13089433,2.7022367,29.540585
1970-01-01 08:25:26,5371.535,121.09894,983.598,7.5915136,-10.560278,28.258135
1970-01-01 08:25:27,5729.696,120.504875,628.71936,2.5743303,4.79247,28.77863
1970-01-01 08:25:28,5558.0024,126.45667,880.44934,3.5957923,-11.027614,30.416962
1970-01-01 08:25:29,5560.3843,115.690765,702.59564,1.0529999,2.5878363,29.357794
1970-01-01 08:25:30,5655.438,118.72477,484.03302,6.444502,4.7752433,30.321524
1970-01-01 08:25:31,5679.833,124.08011,653.2251,0.7913336,-5.958002,30.173151
1970-01-01 08:25:32,5618.0146,125.56848,848.74414,2.9075935,-7.159898,31.229597
1970-01-01 08:25:33,5719.6353,127.520546,790.8619,4.4950733,5.6339846,30.13889
1970-01-01 08:25:34,5614.338,118.9768,869.8303,4.8091006,15.429275,28.58023
1970-01-01 08:25:35,5665.881,124.15656,668.8852,5.516971,-8.155106,28.35986
1970-01-01 08:25:36,5734.8726,120.57512,1126.351,4.827888,2.3728936,29.910076
1970-01-01 08:25:37,5739.106,126.9386,926.2512,0.96879214,0.16253446,30.175505
1970-01-01 08:25:38,5798.6396,124.18749,761.0457,2.8001928,16.942398,28.874273
1970-01-01 08:25:39,5847.8623,122.973,679.9496,2.2759032,-26.06877,31.076578
1970-01-01 08:25:40,5796.3823,121.849045,552.2718,2.8771737,-4.1245193,31.247808
1970-01-01 08:25:41,5832.7974,121.28858,1074.4514,0.54907924,10.527324,31.44184
1970-01-01 08:25:42,5767.027,122.168686,942.4651,2.100211,18.780678,32.177563
1970-01-01 08:25:43,5822.596,127.813805,470.13745,4.525404,10.952137,33.441036
1970-01-01 08:25:44,5872.8027,126.78779,381.86734,3.9677303,-3.1974242,34.31061
1970-01-01 08:25:45,5814.0723,124.59966,919.97003,4.002319,-2.2741401,34.031643
1970-01-01 08:25:46,5850.2603,120.38006,990.3879,0.44587043,8.037832,33.225258
1970-01-01 08:25:47,5827.1934,119.60242,789.1703,2.6447005,8.811022,32.90646
1970-01-01 08:25:48,5886.7427,120.33757,1330.7544,-0.1845362,-4.2313743,31.934128
1970-01-01 08:25:49,5795.032,119.50713,773.7207,2.9870377,-7.5828676,32.65341
1970-01-01 08:25:50,5842.1216,127.866264,883.42206,6.562452,-9.688442,33.01631
1970-01-01 08:25:51,5957.8667,121.80938,622.5919,0.86064243,1.1265272,31.660543
1970-01-01 08:25:52,5960.7993,124.751465,989.5138,5.027703,-0.46763828,33.170277
1970-01-01 08:25:53,6030.422,121.63171,646.62366,2.0016377,-22.965178,33.382072
1970-01-01 08:25:54,6125.5674,122.140724,701.36835,0.77025133,0.1609186,32.177464
1970-01-01 08:25:55,,127.419235,937.1234,1.5993934,4.1903653,32.90696
1970-01-01 08:25:56,5884.1343,126.53997,988.4518,-6.410744,-0.043471657,31.883488
1970-01-01 08:25:57,6063.572,120.142494,860.8291,2.7908998,1.1499262,31.275204
1970-01-01 08:25:58,,118.899025,545.2109,1.5654259,1.1806422,30.569069
1970-01-01 08:25:59,6130.288,127.565674,796.2754,3.500029,-13.836414,30.167141
1970-01-01 08:26:00,6152.048,127.19065,1195.7983,0.084317744,-0.7904656,31.225445
1970-01-01 08:26:01,6109.3096,119.36998,685.4076,-0.44222662,7.9770336,31.273565
1970-01-01 08:26:02,6135.604,117.092354,769.05804,0.7224098,-20.251009,32.184353
1970-01-01 08:26:03,6247.8135,122.795975,781.35004,3.5442517,0.81084,32.91684
1970-01-01 08:26:04,6281.6143,120.84031,838.3233,6.335094,16.236403,33.09897
1970-01-01 08:26:05,6069.055,116.59033,570.4213,6.1247993,12.392333,32.669308
1970-01-01 08:26:06,6124.4385,119.6929,569.6447,4.019257,3.4656465,32.929146
1970-01-01 08:26:07,6165.2754,120.90863,595.03595,-1.374304,-5.6922526,32.411697
1970-01-01 08:26:08,6198.4907,123.77964,977.99536,0.4720191,8.796577,33.365
1970-01-01 08:26:09,6196.6533,123.808334,730.7775,3.77268,-7.764504,34.615704
1970-01-01 08:26:10,6297.067,121.313736,896.9448,4.1900854,-3.8603523,35.121952
1970-01-01 08:26:11,6196.326,121.836334,907.0513,-2.2518942,-2.4370275,34.73173
1970-01-01 08:26:12,6284.526,122.51774,993.67,6.9462204,5.7908993,33.90196
1970-01-01 08:26:13,6229.9053,117.21821,794.65796,-0.8675892,19.731783,33.544994
1970-01-01 08:26:14,6181.3447,130.84073,809.486,3.7698715,9.979666,33.480595
1970-01-01 08:26:15,6281.9155,124.78055,1206.844,4.732065,0.83608794,33.87198
1970-01-01 08:26:16,6401.898,121.25512,805.39996,3.726372,3.458842,33.27795
1970-01-01 08:26:17,6520.2466,116.37658,839.6726,-1.1399221,10.73131,34.419197
1970-01-01 08:26:18,6341.8203,126.29058,,5.55688,3.0110908,32.292896
1970-01-01 08:26:19,6365.5454,121.02204,833.8035,4.8179774,1.5219306,33.390244
1970-01-01 08:26:20,6370.836,120.55946,403.89706,-1.5624297,4.0784454,33.62765
1970-01-01 08:26:21,6539.3135,124.857,966.50397,6.711173,9.97852,32.30346
1970-01-01 08:26:22,6414.9365,124.952835,528.42883,6.132465,-10.373935,32.797234
1970-01-01 08:26:23,6597.995,124.954544,938.509,-0.47129548,-15.307652,32.353626
1970-01-01 08:26:24,6526.6416,123.66719,950.1491,-4.5168166,2.2705839,31.2411
1970-01-01 08:26:25,6596.2646,115.45012,610.5163,3.1805944,-2.6813157,30.636007
1970-01-01 08:26:26,6535.7437,120.133286,701.4747,1.2307062,23.095623,30.651302
1970-01-01 08:26:27,6589.221,124.382904,680.8306,2.6221032,-5.1321115,29.537846
1970-01-01 08:26:28,6515.7236,129.57727,844.95276,-3.731285,-14.065415,29.849812
1970-01-01 08:26:29,6476.814,120.3341,909.9538,-0.89614546,1.4642304,30.256763
1970-01-01 08:26:30,6634.0913,120.36813,534.8266,4.1226363,6.0788918,30.255138
1970-01-01 08:26:31,6588.1606,126.39966,643.48096,2.8551295,0.877337,29.514307
1970-01-01 08:26:32,6554.087,125.35223,902.8254,4.3618603,18.799885,29.080692
1970-01-01 08:26:33,6752.9907,121.06704,782.6279,5.8938236,5.9338503,28.9952
1970-01-01 08:26:34,6630.683,120.64044,803.07513,1.6427511,-12.53006,28.385765
1970-01-01 08:26:35,6793.29,125.413086,1061.1176,0.360793,-2.588847,29.544004
1970-01-01 08:26:36,6722.727,113.29617,1162.6313,-4.052765,-6.2972674,29.969572
1970-01-01 08:26:37,6804.187,128.79442,662.98413,-1.1285492,-2.6613026,30.59043
1970-01-01 08:26:38,6769.797,118.76125,817.81976,2.6352727,-2.4551277,31.740398
1970-01-01 08:26:39,6731.015,119.51999,747.4809,4.769415,5.020549,31.697767
1970-01-01 08:26:40,6802.6,126.22515,1199.3055,1.6014766,-13.707798,31.518665
1970-01-01 08:26:41,6806.016,120.362305,946.4073,0.40930283,-1.4242003,31.808723
1970-01-01 08:26:42,6782.3345,123.47787,1156.7765,3.8503988,-6.8086667,32.6784
1970-01-01 08:26:43,6877.398,121.47718,693.8972,0.95438546,1.1574409,31.676237
1970-01-01 08:26:44,6885.6978,123.27644,789.7634,-0.32380253,-16.39714,30.798588
1970-01-01 08:26:45,6733.779,124.666245,783.0993,-1.8950356,-11.034387,31.43228
1970-01-01 08:26:46,7031.6475,118.22435,1060.0083,4.7336,5.4636064,30.909763
1970-01-01 08:26:47,6890.69,121.558876,620.6347,3.2799237,-0.29026884,31.95832
1970-01-01 08:26:48,7063.909,124.590645,759.27295,3.307522,-15.096208,29.678762
1970-01-01 08:26:49,6891.6284,122.56592,886.9438,1.6443623,11.126178,30.217041
1970-01-01 08:26:50,6965.723,129.99562,592.92737,3.2847855,13.323298,30.313643
1970-01-01 08:26:51,,122.63945,836.331,6.059207,-1.6359526,29.71659
1970-01-01 08:26:52,7005.7456,122.25784,852.0437,0.1632858,-21.383224,30.679245
1970-01-01 08:26:53,7132.863,128.9815,953.9559,-1.7406646,-6.248009,30.710072
1970-01-01 08:26:54,6958.737,121.84934,1023.7778,8.172411,-8.022416,31.738342
1970-01-01 08:26:55,7118.039,116.955666,881.974,0.26851553,-5.6956997,32.968052
1970-01-01 08:26:56,7201.14,117.32937,858.64813,2.929326,-3.9608793,35.03667
1970-01-01 08:26:57,7130.1323,125.83509,520.7783,6.0867376,1.0920962,35.600372
1970-01-01 08:26:58,7037.7827,122.94632,664.44403,-1.9475846,7.045011,34.91104
1970-01-01 08:26:59,7136.4604,120.027504,998.4647,1.8723514,1.1063662,35.33412
1970-01-01 08:27:00,7167.9297,117.77829,534.30896,-0.7639184,4.750785,35.32824
1970-01-01 08:27:01,7126.984,121.63703,916.28485,4.9530134,1.232281,35.508663
1970-01-01 08:27:02,7228.788,128.60533,686.58466,7.8050733,3.6886835,35.477493
1970-01-01 08:27:03,7212.567,123.48048,1017.13776,4.340044,8.135933,35.024445
1970-01-01 08:27:04,7153.262,122.891365,948.92584,1.7741066,-7.7015123,34.622677
1970-01-01 08:27:05,7173.6064,122.7263,1292.367,4.0557942,12.308277,34.231094
1970-01-01 08:27:06,7269.191,126.101456,817.4902,3.2406132,-15.253409,34.1184
1970-01-01 08:27:07,7276.8154,120.41272,1217.3438,5.19341,-7.7247,34.914387
1970-01-01 08:27:08,7148.6094,120.92402,744.213,5.269894,-14.382863,34.306168
1970-01-01 08:27:09,7391.864,119.932945,999.84186,-2.7880435,20.000095,33.853477
1970-01-01 08:27:10,7281.637,129.99376,808.7462,0.032951303,-3.0639017,37.38354
1970-01-01 08:27:11,7306.84,122.23617,624.39636,-1.2146232,3.9652276,37.50193
1970-01-01 08:27:12,7397.554,123.946266,1027.3815,1.4898245,-0.5431345,38.101406
1970-01-01 08:27:13,7305.5747,123.86302,734.7792,4.4785166,1.9291129,38.698822
1970-01-01 08:27:14,7394.8296,125.1549,1154.6613,-4.5772886,-24.03257,36.335705
1970-01-01 08:27:15,7372.841,122.84072,843.0992,0.8845138,-9.966103,35.942356
1970-01-01 08:27:16,7437.9355,118.46074,687.12683,0.8664996,1.7018853,36.196293
1970-01-01 08:27:17,7256.1714,122.550156,766.5331,-2.4522867,-11.194587,34.796482
1970-01-01 08:27:18,7395.4785,125.74615,642.1465,5.9985466,-14.275701,32.546402
1970-01-01 08:27:19,7407.581,127.4742,870.5609,6.710122,6.352316,34.310204
1970-01-01 08:27:20,7570.493,119.67289,801.97943,-0.19889958,12.828293,33.61997
1970-01-01 08:27:21,7488.433,122.81825,548.43036,4.3959723,-20.66567,34.280704
1970-01-01 08:27:22,7562.0483,122.637375,765.54895,-0.7959253,-9.500535,33.499664
1970-01-01 08:27:23,7460.055,116.00464,918.5371,2.3216693,8.070931,32.73466
1970-01-01 08:27:24,7338.769,120.79366,1123.722,8.642933,-9.152447,34.325344
1970-01-01 08:27:25,7498.5093,121.624374,659.17163,-2.9846547,3.1637719,33.11791
1970-01-01 08:27:26,7510.407,124.56795,678.8904,6.6325483,-21.67292,31.618404
1970-01-01 08:27:27,7594.3022,119.023705,507.257,4.221581,-7.8138022,31.863234
1970-01-01 08:27:28,7490.7173,128.89517,727.3567,4.684697,5.609205,31.440783
1970-01-01 08:27:29,7680.4287,124.37782,810.5468,8.025474,19.200838,30.839308
1970-01-01 08:27:30,7585.3633,123.30602,662.7218,0.4471619,-6.8364024,31.56268
1970-01-01 08:27:31,7613.069,122.97994,477.95633,4.6844635,15.824604,32.536995
1970-01-01 08:27:32,7592.4014,116.80074,895.50977,1.0644271,5.508522,32.740868
1970-01-01 08:27:33,7669.0337,127.2522,928.6718,2.4290133,0.29881823,32.98404
1970-01-01 08:27:34,7712.422,122.00062,397.1002,0.17767487,3.253688,32.73131
1970-01-01 08:27:35,7751.8335,128.68776,876.16785,1.7973704,3.1540618,31.113955
1970-01-01 08:27:36,7676.3315,123.86139,1070.801,3.551485,5.295084,31.110283
1970-01-01 08:27:37,7690.1353,126.75835,523.83685,3.0912201,1.957415,29.084888
1970-01-01 08:27:38,7859.669,128.32831,785.12506,0.90531605,0.6771532,28.39209
1970-01-01 08:27:39,7598.813,128.19977,829.6696,-0.14180562,1.2782195,28.207144
1970-01-01 08:27:40,,127.56776,629.45026,-1.7958022,-8.88309,27.369463
1970-01-01 08:27:41,7643.201,119.39584,770.28503,5.236703,22.078133,28.661293
1970-01-01 08:27:42,7981.848,125.22512,616.16565,3.3394647,5.6521916,28.641926
1970-01-01 08:27:43,7936.871,127.416214,701.24976,-0.06488232,-7.7906165,27.360859
1970-01-01 08:27:44,7949.526,126.66013,826.29346,1.5406588,24.846628,26.062096
1970-01-01 08:27:45,7959.3,125.11735,744.80023,8.87087,13.706431,25.949612
1970-01-01 08:27:46,7986.735,126.30208,559.44055,2.5541966,-15.818178,24.93387
1970-01-01 08:27:47,7967.9526,127.07041,,4.4596825,5.777532,23.730215
1970-01-01 08:27:48,7945.5107,124.007095,1338.0424,-1.0258056,11.7005,24.183092
1970-01-01 08:27:49,7875.754,117.31214,584.0489,1.8008664,6.850062,22.933065
1970-01-01 08:27:50,7996.8286,127.600975,649.71515,5.9012814,-8.731586,23.148932
1970-01-01 08:27:51,8021.8716,131.33794,689.2751,4.469627,2.5904012,22.954756
1970-01-01 08:27:52,7973.4263,129.14308,549.045,1.6213574,-0.3304949,23.749233
1970-01-01 08:27:53,7957.5576,119.86635,683.892,-2.027723,-10.263215,23.648098
1970-01-01 08:27:54,8001.8325,120.81913,700.6205,6.7316804,0.25098127,22.392313
1970-01-01 08:27:55,7928.991,120.9422,1183.6815,1.4695259,-1.156421,22.033865
1970-01-01 08:27:56,8053.218,119.20584,1024.7057,1.6655399,15.180741,24.19809
1970-01-01 08:27:57,8235.841,132.52077,1060.6625,2.3202949,-0.7756017,24.061022
1970-01-01 08:27:58,8196.397,127.364334,777.778,3.529813,4.9060903,24.117138
1970-01-01 08:27:59,8208.163,126.04977,834.2974,3.7820547,8.189659,24.678167
1970-01-01 08:28:00,8209.162,130.45935,615.02704,-0.6894709,17.388191,23.861519
1970-01-01 08:28:01,8045.4873,129.73721,675.0971,5.8741927,6.793384,23.95854
1970-01-01 08:28:02,8289.037,122.640495,594.9556,0.7661559,1.5335474,22.774876
1970-01-01 08:28:03,8203.914,118.851776,756.957,2.8605914,0.91606474,21.34469
1970-01-01 08:28:04,8298.72,124.1166,894.8955,2.8006506,10.179403,20.649391
1970-01-01 08:28:05,8272.903,121.54576,914.01733,5.468813,-0.66282284,21.440607
1970-01-01 08:28:06,8248.595,128.40384,609.0127,-3.024869,-9.886145,21.814516
1970-01-01 08:28:07,8287.874,128.1288,551.2968,1.5642697,-2.5002344,20.517246
1970-01-01 08:28:08,8390.64,128.03171,834.0855,7.015608,-1.5791231,20.755095
1970-01-01 08:28:09,8211.444,122.22926,739.8123,3.1838489,1.2938619,21.040682
1970-01-01 08:28:10,8306.657,124.09393,627.21655,5.192707,-6.3489456,19.423569
1970-01-01 08:28:11,8356.065,125.54389,771.3167,5.3981647,-5.955828,19.993834
1970-01-01 08:28:12,8460.83,120.274475,335.4833,9.598576,7.3847013,21.249014
1970-01-01 08:28:13,8398.8125,120.93923,890.25073,3.650638,18.88349,20.15679
1970-01-01 08:28:14,8404.918,127.01553,705.68774,11.585883,3.5896933,21.34124
1970-01-01 08:28:15,8318.608,122.20031,589.892,0.84291834,17.221668,21.844492
1970-01-01 08:28:16,8450.077,125.30334,629.0784,-2.3004754,-3.7483764,21.89227
1970-01-01 08:28:17,8484.67,120.66151,928.528,1.5266618,1.2729079,22.462465
1970-01-01 08:28:18,8397.144,126.73484,885.607,7.8954515,0.46619818,23.281052
1970-01-01 08:28:19,8595.035,123.38169,1077.0242,-6.257053,-13.637376,22.96971
1970-01-01 08:28:20,8521.788,124.04174,743.71857,3.235682,-13.576468,22.097433
1970-01-01 08:28:21,8480.796,129.23149,911.3114,3.0121546,5.6988826,19.932222
1970-01-01 08:28:22,8655.628,127.05003,634.3619,4.589973,-6.625004,21.370068
1970-01-01 08:28:23,8667.227,122.85962,691.966,-6.877443,19.213041,21.384556
1970-01-01 08:28:24,8457.708,130.58492,993.6405,6.5005884,-4.541662,22.638935
1970-01-01 08:28:25,8495.374,120.913315,861.18854,4.729208,-4.4385915,23.268042
1970-01-01 08:28:26,8518.271,127.753334,603.52106,5.093412,10.422016,21.988888
1970-01-01 08:28:27,8638.281,122.29061,799.1255,-2.6236222,2.637358,23.047552
1970-01-01 08:28:28,8680.741,123.40876,533.2568,-1.3306235,5.7138596,22.988848
1970-01-01 08:28:29,8612.15,120.08345,1073.88,0.7921008,-15.721351,22.156364
1970-01-01 08:28:30,8523.469,129.98138,874.6572,-0.75474656,12.311592,22.184128
1970-01-01 08:28:31,8672.629,122.95273,703.3773,2.0257678,0.9217641,21.889194
1970-01-01 08:28:32,8696.469,127.38041,952.45734,-0.21980777,-0.34062967,21.278496
1970-01-01 08:28:33,8662.793,128.53696,942.8998,7.7569776,-6.321332,21.88191
1970-01-01 08:28:34,8726.977,126.91506,669.855,3.860896,12.438183,21.939934
1970-01-01 08:28:35,8733.637,134.29858,688.73706,1.3761219,-12.23008,20.927708
1970-01-01 08:28:36,8719.292,122.980804,682.515,-0.47834888,-0.64457947,19.434013
1970-01-01 08:28:37,8744.636,123.39583,803.86975,4.8816614,-3.7649496,20.64442
1970-01-01 08:28:38,8809.241,124.37765,828.86444,5.3881636,-21.902378,19.268665
1970-01-01 08:28:39,8852.921,126.516,881.42194,0.75847435,4.671098,20.237988
1970-01-01 08:28:40,8857.733,120.84969,889.83875,0.38749024,-5.349058,19.215736
1970-01-01 08:28:41,8785.332,116.90685,999.9054,4.946882,-20.24948,18.406984
1970-01-01 08:28:42,8890.968,117.23211,834.85504,-2.5209172,6.9390464,18.27486
1970-01-01 08:28:43,8715.173,126.32562,443.23575,-1.5128554,6.3171926,17.405579
1970-01-01 08:28:44,8878.731,127.37235,1090.134,0.76543534,13.18071,15.668963
1970-01-01 08:28:45,8807.175,124.235405,464.96005,3.7562575,-10.714522,15.757933
1970-01-01 08:28:46,8843.563,116.79032,580.8505,3.3797596,-12.87264,15.573891
1970-01-01 08:28:47,8874.922,130.79205,960.17084,2.103552,-7.282535,15.566179
1970-01-01 08:28:48,9031.678,129.65573,1114.9186,1.4752707,17.28181,15.996432
1970-01-01 08:28:49,9034.338,123.43016,1015.8036,-2.8106527,5.811688,16.80368
1970-01-01 08:28:50,8966.147,125.91568,760.0879,5.546163,5.7957687,14.952261
1970-01-01 08:28:51,8930.219,120.87432,507.38776,4.9969,-2.7643797,15.771558
1970-01-01 08:28:52,8982.219,123.529854,988.12146,6.7547226,8.953189,15.434581
1970-01-01 08:28:53,9106.289,124.59271,677.26483,-0.4326369,17.304232,14.981273
1970-01-01 08:28:54,8915.554,124.13197,131.61469,4.716702,-13.809349,14.703827
1970-01-01 08:28:55,8941.944,119.283844,568.5969,2.6160953,6.010437,15.510845
1970-01-01 08:28:56,9087.522,121.17611,736.28394,1.2587198,-3.4041739,14.90166
1970-01-01 08:28:57,9152.293,125.70921,824.43036,6.4952497,17.243107,14.360529
1970-01-01 08:28:58,,119.280815,1133.901,0.6664091,8.025319,14.150934
1970-01-01 08:28:59,9085.123,128.41124,947.76764,1.2921283,-0.22998194,13.387878
1970-01-01 08:29:00,9122.863,123.80407,858.7614,3.4962838,9.581384,12.766465
1970-01-01 08:29:01,9095.82,126.91504,730.11505,-0.8008522,4.1385636,13.873296
1970-01-01 08:29:02,9112.302,127.26055,756.611,5.0261383,-0.32290766,14.627541
1970-01-01 08:29:03,9222.377,128.03181,657.6976,2.5911176,2.3309493,16.385117
1970-01-01 08:29:04,9093.0205,127.07742,856.06995,2.7058096,17.216585,17.504412
1970-01-01 08:29:05,9280.537,119.731255,917.4166,0.4359757,-4.160727,16.880867
1970-01-01 08:29:06,9171.736,127.638245,774.874,0.24542123,-19.475777,17.195082
1970-01-01 08:29:07,9397.592,123.59656,938.4066,2.1901615,18.438581,18.612682
1970-01-01 08:29:08,9135.903,122.50382,628.5562,3.029505,3.6628404,18.559093
1970-01-01 08:29:09,9164.12,117.856575,709.3734,-6.4558864,8.669735,19.011074
1970-01-01 08:29:10,9249.787,125.529816,959.8398,-1.0012093,3.2066424,17.628418
1970-01-01 08:29:11,9304.0205,128.69414,773.57117,3.1960042,4.1699696,18.926832
1970-01-01 08:29:12,9276.3,128.90433,793.76855,9.457771,-6.2197647,20.364775
1970-01-01 08:29:13,9515.924,124.48396,1017.5734,-1.6961852,1.1992483,20.998608
1970-01-01 08:29:14,9493.179,121.22466,967.7961,3.6551502,25.35019,20.055664
1970-01-01 08:29:15,9331.443,131.07457,716.2066,-0.6278175,7.0376024,19.1536
1970-01-01 08:29:16,9431.169,128.0297,708.81757,6.910947,-1.2574706,18.302534
1970-01-01 08:29:17,9510.042,128.0321,757.9269,-0.8271796,-1.5601969,17.703526
1970-01-01 08:29:18,9527.894,120.52098,719.6264,1.6355568,4.3877516,17.299873
1970-01-01 08:29:19,9626.69,135.41103,745.4421,-1.5768393,-7.722624,17.648472
1970-01-01 08:29:20,9506.8125,128.6514,484.85135,1.3097364,-12.241217,17.31095
1970-01-01 08:29:21,9419.954,133.24452,1044.3458,0.88148105,-6.572698,18.894445
1970-01-01 08:29:22,9420.322,132.19829,983.6395,4.6068096,-12.616992,19.65747
1970-01-01 08:29:23,9592.898,128.01251,830.6326,-0.7767388,-5.613483,18.94433
1970-01-01 08:29:24,9464.3955,124.278336,619.299,4.1700544,0.10212469,18.894716
1970-01-01 08:29:25,9520.493,134.54362,808.001,6.4506264,-7.4288344,18.88473
1970-01-01 08:29:26,9483.324,125.857475,863.01654,2.608605,-1.3673929,19.552204
1970-01-01 08:29:27,9689.604,122.006836,265.8561,-0.5377855,10.353761,20.63754
1970-01-01 08:29:28,9772.155,125.9574,1027.9775,-0.522328,8.669421,21.115744
1970-01-01 08:29:29,9634.792,123.93764,805.9179,3.247153,-14.94808,22.290226
1970-01-01 08:29:30,9659.164,117.45894,911.99524,-0.063076526,-2.2551923,22.28613
1970-01-01 08:29:31,9731.765,127.4248,639.4503,1.0792923,12.326254,23.428638
1970-01-01 08:29:32,9627.829,122.344475,1209.895,2.9667552,5.5210586,23.696499
1970-01-01 08:29:33,9660.369,126.746704,872.8678,5.09527,-0.14101179,23.9173
1970-01-01 08:29:34,9684.442,121.039604,542.98004,0.6640583,-0.08407394,25.066368
1970-01-01 08:29:35,9478.498,132.7457,772.5343,1.2368152,13.575603,27.25784
1970-01-01 08:29:36,9701.166,125.50319,483.86313,-0.09542715,1.040756,28.441978
1970-01-01 08:29:37,9783.187,123.24806,881.75995,6.0367827,-4.9087176,30.245363
1970-01-01 08:29:38,9789.83,122.927124,913.80475,-3.3299017,-5.077338,29.990765
1970-01-01 08:29:39,9943.659,122.62575,563.94714,3.2008555,2.8092318,29.669523
1970-01-01 08:29:40,9792.787,124.71605,911.0965,1.5433447,-6.243243,29.640383
1970-01-01 08:29:41,10068.331,125.03022,1010.1314,-4.216186,-3.281615,31.641785
1970-01-01 08:29:42,9914.343,122.17833,898.41266,-1.0654651,-19.184675,32.97853
1970-01-01 08:29:43,9918.434,122.36182,982.6804,0.5072447,0.8218782,33.065895
1970-01-01 08:29:44,9953.651,124.09061,855.2944,2.7659717,-14.916043,33.26057
1970-01-01 08:29:45,10055.091,126.32757,963.15283,-1.2784408,10.673772,33.842865
1970-01-01 08:29:46,9896.888,116.492455,766.63525,0.13336182,11.945617,32.49619
1970-01-01 08:29:47,9889.689,122.61404,1003.6963,1.2802154,-14.523715,32.64037
1970-01-01 08:29:48,10069.76,131.99185,623.0353,0.9783617,-17.52213,33.258465
1970-01-01 08:29:49,9992.401,127.48885,777.9891,5.657783,3.3290606,33.19801
1970-01-01 08:29:50,10184.766,126.641685,711.64166,4.0685406,-0.7860423,33.43688
1970-01-01 08:29:51,9966.832,117.76921,892.76,3.040178,-6.0859375,33.08166
1970-01-01 08:29:52,9839.213,132.29208,820.3659,7.547788,-19.50019,32.563885
1970-01-01 08:29:53,10161.004,129.21169,1035.122,3.2728524,-1.4596369,33.829185
1970-01-01 08:29:54,10076.064,120.042816,614.5372,4.520961,5.476851,33.681347
1970-01-01 08:29:55,10163.67,124.93312,494.3658,0.11390359,-18.492357,
1970-01-01 08:29:56,10040.988,126.622475,773.33795,1.3705243,1.0783898,35.133648
1970-01-01 08:29:57,10141.484,131.26132,899.9212,-0.07627194,-5.6897616,36.045776
1970-01-01 08:29:58,10123.082,126.04358,798.1628,4.2192006,-6.9505024,36.44569
1970-01-01 08:29:59,10137.496,119.77657,1242.357,0.55722266,-10.639903,35.98819
1970-01-01 08:30:00,10068.94,126.158005,728.649,0.5843728,-0.3544787,34.283966
1970-01-01 08:30:01,10185.1455,125.240204,953.5776,-2.0601127,-17.637661,34.68647
1970-01-01 08:30:02,10122.381,128.90987,893.07336,-0.12714404,-5.933959,34.2611
1970-01-01 08:30:03,10196.027,127.21179,823.49664,3.0978575,4.942177,35.067753
1970-01-01 08:30:04,10293.522,117.71127,791.78424,3.900105,0.22422442,35.92541
1970-01-01 08:30:05,10298.941,123.81082,927.8,3.8385978,-7.047908,35.590458
1970-01-01 08:30:06,10230.992,123.33143,647.29395,1.1155941,-5.264228,34.6102
1970-01-01 08:30:07,10255.622,121.96363,890.842,-2.903802,6.088698,35.3197
1970-01-01 08:30:08,10210.559,126.794464,865.5758,1.1667917,3.325308,33.832825
1970-01-01 08:30:09,10346.777,128.35141,892.638,1.7927,-1.8495415,32.55442
1970-01-01 08:30:10,10351.652,122.697296,577.58453,2.242551,-14.698918,32.80685
1970-01-01 08:30:11,10342.809,118.882965,666.42413,-1.4874669,4.093034,31.248398
1970-01-01 08:30:12,10388.252,124.37281,509.7101,6.546494,-0.6300616,30.653868
1970-01-01 08:30:13,10462.4,128.002,816.63336,-0.4480678,5.56623,28.798796
1970-01-01 08:30:14,10364.505,132.05614,1020.99634,3.4241507,-11.808251,29.825403
1970-01-01 08:30:15,10465.038,125.737206,731.0524,1.8616068,-6.8808684,30.7962
1970-01-01 08:30:16,10395.533,132.3678,803.1956,-6.576145,-17.765564,31.635046
1970-01-01 08:30:17,10492.19,126.8432,764.1237,1.2553045,-2.4214268,30.19185
1970-01-01 08:30:18,10406.274,131.08786,641.52386,2.1424131,6.015466,30.268353
1970-01-01 08:30:19,10582.36,121.07298,1257.2102,2.767142,-3.5921862,29.598194
1970-01-01 08:30:20,10623.054,120.137634,1012.3233,0.59941864,-1.4151574,30.585402
1970-01-01 08:30:21,10539.09,128.08427,823.17926,-1.9999163,-13.376853,30.82567
1970-01-01 08:30:22,10608.053,121.7791,445.64413,0.11914944,0.13300312,29.994072
1970-01-01 08:30:23,10556.353,126.206055,689.52246,3.9955273,9.355469,30.446186
1970-01-01 08:30:24,10548.565,135.44157,880.3294,3.919469,6.7257857,31.890886
1970-01-01 08:30:25,10645.357,136.40887,965.0012,-3.8224835,-5.027549,32.843758
1970-01-01 08:30:26,10601.026,128.10815,1002.00635,1.156316,0.45023865,32.28148
1970-01-01 08:30:27,10657.46,114.36375,997.79193,-2.7579377,2.1057417,32.109844
1970-01-01 08:30:28,10646.742,123.06116,637.6262,-2.2272596,17.463888,30.794754
1970-01-01 08:30:29,10645.375,124.65856,790.1629,2.2310338,-4.5666747,30.311579
1970-01-01 08:30:30,10573.263,128.5522,820.53375,4.4826217,6.6650686,28.943779
1970-01-01 08:30:31,10761.621,131.72084,739.1323,1.8861111,-8.742501,29.434006
1970-01-01 08:30:32,10682.484,132.2805,1330.664,2.6915236,-6.9550147,29.274172
1970-01-01 08:30:33,10768.012,127.56171,1256.468,2.0795634,-1.8888415,27.511562
1970-01-01 08:30:34,10726.942,123.82003,811.43384,1.4269336,5.6541057,26.652016
1970-01-01 08:30:35,10677.8,124.567505,777.4865,-0.021413598,11.559917,26.336906
1970-01-01 08:30:36,10820.394,131.10162,531.30664,1.5005312,5.567661,26.606222
1970-01-01 08:30:37,10770.052,132.65668,1043.3004,-2.803755,4.937732,25.450813
1970-01-01 08:30:38,10735.852,129.05293,842.2459,-0.2488797,-8.555385,25.006132
1970-01-01 08:30:39,10884.135,127.72321,794.35626,-3.8435087,8.929956,24.815493
1970-01-01 08:30:40,10800.138,126.85262,463.2636,5.2343755,5.5026917,23.878576
1970-01-01 08:30:41,10902.498,127.393074,648.0381,5.6020994,-1.5042084,24.852112
1970-01-01 08:30:42,10913.72,127.07238,831.8764,1.3929073,-4.3168674,24.79407
1970-01-01 08:30:43,10935.467,126.19514,528.7419,4.222776,-4.5910482,22.837116
1970-01-01 08:30:44,10810.99,129.86131,953.9441,-1.8671504,-0.23130879,23.404795
1970-01-01 08:30:45,10920.522,128.62631,782.9896,2.0018227,-9.814283,24.959242
1970-01-01 08:30:46,10940.184,128.9091,610.37683,-1.4918386,-7.4522204,24.562677
1970-01-01 08:30:47,10975.675,127.418365,928.55597,0.9811245,3.217532,24.931906
1970-01-01 08:30:48,11082.832,125.09954,904.6882,-0.2947706,0.46644127,24.658241
1970-01-01 08:30:49,10977.591,126.40077,415.6544,-3.0391135,-1.0637456,25.338388
1970-01-01 08:30:50,11020.428,122.77376,791.52405,-4.388473,17.469444,26.531229
1970-01-01 08:30:51,11124.129,128.47162,901.267,3.4881341,11.156063,26.384687
1970-01-01 08:30:52,11097.03,128.58185,834.2971,1.4669919,-12.845066,26.473076
1970-01-01 08:30:53,11074.896,129.75027,1026.4193,-6.320775,4.258224,27.73176
1970-01-01 08:30:54,11213.382,122.70972,737.8647,2.2763824,-5.5303926,28.271837
1970-01-01 08:30:55,11121.781,128.01675,681.3567,2.5091279,-4.872587,26.958918
1970-01-01 08:30:56,11040.014,122.30822,685.8546,3.4005094,-2.5449636,27.951847
1970-01-01 08:30:57,11170.944,122.599396,900.40295,3.7357461,7.4995556,28.539454
1970-01-01 08:30:58,11118.192,128.59439,894.9814,3.480425,-15.322408,30.54616
1970-01-01 08:30:59,11260.718,126.54267,940.0391,2.0414944,-7.380884,31.78123
1970-01-01 08:31:00,11344.118,127.900856,657.4842,5.337146,0.4255073,32.566826
1970-01-01 08:31:01,11308.026,131.35384,788.7527,0.8188338,0.9559071,31.658041
1970-01-01 08:31:02,11251.88,123.507286,869.5542,5.008068,10.1761265,29.919924
1970-01-01 08:31:03,11317.784,122.426216,1044.2811,0.5572625,13.578774,30.49691
1970-01-01 08:31:04,11185.0,128.85895,791.5508,0.45287406,2.9068732,29.91416
1970-01-01 08:31:05,11328.224,123.97441,874.83575,3.749017,2.1991665,29.533068
1970-01-01 08:31:06,11347.551,130.00098,939.2776,3.4467525,-21.76124,28.49418
1970-01-01 08:31:07,11247.033,127.001755,599.6517,2.7873213,-22.3249,30.034224
1970-01-01 08:31:08,11437.338,127.46589,835.0765,1.6649666,1.3206831,29.062704
1970-01-01 08:31:09,11308.942,123.42703,999.81104,4.2816195,11.414249,29.947485
1970-01-01 08:31:10,11310.711,124.59598,951.39545,3.407641,3.5700364,29.520462
1970-01-01 08:31:11,11323.65,132.99858,811.5832,1.7758319,-13.353252,28.603035
1970-01-01 08:31:12,11416.392,123.53202,707.38275,2.4798012,-24.708147,27.26732
1970-01-01 08:31:13,11408.318,121.49586,816.8364,6.0307765,17.486435,25.835514
1970-01-01 08:31:14,11534.164,133.30188,864.9752,3.4550922,6.6336575,24.37198
1970-01-01 08:31:15,11433.451,122.29081,545.3845,0.68884873,3.1041207,24.216774
1970-01-01 08:31:16,11565.216,130.77983,941.2513,0.7171446,5.187198,26.725758
1970-01-01 08:31:17,11360.892,127.04586,754.0028,3.125377,-24.789633,25.281193
1970-01-01 08:31:18,11470.1455,128.42934,635.0027,3.816548,-7.3809304,25.586098
1970-01-01 08:31:19,11465.594,121.096306,977.80475,-0.24298191,-18.784405,26.953436
1970-01-01 08:31:20,11601.698,130.0986,840.2857,3.8812842,-6.6720967,27.039515
1970-01-01 08:31:21,11723.589,130.34946,1133.1371,3.5360167,10.070687,25.713285
1970-01-01 08:31:22,11555.771,130.02086,1135.7487,-3.2032921,-29.114264,25.800714
1970-01-01 08:31:23,11511.222,128.5659,526.52356,1.3174019,3.4700131,26.353231
1970-01-01 08:31:24,11602.774,126.26279,716.15326,7.4411283,-0.4530656,26.445343
1970-01-01 08:31:25,11644.612,125.59861,1327.3353,5.054687,-7.850562,27.155724
1970-01-01 08:31:26,11769.045,122.40515,1046.8899,3.479265,-5.8352637,26.26142
1970-01-01 08:31:27,11713.595,130.17162,773.7386,-2.883448,12.611947,27.274931
1970-01-01 08:31:28,11644.264,122.63036,322.89175,2.5781107,-5.5204597,26.401976
1970-01-01 08:31:29,11612.598,123.63104,994.6309,0.24055402,1.9280822,25.674334
1970-01-01 08:31:30,11702.917,124.90339,861.7137,5.2385216,13.304857,26.16801
1970-01-01 08:31:31,11761.702,124.68244,722.9528,-6.7361917,12.401134,26.50969
1970-01-01 08:31:32,11709.2,125.625656,708.72906,1.444457,10.017068,24.939907
1970-01-01 08:31:33,11790.34,132.1942,745.4936,-1.4725176,20.642345,24.108913
1970-01-01 08:31:34,11675.549,122.752686,927.42615,-0.0052986704,12.979071,23.976166
1970-01-01 08:31:35,11757.372,129.12268,787.13916,7.292182,-2.6478837,23.442045
1970-01-01 08:31:36,11780.073,129.02914,1125.1675,1.6950794,7.1859093,22.4917
1970-01-01 08:31:37,11867.863,126.60129,549.64777,-2.771797,-15.644733,22.072388
1970-01-01 08:31:38,11917.171,127.200386,256.4991,5.308701,-6.0562134,24.849838
1970-01-01 08:31:39,11877.756,136.92227,813.7622,3.4026155,-2.4702911,24.550154
1970-01-01 08:31:40,11877.41,130.40945,853.96545,3.514217,-6.8680043,26.091831
1970-01-01 08:31:41,11677.319,131.68939,1314.4316,3.7597969,-6.0503798,25.104
1970-01-01 08:31:42,11858.381,131.96793,1074.4221,2.8431904,-5.5422344,25.63501
1970-01-01 08:31:43,11916.7295,127.29512,660.0219,5.0095873,8.505684,25.76979
1970-01-01 08:31:44,11929.142,128.84709,680.9979,-3.0168293,-8.1761265,27.391947
1970-01-01 08:31:45,11991.491,131.35487,627.42163,5.724038,-11.853688,26.801628
1970-01-01 08:31:46,11977.112,132.51291,726.0014,2.175079,-0.7967099,25.33205
1970-01-01 08:31:47,12079.199,133.48843,698.4131,5.7254567,-1.7214237,26.859247
1970-01-01 08:31:48,12047.549,127.13177,-436.05872,3.4212394,-13.760448,26.966087
1970-01-01 08:31:49,11989.733,129.433,70.793686,2.7492793,-0.30842972,27.619055
1970-01-01 08:31:50,12022.984,130.5869,261.62524,1.0472955,2.4300282,25.448904
1970-01-01 08:31:51,12062.777,130.0493,47.575874,-0.98305315,-6.145987,25.39014
1970-01-01 08:31:52,11988.169,127.257805,-262.98502,2.9479933,37.904022,25.382105
1970-01-01 08:31:53,11927.495,131.7976,-64.25929,6.6532936,-4.492778,26.642567
1970-01-01 08:31:54,11991.982,126.347374,234.71155,3.2916598,-2.8988178,27.533205
1970-01-01 08:31:55,11960.056,128.48631,-117.4477,-1.0362841,-10.60545,27.954222
1970-01-01 08:31:56,11970.262,126.15138,262.7082,1.2299492,4.5149174,27.457544
1970-01-01 08:31:57,12044.705,128.32521,167.5929,4.294527,2.6570897,27.126698
1970-01-01 08:31:58,11933.979,126.999306,223.83759,8.781972,9.934734,26.241045
1970-01-01 08:31:59,11935.725,135.02155,345.44104,-0.49547443,-17.139248,25.44356
1970-01-01 08:32:00,12107.841,135.62329,-4.838687,-0.6460015,11.773964,26.293697
1970-01-01 08:32:01,11967.223,129.63234,-34.147297,-2.0503976,1.4294264,26.12399
1970-01-01 08:32:02,11919.831,126.92584,53.829292,-0.5471489,9.900288,25.929537
1970-01-01 08:32:03,11989.642,124.58835,-300.54276,1.4946709,2.7539928,26.107985
1970-01-01 08:32:04,12172.272,127.80735,-406.02142,1.0928335,-3.9467177,26.331522
1970-01-01 08:32:05,12069.019,127.775955,-135.30812,4.7570167,-5.003138,25.668829
1970-01-01 08:32:06,11896.483,121.545654,410.85724,1.3609833,15.386929,25.257145
1970-01-01 08:32:07,12027.635,129.13359,86.3698,1.7472426,11.963533,25.689787
1970-01-01 08:32:08,12051.555,126.5139,191.47,2.8058975,0.06418103,25.676062
1970-01-01 08:32:09,11942.696,129.1975,-207.9648,0.8460366,-4.852417,25.271845
1970-01-01 08:32:10,12021.29,128.70311,103.822784,0.8672742,-5.7924757,24.444899
1970-01-01 08:32:11,11917.221,123.80604,-162.03677,-2.1798673,10.613035,26.266005
1970-01-01 08:32:12,11965.665,132.66887,-601.4443,-3.195695,13.179219,26.130493
1970-01-01 08:32:13,12083.047,125.519,289.90833,0.11161542,9.07328,26.260386
1970-01-01 08:32:14,11977.37,130.86475,-72.81786,1.4575006,-8.734919,26.568745
1970-01-01 08:32:15,12056.334,129.19797,51.311974,1.2359227,8.406757,26.151386
1970-01-01 08:32:16,12036.451,126.67481,43.738094,2.7418299,0.09640715,26.802717
1970-01-01 08:32:17,12073.35,130.34297,-117.62889,0.8286318,4.782043,27.925924
1970-01-01 08:32:18,11880.223,124.47098,320.30893,-0.46053082,-27.247717,28.309938
1970-01-01 08:32:19,11982.765,140.17549,38.62759,-0.8331731,-2.666751,28.384819
1970-01-01 08:32:20,12019.449,126.63144,-15.268217,7.5474195,-3.4834976,29.427507
1970-01-01 08:32:21,12100.277,125.65059,187.01294,3.2120667,3.480329,30.374407
1970-01-01 08:32:22,12002.118,122.531166,66.42001,0.50958353,-4.3145933,30.136045
1970-01-01 08:32:23,11964.568,133.36798,179.89777,4.878174,-10.505104,29.358564
1970-01-01 08:32:24,12073.838,129.22972,-202.29584,0.24874343,-15.129778,29.052437
1970-01-01 08:32:25,11943.591,126.52292,-356.8937,3.2309341,-9.636009,29.562576
1970-01-01 08:32:26,12094.113,127.70568,11.085301,3.109161,-21.37498,29.477564
1970-01-01 08:32:27,12065.239,128.9282,42.914616,5.650144,3.4350617,28.23315
1970-01-01 08:32:28,12064.28,130.11281,-9.905435,0.9771759,-4.052099,27.830177
1970-01-01 08:32:29,12009.863,125.43361,-353.11237,2.2953427,-3.0015707,27.45955
1970-01-01 08:32:30,11968.468,126.19191,222.49702,-0.50907755,6.5384135,25.962288
1970-01-01 08:32:31,11988.671,132.38055,-87.874466,5.1857257,-8.221839,26.17141
1970-01-01 08:32:32,11967.008,136.41924,-95.49888,3.1400194,-10.258176,26.770998
1970-01-01 08:32:33,11869.43,132.03099,,-0.5305122,2.2392516,26.833113
1970-01-01 08:32:34,12058.76,133.52106,-45.685513,4.202031,11.866694,27.570793
1970-01-01 08:32:35,11874.795,135.15639,58.257748,8.947036,4.658081,28.314436
1970-01-01 08:32:36,11988.607,133.05156,-247.805,-1.6944455,2.241047,29.478043
1970-01-01 08:32:37,12101.214,133.71657,-277.28442,5.6156664,8.375976,28.674734
1970-01-01 08:32:38,11891.99,128.16765,412.1734,-2.1506486,0.62837553,27.520721
1970-01-01 08:32:39,12047.822,125.75795,115.2348,0.39325118,5.3311296,27.02687
1970-01-01 08:32:40,12105.578,126.70641,116.781075,3.044987,5.893703,28.451494
1970-01-01 08:32:41,11978.94,128.98611,-56.40492,1.37628,0.057471126,28.476784
1970-01-01 08:32:42,12088.533,137.59091,-125.950455,-4.5860033,-1.1956804,29.997944
1970-01-01 08:32:43,12008.547,126.89708,175.99825,5.7301965,-5.093956,31.645348
1970-01-01 08:32:44,12021.759,128.68274,-309.326,3.6848435,-9.662289,29.919447
1970-01-01 08:32:45,11932.633,123.69773,-162.9185,-1.3792573,21.982992,30.068989
1970-01-01 08:32:46,12012.83,128.3136,-4.24587,-0.34168166,-1.6092736,29.058348
1970-01-01 08:32:47,11932.844,134.74358,-327.3127,6.1585627,6.286469,28.808342
1970-01-01 08:32:48,12006.877,133.76193,-81.069725,-2.3344264,3.2483802,29.061758
1970-01-01 08:32:49,11983.586,128.45071,121.14263,4.1503167,-6.6967416,28.913902
1970-01-01 08:32:50,11918.657,131.80205,-29.754566,4.8200464,2.5956738,29.737638
1970-01-01 08:32:51,11982.401,122.17738,19.07618,4.8018317,-1.4540008,29.837782
1970-01-01 08:32:52,11993.105,132.58844,105.40912,4.271902,-15.925091,29.775515
1970-01-01 08:32:53,12080.841,127.012054,-166.43161,4.2719803,7.8185573,29.234894
1970-01-01 08:32:54,12041.382,134.42241,-81.442375,,27.76356,28.736698
1970-01-01 08:32:55,12034.376,127.45963,32.891884,-0.38437513,-15.958723,28.173985
1970-01-01 08:32:56,11971.379,129.611,-234.12404,-0.86996984,-6.789012,29.17599
1970-01-01 08:32:57,12041.328,126.8528,-194.10791,4.92024,4.658064,29.867727
1970-01-01 08:32:58,11950.482,,-22.486712,4.3323393,-11.4062805,29.406519
1970-01-01 08:32:59,12099.202,126.60774,-202.85063,-2.1094902,-13.5682745,29.70215
1970-01-01 08:33:00,11903.316,125.67659,19.171251,6.0915823,4.369604,28.874992
1970-01-01 08:33:01,11980.128,133.94635,222.83986,6.6682024,10.398224,28.207891
1970-01-01 08:33:02,11979.993,134.80911,255.6622,4.724519,3.451103,27.51851
1970-01-01 08:33:03,11974.488,131.9315,-177.9502,2.2678542,-1.2069832,26.696302
1970-01-01 08:33:04,11947.834,130.35751,-241.17506,9.166832,18.17401,28.020584
1970-01-01 08:33:05,12058.086,127.05527,-103.46239,2.3946378,17.44595,29.190962
1970-01-01 08:33:06,11917.157,134.95435,-73.43613,4.349293,-3.3410714,30.487139
1970-01-01 08:33:07,12018.487,126.34243,-44.015182,-5.188598,-1.3878983,30.669916
1970-01-01 08:33:08,11834.246,135.97885,115.44065,-1.6793534,8.02501,29.528578
1970-01-01 08:33:09,11962.503,135.5226,183.73311,8.808076,-2.836002,29.8535
1970-01-01 08:33:10,12084.699,137.10178,-83.77746,-1.866741,0.08723664,30.21622
1970-01-01 08:33:11,12002.54,136.87602,144.1092,-0.35960135,-0.17786694,30.877523
1970-01-01 08:33:12,11926.941,134.42929,56.818775,-2.7780294,3.202933,30.565178
1970-01-01 08:33:13,11919.465,133.30064,-398.5926,-1.3136994,0.75535285,30.437813
1970-01-01 08:33:14,11924.74,126.06131,298.7649,-3.8151171,-0.16251631,31.201317
1970-01-01 08:33:15,12050.34,130.92676,81.04267,9.222209,-2.9023066,31.313356
1970-01-01 08:33:16,11992.758,131.07166,360.6775,0.6717572,6.3686,31.447075
1970-01-01 08:33:17,12090.616,132.59453,95.09306,3.2872403,16.084846,31.985893
1970-01-01 08:33:18,11949.675,131.21394,143.64897,6.7049417,9.860559,33.44875
1970-01-01 08:33:19,11856.916,132.90431,-114.132515,5.6136737,2.906632,32.910496
1970-01-01 08:33:20,12003.783,130.05151,-414.9461,-1.5192391,11.300939,33.018833
1970-01-01 08:33:21,11945.889,127.63059,149.98882,5.270379,3.479212,33.287163
1970-01-01 08:33:22,12056.989,126.23448,190.0951,0.38237408,-1.677246,33.034145
1970-01-01 08:33:23,11866.492,130.41377,-110.43711,0.87884724,10.423766,31.872663
1970-01-01 08:33:24,12015.889,129.6494,-407.11087,3.781862,-4.263392,33.290787
1970-01-01 08:33:25,12054.382,129.24872,-62.707336,4.421915,-12.683018,32.63795
1970-01-01 08:33:26,11985.79,131.91884,-120.458206,4.109111,7.5427165,34.14349
1970-01-01 08:33:27,11993.074,128.4906,131.17448,2.823801,-7.4029446,33.679157
1970-01-01 08:33:28,11933.483,133.18735,217.67944,0.64884526,13.841563,34.20032
1970-01-01 08:33:29,11991.472,130.518,7.2801256,-1.1722418,-2.2566867,34.442528
1970-01-01 08:33:30,11968.475,132.27484,158.99684,0.27051225,-15.113261,34.86104
1970-01-01 08:33:31,12120.315,134.4684,-68.36745,6.44509,-4.074731,35.61261
1970-01-01 08:33:32,12067.055,,-325.91922,3.7582607,10.087462,35.20954
1970-01-01 08:33:33,12035.758,128.13623,513.6424,1.3229501,-3.2545357,34.815697
1970-01-01 08:33:34,12029.924,131.02058,56.421207,3.9832695,-9.546828,35.30181
1970-01-01 08:33:35,11873.521,133.83514,92.64296,5.240275,7.3708434,34.770782
1970-01-01 08:33:36,11904.405,129.47545,-308.50705,4.250928,-7.9638286,35.1754
1970-01-01 08:33:37,12005.73,128.9143,82.69727,-3.1555986,-2.1767612,34.945473
1970-01-01 08:33:38,11926.811,129.03249,124.40401,1.1254125,2.8099003,33.982098
1970-01-01 08:33:39,12002.794,127.68269,369.3485,-2.9159682,1.5032891,34.03063
1970-01-01 08:33:40,11920.808,127.65996,157.23907,-0.5920966,9.399972,33.0548
1970-01-01 08:33:41,11974.38,130.01262,333.94916,3.8330648,-9.4464245,31.434258
1970-01-01 08:33:42,12027.93,135.10742,-648.9275,-4.390777,-16.846033,32.100018
1970-01-01 08:33:43,12157.56,131.62794,299.38126,1.5970112,6.8286695,31.846819
1970-01-01 08:33:44,11779.375,132.5397,409.8052,2.3646402,-7.7340374,32.180916
1970-01-01 08:33:45,11975.217,135.42833,-214.25175,-2.0819252,-9.146539,31.164295
1970-01-01 08:33:46,12167.716,123.27439,-24.96543,2.698232,11.347729,31.737501
1970-01-01 08:33:47,12056.714,127.853935,-98.205284,6.2959585,-0.26097244,30.813196
1970-01-01 08:33:48,11790.273,128.6559,6.285196,-3.061673,3.3747942,29.732517
1970-01-01 08:33:49,11972.716,130.29909,-66.62255,1.6006674,11.581608,29.842094
1970-01-01 08:33:50,12000.45,135.47285,-105.23945,-0.15485065,13.298975,29.115253
1970-01-01 08:33:51,12026.899,129.53831,330.45673,3.1376817,-4.8841295,29.60398
1970-01-01 08:33:52,12048.9375,133.13005,65.59186,-0.9134474,7.0607195,31.354078
1970-01-01 08:33:53,12045.914,137.19974,-151.16547,4.3742704,-4.990876,33.248566
1970-01-01 08:33:54,11871.311,138.39095,-127.426796,-0.28649518,-1.3716898,32.952663
1970-01-01 08:33:55,12105.86,134.20091,-153.45245,3.8675926,5.0663705,31.517694
1970-01-01 08:33:56,12041.299,125.932365,108.30543,2.5738542,-1.5844156,31.319214
1970-01-01 08:33:57,12025.31,,-115.779045,3.7052822,-17.59704,31.04133
1970-01-01 08:33:58,12059.501,129.87402,237.6746,2.338598,-6.5486155,31.567492
1970-01-01 08:33:59,11987.075,138.01694,155.16597,3.388912,1.3347694,30.891117
1970-01-01 08:34:00,11980.232,138.01775,15.898496,3.62532,-0.5567691,31.944908
1970-01-01 08:34:01,11964.452,138.05272,-338.27914,6.1196833,5.3363028,32.04834
1970-01-01 08:34:02,12069.639,130.35434,-77.008354,-0.49394315,7.8802967,31.798914
1970-01-01 08:34:03,12021.904,123.49339,279.19467,-2.9148927,-12.364357,32.302757
1970-01-01 08:34:04,11916.1875,129.67422,-446.24203,0.7522503,1.8844893,31.956835
1970-01-01 08:34:05,12207.677,131.16191,168.13101,8.91491,-3.1664503,31.186924
1970-01-01 08:34:06,12013.562,139.50389,-244.48921,2.6580768,1.0170655,32.189865
1970-01-01 08:34:07,11907.411,128.72069,110.08594,-0.6394812,7.612811,33.497402
1970-01-01 08:34:08,11969.279,128.40479,-144.43587,1.5566573,-8.44796,32.939896
1970-01-01 08:34:09,11982.714,136.59277,111.828674,-0.38997453,-2.3418899,31.87101
1970-01-01 08:34:10,12061.752,130.90204,41.69252,-0.7358932,-10.165598,31.450653
1970-01-01 08:34:11,11830.48,134.0652,-133.30516,-0.07431656,3.846908,32.824505
1970-01-01 08:34:12,11989.446,133.77892,264.16812,3.3782623,6.4988046,32.775814
1970-01-01 08:34:13,12018.621,130.97852,111.48521,0.0066751014,-5.1114807,33.414257
1970-01-01 08:34:14,11985.984,133.842,-358.66718,2.3354504,-6.4641137,33.214798
1970-01-01 08:34:15,11896.58,127.30071,197.77902,6.7264886,-1.6273596,32.568832
1970-01-01 08:34:16,12062.3,136.0405,236.14014,0.012652001,14.996875,31.984133
1970-01-01 08:34:17,11924.846,128.4501,-37.28192,-1.5335758,0.29420564,29.833782
1970-01-01 08:34:18,11932.555,129.19002,110.567276,5.739365,-5.1233697,28.771564
1970-01-01 08:34:19,12102.671,136.89195,293.10873,-0.2510131,-10.841671,28.16157
1970-01-01 08:34:20,12006.7295,137.39192,-0.2961519,1.9735998,-8.969683,30.986807
1970-01-01 08:34:21,12093.236,128.72418,249.13454,3.4154255,-8.734498,31.056433
1970-01-01 08:34:22,12069.023,124.22919,-141.15324,1.1019795,-6.4034147,30.126995
1970-01-01 08:34:23,12035.599,140.20044,-160.87091,-1.8821077,-1.5072273,30.165792
1970-01-01 08:34:24,11946.211,133.24666,-12.804856,1.6596758,7.898052,29.263775
1970-01-01 08:34:25,11948.384,124.98796,-89.76597,0.24247923,5.635867,29.10118
1970-01-01 08:34:26,11906.139,134.71687,8.96143,-3.3628848,5.269108,29.807266
1970-01-01 08:34:27,12045.692,135.90819,-228.28346,2.0618947,10.57794,30.087406
1970-01-01 08:34:28,12038.381,133.37964,-120.43024,6.6979256,-1.5713394,28.467451
1970-01-01 08:34:29,11919.453,135.43246,180.7622,1.1460739,16.717062,29.502398
1970-01-01 08:34:30,12020.196,127.7989,268.46582,4.6216555,9.027645,29.585108
1970-01-01 08:34:31,11953.982,133.42317,428.1073,-3.85582,-6.6809006,29.696655
1970-01-01 08:34:32,,133.26587,200.43994,-0.391372,-10.903073,27.941484
1970-01-01 08:34:33,,131.4198,-152.12029,3.1492,0.804048,25.68215
1970-01-01 08:34:34,12013.812,124.56025,5.1593432,,-6.650725,26.856472
1970-01-01 08:34:35,12019.96,128.62122,177.13467,-1.7901986,-24.166628,27.203608
1970-01-01 08:34:36,12003.877,136.555,-14.108253,-0.16555896,1.1577519,26.844366
1970-01-01 08:34:37,12041.895,139.05836,0.71307284,1.9666111,-7.9135976,27.114796
1970-01-01 08:34:38,12053.893,135.44011,-94.59937,-0.21644698,2.7135763,26.04199
1970-01-01 08:34:39,11940.874,135.48232,-23.853312,0.85787594,11.142565,26.62263
1970-01-01 08:34:40,11997.652,128.81802,186.31972,2.7329633,-13.973696,25.118387
1970-01-01 08:34:41,11980.242,130.04205,-212.58295,2.8231568,4.8764663,25.679676
1970-01-01 08:34:42,11975.965,132.09937,-417.0647,-0.68815154,-6.2474704,25.415188
1970-01-01 08:34:43,12102.083,138.90306,-2.438236,-4.9128523,-9.346982,24.285673
1970-01-01 08:34:44,12023.686,126.191795,-130.17616,-1.3354958,16.289494,24.322138
1970-01-01 08:34:45,11962.288,132.17209,-84.325676,1.2821109,11.335007,25.980309
1970-01-01 08:34:46,11919.549,136.61018,110.7873,-4.277716,-1.5551407,26.620617
1970-01-01 08:34:47,12018.03,136.76283,-197.20598,1.3749259,-2.0445998,27.521687
1970-01-01 08:34:48,11980.538,136.19437,-100.659325,2.8864264,8.430553,28.012394
1970-01-01 08:34:49,11961.048,127.81587,-83.971855,1.320202,5.899527,28.23104
1970-01-01 08:34:50,12011.901,129.81042,-203.05556,0.5819792,2.0482113,27.640984
1970-01-01 08:34:51,11957.773,127.44551,192.91011,4.1447315,9.668956,28.40169
1970-01-01 08:34:52,11909.202,132.17545,67.202095,0.038718835,6.5994434,29.3343
1970-01-01 08:34:53,11843.416,139.69406,79.72729,3.5157542,-0.7554299,29.404703
1970-01-01 08:34:54,11835.029,135.06625,41.001312,-0.4134035,4.472891,30.43122
1970-01-01 08:34:55,12041.223,133.80861,-103.31279,1.714886,-10.225549,31.046076
1970-01-01 08:34:56,12014.717,126.228165,253.03487,0.92809176,3.5393116,31.189919
1970-01-01 08:34:57,12010.817,124.09903,-145.39214,0.3640846,0.6603151,31.079216
1970-01-01 08:34:58,11894.862,133.85852,137.52486,3.2600303,7.8293424,30.432823
1970-01-01 08:34:59,11928.435,136.30081,30.730238,5.7100534,-3.2138453,31.011242
1970-01-01 08:35:00,11921.807,129.40195,439.50708,1.3538677,-6.493716,30.657597
1970-01-01 08:35:01,11973.222,134.07504,192.84753,1.515907,-4.615301,32.573933
1970-01-01 08:35:02,11886.963,131.72543,54.970596,4.2180896,-2.8082414,30.534729
1970-01-01 08:35:03,11990.191,129.42242,141.5136,2.872345,4.569072,30.54294
1970-01-01 08:35:04,12134.557,127.22703,107.91794,-0.80837125,-5.946996,31.859715
1970-01-01 08:35:05,11957.44,132.64734,65.79896,7.3782096,-2.2880733,31.641958
1970-01-01 08:35:06,12080.369,128.67711,62.273384,3.1562626,2.562428,32.14002
1970-01-01 08:35:07,11992.691,131.95853,62.426758,2.0062718,5.64319,32.53235
1970-01-01 08:35:08,11972.93,140.66968,313.49094,1.1111428,4.249452,32.008846
1970-01-01 08:35:09,11923.11,141.83258,233.32124,4.7955313,-8.342376,30.700499
1970-01-01 08:35:10,11842.589,135.31233,-251.63765,3.1938298,-9.780082,30.578049
1970-01-01 08:35:11,12138.965,134.00847,-42.22284,-3.0700347,15.471294,31.05637
1970-01-01 08:35:12,12033.025,134.74702,57.1619,0.9786666,-15.542859,32.449436
1970-01-01 08:35:13,11833.661,133.7919,241.00972,-1.4726652,,32.926563
1970-01-01 08:35:14,12007.002,139.74342,506.24072,0.8306114,11.05942,32.12392
1970-01-01 08:35:15,12083.904,134.22282,-31.619976,0.95745605,-8.647603,31.338392
1970-01-01 08:35:16,11917.116,137.35846,-33.113083,1.5138372,15.476271,31.165745
1970-01-01 08:35:17,11869.43,138.3549,255.22641,-4.771402,16.587742,33.058796
1970-01-01 08:35:18,11969.278,143.94858,-126.01599,0.34649777,-6.5225725,31.862553
1970-01-01 08:35:19,11974.653,132.873,-316.90042,4.816771,7.565655,33.818256
1970-01-01 08:35:20,12010.36,136.53555,431.44113,2.321509,-3.9995134,33.991993
1970-01-01 08:35:21,,138.06525,527.868,4.868696,3.9123023,34.766693
1970-01-01 08:35:22,12021.643,124.162186,-201.5917,6.1902585,6.3036795,34.61735
1970-01-01 08:35:23,11963.874,129.11835,-152.09334,1.13171,3.4687045,34.20928
1970-01-01 08:35:24,11913.898,136.0519,-306.67416,4.0599623,-14.666274,34.408546
1970-01-01 08:35:25,12137.486,136.70525,169.83084,2.839918,7.0396633,33.894337
1970-01-01 08:35:26,11927.438,139.28853,81.93082,1.5391015,6.7140427,32.59703
1970-01-01 08:35:27,12065.649,132.73503,-53.675972,1.9208679,-3.3589451,32.1164
1970-01-01 08:35:28,11989.901,135.28477,296.4737,-1.6192526,-0.6476049,30.104399
1970-01-01 08:35:29,11917.011,136.8247,-61.17664,8.475328,-5.1903086,30.973406
1970-01-01 08:35:30,11945.274,138.08414,174.06735,-0.07705719,5.817778,31.824093
1970-01-01 08:35:31,12166.947,134.758,-99.760284,0.16365075,-5.3709397,32.19642
1970-01-01 08:35:32,12060.217,136.49214,-348.80298,1.208209,18.178009,32.30142
1970-01-01 08:35:33,11967.634,,158.28894,-2.9242663,-0.65270907,31.611294
1970-01-01 08:35:34,11935.671,135.70131,-137.56725,5.142389,-10.692416,32.338493
1970-01-01 08:35:35,11919.227,131.10748,-127.27336,4.893451,31.118776,32.370274
1970-01-01 08:35:36,11873.237,138.28845,-183.01697,-2.2134194,-12.691414,31.8083
1970-01-01 08:35:37,11850.994,134.0934,-309.45996,2.8057497,10.641145,33.375282
1970-01-01 08:35:38,12026.219,140.92592,-207.33168,0.5909169,25.637417,34.88181
1970-01-01 08:35:39,12008.702,131.89507,-93.31251,3.9091392,1.7715125,33.675835
1970-01-01 08:35:40,12063.123,133.9515,428.62863,1.8934954,-6.7724566,34.75402
1970-01-01 08:35:41,11969.392,,-18.86543,1.1057787,-1.5538183,34.513077
1970-01-01 08:35:42,12133.241,141.10028,-49.01196,-1.0985155,5.540378,35.541325
1970-01-01 08:35:43,11961.53,129.9734,-172.59097,3.2959268,-9.840442,35.96515
1970-01-01 08:35:44,11988.65,131.46898,19.110954,1.7983005,-4.0103626,36.07941
1970-01-01 08:35:45,12008.904,130.1042,84.974106,0.09038325,3.0188909,36.537964
1970-01-01 08:35:46,11988.197,142.50154,29.65973,3.158573,2.5927355,38.098125
1970-01-01 08:35:47,12118.23,128.4735,59.55624,-3.0312576,9.543655,37.769215
1970-01-01 08:35:48,12166.148,139.90395,-69.27864,4.695363,19.87955,37.21972
1970-01-01 08:35:49,12094.925,135.29814,-24.957142,-0.6801143,2.857259,35.273003
1970-01-01 08:35:50,12094.235,138.77933,171.14233,1.2346929,-0.54831755,37.067104
1970-01-01 08:35:51,12026.216,134.77126,238.31415,6.6125083,-4.3762884,39.769333
1970-01-01 08:35:52,12012.626,128.4519,107.154045,4.779961,-10.917618,38.578606
1970-01-01 08:35:53,11976.097,135.78915,-13.068012,4.0307155,8.463713,38.453987
1970-01-01 08:35:54,11903.865,134.68376,-142.55888,3.1697848,-10.673009,38.579185
1970-01-01 08:35:55,12066.051,137.85779,-5.2832627,1.3423854,16.64283,38.34178
1970-01-01 08:35:56,11840.801,134.71988,292.50497,1.4640399,-7.260338,40.086628
1970-01-01 08:35:57,11948.193,132.15436,-168.60861,2.7784498,-19.01751,39.95553
1970-01-01 08:35:58,12156.624,143.34613,-20.094168,2.6046176,,41.972355
1970-01-01 08:35:59,11960.1455,127.983055,5.404107,0.9962197,0.26000875,42.186104
1970-01-01 08:36:00,12006.42,134.99854,1.2714556,3.1703403,10.279248,42.672604
1970-01-01 08:36:01,11862.447,136.79146,196.34184,2.0747612,-2.0679219,41.967182
1970-01-01 08:36:02,12013.231,132.78954,10.601041,0.16471338,8.276542,42.225925
1970-01-01 08:36:03,11873.882,130.93921,263.32535,1.1596308,-15.135655,43.50727
1970-01-01 08:36:04,12079.194,132.79585,72.02572,3.220012,-1.0005457,43.797913
1970-01-01 08:36:05,11984.094,127.07404,51.13648,0.29757938,23.354828,43.669956
1970-01-01 08:36:06,12031.69,136.94266,-281.43454,0.45707572,13.522909,44.85311
1970-01-01 08:36:07,12007.083,141.79912,-99.636604,3.3093245,13.171273,44.855724
1970-01-01 08:36:08,11923.472,134.20103,-200.60226,2.6779048,-16.240303,44.29225
1970-01-01 08:36:09,11991.251,135.60764,-487.8293,-0.449208,12.014463,44.77149
1970-01-01 08:36:10,11929.578,141.25478,29.140968,-1.7091924,12.585248,44.70444
1970-01-01 08:36:11,12024.562,139.01825,-6.9621058,6.012221,-4.3887825,45.12616
1970-01-01 08:36:12,11932.902,135.68546,312.7491,5.66089,-9.132759,44.91379
1970-01-01 08:36:13,11986.051,133.21172,-80.565674,1.644164,1.5410168,44.1498
1970-01-01 08:36:14,12092.582,134.55606,-15.739717,0.21886298,-15.777056,44.53272
1970-01-01 08:36:15,11939.949,139.64339,47.773876,8.039662,0.17454295,45.591476
1970-01-01 08:36:16,12034.688,140.73827,200.06868,1.9388385,9.316585,44.298485
1970-01-01 08:36:17,12143.628,132.6503,42.130234,0.827423,14.17954,43.46516
1970-01-01 08:36:18,12035.664,138.36136,152.2101,-0.16382453,,42.746197
1970-01-01 08:36:19,11961.528,138.85374,-160.92368,-2.5660725,-3.580025,40.890087
1970-01-01 08:36:20,11871.246,131.27805,379.29843,5.958494,1.1737381,40.870884
1970-01-01 08:36:21,11979.212,143.7678,52.122627,2.6845384,-12.962209,40.806595
1970-01-01 08:36:22,11989.792,128.7086,77.08636,1.8043647,-7.1999555,41.399303
1970-01-01 08:36:23,12005.219,134.83104,76.50216,4.343162,-7.2275896,42.556416
1970-01-01 08:36:24,11917.844,134.1528,144.39067,3.0206056,-2.6388345,41.408913
1970-01-01 08:36:25,11972.492,136.6452,47.595577,2.114759,-8.129386,42.28379
1970-01-01 08:36:26,11989.303,134.53244,-346.36896,3.7885396,2.5509968,42.544308
1970-01-01 08:36:27,11997.419,137.99078,429.9947,-2.9161448,-7.7886944,41.430027
1970-01-01 08:36:28,11876.697,142.78526,-128.68361,4.819027,0.3584508,43.11529
1970-01-01 08:36:29,12057.763,137.82716,382.67554,0.8396382,15.0929365,45.05944
1970-01-01 08:36:30,11999.279,139.26526,64.85708,0.4794266,-12.3420315,43.482243
1970-01-01 08:36:31,12077.09,139.87346,476.0729,2.6948395,8.323365,43.314816
1970-01-01 08:36:32,11990.565,135.67874,-38.44983,1.1067836,-1.6273133,42.528336
1970-01-01 08:36:33,11993.149,139.38867,71.56261,1.3122172,-9.430063,41.42515
1970-01-01 08:36:34,12131.751,132.70612,-161.699,4.6668816,-3.1373806,39.81592
1970-01-01 08:36:35,11803.477,142.9391,87.11209,1.6307689,19.586252,38.934864
1970-01-01 08:36:36,12018.73,136.02779,140.98029,1.9074674,7.142035,38.994812
1970-01-01 08:36:37,11992.293,139.09053,-176.478,0.95732105,11.250137,38.48199
1970-01-01 08:36:38,12269.282,137.82018,33.050907,3.672727,7.133314,38.437298
1970-01-01 08:36:39,11899.015,139.61342,-38.377155,-0.11018323,-5.067554,39.11702
1970-01-01 08:36:40,12002.846,135.07283,-11.528122,4.8978157,11.689431,39.482998
1970-01-01 08:36:41,11975.505,140.44528,143.37192,1.5590196,8.456157,39.82148
1970-01-01 08:36:42,12111.373,138.61203,58.751976,-0.07105056,-6.092005,38.603664
1970-01-01 08:36:43,12044.286,141.20665,-207.6866,-1.9375834,-24.744404,38.140373
1970-01-01 08:36:44,11897.276,141.31393,-64.47477,3.8088963,-0.4943383,40.657085
1970-01-01 08:36:45,12051.205,127.62059,-114.79998,5.844703,18.863367,41.63499
1970-01-01 08:36:46,11948.857,131.2048,107.567856,2.5049477,14.643039,42.307415
1970-01-01 08:36:47,11991.092,142.8867,437.17932,5.1630096,-2.5712225,41.339703
1970-01-01 08:36:48,11975.221,140.62643,,1.1051798,4.6441097,41.91618
1970-01-01 08:36:49,11955.183,132.94691,274.4731,-0.76946676,9.56179,41.230682
1970-01-01 08:36:50,11931.867,145.70967,-179.45288,-0.4151865,13.07574,41.848
1970-01-01 08:36:51,11955.289,139.70787,17.893726,-1.9157683,0.04045745,41.41167
1970-01-01 08:36:52,11925.77,133.62468,224.56891,-2.150672,1.9147255,42.79574
1970-01-01 08:36:53,12020.201,133.95467,-125.74647,-0.07638123,4.1422286,42.454647
1970-01-01 08:36:54,11931.27,142.78053,319.26144,-1.7824495,-0.49249408,41.601482
1970-01-01 08:36:55,11926.701,135.07121,-163.62152,1.8982284,0.95439386,42.84267
1970-01-01 08:36:56,12001.08,135.315,205.24908,3.084575,-0.2881324,41.4152
1970-01-01 08:36:57,11898.457,141.07541,80.966934,3.2924142,-0.22623071,42.789146
1970-01-01 08:36:58,12104.28,141.23242,176.1303,1.3824836,0.119340725,43.173725
1970-01-01 08:36:59,,142.46422,154.09837,-0.14283834,-12.466876,43.819633
1970-01-01 08:37:00,12063.924,136.19292,-72.31107,0.6613203,-3.0115523,44.604424
1970-01-01 08:37:01,11941.191,140.41289,156.9324,2.773396,5.406576,44.501915
1970-01-01 08:37:02,11946.047,143.04701,-168.66939,4.1866727,-5.7795405,45.068516
1970-01-01 08:37:03,11973.215,148.5468,99.367676,2.4193752,1.921802,45.793076
1970-01-01 08:37:04,12042.553,137.43195,42.406578,3.0759435,0.6610315,45.28316
1970-01-01 08:37:05,11964.366,136.5585,-222.50375,1.8231456,19.133877,45.834354
1970-01-01 08:37:06,11949.46,138.78299,244.53363,3.4118745,-6.452468,45.39024
1970-01-01 08:37:07,12024.63,139.95822,-185.31735,3.671669,-14.168136,43.219933
1970-01-01 08:37:08,12055.837,141.07379,5.0349603,2.0373685,6.8616347,43.24467
1970-01-01 08:37:09,11949.69,145.70631,-3.5446823,3.1127625,-16.346663,43.636864
1970-01-01 08:37:10,11804.101,143.72507,373.42136,10.122387,3.5291111,45.540413
1970-01-01 08:37:11,12074.417,133.00647,58.657696,1.5690327,-1.2283844,46.219852
1970-01-01 08:37:12,11910.296,134.51007,138.94296,6.3168283,-17.925444,45.997753
1970-01-01 08:37:13,12033.964,142.87851,290.3041,0.3621123,1.3431574,46.228672
1970-01-01 08:37:14,11935.175,136.54198,156.13943,6.0134177,6.001124,45.203255
1970-01-01 08:37:15,12047.093,135.09666,-257.13968,3.1196952,6.114496,45.297295
1970-01-01 08:37:16,11997.864,138.05464,39.36696,6.444226,10.890357,45.238583
1970-01-01 08:37:17,12015.201,138.18112,-93.40135,-1.9146463,6.6004963,45.738705
1970-01-01 08:37:18,12028.35,136.34589,214.82265,4.5231757,23.869955,47.673042
1970-01-01 08:37:19,12048.6,142.37602,152.96074,-0.33380038,-25.241478,47.751347
1970-01-01 08:37:20,11943.689,,-261.03265,2.106507,-23.817316,47.260147
1970-01-01 08:37:21,11929.422,143.02147,79.204124,0.23622392,-19.820543,47.86748
1970-01-01 08:37:22,12015.06,129.22011,168.78545,1.7245744,7.1243687,46.671165
1970-01-01 08:37:23,11888.217,143.39328,160.87865,4.4056025,-5.789372,47.22256
1970-01-01 08:37:24,11897.236,137.3916,325.8174,1.2285951,-0.64354724,45.98213
1970-01-01 08:37:25,11990.959,140.00386,157.79443,8.769709,-5.8883657,45.904926
1970-01-01 08:37:26,11934.865,134.93886,27.32853,-0.53646094,8.389122,45.09307
1970-01-01 08:37:27,12024.346,142.2126,58.961555,3.8462222,7.707799,44.577614
1970-01-01 08:37:28,11949.314,142.65244,-38.20306,6.449203,-5.92131,45.917873
1970-01-01 08:37:29,11943.768,135.14838,-8.819093,2.6534224,-0.9699503,45.4813
1970-01-01 08:37:30,11935.093,132.49185,-149.15381,3.0161664,8.422309,45.329475
1970-01-01 08:37:31,11974.776,138.55441,-22.423048,0.2689786,10.165604,46.409836
1970-01-01 08:37:32,12060.5,141.81104,-95.10924,-0.69696736,-4.7786613,46.694416
1970-01-01 08:37:33,12023.168,143.85336,-205.2806,1.3665433,1.751295,46.673027
1970-01-01 08:37:34,12023.483,132.83685,-73.175385,1.969771,-18.63124,47.65579
1970-01-01 08:37:35,11922.026,138.44476,306.60464,3.6925967,-4.8717265,47.639908
1970-01-01 08:37:36,12024.112,143.74335,106.0349,0.82607543,12.948906,45.847607
1970-01-01 08:37:37,12013.347,136.49104,-114.7761,2.0155184,-2.2513025,45.73995
1970-01-01 08:37:38,11840.737,138.51799,181.78732,3.5604768,0.7931401,46.093628
1970-01-01 08:37:39,12088.659,142.22598,,1.9103782,21.098957,45.874622
1970-01-01 08:37:40,11913.598,138.4223,-327.2704,-1.3089234,-17.822489,47.52161
1970-01-01 08:37:41,12002.751,135.62473,160.29883,8.726503,3.0616386,46.72596
1970-01-01 08:37:42,11900.1,138.32088,56.585793,-0.48285615,-1.131136,46.438763
1970-01-01 08:37:43,12066.634,137.31325,283.22336,0.98330986,1.5121611,46.479828
1970-01-01 08:37:44,11998.775,141.77977,232.72673,0.040914156,13.349136,47.46881
1970-01-01 08:37:45,12009.43,138.49144,157.37193,3.5082972,5.348164,47.867218
1970-01-01 08:37:46,12029.477,138.44351,56.905403,2.5326385,-1.3515286,46.955997
1970-01-01 08:37:47,11811.673,139.93689,346.70355,0.5207946,4.384626,44.548103
1970-01-01 08:37:48,11964.995,133.4201,188.57074,-3.9696858,9.975271,44.506283
1970-01-01 08:37:49,12027.888,137.87071,295.83734,2.749023,-3.2320528,45.04519
1970-01-01 08:37:50,12090.392,140.31099,122.61295,0.951237,0.19898899,46.35559
1970-01-01 08:37:51,12042.471,142.1082,-225.05693,4.8390927,14.017325,47.248447
1970-01-01 08:37:52,11940.239,137.76216,-86.91876,-1.1100715,-2.9951103,49.053562
1970-01-01 08:37:53,12025.935,146.15598,-4.8055763,-4.924477,-2.0195153,49.07408
1970-01-01 08:37:54,11940.171,141.0302,-191.36438,8.576417,-7.1972485,49.391445
1970-01-01 08:37:55,11887.91,148.22687,47.708202,0.78488666,3.5414875,50.33424
1970-01-01 08:37:56,11919.709,143.19742,166.33485,4.9503846,8.221804,50.022953
1970-01-01 08:37:57,12046.292,140.92972,91.10899,-4.0814776,8.491171,50.911335
1970-01-01 08:37:58,11996.832,136.11534,313.88235,0.65543336,1.2532964,50.90798
1970-01-01 08:37:59,12062.216,144.42249,138.07893,3.1194289,11.990094,52.355095
1970-01-01 08:38:00,11997.514,139.20012,173.90318,3.280515,0.6423856,52.64862
1970-01-01 08:38:01,11944.399,142.61728,-184.95995,6.0052085,6.0297036,54.673843
1970-01-01 08:38:02,12007.4795,139.31052,91.72649,4.042679,15.204089,55.677845
1970-01-01 08:38:03,12070.377,141.07118,161.586,2.6514337,27.402826,56.201756
1970-01-01 08:38:04,11903.848,142.20807,-169.00345,-3.013555,14.192668,56.384617
1970-01-01 08:38:05,11880.808,143.49873,100.07854,3.8885832,-1.9915591,57.34249
1970-01-01 08:38:06,12077.19,143.41475,-89.54755,0.20251371,12.800727,57.263275
1970-01-01 08:38:07,12002.171,140.99757,-264.41522,1.2016895,7.4531574,56.302567
1970-01-01 08:38:08,11927.725,143.20511,-65.48281,2.001012,-5.033818,
1970-01-01 08:38:09,12068.24,144.22733,-52.492455,3.0121992,10.253084,55.62728
1970-01-01 08:38:10,11938.846,137.57117,-62.44175,8.643746,-2.9763057,56.00371
1970-01-01 08:38:11,12018.715,145.48164,-146.75906,4.861826,-13.492231,55.312958
1970-01-01 08:38:12,12070.751,143.65514,165.26799,3.968959,4.0771346,57.74468
1970-01-01 08:38:13,12020.308,146.60454,89.55438,0.8076179,-12.264715,57.779083
1970-01-01 08:38:14,12002.035,136.05359,64.25136,4.4289956,-24.939516,58.125465
1970-01-01 08:38:15,11946.941,146.17737,-25.808807,0.96046674,-4.5542483,56.852333
1970-01-01 08:38:16,12019.433,134.84496,155.93385,-0.7582338,4.8420243,56.257183
1970-01-01 08:38:17,11953.877,130.58214,69.888374,-0.3913322,-0.016821932,57.909943
1970-01-01 08:38:18,12041.484,133.74081,-59.47355,1.4901993,9.394078,59.294674
1970-01-01 08:38:19,12042.15,152.1459,139.12093,-2.2284715,-6.9173493,58.28799
1970-01-01 08:38:20,12066.588,143.23744,-31.039999,-1.8787198,3.6139328,58.881737
1970-01-01 08:38:21,11983.397,145.10039,193.29857,1.9877657,-3.9249997,59.28436
1970-01-01 08:38:22,12024.537,141.36047,192.96346,5.2849846,4.5681505,58.325455
1970-01-01 08:38:23,12071.24,131.06073,381.76834,-4.8309193,-6.3531427,56.96988
1970-01-01 08:38:24,11980.751,137.9393,-108.639015,-0.80368346,-3.7999027,57.048
1970-01-01 08:38:25,12077.672,137.48116,90.60017,3.8717346,-5.0421114,57.97549
1970-01-01 08:38:26,12237.029,132.38448,209.41962,0.72574407,-12.678717,
1970-01-01 08:38:27,11929.555,143.64821,-229.27759,6.8771553,7.6550245,56.740868
1970-01-01 08:38:28,11891.553,143.02342,-385.4651,0.140597,7.992556,54.97
1970-01-01 08:38:29,11973.745,139.58803,151.34933,3.7711651,-9.588471,53.973038
1970-01-01 08:38:30,12084.3955,142.38501,-133.73772,-0.1900998,12.823646,54.10564
1970-01-01 08:38:31,12101.489,140.2877,23.271399,2.545156,-5.690015,55.392548
1970-01-01 08:38:32,12004.747,141.97118,221.66304,-1.5848471,7.864737,56.106808
1970-01-01 08:38:33,11981.782,141.17068,-248.92456,-2.2094443,7.1739025,58.0448
1970-01-01 08:38:34,11992.922,141.99364,460.45093,0.7172428,-1.8651819,58.48424
1970-01-01 08:38:35,11971.305,140.0631,39.60949,3.083972,-4.2032037,58.42175
1970-01-01 08:38:36,11910.974,145.45717,12.033064,-0.6139602,-5.4728026,59.76838
1970-01-01 08:38:37,11905.299,143.91002,-0.52362716,2.440783,8.103805,59.273598
1970-01-01 08:38:38,11852.32,142.06584,89.91914,1.1890264,-2.5472884,59.92368
1970-01-01 08:38:39,11940.968,142.88512,18.779314,1.605139,7.1709332,60.318287
1970-01-01 08:38:40,12068.725,138.20764,252.41542,1.852563,-6.1861415,60.264896
1970-01-01 08:38:41,12018.367,145.45969,-198.44656,-0.9808036,2.4825609,61.532406
1970-01-01 08:38:42,12056.681,135.17404,144.6807,2.8661194,12.649875,61.67774
1970-01-01 08:38:43,12070.548,148.19766,259.56116,4.9124722,17.778526,62.41729
1970-01-01 08:38:44,11916.37,143.68434,171.3799,5.123936,8.903831,61.366497
1970-01-01 08:38:45,11976.775,138.90547,-4.4656396,1.8506577,-4.767166,62.014854
1970-01-01 08:38:46,12099.0625,146.98984,230.24661,6.2701735,-1.8878727,62.22809
1970-01-01 08:38:47,11955.923,144.22244,-122.749794,8.217083,15.807629,63.158592
1970-01-01 08:38:48,12058.172,143.42744,337.31262,1.2947229,-5.3090563,63.93395
1970-01-01 08:38:49,11992.646,138.64319,280.17154,5.239768,-12.7896595,62.817097
1970-01-01 08:38:50,11955.396,148.14969,261.195,1.9543188,-15.257392,61.509094
1970-01-01 08:38:51,12014.488,139.32256,62.404095,1.718711,1.6179914,61.543987
1970-01-01 08:38:52,12035.005,141.40099,10.577776,2.258121,3.600492,62.679665
1970-01-01 08:38:53,11931.323,141.88712,-258.11966,1.366068,-16.996649,61.922085
1970-01-01 08:38:54,12103.725,146.85075,-124.26034,4.6097713,13.804133,62.385677
1970-01-01 08:38:55,12000.794,142.79729,-60.61861,4.6413183,-6.017198,58.70608
1970-01-01 08:38:56,11886.944,143.9841,92.661095,1.1909789,-5.5347204,58.616264
1970-01-01 08:38:57,11859.916,137.55746,204.24448,4.6573577,-8.682965,60.50481
1970-01-01 08:38:58,12077.204,141.30664,-117.51027,4.468301,-8.462895,60.561203
1970-01-01 08:38:59,12034.381,145.82852,-90.68023,0.01689768,3.3636289,60.59738
1970-01-01 08:39:00,11934.165,139.12035,-19.842762,-1.0299052,-0.70336,60.691994
1970-01-01 08:39:01,11899.865,142.28487,-43.365414,5.06778,-16.00782,59.702774
1970-01-01 08:39:02,12075.912,149.89844,-167.1412,4.1393194,-5.505816,60.71979
1970-01-01 08:39:03,12067.211,142.49965,61.177288,-1.3597432,-0.59447175,62.16999
1970-01-01 08:39:04,11950.622,149.36005,-108.68186,-1.1546578,-6.9552317,61.344204
1970-01-01 08:39:05,11925.728,137.86462,454.54053,1.1879784,-3.946132,61.783363
1970-01-01 08:39:06,12203.914,141.84554,170.9439,9.506714,-12.297328,62.32109
1970-01-01 08:39:07,11940.836,143.13597,353.90253,5.3478665,-3.952167,59.433876
1970-01-01 08:39:08,12035.143,139.81575,14.019102,3.3219137,1.4000053,61.17438
1970-01-01 08:39:09,11933.028,142.66429,231.39523,0.5621657,6.6868606,62.15172
1970-01-01 08:39:10,12003.259,146.87053,116.183334,-2.5669205,-10.284628,61.817867
1970-01-01 08:39:11,12019.578,143.03105,80.33084,-2.0366101,21.293255,62.289146
1970-01-01 08:39:12,12160.956,140.73419,174.08185,3.2797756,1.0458082,61.321407
1970-01-01 08:39:13,11830.371,142.48546,60.12014,1.0876955,-8.086604,61.51523
1970-01-01 08:39:14,11965.445,136.74156,172.74191,4.7316904,-6.0303283,62.01658
1970-01-01 08:39:15,12209.267,139.55469,61.287422,-0.9950552,-15.378778,60.821987
1970-01-01 08:39:16,12005.971,147.91003,-60.394623,-1.441158,-14.069883,60.284508
1970-01-01 08:39:17,11972.872,144.4167,-2.56053,4.545064,-6.877867,61.213406
1970-01-01 08:39:18,11818.784,142.41673,215.78104,3.0349636,-1.5223342,61.40607
1970-01-01 08:39:19,12016.032,138.55655,100.20759,5.262458,-13.872713,62.141464
1970-01-01 08:39:20,12017.718,140.6895,238.64316,1.4675611,-20.604448,61.46651
1970-01-01 08:39:21,11982.806,142.04611,-216.32262,8.699998,-4.1301203,
1970-01-01 08:39:22,11886.294,140.68561,24.209929,7.1523986,4.3770714,61.48841
1970-01-01 08:39:23,12129.107,146.40656,-84.47737,-1.5640925,0.010171973,61.57056
1970-01-01 08:39:24,11892.826,143.95132,3.695652,-0.88680184,19.029446,59.683792
1970-01-01 08:39:25,11918.677,143.68102,-137.4833,5.964921,3.4221413,59.289352
1970-01-01 08:39:26,12052.023,149.31424,-55.9373,1.8168094,-5.215028,59.093567
1970-01-01 08:39:27,12076.048,140.25328,-348.78848,2.8896167,0.65222657,58.12906
1970-01-01 08:39:28,11982.087,142.11009,-78.3833,-0.382035,9.923694,58.059464
1970-01-01 08:39:29,11994.308,146.05736,-124.97684,9.140178,1.9542006,57.90702
1970-01-01 08:39:30,11924.699,144.77667,-66.04371,0.4932659,-1.8143768,59.935932
1970-01-01 08:39:31,11812.434,147.5159,-23.119822,-0.18520293,-12.111203,61.906925
1970-01-01 08:39:32,12105.266,146.4922,77.75061,-0.18829635,-0.019826114,60.988228
1970-01-01 08:39:33,12037.239,139.64929,-111.17015,0.46547696,-7.525633,61.189644
1970-01-01 08:39:34,12149.668,153.22491,478.62753,-2.801651,4.224091,61.950882
1970-01-01 08:39:35,12013.665,141.71089,-239.73256,3.0717204,-22.006758,62.785236
1970-01-01 08:39:36,11972.196,144.6178,-304.97684,1.3530182,-8.520184,60.50475
1970-01-01 08:39:37,12112.27,146.49089,218.29602,5.3290153,8.908362,62.678535
1970-01-01 08:39:38,11959.908,140.96489,133.59451,1.4547784,-1.4637765,63.158978
1970-01-01 08:39:39,11931.516,145.04573,-213.05429,0.14506182,-1.9988658,62.529186
1970-01-01 08:39:40,11813.981,138.824,206.18735,7.511367,13.087097,63.011707
1970-01-01 08:39:41,12122.496,144.4917,-291.1627,-5.1203027,-3.7641006,64.06482
1970-01-01 08:39:42,12170.075,149.91591,-231.86057,5.662582,-13.149389,65.41362
1970-01-01 08:39:43,11969.831,139.3499,-271.3639,4.702036,-4.6955485,64.13857
1970-01-01 08:39:44,12086.955,146.51512,-50.705715,5.195929,4.826101,65.65884
1970-01-01 08:39:45,12056.339,155.4159,-110.57741,-0.76481515,-2.6651347,64.43274
1970-01-01 08:39:46,11957.37,147.47224,20.017178,3.2352793,-24.25204,63.292988
1970-01-01 08:39:47,11942.601,149.97095,50.497433,0.12901361,-6.685828,62.275604
1970-01-01 08:39:48,12127.218,148.26918,-293.3228,3.2356367,-11.327115,63.151432
1970-01-01 08:39:49,12013.206,151.8926,276.06525,2.294655,-4.352448,62.771973
1970-01-01 08:39:50,11936.965,142.71082,-149.36455,7.505442,6.8198695,62.77631
1970-01-01 08:39:51,11969.72,143.60574,180.61835,0.31998405,-3.9825642,62.159767
1970-01-01 08:39:52,11941.858,148.45845,-290.67117,4.8723264,15.2737055,62.71569
1970-01-01 08:39:53,12066.493,142.36844,47.91167,2.5416586,8.328477,64.95
1970-01-01 08:39:54,11965.998,143.18262,-6.8518124,-1.9757407,-3.3723269,63.954823
1970-01-01 08:39:55,11958.615,150.04121,89.74252,2.1521487,9.802054,63.502098
1970-01-01 08:39:56,11950.941,147.04298,-154.74333,3.4367547,-1.3924353,63.465324
1970-01-01 08:39:57,12178.024,143.86774,-142.854,4.9681597,-7.161146,64.345825
1970-01-01 08:39:58,12068.655,145.06676,120.49713,1.9332553,0.33399263,65.69396
1970-01-01 08:39:59,11968.674,141.64035,297.07843,2.6066067,2.4333756,66.15212
1970-01-01 08:40:00,11974.685,148.6201,321.10876,2.874615,-13.023626,65.79757
1970-01-01 08:40:01,11968.389,141.11629,-108.316795,3.339681,2.0581396,66.84493
1970-01-01 08:40:02,11955.745,146.28108,155.9604,0.7081383,-2.3426995,67.77114
1970-01-01 08:40:03,11851.658,146.59938,-123.225334,-0.8485878,-5.2907476,68.42015
1970-01-01 08:40:04,11975.874,148.02448,243.6965,2.6596282,-8.048277,68.09192
1970-01-01 08:40:05,11975.412,140.6906,50.103245,2.7214043,6.538357,68.59698
1970-01-01 08:40:06,11985.945,138.28781,184.0761,2.6034484,-6.242285,68.25113
1970-01-01 08:40:07,12096.722,143.56093,,1.4459687,22.42064,70.421486
1970-01-01 08:40:08,12070.169,147.75131,168.3224,4.9007597,-1.7705177,69.76111
1970-01-01 08:40:09,11946.324,143.36409,203.2982,5.29982,1.6772584,69.10551
1970-01-01 08:40:10,12003.603,145.07024,67.93478,0.7199314,,70.2649
1970-01-01 08:40:11,11882.025,140.35455,-181.69153,1.9887655,1.4340289,
1970-01-01 08:40:12,11982.589,137.8727,1.4252782,5.305825,2.6783757,71.209984
1970-01-01 08:40:13,12100.667,145.73985,-96.44746,3.3925135,11.708364,69.94839
1970-01-01 08:40:14,12055.0625,147.21613,24.38927,9.535589,-20.736683,69.55857
1970-01-01 08:40:15,11936.385,148.6722,-147.01521,-3.7993655,3.539792,69.30482
1970-01-01 08:40:16,11913.929,145.22925,265.14365,0.43923026,20.265411,66.5994
1970-01-01 08:40:17,12063.154,149.71283,426.60092,2.2149775,-2.798153,65.87694
1970-01-01 08:40:18,12000.183,154.52022,-178.88481,1.6260315,-17.165676,66.600044
1970-01-01 08:40:19,12047.461,144.17818,164.09422,-0.5173578,7.5695267,67.17023
1970-01-01 08:40:20,11968.365,146.51338,-135.84752,2.4359026,-5.847443,67.521355
1970-01-01 08:40:21,12044.868,143.38527,45.455784,-1.3947887,-15.977651,67.29408
1970-01-01 08:40:22,12093.112,141.38841,10.110615,-2.2507534,34.552197,65.58583
1970-01-01 08:40:23,12026.78,147.89696,189.8437,4.8125386,9.442468,65.88054
1970-01-01 08:40:24,11987.724,142.76393,-34.969337,-2.726243,1.4544379,66.2753
1970-01-01 08:40:25,11888.304,145.21658,187.4745,4.1678953,-10.505011,65.40855
1970-01-01 08:40:26,11966.615,145.69785,-206.26085,-0.016385289,3.865603,63.77818
1970-01-01 08:40:27,11884.193,145.44351,-40.825806,1.1225132,-7.9451857,62.707355
1970-01-01 08:40:28,11955.735,145.12123,-222.98831,7.4261084,-4.323425,61.394897
1970-01-01 08:40:29,11965.125,138.5073,-238.33607,10.168983,9.771823,63.70795
1970-01-01 08:40:30,12030.82,146.7647,-321.8161,3.1276596,-8.430408,62.42188
1970-01-01 08:40:31,12006.54,145.30548,49.80716,0.9894767,1.2124892,62.69764
1970-01-01 08:40:32,12014.696,136.60684,-572.82196,3.1049438,-24.39251,62.823517
1970-01-01 08:40:33,12086.469,135.44383,364.10025,2.7457507,-6.6401987,63.252834
1970-01-01 08:40:34,11966.159,148.17538,2.0501373,-1.0180527,11.014483,63.79993
1970-01-01 08:40:35,11991.402,147.0359,8.931255,4.5621285,-3.6666317,62.09769
1970-01-01 08:40:36,11903.885,147.43126,-130.18422,-2.4677424,-9.207478,62.79414
1970-01-01 08:40:37,11825.753,141.46455,233.55109,7.150931,2.5561445,62.18054
1970-01-01 08:40:38,11939.892,142.54427,-17.63084,3.148601,6.510525,63.054855
1970-01-01 08:40:39,11986.914,151.97487,-14.971049,2.1274564,-5.6616364,62.01811
1970-01-01 08:40:40,12032.555,147.79678,-429.3046,2.0113475,3.8425193,59.45687
1970-01-01 08:40:41,12033.949,138.72142,-97.99528,0.8113586,2.489413,58.989353
1970-01-01 08:40:42,12037.426,146.85197,240.64828,0.85030276,-10.487638,62.039185
1970-01-01 08:40:43,12018.448,148.29744,-85.06488,2.6044598,-5.17726,61.95153
1970-01-01 08:40:44,12004.768,143.99309,-229.38077,1.5989399,10.254561,63.247242
1970-01-01 08:40:45,12085.362,141.63176,24.413244,5.76186,-4.980496,63.19659
1970-01-01 08:40:46,12109.114,144.68471,290.06705,7.371992,0.14772083,62.372955
1970-01-01 08:40:47,11887.961,145.36118,43.10714,-0.061926533,1.6597469,61.140255
1970-01-01 08:40:48,12005.047,144.37068,16.393684,8.035109,4.449651,62.587513
1970-01-01 08:40:49,11894.171,146.86708,231.65074,1.3515818,-12.035978,63.13784
1970-01-01 08:40:50,12162.165,147.36725,-193.5264,-0.053796753,2.5188837,61.445427
1970-01-01 08:40:51,11970.818,146.94635,114.91482,6.675694,2.8773363,60.462826
1970-01-01 08:40:52,11957.601,147.50241,238.18858,-4.609085,18.508972,62.126728
1970-01-01 08:40:53,11994.122,151.95369,286.52518,8.158269,-6.5538754,62.8289
1970-01-01 08:40:54,11934.274,144.14969,-230.68123,4.791468,-0.7433273,62.90962
1970-01-01 08:40:55,12036.204,145.35316,4.7087846,4.2008934,4.528535,60.155106
1970-01-01 08:40:56,12123.747,151.31529,114.054726,3.524856,6.9306746,60.22333
1970-01-01 08:40:57,11893.038,140.15602,-277.8124,7.955794,3.635234,59.98991
1970-01-01 08:40:58,12020.322,146.0682,-71.24538,1.8367872,15.183563,57.608864
1970-01-01 08:40:59,11953.295,152.98375,-95.10173,2.7965815,5.7234125,58.077812
1970-01-01 08:41:00,11984.243,157.00574,196.25293,5.712322,-9.262451,58.72376
1970-01-01 08:41:01,12080.537,150.79124,-137.42514,-1.8462418,-3.920805,59.74948
1970-01-01 08:41:02,11966.932,139.44908,169.60782,3.2098677,-9.791777,58.120144
1970-01-01 08:41:03,11940.807,142.7475,61.60371,5.3114395,-6.4806256,56.929867
1970-01-01 08:41:04,12092.688,148.29695,-136.26299,6.144533,9.053376,57.90447
1970-01-01 08:41:05,11991.488,150.0705,-353.1153,4.601079,-3.700485,57.44611
1970-01-01 08:41:06,11922.441,144.11739,362.4552,3.1428792,-2.8822944,55.639793
1970-01-01 08:41:07,12002.587,147.3162,144.18729,4.329726,-3.5354989,54.432125
1970-01-01 08:41:08,11943.053,142.08174,-478.452,2.9702067,3.8966756,55.065865
1970-01-01 08:41:09,11863.516,147.8228,340.2006,7.3804708,-2.663247,55.145973
1970-01-01 08:41:10,12022.765,152.96646,-84.77996,1.1840316,-3.8664143,53.231277
1970-01-01 08:41:11,11992.936,150.93639,-29.871044,8.228676,-9.01742,53.716496
1970-01-01 08:41:12,11929.533,152.22632,274.80585,-1.4954369,-2.7498024,53.981724
1970-01-01 08:41:13,12042.144,147.7556,-95.27819,-3.5804572,7.421917,53.44027
1970-01-01 08:41:14,12005.743,148.96204,158.22208,2.4405627,-3.2125983,52.66549
1970-01-01 08:41:15,12015.519,149.24057,74.34719,-1.6139106,-20.217327,53.11724
1970-01-01 08:41:16,11986.61,144.42429,164.03296,2.0025213,8.058456,53.730347
1970-01-01 08:41:17,11842.2295,148.67535,149.04243,-1.2818987,0.4188405,55.19265
1970-01-01 08:41:18,11999.8,148.71886,195.87639,4.1965313,16.304237,54.691113
1970-01-01 08:41:19,12102.609,150.05382,-50.055668,0.22376786,5.176395,52.30978
1970-01-01 08:41:20,12106.901,147.2121,-75.69782,4.20268,3.323736,51.415195
1970-01-01 08:41:21,12074.748,144.73471,59.550743,0.80325943,-6.081916,51.68853
1970-01-01 08:41:22,12039.221,146.53268,176.90044,1.6086648,-14.1365385,50.84508
1970-01-01 08:41:23,11983.628,146.12987,-214.0306,,1.789905,48.84586
1970-01-01 08:41:24,12066.56,151.11409,-125.50012,1.6393839,-14.450601,48.8297
1970-01-01 08:41:25,,146.32843,-316.00623,0.78729814,-0.35825428,47.694214
1970-01-01 08:41:26,12036.904,146.0513,-219.51697,3.30601,0.09204364,48.54407
1970-01-01 08:41:27,12046.813,151.09732,-158.35994,5.0714536,-18.28326,47.89407
1970-01-01 08:41:28,11973.141,148.38934,-24.325308,0.21375914,-6.115418,48.696514
1970-01-01 08:41:29,11859.997,153.68175,-252.64944,5.9147253,-15.662923,47.324085
1970-01-01 08:41:30,11995.615,145.59883,29.740957,2.7475967,-13.063348,45.361946
1970-01-01 08:41:31,12039.372,145.90662,287.97812,1.7595341,-1.109806,44.409355
1970-01-01 08:41:32,12030.911,151.48494,-109.08178,1.9415478,-3.705389,42.572826
1970-01-01 08:41:33,11875.251,149.93205,-237.78596,-2.8915937,10.812834,41.931515
1970-01-01 08:41:34,11939.242,144.27092,200.89998,-0.27793455,12.270072,41.76744
1970-01-01 08:41:35,11974.73,153.67995,-70.282265,4.815903,-3.242285,41.40306
1970-01-01 08:41:36,11978.831,157.7267,136.97726,4.6397014,-3.4426687,44.125874
1970-01-01 08:41:37,11797.872,145.90771,164.03804,1.6232722,6.3095617,42.926006
1970-01-01 08:41:38,12125.713,139.6224,-412.35394,-0.29847306,-0.78213364,
1970-01-01 08:41:39,11907.698,150.01389,-22.854767,,6.101922,41.78084
1970-01-01 08:41:40,11964.993,144.79689,-12.86238,-0.14477769,15.2028885,40.993412
1970-01-01 08:41:41,12013.722,149.39888,-132.16739,-1.4437338,-2.9542015,41.584732
1970-01-01 08:41:42,12049.511,141.0361,-191.39578,0.7676444,-4.1475754,40.34074
1970-01-01 08:41:43,11973.704,149.58942,53.94443,2.9855506,8.114437,39.69574
1970-01-01 08:41:44,11940.295,151.83878,271.3216,0.084773935,-17.096502,40.279583
1970-01-01 08:41:45,12010.974,147.08647,-99.3876,-1.6843297,-3.526457,40.60939
1970-01-01 08:41:46,11962.918,152.4839,9.913268,-0.9749109,-2.6913786,41.207157
1970-01-01 08:41:47,12060.072,148.18877,-427.58472,2.9206135,-7.2202163,41.34066
1970-01-01 08:41:48,12086.279,154.87935,-203.85086,0.6724094,9.970318,41.996323
1970-01-01 08:41:49,12088.358,152.07477,-128.15332,0.048043214,3.8298826,40.96387
1970-01-01 08:41:50,12020.234,143.81,-102.760086,-4.1122794,5.992449,41.51293
1970-01-01 08:41:51,12066.264,156.62083,17.43647,6.8376055,-2.4962926,42.2998
1970-01-01 08:41:52,12083.618,144.063,-171.23749,4.440964,-7.041565,40.34048
1970-01-01 08:41:53,11839.268,151.49155,,-2.5001497,-15.637377,41.14627
1970-01-01 08:41:54,11994.585,146.93863,-108.1291,5.192553,-2.9012234,41.51696
1970-01-01 08:41:55,11988.467,143.13289,-339.4537,1.3574569,6.9707627,41.915657
1970-01-01 08:41:56,12017.319,147.14154,356.83685,0.3572555,-3.8984618,40.55411
1970-01-01 08:41:57,12028.025,149.23996,223.65125,-2.8572166,-3.141274,41.060925
1970-01-01 08:41:58,12057.6875,144.69333,-130.9958,0.512258,12.123595,42.238228
1970-01-01 08:41:59,12008.234,142.99901,8.928203,1.8085697,10.60201,42.006073
1970-01-01 08:42:00,12017.536,147.4222,-90.48609,0.8960697,-1.9800818,42.030754
1970-01-01 08:42:01,12057.578,144.0205,269.14532,-0.10967799,-0.49187654,43.60493
1970-01-01 08:42:02,11964.663,146.3733,-71.9779,5.1041813,21.440796,43.687634
1970-01-01 08:42:03,11985.307,150.33148,-66.54034,-5.0110297,2.3530989,43.93812
1970-01-01 08:42:04,12111.869,148.28006,145.41025,0.17077754,-7.5234118,44.70957
1970-01-01 08:42:05,12028.314,146.19455,-24.980183,-2.375515,-15.701209,45.45537
1970-01-01 08:42:06,11898.888,150.7626,-418.16528,6.399765,-17.479929,46.109856
1970-01-01 08:42:07,12088.419,148.31888,33.85373,-2.0400755,-2.992282,45.48818
1970-01-01 08:42:08,11966.978,147.97258,-289.172,4.0697174,-17.886698,45.710495
1970-01-01 08:42:09,12041.986,147.13869,-287.55856,0.29217425,-7.0484123,45.377285
1970-01-01 08:42:10,11926.709,151.69072,106.00603,0.75168663,-14.891375,45.40303
1970-01-01 08:42:11,11997.648,150.96512,-66.52557,3.465451,-0.7768847,44.72704
1970-01-01 08:42:12,12126.315,147.46468,-13.5394535,1.7657905,4.3055425,42.401375
1970-01-01 08:42:13,11942.318,147.95255,-40.144653,-0.8168295,1.1643547,42.778996
1970-01-01 08:42:14,11932.883,155.98984,-97.692856,7.0508432,-8.460335,43.99472
1970-01-01 08:42:15,12042.447,155.71263,179.88869,6.275149,7.7904,43.75081
1970-01-01 08:42:16,11951.838,151.6097,-234.56198,2.4342742,14.013755,43.209946
1970-01-01 08:42:17,11942.782,152.141,203.42911,5.361027,7.9019675,42.48627
1970-01-01 08:42:18,11980.498,151.80786,-378.23755,1.8911583,2.3428876,44.00039
1970-01-01 08:42:19,12136.567,156.07768,18.865557,1.5176736,-8.014112,43.535988
1970-01-01 08:42:20,11991.283,155.89407,371.80658,0.41844252,-6.217526,44.35228
1970-01-01 08:42:21,11927.858,149.1685,361.09247,-1.6444309,8.510485,44.00728
1970-01-01 08:42:22,12091.161,146.59718,140.25757,10.180795,-20.93973,46.131676
1970-01-01 08:42:23,12012.622,150.7659,235.48248,8.968984,7.195982,47.774044
1970-01-01 08:42:24,11919.985,152.63045,257.57648,1.1121849,-3.3759763,47.44837
1970-01-01 08:42:25,12055.72,154.16196,-211.07187,-5.1335254,-9.367131,47.78196
1970-01-01 08:42:26,12042.352,158.36801,-25.162159,1.4263723,-24.192722,47.99793
1970-01-01 08:42:27,12128.54,151.33167,-239.68092,0.72567517,2.3798697,46.24055
1970-01-01 08:42:28,11812.952,148.11664,-257.2109,1.943416,7.304946,45.980057
1970-01-01 08:42:29,12073.42,149.47302,-250.25398,3.1988695,-5.3533306,45.863964
1970-01-01 08:42:30,12103.48,143.73444,-249.77943,2.2855885,3.9197423,46.458355
1970-01-01 08:42:31,11978.051,153.55434,85.03605,2.9737082,-2.85072,47.467793
1970-01-01 08:42:32,12079.435,144.07098,-22.819065,1.449861,2.4973197,48.507828
1970-01-01 08:42:33,12033.696,153.46129,131.72586,4.430165,-12.90404,48.289505
1970-01-01 08:42:34,11902.01,156.59422,-163.20146,4.359602,9.31507,50.8106
1970-01-01 08:42:35,11961.218,151.3103,231.12866,0.9441676,-22.06803,51.186626
1970-01-01 08:42:36,12024.463,150.80042,-191.62445,5.2993474,7.3614225,51.30964
1970-01-01 08:42:37,11874.702,154.41246,-487.44644,2.8629906,10.152067,51.920444
1970-01-01 08:42:38,11787.415,148.24278,-70.706375,-2.1679723,-8.090902,52.173367
1970-01-01 08:42:39,11843.285,149.90634,-131.58989,1.7625765,-10.309302,53.26786
1970-01-01 08:42:40,11959.672,140.1774,83.34622,5.870731,-3.1637962,53.40206
1970-01-01 08:42:41,11938.661,146.88004,-38.07497,-0.10805924,-4.0158625,52.760704
1970-01-01 08:42:42,12116.016,151.78714,-12.186084,0.9157305,7.9362645,52.85592
1970-01-01 08:42:43,12014.268,152.19351,29.156927,3.6109998,16.408405,54.590427
1970-01-01 08:42:44,12046.864,159.79044,556.4351,4.443288,-7.9132333,55.722233
1970-01-01 08:42:45,11963.007,149.73045,-111.08807,2.9812176,9.934598,55.808968
1970-01-01 08:42:46,11965.417,148.12114,168.7522,4.778183,4.133862,56.30139
1970-01-01 08:42:47,12018.811,148.77397,-305.1284,5.395725,-11.395799,54.73457
1970-01-01 08:42:48,12087.515,145.61526,164.03284,-0.5961571,-6.179454,53.03711
1970-01-01 08:42:49,12006.395,149.08466,-86.26631,1.7732779,-2.9318962,51.9475
1970-01-01 08:42:50,11856.552,149.92192,114.58835,-2.5760534,-2.8811953,49.741573
1970-01-01 08:42:51,12122.839,149.13582,-173.52316,-1.0606352,-10.329663,49.967793
1970-01-01 08:42:52,11928.46,154.25587,-68.34737,8.578262,-8.143237,46.97432
1970-01-01 08:42:53,12156.607,145.47928,-239.1276,2.8572729,1.0471264,47.374035
1970-01-01 08:42:54,12008.874,142.13342,-320.0175,0.39350972,-9.035376,47.570393
1970-01-01 08:42:55,11898.523,149.50166,-311.06497,1.9329132,9.282463,46.117985
1970-01-01 08:42:56,12093.022,151.26608,-319.42883,-1.3023279,16.707987,45.653408
1970-01-01 08:42:57,11808.84,150.62866,32.966526,9.034609,2.4527922,44.835735
1970-01-01 08:42:58,11935.714,146.1178,79.95521,1.6581215,4.5164404,45.290146
1970-01-01 08:42:59,12021.159,151.64024,140.66072,-1.9746025,6.4124823,46.20106
1970-01-01 08:43:00,12056.103,154.19765,-148.51715,-3.0263593,5.238047,44.987
1970-01-01 08:43:01,12008.151,146.72704,34.444813,2.5748618,6.438072,45.630203
1970-01-01 08:43:02,11984.678,150.81993,189.41263,-3.2482548,-5.623585,45.59323
1970-01-01 08:43:03,11980.073,148.28772,153.99998,3.0736814,-5.408723,43.851116
1970-01-01 08:43:04,12077.834,147.71063,-122.77707,4.754026,-2.3291743,44.88859
1970-01-01 08:43:05,11953.07,155.02116,134.2477,-0.23753154,-0.6492569,46.359535
1970-01-01 08:43:06,12058.311,153.50345,2.5572765,-3.8042455,-6.379068,46.88747
1970-01-01 08:43:07,11957.23,155.44016,68.763535,-1.336577,-7.5980525,47.8517
1970-01-01 08:43:08,12147.663,156.20355,-282.75168,-0.05918596,10.553216,49.231625
1970-01-01 08:43:09,12023.39,150.15562,-609.58453,7.9067626,9.768808,48.957
1970-01-01 08:43:10,12075.63,155.0898,414.63385,-4.080073,5.886725,49.147175
1970-01-01 08:43:11,12043.619,153.26334,12.530962,0.084088564,10.330101,50.259266
1970-01-01 08:43:12,12019.763,147.72566,564.0777,2.704617,6.405077,51.506077
1970-01-01 08:43:13,12011.685,141.71707,266.8526,5.1740813,-13.320456,53.382416
1970-01-01 08:43:14,12142.006,149.1546,-31.121714,0.84118205,-3.8082762,55.247757
1970-01-01 08:43:15,11958.733,151.30365,258.13144,2.2893143,2.868305,54.902756
1970-01-01 08:43:16,12072.967,152.97946,108.897285,-1.9847603,8.436778,54.09807
1970-01-01 08:43:17,11905.703,146.13466,14.3923,3.1280816,-0.15567304,52.52073
1970-01-01 08:43:18,11952.933,158.3666,98.40467,5.0518494,-10.451394,50.835968
1970-01-01 08:43:19,12023.099,151.82347,41.83058,0.33568034,1.1198424,50.851547
1970-01-01 08:43:20,11964.191,148.57362,-518.03735,5.530528,-11.194755,51.365543
1970-01-01 08:43:21,11917.985,152.48354,-177.52812,5.960601,0.4395103,51.498882
1970-01-01 08:43:22,12118.576,152.999,364.40323,2.8963432,-2.2243638,50.471333
1970-01-01 08:43:23,11978.815,158.29303,-548.51135,-2.082451,2.2235758,51.840996
1970-01-01 08:43:24,12052.8955,150.37755,-12.721155,-2.7432864,5.4514246,51.693096
1970-01-01 08:43:25,12019.509,148.75903,-37.040077,4.4987087,-2.898061,51.561638
1970-01-01 08:43:26,11964.519,152.63268,-55.371403,-0.682283,-13.480321,52.2906
1970-01-01 08:43:27,12150.782,145.86966,-100.77546,4.827967,1.448351,51.897476
1970-01-01 08:43:28,11913.974,152.55525,-304.36066,1.000322,2.683787,51.33683
1970-01-01 08:43:29,11896.999,146.31534,-215.16035,4.1063743,-1.4596398,49.320374
1970-01-01 08:43:30,11983.185,146.4422,187.76492,2.5006614,-3.1260252,48.841034
1970-01-01 08:43:31,12012.396,152.04782,4.5220165,2.274352,13.298789,49.66007
1970-01-01 08:43:32,11934.904,154.50575,-154.29608,3.9605284,-1.1862717,48.796494
1970-01-01 08:43:33,12035.689,148.53246,257.81653,-0.04663095,7.121932,47.60948
1970-01-01 08:43:34,11953.974,147.08664,-337.58255,-0.17770813,2.1924617,
1970-01-01 08:43:35,11991.947,149.03072,86.16806,0.8113318,0.78537714,51.952927
1970-01-01 08:43:36,12054.161,152.8974,20.339117,-1.5902847,0.28954995,50.3582
1970-01-01 08:43:37,11923.066,146.033,-974.4318,0.95336413,15.176195,52.06913
1970-01-01 08:43:38,12012.547,156.0327,-814.21466,3.9631014,1.1904693,51.467506
1970-01-01 08:43:39,12052.231,145.62682,-922.808,3.0598867,8.851992,52.512787
1970-01-01 08:43:40,11792.372,148.63718,-552.14014,4.323322,17.408638,51.054573
1970-01-01 08:43:41,11982.973,149.29478,-723.87695,1.175456,2.6406226,50.80237
1970-01-01 08:43:42,11887.917,146.79306,-475.85083,2.445786,-14.645171,49.465694
1970-01-01 08:43:43,11791.466,153.53,-783.01746,3.118013,10.730168,47.153584
1970-01-01 08:43:44,11911.997,153.42029,-724.9605,3.4705982,-0.69799554,47.372475
1970-01-01 08:43:45,11900.659,152.96622,-594.6974,2.7859995,-9.203191,46.898643
1970-01-01 08:43:46,11783.337,149.89212,-615.39954,5.611531,3.863897,48.098854
1970-01-01 08:43:47,11888.289,150.88974,-628.8896,0.9865742,-2.6607924,50.0564
1970-01-01 08:43:48,11851.244,151.3328,-898.9291,-1.8025988,16.061516,49.28494
1970-01-01 08:43:49,11748.061,152.31853,-435.94846,-0.74334663,-4.5905557,47.334824
1970-01-01 08:43:50,11812.793,154.52402,-656.826,4.987225,10.74677,45.55457
1970-01-01 08:43:51,11793.038,149.33304,-732.8939,4.8154163,15.153724,43.1398
1970-01-01 08:43:52,11724.761,150.17427,-911.0768,8.04083,-8.672986,44.566036
1970-01-01 08:43:53,11734.456,146.94563,-747.1673,-2.0229523,4.713278,44.92756
1970-01-01 08:43:54,11632.189,159.19464,-602.8654,1.9994284,1.6382786,44.588196
1970-01-01 08:43:55,11654.281,160.613,-537.1455,-1.8415328,15.869953,43.681953
1970-01-01 08:43:56,11670.621,143.87599,-1320.5812,0.028403763,0.76818526,42.1716
1970-01-01 08:43:57,11739.872,155.4496,-966.2665,4.3750324,5.6869392,42.333836
1970-01-01 08:43:58,11664.668,152.6335,-639.93933,0.6519101,10.025943,41.928146
1970-01-01 08:43:59,11687.584,155.56682,-644.28296,-3.0102835,-7.9050593,43.747665
1970-01-01 08:44:00,11541.073,153.59946,-915.7247,-2.4562955,0.44116932,44.169445
1970-01-01 08:44:01,11499.741,151.16457,-852.625,1.617864,9.0388975,44.42622
1970-01-01 08:44:02,11571.991,148.11362,-1076.8622,-1.7691276,-7.469079,46.48146
1970-01-01 08:44:03,11557.576,160.59258,-966.79565,4.8814363,8.555237,47.41808
1970-01-01 08:44:04,11631.792,156.00674,-661.38684,-0.78482383,3.5697777,47.37899
1970-01-01 08:44:05,11489.994,153.4758,-1132.8501,1.1679,-5.5572886,
1970-01-01 08:44:06,11584.245,154.8013,-933.8731,3.1574697,-9.590319,44.000862
1970-01-01 08:44:07,11608.521,152.48026,-1014.6336,2.5023556,17.724964,44.253696
1970-01-01 08:44:08,11594.613,151.7285,-678.86035,2.5120378,3.2669756,44.507607
1970-01-01 08:44:09,11529.385,152.9609,-987.16125,3.3748765,-3.9959834,45.552917
1970-01-01 08:44:10,11568.625,154.44888,-810.41895,0.68903756,-3.4995015,47.045834
1970-01-01 08:44:11,11485.213,155.46272,-795.15,0.64033836,-7.0681276,45.72444
1970-01-01 08:44:12,11379.414,154.51408,-731.6379,0.46876162,3.0418687,44.428017
1970-01-01 08:44:13,11573.613,147.26099,-394.99335,0.4618323,8.835257,43.04142
1970-01-01 08:44:14,11332.932,148.66632,-927.2732,-0.8994908,10.816554,42.253944
1970-01-01 08:44:15,,151.7732,-1157.709,1.3036287,22.563488,40.620422
1970-01-01 08:44:16,11448.261,149.43907,-908.2374,0.42789105,-0.32468623,39.987377
1970-01-01 08:44:17,11252.156,155.80939,-899.7912,-0.48107186,-8.546096,39.501045
1970-01-01 08:44:18,11352.001,152.07458,-734.92896,1.1284721,1.1296,39.59573
1970-01-01 08:44:19,11305.5205,152.16393,-1038.9084,4.7605886,-10.025628,40.670795
1970-01-01 08:44:20,11402.982,152.93726,-898.29504,6.1539984,11.972273,39.693756
1970-01-01 08:44:21,11260.271,150.15753,-638.09717,0.8008681,-8.427278,38.97612
1970-01-01 08:44:22,11417.51,148.23457,-820.05774,,1.315308,39.2294
1970-01-01 08:44:23,11284.191,154.5609,-848.4028,3.1910858,4.897689,37.75291
1970-01-01 08:44:24,11292.071,158.55469,-546.0715,2.2281487,-11.696152,38.229572
1970-01-01 08:44:25,11201.87,151.61586,-662.7079,0.82699126,-6.3454456,39.393566
1970-01-01 08:44:26,11271.318,153.16101,-329.23923,7.5630484,8.101216,38.776604
1970-01-01 08:44:27,11149.946,150.60078,-954.20984,1.3632234,-0.56558645,39.099785
1970-01-01 08:44:28,11186.084,151.57399,-1104.6833,6.514486,3.4712913,37.5406
1970-01-01 08:44:29,11180.544,158.5546,-724.6714,0.09698371,7.852225,40.6482
1970-01-01 08:44:30,11240.914,148.98796,-521.8381,0.1739192,-1.3655889,40.186665
1970-01-01 08:44:31,11126.666,149.44489,-808.9481,6.330595,-2.554915,39.053387
1970-01-01 08:44:32,11147.227,156.91647,-472.23135,0.35958594,12.750027,39.891567
1970-01-01 08:44:33,11208.322,153.91988,-670.6152,2.4291892,-24.6399,39.566734
1970-01-01 08:44:34,11026.264,146.73212,-872.2537,0.5762617,3.9046497,40.577766
1970-01-01 08:44:35,10958.903,158.47278,-1187.7684,7.1694484,-10.178059,40.058872
1970-01-01 08:44:36,11117.895,155.85768,-960.44586,1.6527153,-15.270344,41.136864
1970-01-01 08:44:37,11155.973,153.51234,-533.2033,-3.7268786,-2.2733905,40.068974
1970-01-01 08:44:38,10895.376,151.65587,-790.4344,7.6202765,11.302068,40.054283
1970-01-01 08:44:39,11080.87,155.50536,-458.45468,7.1330776,-3.0941203,39.073143
1970-01-01 08:44:40,11046.973,154.44536,-890.59357,-0.31118947,4.644344,41.518196
1970-01-01 08:44:41,10933.658,155.61488,-740.6652,4.2034836,11.405257,42.250305
1970-01-01 08:44:42,11115.039,153.11815,-837.7638,2.8338044,-12.643441,41.19564
1970-01-01 08:44:43,10838.272,148.0558,-851.4024,3.0136173,-19.246233,41.563595
1970-01-01 08:44:44,11064.742,154.33865,-1147.3429,-3.7458918,-1.2388895,41.616776
1970-01-01 08:44:45,10945.062,146.50496,-406.957,5.675674,-1.8787111,41.638092
1970-01-01 08:44:46,10891.702,156.12712,-898.83966,1.2322941,3.2103562,41.742535
1970-01-01 08:44:47,11032.199,151.30664,-918.3016,4.8287787,-14.310533,40.83806
1970-01-01 08:44:48,10749.538,152.69818,-776.733,-0.3287167,-10.608445,39.737988
1970-01-01 08:44:49,10889.866,159.93527,-1183.0524,2.0677433,-1.9527034,37.013477
1970-01-01 08:44:50,10865.749,157.38972,-884.8325,1.2233281,-7.518191,38.511024
1970-01-01 08:44:51,10883.354,152.16602,-1066.006,-2.7058973,7.7844973,38.848732
1970-01-01 08:44:52,10761.922,145.41151,-827.453,3.8710477,5.542561,38.223156
1970-01-01 08:44:53,10760.362,148.328,-837.41437,2.4127457,17.29254,38.086094
1970-01-01 08:44:54,10724.672,154.17348,,0.23402566,10.2137165,37.315186
1970-01-01 08:44:55,10785.896,155.72163,-638.87274,-0.053368643,13.288146,34.62506
1970-01-01 08:44:56,10675.1455,150.75523,-527.32684,1.6546401,16.286533,35.90311
1970-01-01 08:44:57,10891.818,152.31381,-846.4333,-1.4902759,10.012431,35.151592
1970-01-01 08:44:58,10742.894,155.01965,-435.50668,6.2390213,12.255616,35.585564
1970-01-01 08:44:59,10662.279,152.94283,-780.3836,4.24376,-10.646334,34.621
1970-01-01 08:45:00,10826.688,145.30388,-554.09503,4.1979313,6.732801,35.58015
1970-01-01 08:45:01,10704.57,155.6327,-564.81,-3.2709844,-8.387486,36.905933
1970-01-01 08:45:02,10742.63,156.39688,-520.8014,5.322437,-0.8261777,34.483208
1970-01-01 08:45:03,10745.846,146.35863,-1053.2811,-5.245911,-11.885292,34.359715
1970-01-01 08:45:04,10641.081,151.76736,-721.7877,7.965767,-0.29574174,33.87748
1970-01-01 08:45:05,10681.561,149.87936,-933.9943,4.272252,1.5538994,34.38378
1970-01-01 08:45:06,10484.382,145.5851,-615.94495,4.214387,5.2556267,36.35447
1970-01-01 08:45:07,10546.339,156.7459,-591.32495,0.2223002,-10.735306,37.02731
1970-01-01 08:45:08,10601.21,154.60376,-393.73114,0.12359824,16.876682,37.57347
1970-01-01 08:45:09,10510.546,157.50804,-1068.7069,-0.114100285,15.889645,38.97028
1970-01-01 08:45:10,10521.481,145.84491,-888.0208,0.6338784,5.683735,40.377857
1970-01-01 08:45:11,10530.545,153.3552,-1052.2446,5.0821133,4.6170006,39.338703
1970-01-01 08:45:12,10624.998,151.06294,-706.5722,2.6781275,8.621053,39.09349
1970-01-01 08:45:13,10352.319,153.88533,-741.69995,1.8787376,-6.872293,38.695724
1970-01-01 08:45:14,10348.945,151.48012,-1175.9357,1.5141652,14.298929,37.162888
1970-01-01 08:45:15,10580.74,152.77257,-1204.7323,-0.72854304,-13.81196,36.71845
1970-01-01 08:45:16,10362.33,150.52167,-933.94464,4.6130133,-3.8316455,35.595177
1970-01-01 08:45:17,10405.077,156.89412,-752.4117,2.4341695,-2.167147,34.89345
1970-01-01 08:45:18,10435.053,153.99068,-889.49225,1.3573484,2.9285064,34.353413
1970-01-01 08:45:19,10493.693,148.64157,-567.67267,0.86144525,0.5746092,35.85097
1970-01-01 08:45:20,10321.787,146.30501,-670.61847,-1.9991308,-10.567145,35.533554
1970-01-01 08:45:21,10423.068,156.87044,-611.61346,8.35393,-0.16242763,34.983467
1970-01-01 08:45:22,10357.036,151.8827,-780.5517,-1.5860673,-0.54372275,34.40859
1970-01-01 08:45:23,10277.558,154.8042,-624.9275,1.5764513,-7.8680253,34.425835
1970-01-01 08:45:24,10337.004,149.74031,-848.8675,2.9506876,-6.2446527,32.642525
1970-01-01 08:45:25,10420.011,154.30682,-539.583,1.1822371,-7.5888143,31.018307
1970-01-01 08:45:26,10444.83,158.3289,-919.1225,3.2654545,-9.039716,31.965374
1970-01-01 08:45:27,10314.133,155.63707,-730.32434,3.5562499,10.082025,31.539522
1970-01-01 08:45:28,10328.154,151.82695,-716.2338,8.203405,-7.394076,31.786993
1970-01-01 08:45:29,10163.471,154.01627,-627.15967,1.32166,-11.181711,31.17966
1970-01-01 08:45:30,10209.758,159.06206,-450.5508,-2.4932795,7.5662956,29.87934
1970-01-01 08:45:31,10187.343,149.15326,-1041.3463,3.9154124,2.6559234,31.269018
1970-01-01 08:45:32,10139.929,154.34077,-707.1611,7.8068247,-13.119442,30.684822
1970-01-01 08:45:33,10328.54,157.22974,-735.43866,6.893353,-8.994515,31.632229
1970-01-01 08:45:34,10175.417,152.20752,-538.8677,5.42971,-2.3015008,32.201824
1970-01-01 08:45:35,9993.387,154.50992,-942.839,1.7312196,11.913649,34.02034
1970-01-01 08:45:36,10065.659,153.79228,-846.3036,1.9939375,-1.4624314,33.84399
1970-01-01 08:45:37,10100.15,152.1904,-875.6117,2.190843,-12.236403,34.591633
1970-01-01 08:45:38,10076.105,151.09465,-482.46127,3.586687,15.539391,34.572407
1970-01-01 08:45:39,10114.25,157.65541,-503.81497,-3.8214817,1.1548299,32.771996
1970-01-01 08:45:40,10184.334,143.55797,-563.081,5.311945,25.408691,33.05784
1970-01-01 08:45:41,10100.325,159.50124,-981.568,2.1328437,-8.471913,32.051853
1970-01-01 08:45:42,10116.869,151.46223,-575.9437,5.6926174,-1.1709101,
1970-01-01 08:45:43,10061.762,154.89407,-1003.1294,-0.36399975,-9.23855,31.33322
1970-01-01 08:45:44,9997.676,161.85628,-775.4652,2.946844,8.12285,31.773346
1970-01-01 08:45:45,10203.861,157.83162,-793.7142,3.3491275,-2.6611419,32.466755
1970-01-01 08:45:46,10028.205,148.77507,-848.7091,1.5202873,16.618052,30.395885
1970-01-01 08:45:47,9780.077,157.67732,-374.82025,-0.6448981,,30.97113
1970-01-01 08:45:48,9963.028,157.57472,-828.35095,4.220552,10.172081,32.14863
1970-01-01 08:45:49,9868.998,,-789.6307,5.8609524,-25.250175,31.744165
1970-01-01 08:45:50,9967.811,150.2993,-844.6938,1.0858034,2.5822022,30.75741
1970-01-01 08:45:51,9919.3125,159.51129,-871.2782,4.2304306,-2.645601,31.814104
1970-01-01 08:45:52,9861.592,156.59033,-560.3533,-5.8408184,-15.292838,29.608027
1970-01-01 08:45:53,10029.316,155.16696,-933.51587,-0.9587231,10.162688,28.572258
1970-01-01 08:45:54,9840.843,159.58136,-820.0484,1.3917824,15.213777,27.874594
1970-01-01 08:45:55,9793.898,155.26,-756.4708,7.898546,-8.113204,27.704905
1970-01-01 08:45:56,9809.353,149.39728,-569.2491,-0.72404504,11.167546,28.670433
1970-01-01 08:45:57,9799.146,153.64513,-877.1339,0.47164518,-9.718532,27.970524
1970-01-01 08:45:58,9932.0625,156.28606,-794.39703,6.1153355,-7.2699223,27.672083
1970-01-01 08:45:59,9841.084,157.3781,-554.8415,1.433552,-0.52405614,28.782314
1970-01-01 08:46:00,9862.374,158.4958,-655.0046,1.9380114,15.548002,29.840464
1970-01-01 08:46:01,9770.1045,155.00963,-871.20404,2.5691392,10.820536,30.196695
1970-01-01 08:46:02,9788.396,150.49162,-649.5206,-0.07476305,-8.444956,29.281155
1970-01-01 08:46:03,9646.99,152.29276,-730.72455,3.9472322,-4.9798584,27.549282
1970-01-01 08:46:04,9718.982,155.51285,-511.25873,-0.15425059,-18.24372,27.309584
1970-01-01 08:46:05,9636.34,151.21892,-790.4931,3.8338807,-5.0722384,27.4993
1970-01-01 08:46:06,9801.167,155.15477,-855.87006,2.6454778,16.321041,26.015158
1970-01-01 08:46:07,9664.208,161.04955,-703.4739,-2.5281205,-4.249757,25.630985
1970-01-01 08:46:08,9541.758,160.02238,-777.02936,4.933025,-1.5624565,26.210798
1970-01-01 08:46:09,9556.698,152.95303,-616.5725,3.7767308,-21.59535,26.56931
1970-01-01 08:46:10,9651.836,155.66371,-1192.484,-1.1334152,5.8449993,26.94728
1970-01-01 08:46:11,9598.356,154.44154,-985.2097,6.0690007,6.2661996,27.094805
1970-01-01 08:46:12,9597.212,155.67145,-873.53186,5.110466,-13.924948,24.143785
1970-01-01 08:46:13,9631.169,157.36569,-613.3665,5.4820933,-15.41574,24.693352
1970-01-01 08:46:14,9515.358,165.24008,-986.12024,0.14243059,8.839291,24.854162
1970-01-01 08:46:15,9585.59,157.77019,-532.5652,2.8461423,-13.945874,25.630033
1970-01-01 08:46:16,9492.299,155.07396,-503.9257,2.433287,2.4625835,26.638521
1970-01-01 08:46:17,9431.955,163.64633,-901.76807,2.7264054,-9.764712,27.155594
1970-01-01 08:46:18,9471.077,156.4637,-721.9766,3.3862553,0.22794935,27.105543
1970-01-01 08:46:19,9434.527,161.99838,-1070.2114,7.4360924,-2.463558,25.267086
1970-01-01 08:46:20,9461.866,155.42708,-1319.7389,0.34589607,-12.957474,25.646912
1970-01-01 08:46:21,9364.644,150.81903,-583.36273,2.7929158,-7.9061565,25.27278
1970-01-01 08:46:22,9229.706,152.09686,-734.0036,-0.38178653,10.109888,24.16919
1970-01-01 08:46:23,9416.226,162.54425,-398.99185,2.8819575,6.1650085,23.66866
1970-01-01 08:46:24,9460.915,152.52406,-1000.8969,0.4672757,-4.655094,23.868979
1970-01-01 08:46:25,9472.051,157.83067,-912.3679,2.6149335,-7.7945666,23.422878
1970-01-01 08:46:26,9463.73,158.56635,-922.7219,1.6832825,-9.390581,24.255777
1970-01-01 08:46:27,9353.037,153.94617,-1120.0862,3.2543478,11.622682,24.096962
1970-01-01 08:46:28,9354.636,158.8209,-743.6704,6.8071294,-8.52527,24.097435
1970-01-01 08:46:29,9280.711,153.3736,-749.3306,2.030119,2.005489,23.750114
1970-01-01 08:46:30,9339.896,156.69571,-873.03796,1.6031567,5.986918,21.996141
1970-01-01 08:46:31,9315.553,156.99966,-1112.6324,0.97654307,0.39421347,20.539618
1970-01-01 08:46:32,9170.893,149.14642,-1142.7239,4.9003925,-3.2286632,19.963058
1970-01-01 08:46:33,9301.969,159.2068,-398.3047,0.21171314,-18.521593,20.946823
1970-01-01 08:46:34,9153.767,158.50403,-685.6472,-1.0497779,22.250692,21.705809
1970-01-01 08:46:35,9227.65,155.09616,-817.6212,4.891557,-1.6941787,22.343855
1970-01-01 08:46:36,9261.825,157.51915,-683.29706,0.17157814,-6.6987314,23.583096
1970-01-01 08:46:37,9208.029,151.16302,-663.4541,2.4604826,4.1464596,23.39774
1970-01-01 08:46:38,9204.779,157.26932,-755.69525,4.1587176,7.292787,22.850252
1970-01-01 08:46:39,9199.9,153.00552,-1037.441,5.4752464,-0.43545258,23.72574
1970-01-01 08:46:40,8947.602,156.04047,-800.64185,3.2281637,-9.935385,25.212635
1970-01-01 08:46:41,9166.082,156.41586,-886.79944,3.5451655,12.1568985,23.95332
1970-01-01 08:46:42,9134.333,157.94656,-790.7816,0.5353236,-2.6491113,22.034212
1970-01-01 08:46:43,9168.056,148.711,-924.6642,4.8878655,4.7194114,22.710066
1970-01-01 08:46:44,9192.82,156.45404,-1063.6229,6.374151,-2.1370301,24.58649
1970-01-01 08:46:45,9044.151,156.14056,-796.6618,4.457018,19.806225,25.65398
1970-01-01 08:46:46,9015.245,156.48457,-880.57245,3.405294,5.4440074,26.661657
1970-01-01 08:46:47,9091.646,154.38455,-792.13715,12.005994,1.6251212,26.178616
1970-01-01 08:46:48,8913.715,154.64703,-704.4399,3.781158,-13.480742,27.12839
1970-01-01 08:46:49,8915.859,155.22466,-677.45233,1.8873206,17.628107,27.53267
1970-01-01 08:46:50,9103.978,152.20227,-896.94257,0.9376595,-12.927885,27.508406
1970-01-01 08:46:51,8986.596,155.40767,-662.313,1.8243607,-1.2937009,26.298431
1970-01-01 08:46:52,8917.466,154.84622,-928.6907,-1.6621794,-2.7283983,26.67153
1970-01-01 08:46:53,8951.088,155.46286,-830.65894,1.6384008,9.017737,27.020494
1970-01-01 08:46:54,8929.868,153.30257,-669.4721,3.4124184,-4.1451306,26.640377
1970-01-01 08:46:55,8830.399,156.00012,-840.91693,1.2199358,10.762066,27.46745
1970-01-01 08:46:56,8779.284,155.28078,-624.5396,0.7700163,0.88605016,28.699152
1970-01-01 08:46:57,8904.887,149.92854,-828.17365,3.9458725,-11.016437,29.730558
1970-01-01 08:46:58,8906.195,156.71806,-846.33844,1.732602,5.5850563,29.474728
1970-01-01 08:46:59,8945.086,159.93752,-893.52057,1.6170682,17.928923,29.757402
1970-01-01 08:47:00,8748.293,151.5942,-560.37665,-0.8054592,-13.101857,28.656713
1970-01-01 08:47:01,8831.906,153.25082,-709.5368,4.2940965,4.604869,29.276573
1970-01-01 08:47:02,8930.946,151.34277,-857.36786,-3.0678518,-15.862342,28.943003
1970-01-01 08:47:03,8852.46,152.52547,-618.5948,0.24614647,-5.9135065,28.554762
1970-01-01 08:47:04,8810.324,155.13881,-1036.1677,4.1725087,-15.120826,28.110132
1970-01-01 08:47:05,8824.676,152.76707,-583.99255,1.0806353,-1.3437244,28.006138
1970-01-01 08:47:06,8776.828,158.42581,-526.90063,5.255858,-13.719843,27.717134
1970-01-01 08:47:07,8777.234,151.6454,-837.0363,3.5658896,-2.649169,28.021513
1970-01-01 08:47:08,8553.796,153.7809,-747.53937,0.104999065,4.322882,25.898378
1970-01-01 08:47:09,8822.121,153.8753,-907.2615,2.335884,-3.96849,25.12022
1970-01-01 08:47:10,8637.984,160.30623,-1197.6774,5.4757404,-24.822914,23.773607
1970-01-01 08:47:11,8640.943,159.39076,-1008.7897,2.7024205,-4.185562,24.01877
1970-01-01 08:47:12,8668.3545,159.23119,-835.7996,1.9034777,2.8057542,23.780098
1970-01-01 08:47:13,8722.131,159.72005,-1030.2781,7.591739,-8.54398,24.386782
1970-01-01 08:47:14,8653.23,156.85934,-656.0868,0.98220044,0.54132247,23.354984
1970-01-01 08:47:15,8534.793,159.43541,-1340.5781,-0.2643222,-0.09915799,22.895136
1970-01-01 08:47:16,8616.633,158.45413,-757.0762,-0.074812636,-7.070922,22.229343
1970-01-01 08:47:17,8674.865,149.89429,-714.14233,-0.7022459,-25.688864,22.303411
1970-01-01 08:47:18,8488.764,151.58699,-622.3795,1.821641,-16.60703,21.763071
1970-01-01 08:47:19,8687.087,153.83806,-846.756,3.765339,9.818861,21.230265
1970-01-01 08:47:20,8603.242,159.9449,-596.9103,5.4068027,-8.283897,20.59714
1970-01-01 08:47:21,8364.5625,154.08534,-809.9681,2.01759,-6.67143,20.346176
1970-01-01 08:47:22,8486.113,149.27216,-949.3271,5.233167,11.222842,19.90861
1970-01-01 08:47:23,8535.478,162.40881,-655.0762,2.1474612,-6.7558093,19.779934
1970-01-01 08:47:24,8452.784,154.14543,-763.68805,2.6920676,19.300638,20.087624
1970-01-01 08:47:25,8483.183,150.57555,-608.75586,1.5481069,7.9093027,19.036827
1970-01-01 08:47:26,8446.205,164.36557,-1107.0895,6.856147,17.813038,19.804852
1970-01-01 08:47:27,8421.692,152.39615,-833.5693,-1.4574437,-1.0162183,20.356424
1970-01-01 08:47:28,8578.724,153.64177,-847.0132,-2.4377658,-1.2404368,20.029224
1970-01-01 08:47:29,8331.601,155.09554,-902.86346,7.2754445,-11.039297,19.381947
1970-01-01 08:47:30,8263.968,155.15967,-379.1008,1.5278758,-0.8749758,18.190744
1970-01-01 08:47:31,8393.912,154.3651,-217.80563,4.5438375,4.866566,19.258394
1970-01-01 08:47:32,8314.127,155.2422,-545.6557,3.511133,3.9643364,17.863808
1970-01-01 08:47:33,8360.398,154.95605,-715.8933,5.890353,1.5524195,16.130426
1970-01-01 08:47:34,8347.534,157.37256,-615.95483,1.0122856,7.1188064,15.594305
1970-01-01 08:47:35,8296.906,157.3562,-889.63794,-0.6312549,-16.478756,14.836357
1970-01-01 08:47:36,8338.583,154.95036,-971.2593,-1.9000928,-7.4709,11.6811
1970-01-01 08:47:37,8353.161,159.00446,-675.93835,2.309227,11.069226,10.726966
1970-01-01 08:47:38,8362.425,159.73433,-571.3376,0.81242925,-3.3372302,12.124628
1970-01-01 08:47:39,8084.6245,153.13354,-472.73022,3.0623877,-4.216821,13.291643
1970-01-01 08:47:40,8215.23,154.24664,-826.5142,5.670784,-18.278152,15.142763
1970-01-01 08:47:41,8277.7295,,-676.12036,0.37353343,-6.0602565,14.97938
1970-01-01 08:47:42,8133.5884,150.03204,-972.75256,1.5007123,6.5277004,14.318037
1970-01-01 08:47:43,8092.9805,161.54382,-843.0105,7.1616697,0.36479133,13.90246
1970-01-01 08:47:44,8099.5103,156.06654,-479.58875,-1.5798311,21.439035,13.679949
1970-01-01 08:47:45,8185.452,155.481,-761.9419,3.265906,3.354838,13.106104
1970-01-01 08:47:46,8159.525,160.75847,-1124.8457,-1.5940452,35.505875,13.844954
1970-01-01 08:47:47,8209.4795,152.64095,-618.985,8.220648,4.8749375,14.003997
1970-01-01 08:47:48,8149.0425,154.25165,-769.78674,3.006318,7.8912487,14.334515
1970-01-01 08:47:49,8069.618,154.46811,-1071.7856,2.7816622,-19.348684,13.767328
1970-01-01 08:47:50,7943.0625,154.22221,-555.5052,4.575235,-3.411008,14.722916
1970-01-01 08:47:51,8041.21,153.85762,-478.94525,0.5354806,7.4145103,16.42267
1970-01-01 08:47:52,7940.782,161.2993,-775.7958,1.4295951,9.573712,16.59647
1970-01-01 08:47:53,8173.4736,161.89906,-466.59042,-1.877416,-28.084702,17.599653
1970-01-01 08:47:54,8176.397,156.71053,-655.4041,0.6351947,3.100164,16.836016
1970-01-01 08:47:55,7877.478,158.34752,-650.68005,2.6868222,-0.80204755,16.944017
1970-01-01 08:47:56,8009.3037,148.92238,-805.8697,6.72567,5.9950747,15.201848
1970-01-01 08:47:57,7842.094,154.55733,-989.53784,3.7454572,-13.055148,15.162283
1970-01-01 08:47:58,7901.914,157.97992,-1001.5856,5.826299,-0.51695246,15.836223
1970-01-01 08:47:59,8013.5737,149.9329,-721.86505,-2.4021695,-5.2890863,15.484964
1970-01-01 08:48:00,7842.442,149.89793,-832.9946,6.3035073,3.4973605,14.185768
1970-01-01 08:48:01,7858.508,160.77791,-925.0972,0.42869225,6.79379,15.387559
1970-01-01 08:48:02,7830.0684,156.93228,-1022.4895,1.0074517,-1.0607314,14.491267
1970-01-01 08:48:03,7892.17,160.25319,-818.22876,3.327874,3.3495266,15.904671
1970-01-01 08:48:04,7844.2905,160.31941,-1000.58344,-1.2074932,-1.6230937,14.635413
1970-01-01 08:48:05,7813.0425,163.64252,-736.91956,-1.6379648,-10.337253,15.8577
1970-01-01 08:48:06,7759.031,159.19955,-734.6541,-0.36896917,-3.2891722,14.8054495
1970-01-01 08:48:07,7837.3135,149.19621,-721.6071,0.13815688,6.835689,15.8648205
1970-01-01 08:48:08,7790.944,152.19429,-600.745,5.444419,6.563823,13.108765
1970-01-01 08:48:09,7700.485,150.6167,-892.57336,5.510248,-9.132625,14.242831
1970-01-01 08:48:10,7758.241,157.64413,-893.6707,2.1489778,-11.382656,13.798946
1970-01-01 08:48:11,7837.046,154.95616,-680.90106,3.0534499,12.407111,13.5980215
1970-01-01 08:48:12,7716.7437,161.44774,-965.1028,3.8062935,11.322168,12.192478
1970-01-01 08:48:13,7703.9854,157.18633,-341.20825,3.1642272,12.721215,12.874068
1970-01-01 08:48:14,7476.827,155.0347,-645.8102,-0.3989919,10.36795,12.262282
1970-01-01 08:48:15,7760.3345,160.85893,-641.28326,-1.5884445,6.1956635,13.181548
1970-01-01 08:48:16,7636.085,159.6314,-759.78217,5.630908,-1.3954209,14.725659
1970-01-01 08:48:17,7539.792,156.94998,-1106.1161,2.3281384,1.5635321,15.592833
1970-01-01 08:48:18,7608.8223,157.42271,-983.82715,-2.3861678,5.3613544,14.469561
1970-01-01 08:48:19,7680.0894,152.21956,-585.5038,0.63731974,-4.7812266,16.332497
1970-01-01 08:48:20,7661.7964,164.79958,-438.78625,-3.3404465,15.662359,17.41525
1970-01-01 08:48:21,7566.542,153.4815,-770.792,7.2243237,1.9054446,18.633038
1970-01-01 08:48:22,7531.001,156.60811,-867.89166,3.0220585,2.6721723,19.305
1970-01-01 08:48:23,7643.8877,156.87463,-988.3049,5.4729085,2.5735958,18.291073
1970-01-01 08:48:24,7566.0493,153.13358,-722.9041,1.714475,-1.3836383,17.994118
1970-01-01 08:48:25,7605.6514,158.50488,-880.0962,3.1203008,31.457254,18.827879
1970-01-01 08:48:26,7521.759,160.83029,-900.0295,-3.0964644,10.341291,19.363602
1970-01-01 08:48:27,7557.125,156.43633,-828.5172,4.5786304,7.252324,21.632639
1970-01-01 08:48:28,7443.2383,156.93126,-624.0126,2.2629292,11.641612,21.212837
1970-01-01 08:48:29,7476.2705,156.97473,-654.1405,-0.10102019,2.6909862,22.379305
1970-01-01 08:48:30,7475.1216,155.89508,-923.85724,3.3287113,-2.6556313,22.30565
1970-01-01 08:48:31,7544.749,149.4718,-427.97705,0.8052348,4.2751627,22.224686
1970-01-01 08:48:32,7424.827,164.73361,-510.80386,1.076867,-3.6454375,22.393951
1970-01-01 08:48:33,7462.0547,152.25357,-750.3932,-2.8257494,-3.1451926,22.772604
1970-01-01 08:48:34,7367.271,151.06958,-893.77765,-0.007391409,-5.8545756,23.793015
1970-01-01 08:48:35,7385.758,160.47183,-673.1066,-3.099954,-9.459236,25.084799
1970-01-01 08:48:36,7272.591,161.9927,-869.93225,-1.0120217,-8.063461,26.030754
1970-01-01 08:48:37,7236.181,151.62303,-738.3023,0.98275036,-0.0059345816,26.056879
1970-01-01 08:48:38,7398.613,158.32059,-578.6121,-0.67305666,2.8642676,25.893452
1970-01-01 08:48:39,7317.262,158.60248,-540.4969,3.1143544,-3.4807477,26.898252
1970-01-01 08:48:40,7311.855,157.56985,-490.36337,1.7890271,-7.4470744,27.872406
1970-01-01 08:48:41,7314.042,151.74738,-831.6913,-2.2652302,1.9220605,27.76318
1970-01-01 08:48:42,7339.42,157.18062,-731.52423,1.4470097,-13.03434,27.491312
1970-01-01 08:48:43,7133.0093,162.5137,-751.6963,-2.5191104,-1.2810202,29.251837
1970-01-01 08:48:44,7296.9272,160.46606,-669.57623,2.891974,-0.6134794,28.479797
1970-01-01 08:48:45,7162.8438,153.3905,-1063.583,8.584011,-7.806929,28.24996
1970-01-01 08:48:46,7268.354,147.94183,-709.4133,4.8343344,8.781341,27.248074
1970-01-01 08:48:47,7061.4043,151.03467,-412.38077,4.504377,17.362778,25.13854
1970-01-01 08:48:48,7288.75,159.5498,-691.3386,5.227804,-1.060919,26.662466
1970-01-01 08:48:49,7148.6357,158.38306,-652.8783,1.2314919,5.542145,
1970-01-01 08:48:50,7205.326,154.94412,-706.66754,1.677152,-10.76276,27.358452
1970-01-01 08:48:51,7168.085,160.24516,-816.119,2.1542554,0.46594012,26.715242
1970-01-01 08:48:52,7129.4336,159.10902,-798.3187,-0.12570977,5.3392043,24.211786
1970-01-01 08:48:53,7066.98,151.40625,-698.5845,2.362348,-14.03433,26.075222
1970-01-01 08:48:54,7193.385,159.48505,-755.7732,-4.300597,0.6513141,26.943466
1970-01-01 08:48:55,7171.5615,153.08617,-617.4915,5.405815,-10.573516,26.174093
1970-01-01 08:48:56,7000.831,163.82173,-514.2777,-3.3076074,5.3926454,26.424326
1970-01-01 08:48:57,7055.7627,155.31816,-729.73883,1.1336826,11.920407,25.522945
1970-01-01 08:48:58,7041.019,154.65845,-570.1366,-0.39785776,11.2040415,24.851215
1970-01-01 08:48:59,7005.947,154.44019,-902.0776,4.254584,-3.338807,24.7564
1970-01-01 08:49:00,6896.7637,155.85193,-1222.1105,3.8958998,13.271212,26.502546
1970-01-01 08:49:01,7019.682,163.84973,-674.77075,-0.090492316,5.529472,25.592117
1970-01-01 08:49:02,6974.7593,162.67058,-548.07294,0.9898036,-15.657472,25.24115
1970-01-01 08:49:03,6912.117,150.93402,-843.3323,-1.9458796,-18.186838,25.813988
1970-01-01 08:49:04,6844.318,154.08752,-981.8283,-0.9321744,-3.9655929,25.696339
1970-01-01 08:49:05,6971.297,161.85675,,4.1322546,-6.4160995,25.882536
1970-01-01 08:49:06,6815.6196,151.37341,-1192.0638,-2.4788346,4.0253325,25.498545
1970-01-01 08:49:07,6700.5146,155.97572,-1014.6548,-2.2709348,-2.5149379,26.283993
1970-01-01 08:49:08,6961.79,160.75873,-805.0955,1.7604271,15.413408,26.402845
1970-01-01 08:49:09,7025.68,157.69495,-973.9192,5.714224,7.8631916,27.267576
1970-01-01 08:49:10,6841.4805,157.55225,-927.8408,-0.84700686,-8.908956,26.740908
1970-01-01 08:49:11,6725.8276,155.88878,-852.01953,-2.3533237,-17.324905,27.334143
1970-01-01 08:49:12,6832.997,163.4194,-758.24066,5.491106,-12.319374,27.625057
1970-01-01 08:49:13,6697.272,162.71562,-1031.4448,-1.8525902,-6.8787365,27.871017
1970-01-01 08:49:14,6690.693,155.91573,-466.70294,-4.0558677,14.959933,27.687462
1970-01-01 08:49:15,6584.741,156.04323,-1001.31415,3.0006647,9.720111,26.733673
1970-01-01 08:49:16,6664.9414,160.07623,-824.2495,3.1560583,-23.851145,26.97994
1970-01-01 08:49:17,6731.779,159.76292,-896.0674,0.03633847,3.053203,26.514135
1970-01-01 08:49:18,6698.4746,152.10158,-812.1817,5.777752,13.961681,27.372917
1970-01-01 08:49:19,6713.217,165.24808,-613.1211,4.0555987,0.29410735,25.66965
1970-01-01 08:49:20,6676.8413,158.36777,-1005.9578,-0.73648167,4.695467,25.032597
1970-01-01 08:49:21,6682.9683,162.97609,-1052.1727,0.41381562,15.565616,24.309534
1970-01-01 08:49:22,6653.9463,155.8916,-862.5456,1.5962217,21.038126,26.163641
1970-01-01 08:49:23,6801.483,153.93562,-763.6188,-3.4152317,0.02184476,25.617338
1970-01-01 08:49:24,6605.328,160.42357,-1285.1469,5.772996,-3.622796,25.646563
1970-01-01 08:49:25,6629.2695,155.21901,-953.264,2.7852762,-10.91736,26.920317
1970-01-01 08:49:26,6511.048,157.82735,-1050.3221,4.820001,9.090178,26.363308
1970-01-01 08:49:27,6498.2993,160.40549,-892.4331,-1.5865356,-9.91981,24.985136
1970-01-01 08:49:28,6656.385,157.256,-685.07056,7.585666,-27.705175,24.966019
1970-01-01 08:49:29,6426.9067,154.82396,-937.83124,1.4683793,25.942701,26.299839
1970-01-01 08:49:30,6528.456,151.04495,-999.1939,-1.2699877,0.31406742,26.206314
1970-01-01 08:49:31,6521.0557,158.48947,-784.65704,1.0391747,-4.5633845,25.805893
1970-01-01 08:49:32,6589.8726,161.36258,-787.95776,3.2202806,7.643126,24.931704
1970-01-01 08:49:33,6449.1133,159.97601,-974.16785,-2.2642324,-9.299699,25.293837
1970-01-01 08:49:34,,161.16101,-756.55005,0.086794816,-16.521442,26.437025
1970-01-01 08:49:35,6535.509,158.30547,-869.4223,-0.16870002,10.640747,26.364311
1970-01-01 08:49:36,6366.111,160.24458,-803.67267,-2.2687624,-5.7721696,26.73627
1970-01-01 08:49:37,6348.2563,152.73904,-951.04724,12.251115,-4.8918295,28.219107
1970-01-01 08:49:38,6259.069,160.05373,-592.54755,3.2799413,-7.155665,27.634344
1970-01-01 08:49:39,6210.578,154.34264,-419.54886,5.5173554,-29.954464,28.579412
1970-01-01 08:49:40,6355.624,148.99991,-912.5227,3.4232647,3.3301437,27.205961
1970-01-01 08:49:41,6472.3794,156.6509,-902.2179,2.1028945,-6.9430017,26.912012
1970-01-01 08:49:42,6400.0645,163.3438,-987.475,3.4578502,-3.3698673,25.92735
1970-01-01 08:49:43,6355.356,157.29202,-1044.0557,-1.1978077,12.831752,26.657934
1970-01-01 08:49:44,6180.114,163.85532,-933.8449,8.141677,10.230607,24.648384
1970-01-01 08:49:45,6232.271,156.80554,-697.0155,1.3267599,8.887296,22.923277
1970-01-01 08:49:46,6294.35,153.25159,-396.64883,3.257213,-2.122781,23.155155
1970-01-01 08:49:47,6218.2124,152.18314,-645.02905,2.4603112,2.5676847,24.238586
1970-01-01 08:49:48,6202.453,161.49908,-573.7973,-3.663083,-3.0789964,23.308062
1970-01-01 08:49:49,6229.5117,155.01575,-947.5358,-2.3384461,8.270366,24.19819
1970-01-01 08:49:50,6222.4624,155.98836,-956.8938,6.331053,8.924248,24.51789
1970-01-01 08:49:51,6205.955,155.57161,-876.0799,2.9047055,9.501314,25.84169
1970-01-01 08:49:52,6155.9414,155.64804,-266.6106,4.4722548,2.4063091,27.494867
1970-01-01 08:49:53,6053.19,161.11244,-615.8285,8.098105,2.8183906,27.284916
1970-01-01 08:49:54,6182.822,157.85995,-902.17474,-0.53102577,0.09228806,25.92974
1970-01-01 08:49:55,5988.598,158.24823,-812.7352,0.26294228,2.5537074,26.384563
1970-01-01 08:49:56,6140.2573,165.05313,-799.60565,1.779065,5.3236923,25.633224
1970-01-01 08:49:57,6041.869,159.17917,-1142.6101,0.8283837,8.2108555,27.986668
1970-01-01 08:49:58,6037.6304,153.94945,-648.7509,3.562724,-2.9697254,30.191488
1970-01-01 08:49:59,6046.772,158.03003,-811.2838,1.2413518,16.737013,31.189785
1970-01-01 08:50:00,6066.354,152.8716,-1039.6301,2.5862505,8.088816,31.617512
1970-01-01 08:50:01,5921.343,159.81015,-992.79395,0.39626205,0.4124008,31.110796
1970-01-01 08:50:02,5969.812,158.27002,-545.9996,4.8606114,12.456033,30.509502
1970-01-01 08:50:03,5939.9644,157.54619,-1068.5088,-1.0192451,-13.094627,29.966251
1970-01-01 08:50:04,5961.5474,157.15704,-1270.6523,0.44265804,13.616527,30.483362
1970-01-01 08:50:05,5992.3276,156.0564,-553.6838,1.7650013,-5.1354103,32.06852
1970-01-01 08:50:06,5915.273,158.44792,-607.4379,-2.7391987,-1.0874077,31.607233
1970-01-01 08:50:07,5855.0503,156.32027,-424.4983,-1.3193027,-6.0831122,32.99907
1970-01-01 08:50:08,5898.6245,156.42735,-815.8751,2.7658887,0.6447295,33.90792
1970-01-01 08:50:09,5971.792,162.20895,-660.1227,-5.11371,-7.932432,33.200638
1970-01-01 08:50:10,,153.64584,-706.94794,2.28112,-0.19780831,35.246445
1970-01-01 08:50:11,5932.4165,155.61024,-803.9922,6.7501583,-4.43782,36.916645
1970-01-01 08:50:12,5849.663,160.0411,-791.9214,0.13583659,3.185847,36.55096
1970-01-01 08:50:13,5810.1904,156.59627,-699.86584,-0.29078063,-14.520291,36.51537
1970-01-01 08:50:14,5811.7627,159.36151,-720.91516,0.63530105,15.027535,34.446404
1970-01-01 08:50:15,5860.2734,155.98064,-535.72797,7.7100325,-11.143869,35.266006
1970-01-01 08:50:16,5857.5503,151.81242,-1120.669,4.7167764,7.966616,34.548744
1970-01-01 08:50:17,5784.227,162.46071,-538.1389,-2.3621092,4.6431627,34.922592
1970-01-01 08:50:18,5626.662,155.16098,-601.4652,-2.3534346,11.872501,34.79712
1970-01-01 08:50:19,5818.213,158.05833,-691.28064,2.1503215,9.16043,35.50063
1970-01-01 08:50:20,5783.868,155.89128,-781.7861,4.7612557,-8.540706,36.307495
1970-01-01 08:50:21,5702.886,155.69847,-1133.4473,-0.2792516,10.964171,35.46057
1970-01-01 08:50:22,5720.698,155.52774,-815.73474,1.1692107,-0.9993081,35.418945
1970-01-01 08:50:23,5810.4287,155.94052,-738.179,0.64168614,-5.281119,35.180317
1970-01-01 08:50:24,5572.292,159.75082,-967.64056,,11.894848,34.137104
1970-01-01 08:50:25,5569.982,158.04713,-830.11456,2.4310095,19.064152,34.925095
1970-01-01 08:50:26,5602.17,155.70718,-815.7901,3.782896,0.28744873,34.761272
1970-01-01 08:50:27,5735.8296,158.78705,-988.3248,0.8108383,-3.0638392,35.713516
1970-01-01 08:50:28,5556.706,157.29916,-1110.6628,8.742026,17.848766,36.83461
1970-01-01 08:50:29,5625.3413,159.02628,-737.5479,-0.66898537,-1.1342243,38.73557
1970-01-01 08:50:30,5578.209,159.23836,-989.4386,-2.7994301,-4.8804836,39.42704
1970-01-01 08:50:31,5556.3047,162.53825,-1189.7323,-2.1118863,7.277258,39.14672
1970-01-01 08:50:32,5541.51,158.60751,-426.54538,-4.5272064,-11.390512,39.84578
1970-01-01 08:50:33,5536.8857,159.7946,-754.22235,0.67347664,2.0995696,39.010887
1970-01-01 08:50:34,5417.2466,157.23991,-845.5293,2.9576552,-5.119351,39.11824
1970-01-01 08:50:35,5462.0283,159.91698,-554.0618,-2.161377,-11.363469,39.045113
1970-01-01 08:50:36,5494.583,159.09734,-910.091,0.8863886,5.282204,39.163517
1970-01-01 08:50:37,5331.6333,153.17317,-1034.09,0.5410228,-9.148327,39.723713
1970-01-01 08:50:38,5591.3247,154.27554,-796.49774,0.78167194,-14.986539,40.469368
1970-01-01 08:50:39,5417.2285,159.53023,-1105.9473,-2.743128,-9.394752,39.718876
1970-01-01 08:50:40,5560.3345,151.10835,-829.4531,4.8322253,-5.02358,39.881332
1970-01-01 08:50:41,5404.7334,154.95259,-773.12103,1.2336732,-2.6531715,40.090458
1970-01-01 08:50:42,5435.0103,154.7178,-792.80505,-0.1778209,2.9394577,40.3119
1970-01-01 08:50:43,5436.2495,157.70741,-763.2175,-0.9707166,13.112265,41.077858
1970-01-01 08:50:44,5366.242,159.39105,-848.6773,1.5458623,-8.759841,40.8026
1970-01-01 08:50:45,5153.3306,151.03616,-925.4746,1.3894717,10.4817,42.895473
1970-01-01 08:50:46,5285.68,152.90437,-702.0462,3.520331,-3.4091372,43.045307
1970-01-01 08:50:47,5372.428,157.52168,-736.73126,2.8650584,-4.7817144,42.037296
1970-01-01 08:50:48,5397.893,160.83942,-627.75397,5.251826,9.387188,42.317333
1970-01-01 08:50:49,5340.1807,155.52652,-961.1888,2.5081985,0.039433282,43.3136
1970-01-01 08:50:50,5259.249,160.1313,-875.3284,4.7644563,24.863409,44.286663
1970-01-01 08:50:51,5124.447,158.65865,-1091.1342,2.7781584,0.8157072,44.473854
1970-01-01 08:50:52,5186.1035,157.98135,-837.4151,-1.5523039,-1.7074418,43.015434
1970-01-01 08:50:53,5304.533,153.38657,-496.6911,3.5152216,-2.5085552,43.383614
1970-01-01 08:50:54,5205.5547,151.9559,-860.3218,3.9052446,3.781261,45.02757
1970-01-01 08:50:55,5111.595,157.42468,-613.91974,0.47401285,-7.5878744,44.88604
1970-01-01 08:50:56,5097.3887,164.44455,-638.45435,6.5883274,-14.122433,44.907288
1970-01-01 08:50:57,5291.534,160.72269,-646.0739,3.8354378,15.398479,45.534996
1970-01-01 08:50:58,5140.69,162.1452,-515.2861,0.58002895,4.656543,46.34126
1970-01-01 08:50:59,5229.385,159.98694,-803.72723,-1.649735,11.037973,45.806923
1970-01-01 08:51:00,5068.32,153.33441,-859.0119,0.3456399,9.799763,44.69762
1970-01-01 08:51:01,5016.8765,153.6241,-328.79935,5.61183,14.552518,44.357826
1970-01-01 08:51:02,5119.288,158.46588,-839.2165,-0.87309575,-9.322206,45.776424
1970-01-01 08:51:03,5063.352,157.31648,-643.1015,2.2212038,-2.407638,45.65323
1970-01-01 08:51:04,5142.856,147.87476,-578.82214,4.421725,-4.701667,47.840717
1970-01-01 08:51:05,4971.9575,146.70882,-777.1802,2.8238444,-10.811998,48.334858
1970-01-01 08:51:06,5055.1753,162.82713,-1002.23834,-0.916858,-1.0567774,47.03493
1970-01-01 08:51:07,5011.6333,151.30402,-762.7846,6.9837165,-1.9406549,48.70787
1970-01-01 08:51:08,5080.328,158.90977,-972.3776,2.7740896,-15.4271555,47.02201
1970-01-01 08:51:09,4984.6597,158.59816,-637.62103,3.621157,-7.5187607,48.030975
1970-01-01 08:51:10,4987.5386,155.79996,-643.06915,-3.4642036,-16.749998,48.81607
1970-01-01 08:51:11,4853.0015,160.48618,-864.302,-0.30453992,16.39064,47.693466
1970-01-01 08:51:12,4858.164,155.3112,-659.1837,0.09931804,-11.391403,45.61806
1970-01-01 08:51:13,4879.8384,150.38867,-997.97656,6.474576,8.998785,44.945312
1970-01-01 08:51:14,4839.5996,153.17467,-955.53015,1.2805625,-6.1150255,44.622723
1970-01-01 08:51:15,4756.5273,157.31203,-954.2417,2.11696,11.224875,43.498215
1970-01-01 08:51:16,4862.0166,159.9152,-231.23778,-1.6534154,-0.57220155,43.80899
1970-01-01 08:51:17,4693.0977,160.46553,-731.2719,-0.7301435,-15.83471,43.218773
1970-01-01 08:51:18,4797.2603,153.77191,-821.0974,3.0872803,2.0320368,42.969772
1970-01-01 08:51:19,4900.849,169.67662,-554.85895,2.395453,7.02861,42.441113
1970-01-01 08:51:20,4895.9976,152.71234,-1104.682,10.058115,-0.6135391,43.08824
1970-01-01 08:51:21,4672.9595,162.13954,-777.28516,2.8577821,5.930756,42.128555
1970-01-01 08:51:22,4782.093,155.64899,-909.3971,6.524755,-8.589123,42.513374
1970-01-01 08:51:23,4803.8,154.96472,-1156.4312,4.14953,4.0380225,43.640648
1970-01-01 08:51:24,4661.604,152.5038,-521.7262,6.323281,14.143271,44.42956
1970-01-01 08:51:25,4768.3403,158.63072,-826.85474,2.1593144,1.1339439,45.856255
1970-01-01 08:51:26,4821.409,162.38074,-373.686,2.0287168,1.5272405,44.33512
1970-01-01 08:51:27,4603.7397,158.15591,-768.8219,1.8039758,6.326832,45.098694
1970-01-01 08:51:28,4724.39,160.1483,-558.22595,2.6433399,-1.204655,45.29051
1970-01-01 08:51:29,4729.805,157.47803,-908.2946,0.49919164,-11.125624,45.33201
1970-01-01 08:51:30,4575.8794,160.10727,-1056.4542,2.80491,4.959682,44.75019
1970-01-01 08:51:31,4537.2505,164.74567,-773.6735,5.346617,6.0770526,44.481136
1970-01-01 08:51:32,4619.997,152.31137,-973.72504,2.260146,4.0845304,44.262497
1970-01-01 08:51:33,4642.5854,156.07378,-962.1726,-3.8957634,-5.180998,44.08263
1970-01-01 08:51:34,4625.915,165.18875,-354.29282,0.8628465,1.3609694,43.542946
1970-01-01 08:51:35,4460.3,155.48749,-1132.7357,1.0248758,-8.407168,42.994633
1970-01-01 08:51:36,4539.4473,157.49323,-828.7886,-0.35167617,6.0481443,43.095417
1970-01-01 08:51:37,4588.624,161.54019,-824.53766,0.45000854,-7.979877,42.80866
1970-01-01 08:51:38,4463.2734,158.37636,-408.98077,-3.40239,9.0615425,44.02273
1970-01-01 08:51:39,4459.477,159.55869,-843.36707,2.7818935,10.222679,42.68145
1970-01-01 08:51:40,4505.942,157.32635,-937.05835,0.4488246,20.280592,41.954742
1970-01-01 08:51:41,4559.6987,157.87537,-612.72876,1.1281724,7.9220276,41.94525
1970-01-01 08:51:42,4537.8594,160.03012,-802.23505,-1.9279026,-5.636569,43.69011
1970-01-01 08:51:43,4414.3027,161.8473,-1221.5527,2.5964348,5.745005,45.224422
1970-01-01 08:51:44,4497.8047,161.35881,-754.7224,4.5240064,9.27958,45.128323
1970-01-01 08:51:45,4538.194,152.6074,-745.1052,2.0945153,-17.62189,44.115047
1970-01-01 08:51:46,4354.364,158.71962,-1025.4932,2.2286496,6.6372204,45.801144
1970-01-01 08:51:47,4516.2163,163.24738,-985.655,6.664343,17.792547,47.960884
1970-01-01 08:51:48,4409.8906,158.37491,-692.053,3.7799437,7.545849,48.34715
1970-01-01 08:51:49,4431.3955,159.95912,-621.81274,1.8280168,0.39556715,48.837513
1970-01-01 08:51:50,4479.6587,154.83557,-643.04584,1.0477473,0.52242655,47.287224
1970-01-01 08:51:51,4341.538,155.14749,-982.581,0.2990053,5.1744585,46.670925
1970-01-01 08:51:52,4304.4663,158.71649,-1165.8707,2.4347913,9.702415,46.163906
1970-01-01 08:51:53,4203.6914,156.06526,-954.8799,-1.3406128,-9.506148,44.29523
1970-01-01 08:51:54,4360.0356,,-793.9547,1.9085058,-10.706573,43.735302
1970-01-01 08:51:55,4197.6133,151.56325,-616.09906,6.6465487,-9.653684,42.976456
1970-01-01 08:51:56,4266.3994,159.90736,-610.3177,-0.5668287,-4.113515,43.476585
1970-01-01 08:51:57,4175.2485,154.3455,-966.0341,4.419019,-13.059302,43.959793
1970-01-01 08:51:58,4118.121,160.56683,-801.882,2.8801787,-14.187726,44.352985
1970-01-01 08:51:59,4191.7373,157.75613,-795.86237,0.15577088,0.59032905,44.90071
1970-01-01 08:52:00,4266.674,150.8842,-835.9246,5.1506467,0.16261582,44.702175
1970-01-01 08:52:01,4207.0684,157.20268,-897.18176,1.2820511,-4.177083,45.578987
1970-01-01 08:52:02,4038.7869,166.08014,-720.13794,2.051388,-13.401289,45.917088
1970-01-01 08:52:03,4120.7344,156.28758,-539.86914,-8.606747,-3.9583366,47.00565
1970-01-01 08:52:04,4138.095,160.58443,-858.153,5.9484696,19.344526,46.114513
1970-01-01 08:52:05,4073.1545,159.69751,-1142.9487,-0.6741909,1.7639362,45.55844
1970-01-01 08:52:06,3993.8557,160.30536,,4.698672,-12.330984,45.508106
1970-01-01 08:52:07,4104.206,159.07886,-951.84644,2.8436823,-0.99842334,45.124805
1970-01-01 08:52:08,4130.1465,162.88687,-562.35394,7.0481367,-8.522461,44.566704
1970-01-01 08:52:09,4050.9194,156.80855,-906.5556,2.8753543,2.5588772,44.16843
1970-01-01 08:52:10,4048.6055,155.77798,-634.39233,-0.82763654,-1.2850804,44.611645
1970-01-01 08:52:11,4028.958,152.9446,-422.13693,0.53423584,-7.41466,44.23349
1970-01-01 08:52:12,3843.6497,153.71944,-537.69006,4.1436324,0.9902262,43.233246
1970-01-01 08:52:13,3978.7366,162.05771,-321.04617,3.796134,4.74269,43.931385
1970-01-01 08:52:14,4127.164,158.1349,-1045.6189,-4.3940883,3.1792042,44.48872
1970-01-01 08:52:15,3846.3474,168.17108,-844.2671,-3.8967397,-0.8009824,44.708847
1970-01-01 08:52:16,4014.585,159.52882,-455.52338,5.1624827,-5.618493,43.675636
1970-01-01 08:52:17,3898.3428,161.3504,-430.61307,1.0423889,0.42185763,46.06133
1970-01-01 08:52:18,3898.8171,156.43318,-746.76385,2.3905444,-1.4958806,47.060925
1970-01-01 08:52:19,3812.1467,159.50284,-1346.1652,-0.36121157,-25.319181,45.211567
1970-01-01 08:52:20,3866.9438,159.83318,-661.3944,0.5666552,-6.9307013,44.37944
1970-01-01 08:52:21,3885.9426,164.45819,-518.42236,2.5991206,-19.56255,45.769
1970-01-01 08:52:22,3768.596,155.25078,-682.8219,0.3810203,22.32261,45.400795
1970-01-01 08:52:23,3894.6084,166.38425,-562.0396,-6.2899594,-2.8485818,45.573307
1970-01-01 08:52:24,3757.2686,153.77008,-933.43677,1.8384975,-3.4649143,46.164593
1970-01-01 08:52:25,3807.1267,155.18002,-556.13495,3.177703,-6.1337667,47.92624
1970-01-01 08:52:26,3815.9675,162.0588,-530.449,1.8207865,2.1807165,47.84974
1970-01-01 08:52:27,3812.002,162.88794,-1058.2484,1.9000556,6.9251637,47.80829
1970-01-01 08:52:28,3643.5183,163.87277,-712.1655,-1.8261445,11.959139,46.938103
1970-01-01 08:52:29,3769.2644,164.51775,-973.6846,-1.1691407,-5.901483,49.214638
1970-01-01 08:52:30,3716.119,165.36864,-1166.5428,4.968005,-0.5606654,50.274548
1970-01-01 08:52:31,3703.5847,153.8192,-462.51883,1.5543064,-4.1642876,50.374817
1970-01-01 08:52:32,3666.5095,161.07303,-693.646,-1.0385563,-11.886051,50.8716
1970-01-01 08:52:33,3643.635,159.92128,-632.807,3.3627102,-4.62025,50.84548
1970-01-01 08:52:34,3524.6492,153.73863,-1097.3029,1.338919,-1.6427168,52.28498
1970-01-01 08:52:35,3648.3616,158.34698,-746.6076,3.432403,-0.8493682,51.5325
1970-01-01 08:52:36,3602.9365,160.17041,-891.66296,3.8960955,1.6832818,49.484436
1970-01-01 08:52:37,3654.6897,164.90558,-670.2123,6.6269517,-1.4930242,49.497555
1970-01-01 08:52:38,3626.0898,155.09871,-690.1892,1.0001789,1.2200897,48.938335
1970-01-01 08:52:39,3616.4631,159.68471,-983.1508,1.7421327,2.0271323,48.487362
1970-01-01 08:52:40,3540.4487,149.79216,-841.8727,-0.7038416,6.210794,46.99441
1970-01-01 08:52:41,3438.081,156.41684,-664.35455,4.124703,-8.6288805,47.96959
1970-01-01 08:52:42,3537.5957,159.40921,-621.1947,-0.30316743,3.500119,47.8063
1970-01-01 08:52:43,3514.9983,159.28514,-1266.8467,2.3620024,-17.283995,46.822884
1970-01-01 08:52:44,3523.2156,156.74419,-865.0101,2.2677848,-8.395929,48.543533
1970-01-01 08:52:45,3538.1814,157.47311,-795.913,1.2030592,12.220097,49.078625
1970-01-01 08:52:46,3468.3948,148.87074,-826.9479,3.996187,-5.8000154,49.007874
1970-01-01 08:52:47,3449.921,160.51888,-637.4682,1.1612431,-21.312721,48.198368
1970-01-01 08:52:48,3446.136,155.42334,-892.4617,5.5038657,5.616517,48.905888
1970-01-01 08:52:49,3455.2422,162.47493,-747.79407,5.7501655,-1.159271,48.424107
1970-01-01 08:52:50,3373.8865,158.79283,-1077.891,5.34082,3.9062839,47.47279
1970-01-01 08:52:51,3403.6833,157.1907,-614.7736,2.5106814,-1.1960315,46.623703
1970-01-01 08:52:52,3341.4897,162.2746,-810.5766,3.7120488,9.587595,45.798206
1970-01-01 08:52:53,3208.3833,152.2519,-1183.1099,2.0813184,-4.293618,44.39208
1970-01-01 08:52:54,3361.9158,153.6043,-647.6042,-3.640189,-13.308016,43.158306
1970-01-01 08:52:55,3296.5947,162.71118,-1032.2563,3.9414155,-19.68271,43.08121
1970-01-01 08:52:56,3283.2341,160.98128,-797.90607,9.300464,-5.589372,43.43951
1970-01-01 08:52:57,3200.4402,161.9903,-1043.9447,3.1613276,-9.320626,44.973824
1970-01-01 08:52:58,3377.7954,158.1405,-773.0805,8.501376,-6.610303,45.306515
1970-01-01 08:52:59,,159.86435,-994.9318,6.826841,12.452225,46.171097
1970-01-01 08:53:00,3174.2058,161.8855,-708.73065,-0.37097862,-9.582303,46.156082
1970-01-01 08:53:01,3222.8118,157.7472,-583.21967,2.8354633,-7.343488,45.893177
1970-01-01 08:53:02,3031.4265,156.72499,-540.3874,-1.3182834,1.4578803,44.699398
1970-01-01 08:53:03,3250.67,156.68225,-963.5884,1.5668406,-12.200155,44.744102
1970-01-01 08:53:04,3228.495,161.83717,-857.1752,-0.71492743,-4.574823,44.82877
1970-01-01 08:53:05,3148.0625,158.54279,-925.1701,4.0479045,3.9174585,43.09243
1970-01-01 08:53:06,3182.125,156.46825,-886.66595,1.3646351,16.608429,44.778595
1970-01-01 08:53:07,3118.4707,161.71458,-813.8688,5.5501533,0.8078875,44.622528
1970-01-01 08:53:08,3104.4934,157.81888,-660.18304,2.8849714,17.605858,44.869568
1970-01-01 08:53:09,3168.339,163.28493,-862.38873,2.1800296,3.3260388,46.813313
1970-01-01 08:53:10,3052.7346,157.52449,-1209.3512,2.51078,5.1207542,46.663025
1970-01-01 08:53:11,3015.8481,158.44908,-563.4559,8.193665,-2.545804,46.163208
1970-01-01 08:53:12,3050.434,154.1728,-1025.8187,-3.3308833,26.504457,43.86855
1970-01-01 08:53:13,2991.233,152.12608,-1115.8524,2.6297665,9.722205,43.295914
1970-01-01 08:53:14,3252.7197,158.73581,-934.08655,0.08957878,10.938359,42.66826
1970-01-01 08:53:15,3035.9165,158.38626,-412.43008,-2.4307976,-3.8933203,42.29993
1970-01-01 08:53:16,3007.965,156.09416,-541.45685,7.778417,5.9184456,40.395714
1970-01-01 08:53:17,2990.6196,156.75917,-812.50543,3.7354953,0.04212215,40.16062
1970-01-01 08:53:18,3003.2034,164.92836,-620.0695,-0.38074252,-2.072723,39.166637
1970-01-01 08:53:19,2981.277,157.45071,-869.66925,0.32149836,-4.735374,40.485794
1970-01-01 08:53:20,2945.593,156.3483,-559.1842,2.7702107,-10.273155,40.292473
1970-01-01 08:53:21,2860.1045,163.57388,-842.15704,4.5390053,5.895057,42.938953
1970-01-01 08:53:22,2832.1724,163.06808,-870.10394,1.4766499,-15.533444,43.17967
1970-01-01 08:53:23,,158.10611,-1058.8927,4.313835,8.988766,43.63267
1970-01-01 08:53:24,2801.6667,155.81554,-684.7623,-2.834017,-8.914396,44.71224
1970-01-01 08:53:25,2786.1538,157.80132,-1014.259,5.402691,1.7138082,44.922504
1970-01-01 08:53:26,2768.0369,159.05261,-772.81573,-3.0051084,10.796803,44.4252
1970-01-01 08:53:27,2820.5825,163.80489,-625.1606,4.0956206,6.649496,41.375202
1970-01-01 08:53:28,2748.1545,159.31055,-844.9606,-0.7122334,-5.964475,41.076473
1970-01-01 08:53:29,2720.135,158.82169,-943.44745,4.0317397,-2.952992,41.24362
1970-01-01 08:53:30,2776.2292,158.44609,-1102.4126,4.6827345,-0.00024837683,40.364693
1970-01-01 08:53:31,2817.1428,158.03993,-1068.4745,6.327912,-8.069165,41.74206
1970-01-01 08:53:32,2748.3247,159.78386,-872.1763,2.3718843,-2.2134411,40.98386
1970-01-01 08:53:33,2683.212,161.75993,-840.50885,1.9229157,3.7142277,41.273907
1970-01-01 08:53:34,2674.3022,160.61345,-784.60583,-4.3496256,-3.8252776,40.89983
1970-01-01 08:53:35,2704.932,160.09924,-905.2574,-1.9130511,-0.96250635,40.98363
1970-01-01 08:53:36,2636.107,159.67032,-785.9203,7.1190333,6.2511325,40.992733
1970-01-01 08:53:37,2727.263,151.89673,-453.2158,2.0215187,-12.831286,41.056576
1970-01-01 08:53:38,2716.2544,162.80338,-908.8672,5.958924,-8.755104,40.859898
1970-01-01 08:53:39,2619.0537,164.57567,-592.3216,5.15763,-13.43847,41.977287
1970-01-01 08:53:40,2681.2021,163.36617,-659.74475,-0.67674625,-7.6902623,43.169044
1970-01-01 08:53:41,2622.0059,160.0051,-805.30225,2.5974226,-21.68887,40.91148
1970-01-01 08:53:42,2632.7844,158.25635,-796.3898,2.6489975,-1.5995057,40.6138
1970-01-01 08:53:43,2633.9402,148.92743,-744.25665,5.2084293,4.7764645,41.28522
1970-01-01 08:53:44,2590.7847,162.8074,-653.19257,0.21461345,-22.49292,42.390182
1970-01-01 08:53:45,2603.9448,163.14487,-893.55273,6.1875257,0.568137,
1970-01-01 08:53:46,2440.6099,156.69824,-669.78595,-0.43430895,-6.3991065,42.72008
1970-01-01 08:53:47,2532.901,163.60986,-965.74615,2.5586872,-11.87052,42.626892
1970-01-01 08:53:48,2398.2966,158.84236,-846.1958,1.9837853,-4.0729985,42.20949
1970-01-01 08:53:49,2447.6938,156.43103,-568.1639,2.9764507,13.368311,41.73259
1970-01-01 08:53:50,2553.918,159.32318,-811.34827,2.9479096,-6.026123,41.010525
1970-01-01 08:53:51,2319.9207,163.4858,-724.0691,1.0060154,4.675436,40.6409
1970-01-01 08:53:52,2389.8743,171.33502,-781.5351,0.16976118,-2.0072656,41.306484
1970-01-01 08:53:53,2339.324,159.08507,-788.21906,-2.5585454,1.3717581,41.292057
1970-01-01 08:53:54,2360.8926,160.79626,-934.0282,5.365502,-5.5600953,40.916508
1970-01-01 08:53:55,2243.7336,160.54294,-1044.2219,6.5957203,-1.0473204,39.68762
1970-01-01 08:53:56,2343.013,158.75592,-726.9587,1.2102611,-12.556635,40.792206
1970-01-01 08:53:57,2375.4702,170.79967,-819.7571,-6.50583,8.674076,40.295155
1970-01-01 08:53:58,2363.1912,163.10138,-841.1402,2.8762,9.457098,40.43024
1970-01-01 08:53:59,2412.3398,156.51743,-811.9606,1.9159577,-8.067525,41.545612
1970-01-01 08:54:00,2305.1497,160.73544,-876.12115,1.0740348,-20.083702,41.73305
1970-01-01 08:54:01,2396.393,166.62984,-527.66705,7.407143,-10.172472,42.4953
1970-01-01 08:54:02,2184.593,162.0841,-752.1083,0.3203931,17.094162,40.45642
1970-01-01 08:54:03,2248.3264,162.57773,-837.4514,6.6226606,-1.9287066,40.279312
1970-01-01 08:54:04,2385.4092,158.1536,-833.4504,2.0658522,16.152325,41.773758
1970-01-01 08:54:05,2169.2397,155.8239,-732.25006,1.5215803,17.873108,41.736576
1970-01-01 08:54:06,2144.5193,155.38441,-1287.3553,4.08953,7.103612,38.979595
1970-01-01 08:54:07,2256.9626,156.6554,-613.438,4.338204,-13.875144,39.309864
1970-01-01 08:54:08,2182.9727,156.36977,-780.0325,-2.6953945,-17.592955,38.63298
1970-01-01 08:54:09,2034.7811,159.88226,-602.5761,1.9236853,0.8433944,37.235294
1970-01-01 08:54:10,2202.7146,166.9259,-1190.0848,-4.0418954,-3.4147732,37.1198
1970-01-01 08:54:11,2145.7632,161.38673,-465.56955,0.98241025,-2.8121867,36.920467
1970-01-01 08:54:12,2326.2805,160.09268,-640.3608,-0.98730665,5.1280437,36.50377
1970-01-01 08:54:13,2165.7954,167.60986,-627.5616,-1.1610398,8.729253,35.71184
1970-01-01 08:54:14,2082.8555,160.14685,-448.60867,5.723717,2.1241753,33.884056
1970-01-01 08:54:15,2047.5597,156.89107,-885.1867,1.3176838,11.132309,34.32704
1970-01-01 08:54:16,1881.5621,163.4674,-1152.6586,-2.037099,4.477961,34.213547
1970-01-01 08:54:17,1873.0078,155.84843,-978.233,-1.182448,-9.1281805,34.166767
1970-01-01 08:54:18,2097.5876,156.98569,-737.60315,4.0220475,9.561792,33.77821
1970-01-01 08:54:19,2147.7131,158.93742,-254.96605,0.008054901,-15.215479,35.532017
1970-01-01 08:54:20,2041.3387,160.27353,-553.80585,0.13741988,-18.46674,35.435646
1970-01-01 08:54:21,1928.8854,149.8988,-683.33435,5.0382156,-21.53383,35.86184
1970-01-01 08:54:22,1853.4833,153.11603,-779.201,2.8312352,7.4212065,35.16704
1970-01-01 08:54:23,1986.9276,160.38521,-889.12915,4.422776,-15.177258,33.87682
1970-01-01 08:54:24,1875.2345,159.42131,-899.9189,4.0949836,-3.283091,32.8712
1970-01-01 08:54:25,1918.8671,158.62457,-681.7335,5.721401,-1.8188692,31.665493
1970-01-01 08:54:26,1827.8601,160.47382,-839.2057,1.5299699,3.466632,32.413548
1970-01-01 08:54:27,1876.14,157.57639,-1120.1187,2.0379636,-2.8027425,32.162785
1970-01-01 08:54:28,1955.0522,158.1971,-582.19635,6.2148676,-7.2735534,33.77353
1970-01-01 08:54:29,1926.322,158.47522,-859.8391,2.476879,-10.869337,32.991295
1970-01-01 08:54:30,1832.3867,167.70288,-662.51556,4.195797,-0.33617622,32.60334
1970-01-01 08:54:31,1862.2933,160.92752,-643.87274,1.6274115,-15.680951,33.468025
1970-01-01 08:54:32,1803.4404,156.222,-725.80084,-2.1618388,4.820307,33.966393
1970-01-01 08:54:33,1725.0743,166.02689,-697.21454,-5.187028,-11.525296,33.830215
1970-01-01 08:54:34,1764.0071,155.9227,-1026.8324,1.1383313,0.23267461,32.585503
1970-01-01 08:54:35,1696.1708,163.21005,-629.53143,4.2315183,-15.062085,32.833546
1970-01-01 08:54:36,1698.3138,156.11937,-650.2924,-2.3186083,7.5249276,32.896194
1970-01-01 08:54:37,1819.0009,157.82251,-721.3005,2.0476828,13.287733,31.973804
1970-01-01 08:54:38,1660.2339,153.55391,-937.02203,5.1885476,-0.12798582,32.80885
1970-01-01 08:54:39,1821.3417,161.08237,-547.00806,1.7284375,-17.47547,32.467148
1970-01-01 08:54:40,1646.4238,154.32869,-778.1253,-0.6283194,-6.4763594,33.97214
1970-01-01 08:54:41,1506.6783,156.32793,-1297.6515,-2.8012512,-9.95714,35.420467
1970-01-01 08:54:42,1550.2013,159.93924,-782.1915,0.49342275,-2.5862248,35.858612
1970-01-01 08:54:43,1609.4695,157.26118,-949.3037,3.9905744,8.62906,35.996708
1970-01-01 08:54:44,1566.9564,159.70663,-882.501,5.001623,6.472818,35.947968
1970-01-01 08:54:45,1572.0419,158.3122,-724.3005,0.8612851,7.227081,34.41028
1970-01-01 08:54:46,1712.339,152.92117,-1200.9889,2.4507751,11.554097,32.849754
1970-01-01 08:54:47,1565.506,156.05795,-1149.0813,2.2304077,11.500798,33.005646
1970-01-01 08:54:48,1603.6122,160.45448,-781.06976,1.6617064,-5.810194,33.553623
1970-01-01 08:54:49,1426.7865,153.18199,-667.4928,6.640922,-14.187629,34.811344
1970-01-01 08:54:50,1518.9602,155.2701,-868.1881,0.34162444,-5.2969475,35.408283
1970-01-01 08:54:51,1457.8217,157.96057,-1138.8324,4.3559427,13.89808,35.73565
1970-01-01 08:54:52,1534.554,164.27362,-787.1876,-0.77857345,0.359311,34.731503
1970-01-01 08:54:53,1540.4418,163.4132,,-1.6612887,-3.5083315,35.18856
1970-01-01 08:54:54,1620.4948,169.61159,-1271.843,4.162897,23.318115,37.205994
1970-01-01 08:54:55,1404.308,162.93633,-716.6832,-0.57658976,-1.0876449,37.37236
1970-01-01 08:54:56,1393.0547,156.8321,-392.2498,-0.9036366,-5.450746,38.940163
1970-01-01 08:54:57,1486.0177,165.28806,-489.49164,1.1266205,-1.4318899,39.718384
1970-01-01 08:54:58,1563.6251,157.6829,-512.635,-0.3410898,-11.758157,38.379868
1970-01-01 08:54:59,1429.5088,159.5047,-963.43134,0.47029963,3.4402342,38.63043
1970-01-01 08:55:00,1329.9382,161.3305,-911.2077,-0.60126257,6.086,39.917305
1970-01-01 08:55:01,1369.3942,150.3036,-374.44858,4.2588677,4.2687283,39.83136
1970-01-01 08:55:02,1318.051,161.22527,-1291.2347,1.2067292,-1.478198,40.211746
1970-01-01 08:55:03,1220.0873,156.93092,-598.6636,3.4724305,14.915239,40.024338
1970-01-01 08:55:04,1478.7374,153.68951,-350.35333,4.34042,-10.828897,39.58688
1970-01-01 08:55:05,1244.544,158.69655,-808.344,0.5331114,-9.764925,39.986275
1970-01-01 08:55:06,1330.0114,156.31747,-724.8071,-2.8264604,-28.210161,39.46748
1970-01-01 08:55:07,1239.4531,160.81595,-921.6539,1.9168146,-13.7329235,39.8122
1970-01-01 08:55:08,1371.302,162.46498,-1165.7488,-4.2792687,-2.1898713,40.338062
1970-01-01 08:55:09,1332.4878,155.32057,-488.40588,-5.3268986,0.7675545,40.01658
1970-01-01 08:55:10,1166.9385,152.10202,-438.1878,8.1740465,7.529887,37.971764
1970-01-01 08:55:11,1169.5858,165.67181,-959.4634,8.610263,2.4121418,36.415962
1970-01-01 08:55:12,1242.3694,154.1082,-940.3869,-2.6153746,-3.485151,35.485523
1970-01-01 08:55:13,1158.6501,152.90332,-574.8537,1.2253137,-3.9292743,35.49081
1970-01-01 08:55:14,1107.1053,163.2731,,-0.14433673,7.7587576,35.55044
1970-01-01 08:55:15,1225.2855,152.44041,-659.16205,-1.7180427,15.28269,36.04077
1970-01-01 08:55:16,1200.9452,160.27455,-548.7032,-1.0951885,-5.1405525,36.666035
1970-01-01 08:55:17,1198.7499,155.88126,-811.39594,-0.85242754,-13.5134535,36.25412
1970-01-01 08:55:18,1188.5117,155.88522,-853.78107,3.4228268,7.328606,34.818253
1970-01-01 08:55:19,1000.4633,157.19717,-779.4174,0.5012378,-15.796083,34.41014
1970-01-01 08:55:20,1184.2444,162.52654,-992.7301,-0.3260651,-13.208025,34.439613
1970-01-01 08:55:21,989.70416,155.11014,-731.1031,-0.39352652,-0.5351898,34.94564
1970-01-01 08:55:22,1022.5807,161.39195,-799.624,-1.4708778,2.1237125,35.234695
1970-01-01 08:55:23,1052.08,161.24736,-781.4412,2.1236777,6.1107054,34.2746
1970-01-01 08:55:24,1080.4286,158.88568,-1004.71985,3.4248369,-8.769654,34.463406
1970-01-01 08:55:25,903.11475,157.59566,-788.3183,-2.3689268,-11.734842,34.81713
