timestamp,altmsl,ias,vspd,pitch,roll,hdg
1970-01-01 13:53:20,-40.403732,117.39283,1074.121,0.572273,6.2821565,358.3198
1970-01-01 13:53:21,155.3231,131.69235,870.9494,4.026907,-5.594319,358.95764
1970-01-01 13:53:22,-32.72745,119.74818,656.7215,4.9122043,-8.851932,359.90683
1970-01-01 13:53:23,111.07713,119.70014,689.69574,-2.5435443,-8.933376,359.41052
1970-01-01 13:53:24,58.524742,117.469124,727.6534,8.149393,13.889012,359.6238
1970-01-01 13:53:25,127.79365,120.1661,480.76004,5.876375,-5.303265,359.5689
1970-01-01 13:53:26,102.21453,121.72133,773.0457,4.6851153,-2.3711288,359.31525
1970-01-01 13:53:27,46.550274,125.60214,865.233,3.755847,-6.7031612,359.35516
1970-01-01 13:53:28,149.57852,122.83643,1339.7311,5.3717003,4.6080594,1.9718109
1970-01-01 13:53:29,156.54665,121.008736,903.55396,-0.798842,13.845066,2.2128398
1970-01-01 13:53:30,146.81432,122.399414,585.5288,4.220552,-12.335428,2.3020718
1970-01-01 13:53:31,321.00525,119.10644,931.0477,-3.682147,-12.565798,5.1769137
1970-01-01 13:53:32,84.86373,116.553696,696.54407,4.8280973,3.426838,4.2121687
1970-01-01 13:53:33,200.23264,122.62515,781.6484,3.085606,-4.5772185,3.9935043
1970-01-01 13:53:34,287.4978,117.93074,538.97,2.4203172,-2.852604,4.2062573
1970-01-01 13:53:35,101.293495,116.608116,727.745,1.8103693,-3.770687,5.633423
1970-01-01 13:53:36,338.3774,121.08542,505.6328,-0.994814,-2.1507883,4.750022
1970-01-01 13:53:37,443.61066,123.904,779.68823,3.4611378,-11.25042,4.108038
1970-01-01 13:53:38,185.01231,120.151375,1169.6621,-2.125028,-0.24512802,4.114014
1970-01-01 13:53:39,325.2859,120.4133,741.4771,3.1877143,-9.889065,5.6603117
1970-01-01 13:53:40,466.58167,117.53058,890.4021,1.0625926,-3.5466428,5.333129
1970-01-01 13:53:41,267.4524,116.0475,854.9273,2.6469593,5.0811324,5.9753165
1970-01-01 13:53:42,124.6905,117.78885,690.10034,4.654544,-0.051614672,6.851014
1970-01-01 13:53:43,316.529,120.0663,1249.61,0.2781308,-13.026944,7.0175657
1970-01-01 13:53:44,450.61478,124.61521,701.50134,2.9551582,4.464366,6.015877
1970-01-01 13:53:45,506.1511,119.35338,873.79175,4.317877,17.242674,7.446975
1970-01-01 13:53:46,483.30142,130.8008,610.21405,2.5912185,7.945636,7.9091682
1970-01-01 13:53:47,482.00534,111.93938,931.2577,4.961671,-12.3008995,6.865852
1970-01-01 13:53:48,467.2703,122.389854,710.1418,3.590237,-4.537953,6.402359
1970-01-01 13:53:49,554.50714,121.036705,955.8986,9.516996,-3.5684907,6.1732507
1970-01-01 13:53:50,561.00665,116.12288,807.39465,-2.6944168,-2.9636922,7.54541
1970-01-01 13:53:51,359.1522,118.547134,781.38605,1.9367359,-5.735892,8.415526
1970-01-01 13:53:52,633.23596,119.08924,913.8221,-0.7719682,20.581917,8.57627
1970-01-01 13:53:53,629.0963,126.77734,591.46814,1.1361223,6.422512,9.134025
1970-01-01 13:53:54,602.39984,123.326935,846.4883,-4.9011745,-15.257113,9.5618725
1970-01-01 13:53:55,641.0928,119.958206,751.0303,1.2650242,-8.118663,9.781537
1970-01-01 13:53:56,570.05444,124.40899,457.8158,0.87652147,6.60896,11.185682
1970-01-01 13:53:57,537.9372,115.76715,538.8282,0.6595893,1.5777973,11.489757
1970-01-01 13:53:58,784.2744,125.04849,977.6215,-3.3733134,-5.136533,11.408355
1970-01-01 13:53:59,674.9689,119.36054,777.26575,3.6901793,-12.725511,11.388683
1970-01-01 13:54:00,704.8687,124.29885,861.12164,1.7248251,13.958762,12.502009
1970-01-01 13:54:01,707.7189,126.67033,1120.9543,2.1024709,13.741503,14.7207155
1970-01-01 13:54:02,749.85675,122.83053,753.54034,11.069367,4.911511,15.87182
1970-01-01 13:54:03,793.9797,120.51976,728.26,-0.20448801,7.4980254,18.03568
1970-01-01 13:54:04,712.6725,119.94822,1007.88025,-0.7591295,-6.6076937,17.653475
1970-01-01 13:54:05,796.41675,124.56626,859.6231,0.7796747,-2.6286135,16.325386
1970-01-01 13:54:06,852.7582,122.45474,692.83344,10.610203,-16.043718,15.500584
1970-01-01 13:54:07,947.97595,120.85052,869.5477,3.6574857,0.6303258,15.525809
1970-01-01 13:54:08,823.2957,122.16864,790.99554,-3.7955499,11.434938,15.075381
1970-01-01 13:54:09,916.35706,123.0445,1251.1802,1.5587176,-6.83037,14.406313
1970-01-01 13:54:10,864.76843,118.66413,723.9766,2.4171784,7.745267,14.426864
1970-01-01 13:54:11,904.07367,113.303986,863.9266,-1.0462987,-3.7575166,13.06311
1970-01-01 13:54:12,915.2882,119.58644,714.48364,-0.5687241,3.3496993,
1970-01-01 13:54:13,894.70044,121.88932,639.1794,2.533521,3.3329036,11.754631
1970-01-01 13:54:14,1049.841,116.716545,564.62524,5.843939,5.7703686,12.415159
1970-01-01 13:54:15,849.15027,127.25261,1252.0674,-1.2515268,6.926201,13.450048
1970-01-01 13:54:16,1056.9591,129.27988,691.2376,-2.8636484,1.9138175,12.841103
1970-01-01 13:54:17,948.42505,122.096405,710.0574,0.57217735,0.38436103,11.72445
1970-01-01 13:54:18,980.47546,116.01159,597.0718,4.320053,-5.614049,12.110329
1970-01-01 13:54:19,869.09595,119.19987,797.9301,0.6556516,4.0872846,11.098886
1970-01-01 13:54:20,1049.7126,123.43298,1193.8685,4.2766843,27.26898,12.449513
1970-01-01 13:54:21,1223.3717,115.647934,866.68866,1.8129897,-13.851489,13.182295
1970-01-01 13:54:22,1082.7148,117.486755,936.2617,4.618502,7.265299,13.036921
1970-01-01 13:54:23,1044.5112,118.31456,1095.2642,4.020077,-1.2462329,13.261498
1970-01-01 13:54:24,1163.9407,114.11267,648.7167,1.0202491,-15.664669,13.421067
1970-01-01 13:54:25,1169.8105,121.9641,432.93323,-1.3491228,-14.318868,12.2739315
1970-01-01 13:54:26,1139.0951,117.17053,701.5855,-1.5782456,-14.389802,12.746512
1970-01-01 13:54:27,1103.2233,114.44636,677.1681,-0.13794377,-3.877989,14.068395
1970-01-01 13:54:28,1096.8469,122.17714,641.58826,-1.8682699,-2.176513,13.509962
1970-01-01 13:54:29,1230.3829,116.6013,868.17755,7.7588754,-1.8045212,13.8899145
1970-01-01 13:54:30,1097.9979,123.371704,758.2639,-1.4247996,-23.731018,15.448853
1970-01-01 13:54:31,1355.7925,118.17084,855.35205,2.3401067,-21.423153,15.9237585
1970-01-01 13:54:32,,116.49845,1006.61554,-0.0036700687,9.555769,15.764047
1970-01-01 13:54:33,1288.4073,117.77176,705.7586,0.2929352,-20.745699,14.797663
1970-01-01 13:54:34,1344.8561,128.19437,890.4743,4.5128345,-9.582801,15.8808565
1970-01-01 13:54:35,1327.2781,121.71325,756.7831,4.919011,-2.6473672,16.047861
1970-01-01 13:54:36,1265.6355,125.95202,655.9967,2.728217,1.2724812,17.045822
1970-01-01 13:54:37,1358.6201,117.57927,985.978,2.1085348,-4.97275,16.318554
1970-01-01 13:54:38,1269.4988,119.472374,803.2763,-3.9918652,-15.370852,18.60498
1970-01-01 13:54:39,1256.9753,120.86296,785.04266,3.5393274,-8.705396,19.465837
1970-01-01 13:54:40,1452.3763,122.24584,1021.5672,5.6969256,2.2690806,21.969753
1970-01-01 13:54:41,1304.4924,123.66027,976.5847,1.6746674,6.6951547,22.03083
1970-01-01 13:54:42,1476.8223,119.2583,727.9105,6.726158,27.917442,21.518358
1970-01-01 13:54:43,1525.7206,125.072334,721.69403,3.8936532,-1.0606375,22.250648
1970-01-01 13:54:44,1603.5552,120.47587,661.62427,6.716165,-5.402448,23.48688
1970-01-01 13:54:45,1421.8998,121.13451,1067.0769,3.5467498,-11.893791,22.448853
1970-01-01 13:54:46,1528.9602,124.69087,1214.0581,3.8401206,-3.2795577,23.85722
1970-01-01 13:54:47,1489.0221,127.30529,829.3506,3.3352778,5.258019,22.465046
1970-01-01 13:54:48,1577.3195,125.5101,1290.0675,4.6248107,7.2695823,22.397861
1970-01-01 13:54:49,1511.28,126.18643,532.6853,-1.019829,-0.43457907,21.323483
1970-01-01 13:54:50,1628.0173,123.5944,598.94977,-6.052193,3.3667383,20.93352
1970-01-01 13:54:51,1586.8073,122.74239,1096.1757,0.9840678,-1.0361737,20.171137
1970-01-01 13:54:52,1737.0155,112.58699,1104.9824,1.6047338,-7.116992,20.068945
1970-01-01 13:54:53,1558.0486,126.73661,718.35583,1.6412015,-15.3640175,18.654549
1970-01-01 13:54:54,1721.644,124.10907,1157.0797,4.243718,8.558019,18.436491
1970-01-01 13:54:55,1661.5068,120.68943,995.96295,-0.6321693,6.132462,19.23714
1970-01-01 13:54:56,1645.7955,131.36517,833.9731,1.2509322,-9.429254,20.778927
1970-01-01 13:54:57,1685.1731,113.51777,734.3119,-0.8957393,-1.5133356,21.547794
1970-01-01 13:54:58,1748.7196,121.18844,879.1672,1.7930973,-12.148239,21.870678
1970-01-01 13:54:59,1859.8232,126.18981,640.5008,4.9481955,10.168691,19.826918
1970-01-01 13:55:00,1732.6213,123.108536,687.6775,4.310503,9.367429,19.335266
1970-01-01 13:55:01,1696.0631,116.82168,847.4723,0.7188851,10.258404,20.119064
1970-01-01 13:55:02,1806.7428,124.74257,687.474,3.781637,-9.249267,19.90782
1970-01-01 13:55:03,1838.014,122.122856,684.97986,2.018201,-10.6208515,20.452858
1970-01-01 13:55:04,1755.234,124.19733,1024.0884,0.54829836,9.917125,20.691587
1970-01-01 13:55:05,1714.4908,128.46104,1248.9889,2.9056845,2.6804936,23.009361
1970-01-01 13:55:06,1967.3728,121.35692,915.1429,-2.7421842,0.24874835,23.160473
1970-01-01 13:55:07,1817.1982,117.69066,1030.829,-1.6412504,0.7869108,22.524067
1970-01-01 13:55:08,1972.7269,118.09548,852.3676,3.8181057,-1.7745569,23.372961
1970-01-01 13:55:09,1786.3011,131.51077,883.64453,2.8769777,-9.110916,23.436651
1970-01-01 13:55:10,2005.2998,123.73626,824.4657,5.426744,-10.738679,22.552145
1970-01-01 13:55:11,1796.5739,114.75599,803.0558,-5.12998,-14.881135,23.098032
1970-01-01 13:55:12,1960.586,126.55796,677.76117,6.0479736,14.198952,23.366728
1970-01-01 13:55:13,2014.186,117.914085,1176.9346,5.8858004,-6.317933,24.656553
1970-01-01 13:55:14,2035.74,119.48748,958.4053,6.413351,1.295749,23.202356
1970-01-01 13:55:15,1906.6329,122.646675,923.15375,-1.1877595,4.643507,22.56125
1970-01-01 13:55:16,2061.917,116.98141,794.47015,5.4665513,16.242579,22.793324
1970-01-01 13:55:17,2075.964,118.25229,850.5051,8.269207,11.03201,22.911427
1970-01-01 13:55:18,2084.4067,119.23864,396.14328,4.3546705,-3.43841,22.274828
1970-01-01 13:55:19,2068.3445,129.01022,906.4042,-1.1440431,-15.867302,21.786247
1970-01-01 13:55:20,2049.351,119.78466,850.33044,0.63455856,3.2352045,22.094093
1970-01-01 13:55:21,2109.745,122.88574,412.73657,0.89346486,-0.62131804,20.523726
1970-01-01 13:55:22,2214.0427,117.03344,543.88007,1.1213298,3.486403,19.713724
1970-01-01 13:55:23,2287.2559,,841.3158,4.477583,-3.946495,18.832104
1970-01-01 13:55:24,2145.9229,117.45365,945.31757,9.072987,11.957981,17.884083
1970-01-01 13:55:25,2254.1887,120.756035,669.1336,0.92069465,0.527045,16.133902
1970-01-01 13:55:26,2205.664,121.186386,702.8911,0.18851164,-4.2023563,15.841656
1970-01-01 13:55:27,2292.1404,124.45772,809.7008,3.9215307,16.20523,16.12458
1970-01-01 13:55:28,2222.9155,121.61952,623.1691,-1.6360887,-5.098737,16.276844
1970-01-01 13:55:29,2286.795,121.84419,749.3089,3.693279,-18.356941,15.296412
1970-01-01 13:55:30,2355.0757,119.50344,662.6234,-3.4854512,10.6162,14.764643
1970-01-01 13:55:31,2324.1062,121.58596,977.2222,2.4254582,7.2833524,12.953557
1970-01-01 13:55:32,2317.969,117.854996,641.1995,5.510108,-6.194492,11.7589245
1970-01-01 13:55:33,2285.7463,122.48243,656.63477,0.49781632,1.85451,10.6638365
1970-01-01 13:55:34,2285.8906,124.10598,557.46277,5.5309315,12.764898,12.18271
1970-01-01 13:55:35,2377.331,122.15963,905.19653,4.1899576,-8.803628,11.174197
1970-01-01 13:55:36,2327.3232,118.37934,605.36945,6.0829773,-3.2221828,12.64659
1970-01-01 13:55:37,2376.918,123.18236,932.34973,6.522519,17.587254,13.448242
1970-01-01 13:55:38,2326.4314,123.709724,575.06555,6.948851,-1.9105328,11.658555
1970-01-01 13:55:39,2349.4531,120.91453,820.219,-3.7420967,1.750686,10.92801
1970-01-01 13:55:40,2500.147,121.03655,620.5546,3.2765665,6.762489,11.631773
1970-01-01 13:55:41,2440.5864,121.84279,908.81793,4.0472875,-11.616525,
1970-01-01 13:55:42,2516.2341,125.92069,942.0977,,-1.1801813,11.2516165
1970-01-01 13:55:43,2378.031,124.4189,634.939,-1.0551885,-1.5586782,11.817309
1970-01-01 13:55:44,2511.9187,117.27337,820.16583,5.330293,1.312692,13.17925
1970-01-01 13:55:45,2510.0415,122.328926,677.98254,7.1407676,1.5519308,14.492209
1970-01-01 13:55:46,2512.9636,122.16435,783.7706,-1.7129135,-10.619765,14.356702
1970-01-01 13:55:47,2617.5347,125.03546,1070.2396,7.526863,0.05492053,14.573612
1970-01-01 13:55:48,2635.2585,116.34594,839.8797,0.2064951,-8.492416,14.202427
1970-01-01 13:55:49,2643.2522,120.84167,473.53336,2.2665257,-0.8023956,14.350827
1970-01-01 13:55:50,2617.9106,123.20265,739.84314,6.241398,-7.0217586,13.497123
1970-01-01 13:55:51,2616.4478,120.631424,787.0548,0.32585293,-0.073873565,11.925609
1970-01-01 13:55:52,2719.4119,125.71554,750.524,5.3188815,4.5923986,12.487649
1970-01-01 13:55:53,2682.916,118.737274,743.791,2.1378806,-0.55852354,12.691783
1970-01-01 13:55:54,2639.3245,119.68112,527.72754,-1.1612982,-8.55224,10.670973
1970-01-01 13:55:55,2688.7458,114.92938,931.6108,0.9207104,-2.316414,11.818861
1970-01-01 13:55:56,2662.6382,120.175644,953.5451,4.7073193,17.566612,13.261352
1970-01-01 13:55:57,2816.3496,123.7934,1165.4423,5.1239386,-2.497852,12.99791
1970-01-01 13:55:58,2863.469,122.98906,907.80646,-0.6945006,-7.4286475,12.949188
1970-01-01 13:55:59,2790.994,119.39118,761.6934,2.319395,8.585465,11.084364
1970-01-01 13:56:00,2691.7239,122.658585,500.12598,1.1610249,1.9311936,11.139024
1970-01-01 13:56:01,2852.1604,113.5049,899.65155,-0.26995263,8.05692,9.313696
1970-01-01 13:56:02,2923.3325,120.65113,465.44012,0.45973837,6.5729585,8.9517355
1970-01-01 13:56:03,2814.806,121.62729,841.9676,5.966872,9.348105,9.206372
1970-01-01 13:56:04,2948.6975,122.23865,1037.9645,3.9963212,7.4591303,9.334276
1970-01-01 13:56:05,2950.8801,115.354706,751.86536,0.6118244,-15.793656,7.6071653
1970-01-01 13:56:06,2831.9807,119.279465,1217.6863,1.1594568,5.191036,6.87736
1970-01-01 13:56:07,2942.0537,117.2123,923.1704,6.142706,-7.50982,7.718945
1970-01-01 13:56:08,2938.3745,118.36003,1028.3015,-4.4176655,4.264877,8.108844
1970-01-01 13:56:09,2878.811,114.7836,619.87646,-0.62101907,-9.016582,7.1244864
1970-01-01 13:56:10,2956.6758,114.29252,574.8551,-0.805788,10.6916,6.6017694
1970-01-01 13:56:11,2902.9263,118.21606,740.4089,2.3812642,3.5173733,7.131192
1970-01-01 13:56:12,3002.3687,125.51024,998.53656,0.26496124,14.595752,8.414971
1970-01-01 13:56:13,3068.925,124.53345,870.42334,-1.25298,-4.580197,8.918277
1970-01-01 13:56:14,3156.9033,115.24998,525.8723,3.4317577,3.1506395,8.018008
1970-01-01 13:56:15,3013.419,124.05871,498.11404,-2.9250777,0.32334867,8.253363
1970-01-01 13:56:16,3264.1638,124.13289,1049.9138,2.9977252,-2.0685694,8.360772
1970-01-01 13:56:17,3109.4187,112.2174,412.8287,2.286531,-6.5389323,9.583004
1970-01-01 13:56:18,3114.5962,125.44372,1094.5188,5.2747827,14.438947,10.573185
1970-01-01 13:56:19,3295.5476,111.93058,729.1647,5.2577777,-1.6641196,11.280053
1970-01-01 13:56:20,3140.2078,115.43952,950.859,1.0511543,3.109706,11.710364
1970-01-01 13:56:21,3166.841,127.99799,859.11505,1.7750753,-5.5486135,11.798696
1970-01-01 13:56:22,3253.0967,124.97453,1141.9823,-0.18549083,-7.105833,10.436465
1970-01-01 13:56:23,3207.4504,119.884384,980.6817,1.8714997,3.9451814,10.134653
1970-01-01 13:56:24,3108.3528,120.06204,748.9255,7.851313,-4.2110033,9.73438
1970-01-01 13:56:25,3087.2427,128.17413,947.0205,3.8368766,-25.787416,8.954629
1970-01-01 13:56:26,3432.5667,123.77681,626.9644,3.8519926,-2.5050867,8.670976
1970-01-01 13:56:27,3367.0708,128.44388,810.21497,3.9741206,0.08940262,9.271539
1970-01-01 13:56:28,3318.279,127.716736,872.6736,-0.43063277,-0.9414907,7.513338
1970-01-01 13:56:29,3204.676,120.57671,835.45557,4.8787727,-1.7706279,8.747958
1970-01-01 13:56:30,3142.902,121.93768,866.26764,2.1422637,-4.727233,8.967503
1970-01-01 13:56:31,3465.4841,113.28971,819.3756,-0.20229732,3.9465406,8.143098
1970-01-01 13:56:32,3317.651,114.28799,741.0073,7.3971643,-13.973038,8.039526
1970-01-01 13:56:33,3524.9531,116.93836,1006.69836,1.8558195,-17.209692,7.754869
1970-01-01 13:56:34,3398.9075,121.53139,922.09247,1.0670195,-19.922894,8.421811
1970-01-01 13:56:35,3435.2827,125.30453,999.6118,,4.43192,7.1010733
1970-01-01 13:56:36,3477.0776,126.630066,866.9913,2.5464315,12.009926,7.081045
1970-01-01 13:56:37,3551.1821,115.874245,1125.7003,3.5221715,-9.340287,6.7222385
1970-01-01 13:56:38,3512.6814,127.09432,1026.9622,0.042273883,-3.0174856,6.1326265
1970-01-01 13:56:39,3494.1318,113.25365,647.6306,2.608758,-9.332463,5.6250505
1970-01-01 13:56:40,3552.541,127.484,690.7841,-2.2611086,-4.555235,7.035045
1970-01-01 13:56:41,3484.7256,119.21416,737.08405,3.7341294,10.501054,7.34203
1970-01-01 13:56:42,3460.8665,116.00529,546.9857,-0.9961213,-9.675401,7.2158937
1970-01-01 13:56:43,3370.7297,120.309135,839.4258,1.7700679,8.668657,5.9647756
1970-01-01 13:56:44,3487.6777,126.353836,835.69464,3.5565867,22.687876,5.3486958
1970-01-01 13:56:45,3637.2766,121.02203,582.3312,3.3986433,26.201569,5.2487392
1970-01-01 13:56:46,3665.9495,121.80134,765.49976,-0.7508028,16.151731,4.503659
1970-01-01 13:56:47,3597.9014,126.78512,604.81134,-0.9837745,-19.052692,5.5351343
1970-01-01 13:56:48,3658.8093,121.006676,765.0464,1.0881184,-5.7224813,4.9671183
1970-01-01 13:56:49,3731.0916,121.78601,931.4796,-3.3289783,2.3627403,3.5011723
1970-01-01 13:56:50,3744.6582,125.22122,868.0766,-1.8858236,3.8543255,2.687563
1970-01-01 13:56:51,3595.1077,124.17567,926.7653,3.1883373,-1.6447465,2.319874
1970-01-01 13:56:52,3697.6626,117.733795,1194.4758,-5.2304854,1.0055306,3.3869722
1970-01-01 13:56:53,3772.0657,118.79313,840.1143,2.528774,5.0741496,2.7179923
1970-01-01 13:56:54,3755.819,116.77098,684.2334,5.720446,-9.735778,2.4060693
1970-01-01 13:56:55,3662.0708,127.21216,778.61127,3.6745865,-2.0026612,2.818653
1970-01-01 13:56:56,3841.3848,118.45603,725.57587,2.5114727,-0.33120054,4.0253396
1970-01-01 13:56:57,3820.1477,123.54487,772.622,2.177592,2.7034273,4.3708196
1970-01-01 13:56:58,3740.0593,122.892555,1055.3433,-1.7576029,7.508493,5.11727
1970-01-01 13:56:59,3950.8218,118.2774,604.15454,7.036688,-0.94150084,5.072885
1970-01-01 13:57:00,3805.6794,124.29812,774.1811,3.3717563,12.988419,5.35887
1970-01-01 13:57:01,3905.7043,121.177895,905.42346,0.8595026,3.019688,6.0712414
1970-01-01 13:57:02,3786.2195,130.23657,924.4166,3.908175,7.4303575,7.516468
1970-01-01 13:57:03,4097.615,125.5225,871.6136,-0.07737698,-0.14470172,6.751024
1970-01-01 13:57:04,3940.9702,126.097466,803.2263,2.4740548,-2.1368277,7.346091
1970-01-01 13:57:05,4026.5103,122.81579,1243.5885,3.9254363,-20.9571,6.311138
1970-01-01 13:57:06,3907.8618,120.602875,1171.0244,1.6234262,26.182184,6.4507227
1970-01-01 13:57:07,3986.5117,122.20085,957.4222,-1.5350595,-12.614585,5.9719543
1970-01-01 13:57:08,3947.7922,130.66148,859.7562,3.3400757,-1.5156177,4.764432
1970-01-01 13:57:09,3946.3828,119.88942,723.4725,-0.49987715,9.140339,4.7237
1970-01-01 13:57:10,4125.441,120.92219,840.57263,5.689265,6.701458,3.1088185
1970-01-01 13:57:11,4034.1567,122.1668,561.00287,3.861634,5.9795904,1.5034859
1970-01-01 13:57:12,3954.4775,121.46855,754.82477,2.8928378,-10.112439,1.6097519
1970-01-01 13:57:13,4080.0652,122.529205,910.1143,3.7050583,2.389325,0.5579478
1970-01-01 13:57:14,4069.4875,116.75419,604.7716,-0.91980445,34.054348,0.22344452
1970-01-01 13:57:15,4063.2444,118.421974,740.1963,8.266874,-27.136677,358.18048
1970-01-01 13:57:16,4034.176,120.69407,724.05304,1.325347,-1.5426092,357.5773
1970-01-01 13:57:17,4162.9,124.01304,770.4679,-0.6786352,3.8678591,356.67255
1970-01-01 13:57:18,4031.8481,127.44013,764.0556,0.1910972,-8.437276,357.20694
1970-01-01 13:57:19,4202.362,119.89183,1054.4008,4.988965,2.3161404,356.75226
1970-01-01 13:57:20,4224.8765,123.21419,430.7391,2.172685,18.61528,355.9796
1970-01-01 13:57:21,4240.507,127.42179,929.11383,0.42100573,-5.5265255,354.4117
1970-01-01 13:57:22,4265.2,118.50168,629.8363,-3.0496843,5.1967607,355.02094
1970-01-01 13:57:23,4308.9844,115.49071,722.2962,-1.8678813,-11.955018,356.04498
1970-01-01 13:57:24,4271.3223,123.3883,925.5777,2.0998948,16.370726,357.71265
1970-01-01 13:57:25,4340.8594,120.18446,960.725,-0.6383749,27.271381,357.48987
1970-01-01 13:57:26,4364.7964,128.82716,663.7696,-2.689367,-7.357825,357.95334
1970-01-01 13:57:27,4291.479,125.14028,955.1115,-1.9642165,-15.295488,359.40244
1970-01-01 13:57:28,4161.0156,118.05623,930.3192,,-1.7919898,358.82877
1970-01-01 13:57:29,4319.878,123.61239,751.6137,1.6302127,3.8355074,0.048254523
1970-01-01 13:57:30,4343.3276,115.53175,881.3184,6.484111,-4.836921,358.32144
1970-01-01 13:57:31,4449.3193,122.70775,841.9298,8.354062,-2.5880668,358.47815
1970-01-01 13:57:32,4483.873,121.670044,1010.33734,1.8215276,-5.1736197,357.87915
1970-01-01 13:57:33,4454.4697,118.44291,1113.5438,2.5150733,-7.9526234,358.64395
1970-01-01 13:57:34,4418.4697,122.98789,813.1099,4.5129776,4.4603543,358.88507
1970-01-01 13:57:35,4525.225,121.752884,937.5033,3.3722613,4.762401,358.47922
1970-01-01 13:57:36,4448.3335,116.411125,839.0591,2.0173225,-10.781522,0.4166356
1970-01-01 13:57:37,4581.78,118.871956,659.12616,5.17112,-5.267316,1.7053641
1970-01-01 13:57:38,4466.533,122.6797,794.3882,6.0137405,-12.367024,2.7134445
1970-01-01 13:57:39,4639.7686,120.1388,480.31372,-1.5030733,-20.72027,1.1000676
1970-01-01 13:57:40,4494.7046,120.06834,796.9232,1.384879,13.85657,357.74167
1970-01-01 13:57:41,4541.1763,123.86449,754.51514,-1.7281477,6.939273,357.17947
1970-01-01 13:57:42,4615.3306,121.56655,1026.4299,-0.48772362,5.742348,356.6734
1970-01-01 13:57:43,4723.1426,123.003716,512.64575,4.147767,-2.1887593,356.37482
1970-01-01 13:57:44,4697.1987,123.90063,832.6308,5.630698,2.4513886,356.60095
1970-01-01 13:57:45,4715.4727,122.129875,910.666,2.9472988,-22.541092,0.22883628
1970-01-01 13:57:46,4687.012,116.28057,753.2218,7.8712287,6.8082714,358.7793
1970-01-01 13:57:47,4623.753,123.0252,915.91284,5.8514752,-5.967883,0.1124336
1970-01-01 13:57:48,4766.385,123.82726,390.97525,0.7756423,-18.15589,359.4661
1970-01-01 13:57:49,4758.686,117.829865,452.6797,-0.08944709,7.7808666,0.13402417
1970-01-01 13:57:50,4684.9717,115.53401,661.94165,2.8999343,-10.335781,1.4382493
1970-01-01 13:57:51,4781.2793,124.66231,799.7635,6.148931,-7.5527554,0.7335826
1970-01-01 13:57:52,4830.9556,124.268936,928.8146,5.7194953,11.4065275,1.0773748
1970-01-01 13:57:53,4863.95,123.880806,696.21155,-0.5372093,18.65947,1.1043613
1970-01-01 13:57:54,4848.481,123.5948,752.18463,2.8515408,6.1311445,2.468685
1970-01-01 13:57:55,4851.4463,126.4293,528.62463,1.7052666,-6.675152,2.3664787
1970-01-01 13:57:56,4688.527,121.07078,710.64264,0.2552914,-7.166034,2.0730839
1970-01-01 13:57:57,4873.483,119.47526,775.1855,-3.3697338,8.089794,0.8668006
1970-01-01 13:57:58,4883.492,124.41959,607.8036,7.6793914,0.5706055,1.7311635
1970-01-01 13:57:59,4910.5195,132.74318,492.11014,5.489463,2.5397081,0.40336162
1970-01-01 13:58:00,4887.3296,118.5478,1186.5222,0.7293115,0.9170524,0.35179782
1970-01-01 13:58:01,4912.353,117.32815,846.8743,3.3499599,-18.95421,0.8291319
1970-01-01 13:58:02,4958.8804,125.38537,761.94855,2.6369278,-7.7451277,1.2117962
1970-01-01 13:58:03,4766.7744,123.17493,477.5638,4.2633505,17.937944,2.2136977
1970-01-01 13:58:04,4944.477,113.32443,878.8788,7.5017524,2.1182811,0.9159888
1970-01-01 13:58:05,4954.765,128.65701,838.31085,7.675303,-8.488935,2.8793929
1970-01-01 13:58:06,5048.776,125.12237,1028.5878,-1.2437162,9.375576,2.0251274
1970-01-01 13:58:07,4961.739,124.59039,1055.489,2.4061565,-1.5928613,3.5587304
1970-01-01 13:58:08,5158.223,120.84334,903.81323,1.5982685,-4.3064675,4.4193525
1970-01-01 13:58:09,5094.629,120.73023,714.9308,5.227639,-5.6791925,5.1928077
1970-01-01 13:58:10,5190.1724,129.80515,397.71628,4.8756046,7.10936,6.8371367
1970-01-01 13:58:11,5077.4116,125.177124,1143.6833,7.226471,11.786846,6.495324
1970-01-01 13:58:12,5021.8984,122.47435,759.7491,-0.680819,-18.81044,7.021411
1970-01-01 13:58:13,5108.2236,121.56888,646.957,-1.2467042,5.921144,7.7012577
1970-01-01 13:58:14,5302.473,118.79528,951.5077,1.7620602,-16.001688,9.79057
1970-01-01 13:58:15,5238.6685,127.24799,1005.3949,5.53288,-2.2725325,9.851347
1970-01-01 13:58:16,5082.932,119.5346,428.99924,-2.000579,8.64065,9.927402
1970-01-01 13:58:17,5239.447,118.631905,704.6329,0.9732454,-3.1640315,10.27848
1970-01-01 13:58:18,5282.2246,120.888,584.2766,0.08789708,0.5093965,9.31512
1970-01-01 13:58:19,5199.4717,123.26875,865.79285,5.646078,-5.4770074,9.274751
1970-01-01 13:58:20,5117.8687,121.43222,986.9932,-1.1189684,-4.391865,10.080839
1970-01-01 13:58:21,5413.194,128.70062,491.76053,5.7587714,-3.4206958,9.937856
1970-01-01 13:58:22,5202.7935,123.665764,619.74774,1.2722206,4.9428153,10.38102
1970-01-01 13:58:23,5458.864,129.26108,812.8658,-0.7956803,-1.9073615,10.110521
1970-01-01 13:58:24,5408.073,118.30468,1095.98,1.454579,22.322954,9.38905
1970-01-01 13:58:25,5253.199,127.408875,1098.1727,3.31673,15.6690235,7.34261
1970-01-01 13:58:26,5432.747,120.10928,595.61444,2.0619307,-15.754061,8.24826
1970-01-01 13:58:27,5394.883,123.6226,549.5211,-0.50785923,-4.430062,8.17461
1970-01-01 13:58:28,5418.278,121.55728,901.655,-4.4185104,10.784159,7.770357
1970-01-01 13:58:29,5326.8125,123.50303,476.2131,-2.4873023,4.5339723,9.493148
1970-01-01 13:58:30,5371.3857,125.22416,1329.0625,-2.6000848,11.790465,9.126456
1970-01-01 13:58:31,5392.2656,130.25926,726.6856,1.6043695,10.670527,11.130863
1970-01-01 13:58:32,5576.767,129.49094,711.5137,4.473587,-13.268326,10.354295
1970-01-01 13:58:33,5302.558,118.6313,829.72894,-1.0966336,3.3600085,10.283415
1970-01-01 13:58:34,5461.2783,127.32254,814.5525,-0.10356846,-0.88130236,10.764872
1970-01-01 13:58:35,5565.2173,119.60557,952.7778,0.085597605,-9.054186,11.567547
1970-01-01 13:58:36,5560.618,118.658424,731.90295,9.842552,-6.6436934,9.987673
1970-01-01 13:58:37,5542.413,120.3811,686.0195,0.44712722,-7.3253565,9.849262
1970-01-01 13:58:38,5492.7466,123.12193,916.94446,3.8731596,-6.382494,10.904768
1970-01-01 13:58:39,5495.296,127.450386,617.1155,-1.3770881,-3.4192996,11.124718
1970-01-01 13:58:40,5491.3403,124.8725,508.23358,-3.196385,-12.2537155,9.737388
1970-01-01 13:58:41,5547.101,119.19313,575.7426,5.1953716,-5.0316772,10.087172
1970-01-01 13:58:42,5565.7666,124.53653,877.43286,2.0617714,,10.895008
1970-01-01 13:58:43,5712.6284,123.27505,1106.7777,9.466476,-4.435282,8.896484
1970-01-01 13:58:44,5764.3184,127.37206,704.3765,6.0972824,-5.3167276,8.302402
1970-01-01 13:58:45,5700.6343,125.8432,718.3666,5.0998497,2.427236,7.714799
1970-01-01 13:58:46,5762.0317,124.1689,888.02844,-1.6396188,-5.6435285,6.124379
1970-01-01 13:58:47,5534.822,115.93396,508.99622,-3.4153383,-11.374781,7.126168
1970-01-01 13:58:48,5913.7573,125.409195,628.9925,-5.1431837,-1.8583229,6.8944106
1970-01-01 13:58:49,5772.897,127.897064,745.3273,1.5928155,0.29850066,9.668169
1970-01-01 13:58:50,5685.2812,116.46125,366.78137,3.6049666,21.869852,9.732494
1970-01-01 13:58:51,5772.48,122.54167,973.1441,2.2312534,-11.151644,9.767533
1970-01-01 13:58:52,5748.762,125.61397,523.49646,10.05091,-2.7304895,9.886556
1970-01-01 13:58:53,6012.204,117.18616,952.8049,7.410365,-2.6181843,7.790422
1970-01-01 13:58:54,5845.822,121.10733,617.89417,3.027278,-11.751188,8.823925
1970-01-01 13:58:55,5878.077,115.362595,764.8981,-0.87885344,14.788152,8.710835
1970-01-01 13:58:56,5767.222,118.08318,755.3651,0.9425408,-1.6654994,8.298994
1970-01-01 13:58:57,5834.604,122.26081,796.9786,2.284126,17.20529,8.752814
1970-01-01 13:58:58,5864.8843,113.13487,911.9478,4.4021187,2.3534229,8.87962
1970-01-01 13:58:59,5670.178,120.691536,1049.4641,5.1007466,1.3179512,8.654462
1970-01-01 13:59:00,6007.833,118.51152,1055.2678,3.9883864,-0.3087486,8.182832
1970-01-01 13:59:01,5886.913,122.2242,814.0251,-3.720992,-7.7467203,7.8045855
1970-01-01 13:59:02,5973.8643,121.06201,521.28143,3.513558,-11.6972065,7.3788133
1970-01-01 13:59:03,5995.408,124.92125,755.85315,3.7950113,-3.3866475,9.4884405
1970-01-01 13:59:04,5995.586,120.415436,764.6719,4.33115,-14.794052,10.491629
1970-01-01 13:59:05,6044.026,118.01796,894.5935,2.052837,5.430051,9.402303
1970-01-01 13:59:06,6042.291,122.17015,746.7418,6.6348863,3.790001,8.84709
1970-01-01 13:59:07,5899.0425,124.19828,710.9205,-0.65630925,-4.1864605,9.496501
1970-01-01 13:59:08,6132.328,126.0575,1241.9054,0.8559447,11.847137,8.987632
1970-01-01 13:59:09,6008.9277,,806.26666,2.8492706,8.204855,8.2015915
1970-01-01 13:59:10,6088.748,122.527115,556.9759,2.322728,19.906765,9.111803
1970-01-01 13:59:11,6294.14,124.05775,919.0816,-0.24349487,-23.715136,8.217795
1970-01-01 13:59:12,6106.6724,128.48581,863.73096,4.584016,-1.1648498,9.167139
1970-01-01 13:59:13,6165.1436,127.15731,610.68384,-2.359508,4.401403,8.936687
1970-01-01 13:59:14,6194.173,122.02858,1004.694,2.1789415,14.582048,8.717592
1970-01-01 13:59:15,6221.7188,119.03613,917.02026,-0.09607865,6.9581428,9.129231
1970-01-01 13:59:16,6172.045,120.13678,599.4257,2.834038,0.379309,10.892973
1970-01-01 13:59:17,6213.8115,125.61672,470.52466,-0.030320877,-3.721603,8.415199
1970-01-01 13:59:18,6279.68,124.72522,433.9622,3.3384802,9.077677,7.700674
1970-01-01 13:59:19,6179.7393,118.92972,908.4707,-0.3915744,2.7534506,8.573109
1970-01-01 13:59:20,6448.7305,125.65705,461.3594,2.3176875,17.763271,9.368422
1970-01-01 13:59:21,6393.6807,125.791885,931.3384,-6.0380564,2.713499,10.855714
1970-01-01 13:59:22,6264.477,126.7878,712.25916,5.3049917,5.3626943,9.223537
1970-01-01 13:59:23,6267.0005,122.45597,777.2798,0.7180937,1.6004267,8.275003
1970-01-01 13:59:24,6431.315,126.482574,406.88123,-0.117308915,-8.10478,8.4655075
1970-01-01 13:59:25,6536.03,129.11052,536.7695,0.37885526,1.6404024,9.503694
1970-01-01 13:59:26,6464.994,116.79241,788.5068,1.4444877,-6.49712,10.633928
1970-01-01 13:59:27,6392.0225,124.01258,863.94293,5.436756,4.603884,9.819734
1970-01-01 13:59:28,6541.1577,122.86246,419.4159,1.7505077,0.4021697,9.928516
1970-01-01 13:59:29,6331.0,126.47662,659.4766,2.1914866,7.2449164,9.651117
1970-01-01 13:59:30,6606.2812,128.57968,936.7242,3.0170074,12.007822,10.447574
1970-01-01 13:59:31,6533.9927,117.57163,789.60754,-1.0746257,-9.485056,10.919466
1970-01-01 13:59:32,6382.3433,118.96859,460.29193,0.14526787,-6.3118176,10.635868
1970-01-01 13:59:33,6517.623,125.27981,548.90094,3.1469471,5.5430574,10.379058
1970-01-01 13:59:34,6566.1343,120.8686,1011.74866,2.9433887,-5.6647067,10.091136
1970-01-01 13:59:35,6561.8994,120.85888,741.4973,2.896351,4.015985,12.06881
1970-01-01 13:59:36,6626.309,124.78948,601.3671,2.6039567,-2.5160482,13.305702
1970-01-01 13:59:37,6578.441,124.26524,410.19308,4.2973785,-5.094858,13.684997
1970-01-01 13:59:38,6399.55,122.37284,348.90402,2.910307,-0.6074961,12.513303
1970-01-01 13:59:39,6861.986,120.28578,1136.7506,2.4948182,11.955546,12.107866
1970-01-01 13:59:40,6589.0166,121.84482,855.1398,0.96320695,-2.7929006,11.963488
1970-01-01 13:59:41,6687.0586,119.23826,778.7754,2.5601032,13.730088,11.924451
1970-01-01 13:59:42,6581.2227,124.25023,829.0656,6.8880243,-8.606451,8.546828
1970-01-01 13:59:43,6707.385,119.75678,363.3643,2.9529011,0.06568713,7.5354843
1970-01-01 13:59:44,6765.521,125.68201,835.6414,,-3.815935,7.899849
1970-01-01 13:59:45,6826.5117,126.632965,510.2656,5.286176,-5.5610657,9.367548
1970-01-01 13:59:46,6679.9478,118.44902,824.292,5.3130555,-2.214047,8.824595
1970-01-01 13:59:47,6859.9595,124.82522,606.3728,0.07448954,-16.571793,7.5396953
1970-01-01 13:59:48,6908.5933,131.39574,803.0882,3.718051,15.160538,6.0560007
1970-01-01 13:59:49,6792.1543,125.43104,617.3857,1.8534064,6.675423,6.531001
1970-01-01 13:59:50,6882.079,123.019585,593.3997,6.3167496,2.8742862,7.31188
1970-01-01 13:59:51,6833.9375,120.89751,600.2862,1.1596341,16.734882,6.1872993
1970-01-01 13:59:52,6933.3447,124.02398,912.2467,5.5047626,3.0353334,6.728899
1970-01-01 13:59:53,6903.5386,128.41202,957.52246,-2.4181426,-6.103894,5.624949
1970-01-01 13:59:54,7034.5703,122.25984,632.33136,2.5446472,2.806776,5.787474
1970-01-01 13:59:55,6944.6465,124.37074,848.77094,1.7887948,-12.00562,4.8938117
1970-01-01 13:59:56,7045.2925,121.218475,531.0009,4.3950095,0.82909065,4.349195
1970-01-01 13:59:57,7027.6226,129.8255,704.8454,-0.5704201,-9.7757845,4.215504
1970-01-01 13:59:58,6926.485,132.02916,920.48016,-1.057078,-11.250517,5.3918824
1970-01-01 13:59:59,6878.59,124.9327,726.36566,4.7152257,26.242044,5.4026523
1970-01-01 14:00:00,7020.076,121.601814,763.0314,0.20723958,-7.4693623,5.325171
1970-01-01 14:00:01,6993.922,115.0357,738.31036,-1.3049748,0.89723605,3.6741548
1970-01-01 14:00:02,7051.461,117.14782,844.0526,1.4164858,17.8784,3.9538894
1970-01-01 14:00:03,7228.9326,120.731285,1031.4541,10.598556,0.058695324,4.3157573
1970-01-01 14:00:04,6916.8623,119.648094,724.48914,2.6481855,4.894572,2.7284753
1970-01-01 14:00:05,7170.9067,120.65081,1097.6556,1.2712969,3.5423498,2.1587768
1970-01-01 14:00:06,7146.8027,121.25217,1138.4404,-0.56821954,3.5297146,1.4666439
1970-01-01 14:00:07,7239.3228,125.30905,987.8126,-1.263789,2.299569,0.41640526
1970-01-01 14:00:08,7155.8247,123.62883,931.9697,1.1228935,5.1261244,0.21039473
1970-01-01 14:00:09,7177.0015,126.40504,620.09827,5.563598,16.482262,1.5384455
1970-01-01 14:00:10,7111.1123,125.055046,705.37854,-0.1952864,-4.301885,1.3351315
1970-01-01 14:00:11,7141.007,119.52801,531.0248,0.18351735,-4.6127872,1.7374085
1970-01-01 14:00:12,7236.321,124.60991,755.8427,2.9662993,-0.19316794,1.4623384
1970-01-01 14:00:13,7185.4795,125.87433,627.48065,4.217829,-9.324815,0.39991456
1970-01-01 14:00:14,7335.228,127.337296,600.1821,0.6768422,-1.9167923,0.00988588
1970-01-01 14:00:15,7345.4014,119.39259,790.63434,-0.41842675,-13.231539,0.7363048
1970-01-01 14:00:16,7248.8066,121.25189,865.1192,-4.9621925,8.607277,1.5335032
1970-01-01 14:00:17,7304.0264,117.52401,996.40857,0.7733351,-1.8034942,2.8378606
1970-01-01 14:00:18,7444.2964,129.81439,1171.0344,1.3202606,3.6620018,2.1116743
1970-01-01 14:00:19,7399.845,130.01549,869.42126,-3.2975678,13.538384,3.3787649
1970-01-01 14:00:20,7348.46,119.79684,1108.705,1.0887593,18.124994,3.373888
1970-01-01 14:00:21,7458.883,122.09682,888.1739,-1.6158378,6.274132,4.3442736
1970-01-01 14:00:22,7359.357,124.96733,516.05194,0.59745544,-3.883807,3.4641924
1970-01-01 14:00:23,7362.366,113.68924,753.58795,2.1422098,6.396652,4.94741
1970-01-01 14:00:24,7510.944,123.05227,552.50964,-1.0345705,-18.796843,5.3577013
1970-01-01 14:00:25,7443.1636,121.45951,697.6329,-1.2558006,-0.56868917,4.9072094
1970-01-01 14:00:26,7613.4214,116.46004,705.555,-0.37422994,2.891455,3.939164
1970-01-01 14:00:27,7421.797,121.46517,782.89307,0.778459,6.0694456,4.8197613
1970-01-01 14:00:28,7521.6943,122.21712,620.6177,1.704882,16.218603,3.808087
1970-01-01 14:00:29,7610.407,126.98662,347.61826,-1.1035968,-31.798006,4.4928813
1970-01-01 14:00:30,7488.8755,120.581024,947.34033,3.6250837,-5.515396,4.0660067
1970-01-01 14:00:31,7817.271,117.35008,947.22925,1.7504379,-10.582279,4.350352
1970-01-01 14:00:32,7572.682,129.16655,1361.9728,-2.7972672,4.819138,3.047255
1970-01-01 14:00:33,7594.4224,120.78712,901.46185,2.5554686,4.867413,3.2831817
1970-01-01 14:00:34,7709.6963,129.34946,673.09937,1.8697505,-11.315834,1.7384088
1970-01-01 14:00:35,7693.2075,119.72938,1001.646,1.2087389,7.4900875,0.4403185
1970-01-01 14:00:36,7705.442,128.7322,1090.5057,-0.15646185,5.73572,0.11682312
1970-01-01 14:00:37,7630.383,123.47232,872.58417,1.6985643,3.1898391,0.88490427
1970-01-01 14:00:38,7622.066,126.41236,645.30035,5.622914,-2.821094,0.49617505
1970-01-01 14:00:39,7774.0674,124.19812,1030.2313,2.239775,3.335129,0.39231816
1970-01-01 14:00:40,7706.305,116.808044,391.67517,1.5452756,4.9453225,0.11984171
1970-01-01 14:00:41,7684.841,123.16771,530.37317,4.458348,-5.3305173,0.3835259
1970-01-01 14:00:42,7785.296,119.36907,661.357,3.3724806,-12.750039,358.97314
1970-01-01 14:00:43,7715.0444,122.01378,1004.9558,1.269192,-22.994907,358.56662
1970-01-01 14:00:44,7760.3306,124.882195,577.4334,0.23676862,-5.9205155,359.82562
1970-01-01 14:00:45,7809.7944,122.815285,850.9326,5.8890367,-4.338568,358.32294
1970-01-01 14:00:46,7712.547,121.38115,823.54456,1.641915,9.539523,356.45538
1970-01-01 14:00:47,7857.4688,125.972275,449.28354,3.5079827,-2.6548295,357.1469
1970-01-01 14:00:48,7779.316,119.455696,584.133,-3.2960093,-1.9943755,
1970-01-01 14:00:49,7872.1836,126.11313,310.92764,0.8540393,11.719434,358.46048
1970-01-01 14:00:50,7829.2773,127.892975,610.90076,3.3989043,-11.358114,358.96844
1970-01-01 14:00:51,7895.912,121.432,469.50894,1.85405,-1.7960011,358.44498
1970-01-01 14:00:52,7960.1597,127.946945,523.6263,-2.896628,13.546638,359.19867
1970-01-01 14:00:53,8032.8604,120.65457,1271.7866,-0.8200063,-7.7199473,359.20444
1970-01-01 14:00:54,8021.8037,122.85841,1036.4023,7.004846,14.358711,358.57016
1970-01-01 14:00:55,7897.88,121.97506,869.24084,4.76428,4.4535356,357.92328
1970-01-01 14:00:56,8128.1187,122.796844,650.01556,-3.1457868,8.984163,358.54742
1970-01-01 14:00:57,7981.231,118.69544,550.8402,3.1137135,9.192346,357.14987
1970-01-01 14:00:58,7956.391,127.59827,633.85455,0.8036506,-10.198766,357.5157
1970-01-01 14:00:59,7986.661,125.34065,1182.4025,3.0852988,2.7977595,356.56903
1970-01-01 14:01:00,8074.3745,125.871475,786.4797,4.5398827,11.154926,356.61023
1970-01-01 14:01:01,8096.7954,124.12916,694.51776,-2.442615,10.146532,357.63513
1970-01-01 14:01:02,7963.481,120.4657,581.325,3.2963688,9.707764,357.46472
1970-01-01 14:01:03,8100.9185,122.135475,459.6083,9.268077,-11.084365,357.88312
1970-01-01 14:01:04,8008.0,128.16943,1010.86615,5.556104,-10.668196,356.60345
1970-01-01 14:01:05,8211.057,124.51776,752.56165,3.8583236,-3.2496595,356.92044
1970-01-01 14:01:06,8175.928,124.91853,587.1997,1.8593341,1.9453462,358.01474
1970-01-01 14:01:07,8262.153,121.9265,699.8567,0.15591598,15.528254,357.9431
1970-01-01 14:01:08,8239.709,116.5433,923.39746,2.6975036,-3.567955,357.69833
1970-01-01 14:01:09,8139.5576,122.21948,762.9759,2.2134645,7.696424,358.27884
1970-01-01 14:01:10,8234.318,129.0274,414.21902,4.5411115,19.244595,358.08917
1970-01-01 14:01:11,8289.663,123.10165,951.44324,-2.893365,14.990759,358.02158
1970-01-01 14:01:12,8341.157,127.68559,833.0858,3.8586257,-10.227182,358.06396
1970-01-01 14:01:13,8273.063,121.34266,924.202,-0.5542658,4.8759856,358.68353
1970-01-01 14:01:14,8359.504,126.16733,630.0607,7.535856,8.666578,357.76193
1970-01-01 14:01:15,8393.186,115.26521,774.1108,-0.028635602,4.945608,357.0354
1970-01-01 14:01:16,8322.686,121.99763,834.491,4.842894,-20.88333,358.04233
1970-01-01 14:01:17,8359.332,126.9101,904.63226,-0.36945713,-5.0099864,358.2811
1970-01-01 14:01:18,8268.844,121.185165,989.40607,1.252558,-19.532131,356.883
1970-01-01 14:01:19,8328.412,127.67188,590.63367,2.2993908,-3.6287844,357.57248
1970-01-01 14:01:20,8288.779,126.72861,754.29443,3.7193089,-7.9899645,357.87448
1970-01-01 14:01:21,8433.539,123.28712,455.64548,1.2504214,13.426816,357.58722
1970-01-01 14:01:22,8306.969,128.76224,710.6701,4.592519,-15.762953,356.3208
1970-01-01 14:01:23,8513.799,126.94332,884.3025,0.3059197,-15.63063,354.90808
1970-01-01 14:01:24,8528.721,125.23343,750.2133,2.9005282,7.7547565,354.8579
1970-01-01 14:01:25,8529.469,124.800255,665.91425,,1.107663,353.6643
1970-01-01 14:01:26,8536.983,121.54402,901.4259,-3.47965,-9.954253,352.83466
1970-01-01 14:01:27,8508.34,120.68457,962.0633,4.708036,-1.5465659,353.3023
1970-01-01 14:01:28,8623.339,126.53165,730.45575,5.519596,3.8108308,353.7875
1970-01-01 14:01:29,8508.433,130.0701,582.9223,1.3194386,-2.7012916,353.8083
1970-01-01 14:01:30,8636.033,132.84828,647.3016,1.5920571,0.3086301,355.83154
1970-01-01 14:01:31,8661.976,122.448494,727.7739,4.328379,0.80502284,354.3226
1970-01-01 14:01:32,8662.6045,121.74913,915.59357,-5.45459,3.2023754,354.25595
1970-01-01 14:01:33,,122.46612,833.4032,-1.3729403,-4.7600374,354.28104
1970-01-01 14:01:34,8725.616,135.26524,733.1035,3.469882,7.9975677,353.4741
1970-01-01 14:01:35,8584.398,127.94752,742.6426,-1.9301952,2.8724208,354.02008
1970-01-01 14:01:36,8802.388,126.81437,1061.7166,3.116626,-2.985082,356.4377
1970-01-01 14:01:37,8623.632,126.727165,654.1601,2.2574222,5.323423,356.68185
1970-01-01 14:01:38,8650.718,130.56808,866.87335,2.3851857,-6.026208,357.3373
1970-01-01 14:01:39,8698.784,119.69045,558.6605,0.46998945,-8.055571,358.16055
1970-01-01 14:01:40,8632.775,129.35385,909.4164,-0.96396375,-18.424337,358.06412
1970-01-01 14:01:41,8789.137,121.00757,556.4654,2.419636,-5.1227207,359.21985
1970-01-01 14:01:42,8932.406,128.68704,1104.2097,1.294069,1.0773784,357.23224
1970-01-01 14:01:43,8865.77,118.76379,1032.1493,0.99387056,-11.205907,359.16473
1970-01-01 14:01:44,8727.16,130.45244,1053.5287,1.3398907,7.4507637,359.83453
1970-01-01 14:01:45,8734.728,123.31733,900.8683,2.9343033,15.203677,0.390435
1970-01-01 14:01:46,8844.715,123.359825,495.4139,-0.7672828,14.887334,359.59656
1970-01-01 14:01:47,8949.254,120.91356,1107.4878,0.8949043,-0.59291506,359.943
1970-01-01 14:01:48,9072.396,132.45924,895.3059,3.3301017,-2.3128757,1.6194334
1970-01-01 14:01:49,8849.677,129.85573,658.44196,1.5305308,21.513407,1.0361274
1970-01-01 14:01:50,9036.617,124.12419,954.2503,-3.9988842,-5.6343565,2.9835026
1970-01-01 14:01:51,9005.085,124.618675,1100.1609,-0.99072134,9.335259,1.9248948
1970-01-01 14:01:52,8993.23,128.22473,953.61633,-4.2979174,-15.0132885,2.2728305
1970-01-01 14:01:53,9058.592,126.47076,756.9692,4.200904,16.452026,2.785988
1970-01-01 14:01:54,8997.0,126.32049,704.19714,4.830951,-7.897845,1.5040221
1970-01-01 14:01:55,8957.264,125.37131,781.3713,1.95516,-13.373268,1.3884456
1970-01-01 14:01:56,9052.91,122.605064,1074.1091,0.13797401,15.484128,1.4958128
1970-01-01 14:01:57,8942.607,119.04456,629.1794,3.9331708,-9.088614,0.11873587
1970-01-01 14:01:58,8993.939,119.9974,968.1654,6.201749,5.281607,358.93402
1970-01-01 14:01:59,9122.872,123.7064,762.239,6.701466,-2.4941819,358.767
1970-01-01 14:02:00,9154.245,124.02211,1153.0521,7.6611323,5.923957,357.68274
1970-01-01 14:02:01,9097.152,121.15396,524.30005,-2.0276945,10.318343,357.38022
1970-01-01 14:02:02,9065.711,131.31195,858.81287,3.8367877,-15.107512,357.85266
1970-01-01 14:02:03,9025.753,128.2671,653.2238,-1.2059147,-11.358297,358.76453
1970-01-01 14:02:04,9295.141,128.3259,1117.0961,1.0750914,2.9412572,359.3233
1970-01-01 14:02:05,9160.064,122.865204,843.65765,-0.56277347,-1.2894552,0.4464907
1970-01-01 14:02:06,9229.397,122.43312,990.5237,4.823624,1.1430647,1.6094208
1970-01-01 14:02:07,9301.466,126.758865,802.3212,6.1998057,-1.0288894,0.95149285
1970-01-01 14:02:08,9234.045,125.874886,983.694,5.4273458,1.1316359,0.31373304
1970-01-01 14:02:09,9426.877,130.07158,631.08307,4.4826183,-16.116852,0.8022522
1970-01-01 14:02:10,9276.995,124.53829,735.17114,-4.8845615,-5.7629013,0.7392739
1970-01-01 14:02:11,9371.45,129.50812,837.11005,2.6479874,8.529368,0.23437725
1970-01-01 14:02:12,9463.855,123.81705,1093.3656,4.986329,4.904733,1.712992
1970-01-01 14:02:13,9200.884,127.85337,1064.6907,3.9727912,-4.28412,1.1287854
1970-01-01 14:02:14,9339.447,125.66365,981.4554,-0.9451073,-6.126596,359.86075
1970-01-01 14:02:15,9376.602,124.16009,708.79205,4.003599,-3.2887285,359.28107
1970-01-01 14:02:16,9360.981,122.13819,770.5261,5.0845838,9.90878,358.07224
1970-01-01 14:02:17,9373.127,132.34416,951.5518,2.1866496,-9.945628,355.9251
1970-01-01 14:02:18,9397.972,126.36321,872.927,6.535379,1.0833969,354.11667
1970-01-01 14:02:19,9482.009,125.21345,591.11865,0.8906347,-0.7887729,353.0066
1970-01-01 14:02:20,9490.295,129.98326,1049.4691,7.462356,-9.618795,353.996
1970-01-01 14:02:21,9450.748,122.129616,592.18,-0.53867555,-12.783678,354.2397
1970-01-01 14:02:22,9510.196,124.573456,985.60205,0.2586677,-1.661123,356.334
1970-01-01 14:02:23,9459.656,126.856285,848.98566,2.3537226,11.311023,356.22928
1970-01-01 14:02:24,9512.661,124.71255,1087.6548,3.7409558,3.8328934,355.3048
1970-01-01 14:02:25,9594.818,126.29331,636.0982,1.1752955,-0.5640283,
1970-01-01 14:02:26,9529.288,115.15998,981.60815,8.070884,-4.8333783,356.36124
1970-01-01 14:02:27,9530.887,123.99343,1024.538,5.6644034,5.1715546,358.1815
1970-01-01 14:02:28,9554.373,129.6127,725.6938,-2.2769573,8.1639185,358.54904
1970-01-01 14:02:29,9684.354,123.055115,1179.2028,5.0883646,0.18629175,359.21057
1970-01-01 14:02:30,9521.192,129.42265,778.7949,1.443596,-1.415939,358.28882
1970-01-01 14:02:31,9607.588,123.093605,657.27637,1.1596998,-9.35928,358.06335
1970-01-01 14:02:32,9739.826,121.80231,468.99057,0.58482754,9.476008,357.9041
1970-01-01 14:02:33,9625.694,127.804436,855.6474,0.9570253,8.829561,358.12814
1970-01-01 14:02:34,9769.39,122.74842,838.095,-1.7026632,-0.75331837,357.86185
1970-01-01 14:02:35,9796.473,122.46985,1049.7896,2.7394328,-0.9615084,358.22946
1970-01-01 14:02:36,9713.174,123.007904,817.9051,4.598378,4.6412725,359.2211
1970-01-01 14:02:37,9631.688,127.32599,959.36194,-1.5619383,10.987227,358.31943
1970-01-01 14:02:38,9805.628,131.83124,1063.5316,0.906825,-20.794462,357.48743
1970-01-01 14:02:39,9922.317,120.88459,608.9905,6.6862216,0.5659671,356.03296
1970-01-01 14:02:40,9880.462,124.513664,1075.1354,0.21869619,-8.362768,353.8172
1970-01-01 14:02:41,9796.096,128.23831,678.5089,6.1958795,5.459708,355.4044
1970-01-01 14:02:42,9847.287,128.89835,623.858,2.3467045,-16.530813,355.7195
1970-01-01 14:02:43,9942.98,123.94489,861.42236,2.5064175,-1.6752543,356.14108
1970-01-01 14:02:44,9848.061,130.2086,734.4325,0.6418781,-1.9225627,354.75137
1970-01-01 14:02:45,9908.374,123.935646,883.22656,1.2574434,-3.8907952,353.41605
1970-01-01 14:02:46,9913.658,123.819695,942.6848,-1.6135776,-0.009930813,354.06265
1970-01-01 14:02:47,9772.246,124.26732,740.26636,6.360125,1.1561083,354.9406
1970-01-01 14:02:48,10115.17,127.15874,608.3448,2.868682,-6.068465,355.3025
1970-01-01 14:02:49,9991.703,123.47863,1000.76794,0.37976098,17.69028,354.63733
1970-01-01 14:02:50,9985.107,122.59474,936.0494,3.1032462,-0.8475601,355.99112
1970-01-01 14:02:51,10082.577,132.61641,1053.2903,-2.289562,6.443575,356.71527
1970-01-01 14:02:52,9955.963,119.61703,792.871,1.6245326,8.466173,357.30252
1970-01-01 14:02:53,9906.519,127.59015,872.3002,-0.46043396,3.0003045,357.90564
1970-01-01 14:02:54,9944.29,125.103714,692.7868,0.35000324,-18.263453,359.36115
1970-01-01 14:02:55,10070.972,124.54436,473.51083,2.8095703,1.5206189,357.96573
1970-01-01 14:02:56,10130.427,123.02464,731.9964,0.9346214,-1.0246089,357.2108
1970-01-01 14:02:57,9983.4,128.94594,1005.35,4.3976297,-0.4868217,354.97394
1970-01-01 14:02:58,10016.862,128.18819,760.52216,2.0555878,17.915318,354.26913
1970-01-01 14:02:59,10116.569,131.46501,873.1537,9.765137,-2.0566127,354.29453
1970-01-01 14:03:00,10168.405,131.4856,1042.0238,3.6979134,4.6661143,355.55264
1970-01-01 14:03:01,10027.063,123.5396,496.8494,0.7399781,-9.910596,356.11597
1970-01-01 14:03:02,10281.641,135.04726,681.755,-1.844229,0.02214163,356.5306
1970-01-01 14:03:03,10295.268,128.95055,849.94824,5.1786695,6.3999395,358.06134
1970-01-01 14:03:04,10233.943,124.88066,1002.3023,3.3423004,6.3847485,357.26462
1970-01-01 14:03:05,10140.372,118.154686,969.3205,0.5424651,2.907989,356.78027
1970-01-01 14:03:06,10306.719,132.89072,834.13446,0.8770374,-12.207855,357.68378
1970-01-01 14:03:07,10309.239,126.63242,678.9638,1.140039,17.212112,357.16104
1970-01-01 14:03:08,10354.747,123.64912,689.7694,-0.35200098,-3.0632653,356.57486
1970-01-01 14:03:09,10370.303,122.1002,824.2098,2.2345386,-6.2494626,355.89938
1970-01-01 14:03:10,10254.723,125.01114,743.1866,1.9480857,1.0309955,357.8572
1970-01-01 14:03:11,10291.449,126.74038,854.65173,-0.4179208,-4.026124,358.83292
1970-01-01 14:03:12,10410.043,135.7486,756.9044,3.4583113,-10.698577,357.8553
1970-01-01 14:03:13,10544.447,129.10435,1059.6937,-0.74901146,-14.488893,359.152
1970-01-01 14:03:14,10418.065,123.67229,1090.3547,1.0281701,13.308006,359.5973
1970-01-01 14:03:15,10299.783,130.28772,,2.0486133,11.088401,359.01413
1970-01-01 14:03:16,10502.846,124.17783,809.8142,0.7595583,-4.985914,359.03018
1970-01-01 14:03:17,10519.306,123.14711,1043.2267,-0.2853056,-28.837044,359.5777
1970-01-01 14:03:18,10476.798,123.42035,762.24414,3.0159183,-4.2584167,359.17712
1970-01-01 14:03:19,10393.087,124.62603,523.7739,3.8916662,-3.9335163,358.81888
1970-01-01 14:03:20,10522.302,131.79608,668.9017,-0.29435495,-2.0626442,357.48947
1970-01-01 14:03:21,10476.463,128.59045,593.8427,1.9569106,2.162933,357.30612
1970-01-01 14:03:22,10588.185,131.92226,,-3.2052255,4.474133,356.55457
1970-01-01 14:03:23,10543.718,118.87403,742.5468,7.9120874,-6.7722917,357.4223
1970-01-01 14:03:24,10550.965,128.98311,949.19714,-0.94064856,16.184631,357.62357
1970-01-01 14:03:25,10518.757,127.94333,815.16254,3.7416785,8.339363,357.3726
1970-01-01 14:03:26,10710.14,130.1488,737.3448,3.107832,-7.0245175,357.84155
1970-01-01 14:03:27,10783.527,131.22949,667.87354,7.809679,5.2253203,358.39603
1970-01-01 14:03:28,10588.985,130.66313,774.9519,-1.062526,-9.523868,0.10074888
1970-01-01 14:03:29,10744.013,124.48578,707.72754,7.3862824,-4.1044707,359.56903
1970-01-01 14:03:30,10785.303,128.28462,651.588,2.8462007,17.938457,0.16801366
1970-01-01 14:03:31,10834.964,124.90352,823.5496,5.3444576,-8.126413,0.5898779
1970-01-01 14:03:32,10652.309,129.8182,987.5248,-1.0060108,-7.0092225,0.33106166
1970-01-01 14:03:33,10631.662,128.0068,749.9871,-0.58701575,-7.97355,358.8274
1970-01-01 14:03:34,10739.275,129.38144,560.88666,2.4636817,23.094185,358.4082
1970-01-01 14:03:35,10924.306,126.86482,694.50684,4.4106665,-11.175001,358.54996
1970-01-01 14:03:36,10644.051,128.87123,991.1898,,-6.9078956,359.44165
1970-01-01 14:03:37,10801.173,123.482285,996.4242,2.338127,1.6120538,0.7087086
1970-01-01 14:03:38,10692.462,127.13078,641.182,-1.637904,-10.216674,0.7084677
1970-01-01 14:03:39,10870.191,124.38695,927.66046,4.5518565,5.030866,359.36597
1970-01-01 14:03:40,10868.315,132.37125,177.53133,4.3820167,-23.268135,358.60236
1970-01-01 14:03:41,10943.1455,124.79291,658.34174,4.3002186,9.445271,358.27686
1970-01-01 14:03:42,10974.309,128.14268,944.1337,-1.6597577,13.048364,358.35068
1970-01-01 14:03:43,10879.391,130.40498,843.81616,-5.4580708,-4.4567437,357.36618
1970-01-01 14:03:44,10910.342,122.00937,1002.08093,2.754968,-7.3408046,356.6729
1970-01-01 14:03:45,10886.707,134.32397,782.0484,0.20465918,-14.597771,356.1392
1970-01-01 14:03:46,10982.808,123.95803,956.52094,-5.878025,2.2925022,356.4249
1970-01-01 14:03:47,10985.941,123.12242,454.42053,2.56994,-2.5653105,355.81845
1970-01-01 14:03:48,10930.158,124.537445,1074.0037,2.7696314,-13.555639,356.0837
1970-01-01 14:03:49,10921.305,118.99841,1134.0516,3.0897949,-7.771064,355.05154
1970-01-01 14:03:50,10993.461,131.77005,266.85736,-0.9833837,-10.722511,354.0997
1970-01-01 14:03:51,11051.034,130.31044,686.81506,0.4045054,14.577833,353.48914
1970-01-01 14:03:52,11197.795,127.044266,572.8048,5.650593,1.6587101,352.85687
1970-01-01 14:03:53,11145.2,124.47646,1049.7952,6.3172827,6.4507775,352.20123
1970-01-01 14:03:54,11166.272,130.82866,781.7809,,1.3042856,351.434
1970-01-01 14:03:55,11149.614,127.84203,740.78815,3.8969922,-7.217517,350.61896
1970-01-01 14:03:56,11184.713,128.26456,799.8526,-0.384292,-7.2037773,349.24362
1970-01-01 14:03:57,11151.124,119.493706,925.4021,4.7421865,-3.9490151,350.85788
1970-01-01 14:03:58,10936.248,127.484436,594.0411,5.0324426,10.137369,350.92694
1970-01-01 14:03:59,11291.343,124.945496,884.1914,0.8078226,11.079312,350.0942
1970-01-01 14:04:00,11186.213,128.57843,801.97833,-1.7818184,-3.9122796,351.02582
1970-01-01 14:04:01,11229.396,121.57546,1277.0913,3.2880123,-1.4910507,351.96295
1970-01-01 14:04:02,11124.036,127.843254,858.82355,0.30986574,-22.014746,352.53436
1970-01-01 14:04:03,11273.63,127.58821,829.4512,0.08676999,-13.893967,352.48923
1970-01-01 14:04:04,11199.952,122.19985,595.8893,0.6540684,-2.0915165,352.13165
1970-01-01 14:04:05,11367.66,128.11047,221.04959,3.9286678,3.0397553,353.73474
1970-01-01 14:04:06,11314.812,132.26909,867.1392,1.859772,-10.619321,355.22604
1970-01-01 14:04:07,11179.741,125.657036,801.3478,-1.3993553,-0.51838607,355.4747
1970-01-01 14:04:08,11428.45,125.49091,813.8839,6.520503,-10.145813,356.3094
1970-01-01 14:04:09,11371.543,,1004.8303,4.5639467,-12.746464,356.03372
1970-01-01 14:04:10,11404.068,130.68347,586.4374,-5.384085,-5.6541224,356.13052
1970-01-01 14:04:11,11170.929,118.08709,908.6615,0.73611194,-3.4279156,357.07858
1970-01-01 14:04:12,11359.128,127.04007,845.1819,-1.2216496,1.2977632,355.61633
1970-01-01 14:04:13,11383.084,129.75708,926.43054,1.5752785,7.8350425,356.3201
1970-01-01 14:04:14,11519.562,129.11983,922.6189,4.0926304,10.621687,356.6507
1970-01-01 14:04:15,11532.0,129.70943,497.24524,-2.4228609,-2.6947932,355.3929
1970-01-01 14:04:16,11442.04,130.42868,743.77747,6.263924,4.3743715,355.98938
1970-01-01 14:04:17,11518.534,122.28064,878.80023,3.1778588,3.9882126,354.67703
1970-01-01 14:04:18,11568.0,126.14287,467.12643,2.7866006,-28.942162,354.34354
1970-01-01 14:04:19,11367.68,131.84863,839.409,1.6506661,-24.711342,354.4389
1970-01-01 14:04:20,11418.246,131.96933,890.1018,3.29819,9.064892,354.52847
1970-01-01 14:04:21,11470.622,114.86404,587.68787,-4.046893,7.7071753,355.43042
1970-01-01 14:04:22,11686.721,128.0576,562.59015,-6.4714866,-2.947976,355.07635
1970-01-01 14:04:23,11575.818,126.34003,886.877,3.5734813,0.60298204,354.944
1970-01-01 14:04:24,11693.152,119.1691,391.32928,8.678345,-0.7680952,353.59705
1970-01-01 14:04:25,11725.646,127.83072,827.1873,0.5929213,-4.879574,352.4975
1970-01-01 14:04:26,11660.6,126.459724,830.9928,4.345295,-8.711148,351.18738
1970-01-01 14:04:27,11627.646,125.50957,611.1483,0.69006103,-5.375371,350.982
1970-01-01 14:04:28,11665.753,120.79219,779.09436,3.9352093,10.417003,351.1018
1970-01-01 14:04:29,11564.746,130.4202,399.94266,4.82619,16.810549,351.29843
1970-01-01 14:04:30,11637.669,125.18313,823.84064,0.061599065,2.7794518,353.48145
1970-01-01 14:04:31,11828.857,129.5355,492.704,0.39683017,14.076755,354.99054
1970-01-01 14:04:32,11760.447,120.32579,576.01416,-1.4420968,3.6323588,355.5237
1970-01-01 14:04:33,11840.047,127.452805,647.85297,0.6934102,22.440876,357.04047
1970-01-01 14:04:34,11880.127,126.00043,660.60175,-2.7211673,-1.2292762,358.07632
1970-01-01 14:04:35,11924.095,127.96721,687.15826,4.6381264,-15.695549,357.90338
1970-01-01 14:04:36,11839.879,128.64957,765.33954,6.9215126,8.7160225,354.76257
1970-01-01 14:04:37,11849.568,124.8445,975.24927,2.1430137,-21.270325,353.2247
1970-01-01 14:04:38,11989.035,128.72229,707.4121,,-16.156197,352.57748
1970-01-01 14:04:39,11772.512,124.54718,653.0044,-0.15516783,-5.181315,353.21686
1970-01-01 14:04:40,12013.665,125.37855,604.44794,-2.211356,7.620087,354.0837
1970-01-01 14:04:41,11766.928,124.16358,833.8369,4.1835227,6.3224244,354.95395
1970-01-01 14:04:42,11982.748,127.13318,662.9578,3.2899427,-12.854869,355.63144
1970-01-01 14:04:43,12052.52,134.47269,1029.0197,0.88962644,0.90724015,355.07547
1970-01-01 14:04:44,11792.308,126.743904,650.4003,5.8489227,-10.363695,354.8071
1970-01-01 14:04:45,12126.666,123.51924,381.90848,8.614641,9.297739,354.8852
1970-01-01 14:04:46,11997.1875,129.12517,-41.739117,4.6403885,11.556612,356.4347
1970-01-01 14:04:47,11984.507,126.53849,233.60786,4.7732215,-1.494287,355.30566
1970-01-01 14:04:48,11996.204,128.67702,-295.92972,-1.8824456,8.067389,356.53278
1970-01-01 14:04:49,11919.303,125.156166,81.305115,3.2825785,-7.9926925,357.77466
1970-01-01 14:04:50,11879.945,126.55706,-205.24683,1.3624009,2.2507741,358.5254
1970-01-01 14:04:51,12031.711,130.63597,-122.01357,4.929678,-5.4308004,358.8321
1970-01-01 14:04:52,12024.342,124.893135,183.62794,3.0149164,7.6052117,358.67316
1970-01-01 14:04:53,12028.846,127.83169,18.141672,2.975176,10.004703,359.5758
1970-01-01 14:04:54,12056.105,125.73665,-134.38594,1.92684,7.0346026,359.5826
1970-01-01 14:04:55,12084.639,120.95618,-69.89067,6.5708776,2.494733,359.2576
1970-01-01 14:04:56,11929.448,130.22185,-62.874786,2.7544684,16.896887,359.5106
1970-01-01 14:04:57,11972.958,125.865906,-230.80072,3.053577,-16.0912,1.0666401
1970-01-01 14:04:58,12174.145,,-255.25864,1.1497208,-5.347495,0.80858034
1970-01-01 14:04:59,12104.442,121.054344,-132.89873,4.7072043,-5.681401,358.51706
1970-01-01 14:05:00,12047.104,133.85367,-79.51978,-0.681217,-8.7548065,359.36484
1970-01-01 14:05:01,11851.583,138.17305,-159.1553,4.9686227,-2.4546037,359.6078
1970-01-01 14:05:02,11993.373,128.21957,-185.09235,3.5209572,1.0717974,0.1259814
1970-01-01 14:05:03,12220.908,125.97423,113.82429,-1.0775509,-3.6306593,359.778
1970-01-01 14:05:04,12010.419,121.95628,262.0458,2.4102588,-4.9897056,0.07620875
1970-01-01 14:05:05,11810.348,131.50676,-59.207554,1.4618226,14.211018,0.3817791
1970-01-01 14:05:06,12006.401,119.51238,-184.10829,5.7614174,11.191166,359.87683
1970-01-01 14:05:07,11947.024,127.45228,-5.210892,3.2964966,-9.961243,359.94278
1970-01-01 14:05:08,11986.985,119.632065,3.7496953,5.5666285,-19.796352,0.8859187
1970-01-01 14:05:09,11967.256,122.8052,139.45811,3.6240983,-14.123878,359.28766
1970-01-01 14:05:10,12036.101,130.5746,-5.8634343,-4.266031,8.13999,0.6241679
1970-01-01 14:05:11,11958.36,128.38843,24.503925,5.098999,-7.593136,359.2769
1970-01-01 14:05:12,11901.056,126.163925,-249.5315,-0.3925201,-0.7813363,359.6207
1970-01-01 14:05:13,12013.08,126.27913,-231.50417,4.316916,9.754011,359.47754
1970-01-01 14:05:14,12013.606,127.273766,-397.39365,5.4662194,-6.612971,0.34721783
1970-01-01 14:05:15,12040.27,132.64413,48.56408,0.6563393,1.8815457,358.37424
1970-01-01 14:05:16,12053.348,130.62483,14.708131,-3.1211162,4.29837,358.01593
1970-01-01 14:05:17,11996.662,130.94942,-244.99994,3.171804,8.311031,356.5582
1970-01-01 14:05:18,11893.891,137.01738,-20.174685,1.2113054,-6.2944984,357.34305
1970-01-01 14:05:19,12171.616,126.08149,206.49652,1.0321921,5.5989265,356.6724
1970-01-01 14:05:20,11920.657,133.94395,159.05992,6.3117743,-13.8206625,355.64554
1970-01-01 14:05:21,12131.783,135.78731,-275.54135,2.4245963,11.439341,356.1051
1970-01-01 14:05:22,11832.112,134.24165,-30.36498,2.4216352,-1.4492414,355.76117
1970-01-01 14:05:23,11889.37,132.99135,48.035698,-0.25463584,-5.359383,355.6406
1970-01-01 14:05:24,12053.502,133.41823,70.11288,1.5272406,12.957764,355.44125
1970-01-01 14:05:25,11956.267,133.31613,112.96184,3.6997583,-4.5699387,355.89307
1970-01-01 14:05:26,12136.36,122.27838,-486.58157,4.0984855,15.593199,355.67642
1970-01-01 14:05:27,12050.291,129.4634,-305.70737,0.32763273,-7.027112,354.9178
1970-01-01 14:05:28,12003.678,133.54825,-298.7303,0.24661985,-3.0954964,355.1125
1970-01-01 14:05:29,,129.4879,383.63968,,-5.4924374,354.82562
1970-01-01 14:05:30,12007.836,128.12653,130.34273,5.8007135,8.308819,353.64725
1970-01-01 14:05:31,12017.407,133.9894,-6.524294,-2.8002963,-11.462142,354.67874
1970-01-01 14:05:32,12013.128,121.738754,144.05202,0.91478187,-9.349906,354.25558
1970-01-01 14:05:33,12087.581,131.1545,69.670265,-1.880891,5.7085357,355.0861
1970-01-01 14:05:34,11935.079,132.0189,133.1523,2.0849771,7.5410347,353.5769
1970-01-01 14:05:35,11896.423,133.95113,113.29768,-0.8551005,3.3416789,352.4786
1970-01-01 14:05:36,11882.583,126.113144,-172.87534,7.7384105,-4.1996517,353.2742
1970-01-01 14:05:37,11944.55,128.33652,-182.24757,2.3549755,-4.577639,353.4274
1970-01-01 14:05:38,12078.843,123.93128,129.29185,-3.1795914,-9.231957,352.46835
1970-01-01 14:05:39,11969.271,132.736,138.84561,1.7648882,17.663456,354.27338
1970-01-01 14:05:40,11998.641,129.45642,35.703506,1.1349382,-12.05407,354.0164
1970-01-01 14:05:41,11927.891,133.98553,56.70934,3.616709,2.0029988,352.7881
1970-01-01 14:05:42,11769.137,133.75607,-323.55197,0.93738735,14.811759,352.94302
1970-01-01 14:05:43,12051.811,137.95424,152.59537,1.6479645,1.0429492,353.23364
1970-01-01 14:05:44,11862.752,132.9626,-104.6132,-0.6375934,17.598234,353.32507
1970-01-01 14:05:45,12120.188,130.00513,172.33531,3.134909,4.2036376,353.08966
1970-01-01 14:05:46,11936.288,133.43335,28.91652,4.6327863,-12.2659,352.76385
1970-01-01 14:05:47,12081.219,127.807846,-163.61766,-0.3806698,-20.135714,351.81107
1970-01-01 14:05:48,11994.5205,132.3082,-6.0355325,3.0028884,7.5311704,352.02487
1970-01-01 14:05:49,12003.108,132.1961,-169.0041,1.4001116,-5.3163037,351.2218
1970-01-01 14:05:50,12079.721,132.23256,-10.162232,1.0866771,4.952245,351.97836
1970-01-01 14:05:51,11893.938,136.67879,-331.95816,5.683481,7.734858,350.61844
1970-01-01 14:05:52,11935.14,133.58131,-74.78275,4.8806067,-7.0712442,350.07986
1970-01-01 14:05:53,12018.18,122.69735,-216.70761,1.8418756,12.212499,350.97095
1970-01-01 14:05:54,12112.193,123.28764,319.1688,1.25508,4.223925,352.8594
1970-01-01 14:05:55,12123.168,127.14892,77.800415,2.913773,-18.195393,353.06006
1970-01-01 14:05:56,11909.267,131.60887,216.18861,5.169766,-17.86672,352.80673
1970-01-01 14:05:57,12053.384,134.18271,1.525481,-0.4654264,-15.8320875,353.9702
1970-01-01 14:05:58,12030.184,136.88216,-214.43858,-2.4144843,-16.523165,354.58932
1970-01-01 14:05:59,11989.452,129.25127,-25.178946,7.2159333,3.5012813,353.90668
1970-01-01 14:06:00,12123.961,131.1269,-401.33737,-9.025669,10.5973835,353.11407
1970-01-01 14:06:01,12003.898,128.61829,158.07272,0.32942322,-2.0196347,353.15155
1970-01-01 14:06:02,12083.848,134.79488,25.743885,2.7277708,-28.225565,353.80493
1970-01-01 14:06:03,11886.494,127.837685,-137.43802,-1.7915136,-10.490513,353.86484
1970-01-01 14:06:04,12041.273,132.68314,198.56395,1.2552602,7.326262,354.5377
1970-01-01 14:06:05,12062.859,131.90327,-374.0802,0.37845868,11.966001,355.3588
1970-01-01 14:06:06,11944.104,128.20264,-121.69917,-0.9026377,-0.120363876,357.0356
1970-01-01 14:06:07,11991.682,131.87349,151.2381,-2.6801298,-19.805315,355.97604
1970-01-01 14:06:08,12079.234,125.23132,93.25443,-0.035700854,-1.2628652,355.37292
1970-01-01 14:06:09,11992.539,136.64362,-261.31396,0.09325056,-3.1516352,355.2373
1970-01-01 14:06:10,11831.788,132.44775,-121.050934,4.0448737,-6.3608174,353.99884
1970-01-01 14:06:11,12013.87,137.99634,4.0158677,3.63664,4.051699,353.15994
1970-01-01 14:06:12,12043.952,129.86444,27.083313,7.504047,-0.23361506,353.90207
1970-01-01 14:06:13,12057.884,131.9864,421.05145,-4.201032,-1.8500978,353.6797
1970-01-01 14:06:14,11946.6045,123.216995,-117.172165,4.736217,7.9654117,352.89987
1970-01-01 14:06:15,12125.115,140.9351,232.99487,-6.2641277,3.9278562,353.50665
1970-01-01 14:06:16,11973.8955,130.57144,-170.25328,0.01351019,-2.0088062,353.07263
1970-01-01 14:06:17,12072.862,129.14772,152.0245,0.9706805,-0.09194201,352.586
1970-01-01 14:06:18,12035.393,119.76467,156.51999,6.0514107,18.735449,353.2343
1970-01-01 14:06:19,12060.44,133.32193,-93.532524,-6.480603,-13.147255,352.88135
1970-01-01 14:06:20,12032.191,133.12744,-61.130203,1.6784105,8.669347,354.72394
1970-01-01 14:06:21,12027.867,134.75809,374.4239,-0.6212923,-12.283793,355.7081
1970-01-01 14:06:22,11891.313,138.6844,176.27145,4.3020034,11.714114,355.5815
1970-01-01 14:06:23,11961.711,126.497665,-81.88784,-0.45314696,-18.274612,354.35657
1970-01-01 14:06:24,12023.678,138.64249,-78.74921,-1.7101989,-4.7626095,353.69254
1970-01-01 14:06:25,12105.188,126.04539,-55.61923,5.7703557,4.139907,353.896
1970-01-01 14:06:26,11985.945,130.61081,-57.243458,0.6049602,5.32021,352.01495
1970-01-01 14:06:27,12078.098,132.7298,-55.299133,-1.5411499,12.56463,352.83853
1970-01-01 14:06:28,11937.278,134.73692,50.28091,1.2214524,6.176336,352.4091
1970-01-01 14:06:29,11863.642,133.48093,-213.20398,4.7884865,20.308958,352.27786
1970-01-01 14:06:30,12097.376,137.07019,-135.62668,5.198354,3.4419982,352.87747
1970-01-01 14:06:31,11931.762,132.94298,-8.637319,0.20328663,1.573539,354.20108
1970-01-01 14:06:32,11956.6875,133.3668,457.6197,2.9597902,26.093449,354.71594
1970-01-01 14:06:33,12010.078,128.70813,-109.01622,-0.5350914,-4.2204447,355.39984
1970-01-01 14:06:34,12125.825,132.10587,96.512215,1.3880657,-13.060459,356.26224
1970-01-01 14:06:35,12066.959,136.80351,439.15784,4.597335,-3.1868627,354.9921
1970-01-01 14:06:36,11982.434,129.88005,-387.06882,3.8048675,3.1041923,354.83426
1970-01-01 14:06:37,11912.801,131.49777,108.70745,1.3989959,-15.2805805,353.89713
1970-01-01 14:06:38,11952.436,129.16835,-141.47601,2.9283671,-5.578528,354.11746
1970-01-01 14:06:39,11989.352,129.3712,-99.81207,-0.86541885,-2.008731,355.2517
1970-01-01 14:06:40,11934.625,130.04753,10.17723,-2.1449814,3.607984,354.3926
1970-01-01 14:06:41,12195.056,128.37132,42.54916,0.816313,-4.3964195,355.97046
1970-01-01 14:06:42,12103.676,131.06317,118.97699,4.828501,13.62748,357.18292
1970-01-01 14:06:43,12074.662,132.23486,-450.21252,2.3261967,4.0630503,356.65698
1970-01-01 14:06:44,11976.237,131.4063,197.3967,5.8533516,3.089053,356.63507
1970-01-01 14:06:45,12041.713,134.70374,-315.03555,0.94900066,-3.98461,355.69894
1970-01-01 14:06:46,11933.22,122.36719,93.9719,-2.4721842,-19.16908,353.16394
1970-01-01 14:06:47,11926.833,127.78619,316.69006,-1.5656241,-8.407731,353.60385
1970-01-01 14:06:48,11980.887,136.86368,-411.19388,-1.8349376,-3.099984,353.40106
1970-01-01 14:06:49,11989.214,133.9889,-28.038149,1.2629158,3.7176907,351.17926
1970-01-01 14:06:50,12152.281,134.2331,151.43259,0.51641446,10.667824,352.92908
1970-01-01 14:06:51,11916.742,132.7496,-66.73804,4.4628,-6.0338335,352.97278
1970-01-01 14:06:52,12138.595,132.57639,53.02181,3.7407665,-1.2647418,353.2121
1970-01-01 14:06:53,11878.355,131.94807,-403.48148,-1.7331604,12.415404,352.76016
1970-01-01 14:06:54,12024.753,,17.287155,2.4244215,16.675531,351.39844
1970-01-01 14:06:55,12077.312,130.52592,171.82597,0.769522,5.0864496,352.3341
1970-01-01 14:06:56,12002.626,132.38942,177.25548,2.519289,-4.5243535,350.99426
1970-01-01 14:06:57,12041.832,132.46855,-101.805725,1.482308,-0.62169397,348.63083
1970-01-01 14:06:58,11912.695,133.57268,394.22025,3.981053,-3.0587268,348.47986
1970-01-01 14:06:59,11988.823,136.37752,41.277924,1.2155807,-4.476517,348.919
1970-01-01 14:07:00,12017.588,129.42926,351.0439,3.452116,-17.351213,347.8483
1970-01-01 14:07:01,11967.385,125.54753,-143.98656,5.3816195,11.539163,348.07828
1970-01-01 14:07:02,12106.563,125.20435,384.24963,1.8374662,-12.216054,348.02887
1970-01-01 14:07:03,11975.387,132.53189,-251.96466,-0.55539995,5.5883803,348.0538
1970-01-01 14:07:04,12052.467,132.56647,206.33345,0.41199198,-8.667949,349.1485
1970-01-01 14:07:05,11901.126,132.22646,66.971,1.4973152,7.4400764,349.0293
1970-01-01 14:07:06,12085.623,127.62332,210.46008,4.7102356,-3.71435,348.60684
1970-01-01 14:07:07,11902.716,142.55002,-173.3065,8.272173,-4.2059584,349.03366
1970-01-01 14:07:08,12098.419,138.20692,84.74373,4.406534,15.319051,348.9788
1970-01-01 14:07:09,12034.609,130.24878,-45.79705,-1.7019708,9.337006,350.0208
1970-01-01 14:07:10,12141.213,139.9824,150.37697,3.252177,6.8602986,348.44617
1970-01-01 14:07:11,11928.228,128.10422,-198.34439,7.0548086,0.28319347,349.67307
1970-01-01 14:07:12,11799.8955,137.75107,152.9921,-1.1193796,-11.154308,348.43787
1970-01-01 14:07:13,12005.413,137.4629,-73.95632,3.6529818,-1.1596057,348.0881
1970-01-01 14:07:14,11990.523,136.83156,,-0.33363858,-9.369252,348.5989
1970-01-01 14:07:15,11934.0205,131.79073,-167.80696,0.7728428,2.9692504,346.87393
1970-01-01 14:07:16,12018.1,128.34123,268.4752,1.987075,4.3980675,347.39688
1970-01-01 14:07:17,11997.978,131.07327,181.98738,2.8654904,-8.439569,347.8204
1970-01-01 14:07:18,11899.956,135.65819,-406.87973,2.767876,-11.272115,346.7315
1970-01-01 14:07:19,12125.718,135.66176,-113.889046,0.11392586,-5.593372,346.26553
1970-01-01 14:07:20,11957.739,128.6245,-305.15472,0.1387615,-11.6105585,347.75192
1970-01-01 14:07:21,11996.909,123.26199,216.3135,4.938667,2.4501176,348.09534
1970-01-01 14:07:22,11988.3545,136.90578,-67.49412,-2.0762615,4.4074755,349.7095
1970-01-01 14:07:23,12069.388,140.12112,-420.47522,4.354645,1.2931854,349.47375
1970-01-01 14:07:24,11935.304,133.8157,-431.46652,4.178122,4.540356,350.77435
1970-01-01 14:07:25,12077.732,130.20178,248.2071,3.8453624,10.086682,349.92368
1970-01-01 14:07:26,11986.019,132.68126,319.7344,3.3631878,-7.1745534,350.03226
1970-01-01 14:07:27,12046.913,130.56378,99.38418,2.4200861,-1.0886328,349.41296
1970-01-01 14:07:28,12065.664,129.72646,180.3853,-1.0279135,-11.190794,348.2161
1970-01-01 14:07:29,11941.14,135.10791,-428.02063,1.1368296,4.3484764,347.4812
1970-01-01 14:07:30,11918.218,125.337776,-145.2026,0.04870041,-18.33286,345.6404
1970-01-01 14:07:31,12122.193,128.10419,-244.58469,-1.322643,-2.5730069,343.38852
1970-01-01 14:07:32,11946.846,136.6284,301.98544,0.62919647,-20.042543,343.38275
1970-01-01 14:07:33,11924.129,132.5934,119.22366,1.7923008,3.033666,342.50507
1970-01-01 14:07:34,11970.024,131.09071,-30.030071,3.9073725,-2.2318523,341.78284
1970-01-01 14:07:35,11997.038,137.02106,108.83379,5.3344164,-10.879003,342.97983
1970-01-01 14:07:36,12008.457,129.14328,200.15045,-0.1432345,10.826809,344.6105
1970-01-01 14:07:37,12083.13,131.05684,-32.57853,2.372873,-4.361255,344.05316
1970-01-01 14:07:38,12064.018,130.05045,-21.015505,-0.976339,4.882983,342.87146
1970-01-01 14:07:39,12021.41,128.89398,-125.607285,5.7764244,-13.150156,340.8681
1970-01-01 14:07:40,12093.144,136.72318,130.02478,3.866417,2.1507473,341.25662
1970-01-01 14:07:41,12019.811,126.787254,-198.1105,1.7942858,-3.371829,340.25256
1970-01-01 14:07:42,11993.068,133.93465,-9.371537,0.90392774,-0.7454657,338.15848
1970-01-01 14:07:43,11863.734,136.54208,-283.99225,0.41788188,-4.91759,338.3824
1970-01-01 14:07:44,11941.101,133.93303,180.73315,-3.885497,-7.6343026,337.62247
1970-01-01 14:07:45,12006.091,134.91585,-186.37679,0.39734817,-19.45552,338.63187
1970-01-01 14:07:46,12047.035,132.00354,-131.44127,-0.4664008,-6.0185413,338.105
1970-01-01 14:07:47,12060.136,132.06763,-388.1056,6.844867,2.0356736,337.24576
1970-01-01 14:07:48,12011.578,134.57368,183.73305,3.8355649,14.346987,335.8412
1970-01-01 14:07:49,12148.175,133.81818,-84.675995,2.2737265,11.250353,335.81732
1970-01-01 14:07:50,12078.3545,141.30565,-134.94719,1.0024226,-7.907473,336.08493
1970-01-01 14:07:51,12108.294,132.03813,-37.394314,2.3128095,1.3054315,336.85257
1970-01-01 14:07:52,12139.933,133.75449,-134.6905,2.6823986,-17.259817,337.91302
1970-01-01 14:07:53,11840.155,138.10121,38.935917,4.1836414,-15.732706,337.91928
1970-01-01 14:07:54,12066.786,131.32104,-330.18954,0.16711451,25.89526,337.79846
1970-01-01 14:07:55,11796.798,130.15852,-214.61465,0.15843567,-9.898998,337.32953
1970-01-01 14:07:56,11926.262,141.44507,150.44344,2.7355785,6.9863105,337.76025
1970-01-01 14:07:57,11964.84,140.63155,-101.3201,5.305827,10.787674,338.75937
1970-01-01 14:07:58,12030.822,140.17003,168.67912,4.296035,2.958046,339.633
1970-01-01 14:07:59,12120.94,133.1807,232.38957,4.468174,-2.9140742,340.7829
1970-01-01 14:08:00,11993.414,140.72285,-73.27743,3.5476506,1.4055372,340.2245
1970-01-01 14:08:01,12046.918,143.70941,124.908165,7.047711,-10.481064,339.81613
1970-01-01 14:08:02,12057.349,134.47614,111.64686,4.8909225,5.8994193,342.65277
1970-01-01 14:08:03,12085.258,129.39052,-57.06434,2.888794,9.772182,343.66345
1970-01-01 14:08:04,12062.254,132.73344,22.989841,-2.3313582,-0.48197654,343.58298
1970-01-01 14:08:05,12021.038,137.17082,-139.21104,-3.572329,-2.202103,343.86447
1970-01-01 14:08:06,12059.258,141.11461,-6.0816746,1.1086564,6.095462,345.0311
1970-01-01 14:08:07,11952.126,133.85466,-89.487816,0.7853329,1.5323634,345.49796
1970-01-01 14:08:08,12011.306,139.51265,30.920382,-3.031243,16.019537,345.6018
1970-01-01 14:08:09,12029.057,139.30478,20.94259,2.6533308,-10.47502,344.50568
1970-01-01 14:08:10,11979.987,133.7205,17.494902,4.425442,-2.089119,342.39035
1970-01-01 14:08:11,12010.4,142.35925,,-2.6340208,3.8685226,342.0608
1970-01-01 14:08:12,11987.144,139.34741,184.03116,3.6190135,-13.675974,339.47452
1970-01-01 14:08:13,11930.133,137.9697,-176.43318,0.8631025,-1.7123816,339.19852
1970-01-01 14:08:14,12050.758,140.10529,27.282988,3.7046096,10.888523,340.12787
1970-01-01 14:08:15,12022.696,138.8962,120.035126,1.2216681,-11.353845,339.53604
1970-01-01 14:08:16,12128.496,128.02013,-224.37187,-1.1829586,-1.7022084,340.19965
1970-01-01 14:08:17,11911.536,136.54198,12.477728,5.2557664,-32.55603,339.5403
1970-01-01 14:08:18,11925.901,142.48814,110.080574,1.547481,-5.9485393,339.686
1970-01-01 14:08:19,12023.471,133.34251,137.86032,1.748541,4.505287,341.18527
1970-01-01 14:08:20,11886.219,129.94855,-172.48436,0.4949539,0.61985385,342.09793
1970-01-01 14:08:21,11920.204,133.6936,-43.96799,-2.4226763,-17.923534,340.89404
1970-01-01 14:08:22,12102.299,138.35754,-217.99994,-4.2652645,-1.815553,339.56317
1970-01-01 14:08:23,11955.033,133.072,2.544807,-2.734351,-8.656926,339.84122
1970-01-01 14:08:24,12000.145,139.14146,112.054405,3.5583866,-13.975351,340.82803
1970-01-01 14:08:25,11996.417,128.2927,213.38849,1.8351074,0.47890288,341.05396
1970-01-01 14:08:26,12046.726,147.74399,-367.81268,3.6205332,9.786332,341.87012
1970-01-01 14:08:27,12030.066,137.42656,-120.201904,1.3450848,4.83839,341.06247
1970-01-01 14:08:28,12061.485,133.17578,96.41241,3.2092693,-11.753068,341.11966
1970-01-01 14:08:29,11936.697,135.24785,244.85173,0.3197603,12.987727,340.65
1970-01-01 14:08:30,12001.942,139.86847,-79.00199,4.2940993,,339.26105
1970-01-01 14:08:31,11923.289,134.2565,214.34908,2.8721387,5.154013,337.82
1970-01-01 14:08:32,11961.165,133.78116,127.10924,-1.7673888,7.405219,337.23456
1970-01-01 14:08:33,11965.162,140.45088,-552.4348,1.2288396,-2.721324,335.3804
1970-01-01 14:08:34,12053.543,141.63916,-124.4689,0.8611224,4.4995403,334.44547
1970-01-01 14:08:35,11844.934,130.19223,198.29025,1.1034306,7.8595257,334.27676
1970-01-01 14:08:36,12032.475,143.98166,-102.19349,6.2779465,11.638783,333.94727
1970-01-01 14:08:37,11870.2705,133.1589,-179.55658,0.23275529,-7.529795,333.07687
1970-01-01 14:08:38,11946.978,129.0698,134.42497,-1.4711599,7.3290296,334.1444
1970-01-01 14:08:39,12178.901,138.36026,-177.47035,2.016496,-11.918804,335.64783
1970-01-01 14:08:40,11908.093,136.33154,-261.61136,1.8828064,2.9910364,335.5668
1970-01-01 14:08:41,11880.589,138.4141,12.058422,2.6453135,-16.25231,335.84473
1970-01-01 14:08:42,11922.517,126.54494,-122.30524,2.5704138,-15.300122,335.02975
1970-01-01 14:08:43,12066.668,132.21721,19.94943,2.8234844,3.5473752,333.988
1970-01-01 14:08:44,11929.084,134.06734,127.8105,1.2758725,2.2829106,332.1504
1970-01-01 14:08:45,11932.188,137.73949,-136.62187,1.0435458,-32.59071,331.2131
1970-01-01 14:08:46,12043.882,139.70972,-388.83215,-3.698909,6.027379,331.42963
1970-01-01 14:08:47,11964.981,136.1467,21.192287,0.2010801,-24.916939,330.05838
1970-01-01 14:08:48,11953.809,140.20735,-222.27936,3.0421145,-14.902477,330.31348
1970-01-01 14:08:49,12052.383,140.60141,151.51672,1.1220175,11.999966,329.6642
1970-01-01 14:08:50,11906.675,136.42203,31.487253,1.9550687,8.913761,329.47186
1970-01-01 14:08:51,12090.94,138.86888,-193.4559,3.3375366,-25.379122,329.19775
1970-01-01 14:08:52,12011.318,133.77159,272.16107,-2.3905847,0.22118105,327.88354
1970-01-01 14:08:53,12130.619,133.65417,-224.10751,7.3587594,-7.432839,327.15274
1970-01-01 14:08:54,12054.061,142.88414,98.441864,2.3401134,-1.475815,324.34412
1970-01-01 14:08:55,12159.036,141.86516,-87.888336,2.2532454,3.041989,323.77652
1970-01-01 14:08:56,12004.646,127.5229,243.69269,1.5098945,2.3939764,323.7765
1970-01-01 14:08:57,12083.428,128.7962,-540.62604,-0.22120233,-8.370134,324.8693
1970-01-01 14:08:58,11979.13,129.59167,165.34755,0.8057772,14.267179,325.13364
1970-01-01 14:08:59,12031.453,137.1567,203.10768,4.863712,8.06268,326.67822
1970-01-01 14:09:00,12029.235,130.48473,97.57834,1.4937422,11.636757,328.08984
1970-01-01 14:09:01,11990.47,133.87257,-101.83618,-2.5887227,22.907076,328.8325
1970-01-01 14:09:02,12089.705,132.46097,255.1089,4.336748,-0.39384452,328.2634
1970-01-01 14:09:03,11923.925,135.10751,-5.2831345,5.176682,1.1231669,327.4783
1970-01-01 14:09:04,11870.764,140.37523,-44.947525,-4.4837246,-10.50898,328.63965
1970-01-01 14:09:05,11992.237,137.9706,-186.61244,0.82636476,-9.791981,328.11182
1970-01-01 14:09:06,12125.505,134.14919,-545.24805,0.8845855,11.838319,327.5054
1970-01-01 14:09:07,12058.587,132.2516,-76.48416,1.6325473,11.152562,327.1181
1970-01-01 14:09:08,11990.776,134.86157,-118.4437,-1.4482527,10.215309,326.69537
1970-01-01 14:09:09,11920.574,140.86143,-88.401886,1.8018132,-4.8757153,328.01376
1970-01-01 14:09:10,12089.607,132.09598,42.363335,2.9553783,-11.44645,328.74002
1970-01-01 14:09:11,12059.0205,138.26544,-94.92161,2.1246674,-11.519211,328.7558
1970-01-01 14:09:12,12058.273,137.19814,200.91435,2.107539,5.436299,329.19934
1970-01-01 14:09:13,12022.383,131.6732,211.87802,0.4064308,5.011648,329.70465
1970-01-01 14:09:14,11946.396,136.3304,128.8927,0.29558325,-28.42567,329.82178
1970-01-01 14:09:15,11989.373,142.70952,31.030489,2.5395744,21.529434,330.08484
1970-01-01 14:09:16,12037.769,146.55052,-4.022105,1.3406267,4.322505,331.27878
1970-01-01 14:09:17,11920.821,131.26903,-239.01501,4.354355,-8.144652,331.11484
1970-01-01 14:09:18,,153.00844,-395.48596,0.06361912,-4.199571,331.88312
1970-01-01 14:09:19,12004.053,139.61963,222.31926,1.0472714,8.000777,332.11597
1970-01-01 14:09:20,12016.137,136.67348,239.46777,2.0329506,-8.167733,331.0316
1970-01-01 14:09:21,11979.899,136.90611,-370.37582,-2.6784835,2.2622974,332.00906
1970-01-01 14:09:22,11909.217,139.90572,236.7214,6.3206496,-2.1860697,330.8426
1970-01-01 14:09:23,12161.126,142.93109,-90.534386,2.2210374,4.483827,331.3631
1970-01-01 14:09:24,11799.336,139.80605,-192.69662,1.0551598,2.4566638,330.8797
1970-01-01 14:09:25,11900.373,132.73361,103.24642,-2.5230227,2.363818,330.60977
1970-01-01 14:09:26,12034.826,137.44875,71.26578,-3.2835276,-16.013483,329.56134
1970-01-01 14:09:27,11999.9795,131.13568,189.06856,9.274963,-5.6250887,327.14844
1970-01-01 14:09:28,11987.976,135.41858,178.01245,4.5312448,17.432184,327.86398
1970-01-01 14:09:29,11943.858,137.02812,167.84082,3.5733585,4.7509356,325.7698
1970-01-01 14:09:30,11910.032,136.59752,-550.5767,7.1036863,-6.8443956,325.97955
1970-01-01 14:09:31,11912.812,143.59036,198.1966,-1.7081764,-2.0749917,325.2233
1970-01-01 14:09:32,11982.352,132.17499,151.00697,-3.3051124,-4.4754353,326.17252
1970-01-01 14:09:33,11989.959,142.34436,55.39003,4.47974,1.8003381,326.25095
1970-01-01 14:09:34,12029.533,138.58177,243.89851,1.0155183,12.677408,328.778
1970-01-01 14:09:35,11980.178,139.83537,96.51411,-2.9548428,9.138747,329.64896
1970-01-01 14:09:36,11936.428,146.18051,-8.45952,0.6485873,-2.5127194,330.24768
1970-01-01 14:09:37,11981.184,132.41792,109.31352,3.9263616,1.4810748,329.52643
1970-01-01 14:09:38,12018.965,130.07268,103.44267,-1.2917618,2.2212403,326.7517
1970-01-01 14:09:39,11953.932,144.44382,-27.194557,1.884467,-12.019796,326.04242
1970-01-01 14:09:40,11859.644,138.59837,-336.46674,-0.6024163,0.44491538,325.91476
1970-01-01 14:09:41,11945.476,140.65762,59.40525,-2.0492404,-1.354198,325.69028
1970-01-01 14:09:42,11979.866,142.0879,-375.66705,1.6140645,-4.503791,323.9066
1970-01-01 14:09:43,12044.793,141.35011,-15.222368,-3.261669,14.323908,323.06183
1970-01-01 14:09:44,12148.356,136.95584,-275.7313,3.9479368,2.694346,322.13943
1970-01-01 14:09:45,12047.495,140.6564,-256.30774,8.523319,-7.3287954,321.7959
1970-01-01 14:09:46,12081.392,141.03998,63.62659,7.8898025,-8.119225,322.13098
1970-01-01 14:09:47,12078.01,140.21349,-97.27951,-3.2878404,-11.227348,321.9179
1970-01-01 14:09:48,11975.089,137.6646,48.12773,5.1066813,-2.5037081,320.98776
1970-01-01 14:09:49,12098.424,135.31238,7.45506,-2.7943082,-4.250166,321.46683
1970-01-01 14:09:50,11957.22,143.4038,-208.3721,5.0667243,5.101984,321.33887
1970-01-01 14:09:51,11985.96,141.89964,90.97775,3.9570136,-0.4367681,321.9704
1970-01-01 14:09:52,12046.293,141.16206,40.440434,1.6726246,-1.0664415,321.48718
1970-01-01 14:09:53,12052.736,144.59032,157.00072,0.83720624,14.487294,320.45743
1970-01-01 14:09:54,11940.504,142.4354,20.840256,-0.18272232,-6.7028055,319.83887
1970-01-01 14:09:55,11872.178,142.55565,-149.85036,-1.7456285,-4.7166977,319.90768
1970-01-01 14:09:56,11969.062,140.35222,-44.90659,1.1890333,20.066248,321.30978
1970-01-01 14:09:57,11918.026,136.80681,60.763573,6.7940545,-2.142179,321.97903
1970-01-01 14:09:58,11881.735,140.31163,26.352522,1.9654405,-6.4977355,322.17657
1970-01-01 14:09:59,11888.967,137.44164,,-4.8578224,5.183704,323.72388
1970-01-01 14:10:00,12008.3,131.856,-109.94595,7.515581,-13.337224,324.5778
1970-01-01 14:10:01,11957.069,131.17563,-142.93332,-2.8987079,-9.471748,324.97653
1970-01-01 14:10:02,11965.427,136.88007,-157.81143,-3.1505215,-2.0984232,325.186
1970-01-01 14:10:03,12164.176,133.42026,-168.15707,-1.5356476,-4.171915,327.53156
1970-01-01 14:10:04,12066.174,144.21054,-99.39336,3.3590355,-9.90937,327.01193
1970-01-01 14:10:05,11985.071,137.51251,129.42477,-1.34354,-20.719955,328.5114
1970-01-01 14:10:06,11883.608,137.60783,6.0781093,4.0528865,-9.620145,328.9646
1970-01-01 14:10:07,11891.484,132.94473,37.30147,-0.47562954,17.61977,326.8018
1970-01-01 14:10:08,12178.989,136.79805,127.65635,1.00333,2.1108143,326.81686
1970-01-01 14:10:09,11961.389,138.2123,-69.560165,-2.816674,2.6058269,326.06577
1970-01-01 14:10:10,11935.595,133.89815,51.911205,1.9321067,0.41388398,323.78012
1970-01-01 14:10:11,12000.207,136.5881,-168.47836,1.294677,11.410312,324.43884
1970-01-01 14:10:12,11765.705,138.42552,-140.22394,3.5539184,-10.517798,325.60284
1970-01-01 14:10:13,12100.244,140.659,117.24537,-1.6559278,-15.353406,324.70255
1970-01-01 14:10:14,12051.621,139.44144,29.75132,-3.2391496,11.044179,324.7287
1970-01-01 14:10:15,12013.094,134.73984,218.25278,3.743753,3.1241438,325.55652
1970-01-01 14:10:16,12000.732,142.55869,150.04184,-0.23628695,11.397727,324.88034
1970-01-01 14:10:17,11962.548,141.01057,-128.20747,,7.4358025,324.7165
1970-01-01 14:10:18,12078.219,142.7407,156.15701,1.1637341,-7.214529,324.64734
1970-01-01 14:10:19,12125.103,138.4174,387.91068,4.472754,-2.0736656,324.86685
1970-01-01 14:10:20,12136.914,134.26514,-148.12231,-0.7272624,6.8845057,322.96896
1970-01-01 14:10:21,12153.48,139.3324,35.531338,-5.7324843,-5.296505,322.65652
1970-01-01 14:10:22,12022.22,152.19653,-84.21035,0.01941262,8.224401,323.0168
1970-01-01 14:10:23,11996.983,145.84187,-64.444695,6.3580704,8.67491,322.9138
1970-01-01 14:10:24,11890.884,139.98045,65.214066,5.074028,-12.074495,322.52505
1970-01-01 14:10:25,12053.648,144.266,-213.61276,1.4321842,2.2676287,324.79837
1970-01-01 14:10:26,12039.27,133.69324,-313.41995,-1.7214262,-3.9472234,325.05386
1970-01-01 14:10:27,12082.319,139.35643,-201.02303,2.0918975,-8.526535,324.50705
1970-01-01 14:10:28,12098.735,138.5556,57.284832,4.494637,1.030478,325.06705
1970-01-01 14:10:29,12037.443,138.48784,-175.48557,7.9928536,13.527154,325.7195
1970-01-01 14:10:30,,142.41704,194.8761,1.0749031,3.041767,325.81668
1970-01-01 14:10:31,11976.166,142.5821,-205.52544,3.7587907,0.53611624,325.48666
1970-01-01 14:10:32,11954.84,144.65047,-203.30595,7.068889,-14.79239,322.98026
1970-01-01 14:10:33,11872.362,137.3136,-164.42007,0.33723512,14.742346,323.1974
1970-01-01 14:10:34,12101.613,140.47314,54.23633,2.82955,1.2230151,322.74994
1970-01-01 14:10:35,12083.143,137.70808,-219.22668,-2.001724,3.9471989,321.80545
1970-01-01 14:10:36,12129.041,137.83109,-317.5554,1.8970153,17.340572,321.73386
1970-01-01 14:10:37,11826.657,137.90517,-107.790764,-0.44083962,8.861246,321.51797
1970-01-01 14:10:38,11853.275,144.53249,-98.63177,1.4296726,5.063572,322.12775
1970-01-01 14:10:39,12026.473,135.76823,-185.71838,-0.94188553,6.684427,320.0236
1970-01-01 14:10:40,12022.247,141.41917,-266.02365,3.34939,3.9812796,319.703
1970-01-01 14:10:41,11999.383,138.37231,-127.567345,2.453419,-6.7695336,319.46887
1970-01-01 14:10:42,12124.343,142.59563,-243.4426,3.8139613,-16.46283,319.19153
1970-01-01 14:10:43,11938.73,149.2752,305.09576,1.573826,2.018748,319.81454
1970-01-01 14:10:44,11954.585,139.51088,135.1899,6.2384515,7.561815,320.72305
1970-01-01 14:10:45,12013.055,141.73042,-77.40371,2.9575264,-1.6470677,320.40707
1970-01-01 14:10:46,12027.617,134.44514,106.15115,1.8672351,-3.988418,319.90485
1970-01-01 14:10:47,11975.015,138.66403,155.3226,-1.9324661,15.188515,319.8361
1970-01-01 14:10:48,11986.61,144.13715,68.26196,-0.07603444,-3.1219895,318.85114
1970-01-01 14:10:49,11904.782,138.4092,-88.47884,5.461038,-3.5067363,319.14706
1970-01-01 14:10:50,12065.353,140.96187,110.691536,0.09247305,-1.7147856,318.3966
1970-01-01 14:10:51,12162.735,125.4357,-167.29486,0.90659606,16.292112,317.9545
1970-01-01 14:10:52,12014.946,139.79524,161.98749,2.057061,-31.47244,317.9545
1970-01-01 14:10:53,12024.835,140.79396,-165.28448,-1.1808606,10.230123,318.27673
1970-01-01 14:10:54,11958.253,144.28519,-182.83252,3.6641283,-3.356057,315.2351
1970-01-01 14:10:55,12085.178,140.36694,275.606,0.98838,8.360561,315.25217
1970-01-01 14:10:56,12018.97,137.69777,48.606037,2.3331404,3.4980323,315.4972
1970-01-01 14:10:57,12003.762,142.86557,34.639717,8.141404,-2.9158337,314.51068
1970-01-01 14:10:58,12057.372,143.89772,314.8247,0.3464775,-1.100212,315.18707
1970-01-01 14:10:59,11923.985,139.28525,76.67634,1.1408216,-1.834909,316.26672
1970-01-01 14:11:00,12008.133,131.69414,-190.69379,1.3213559,3.131909,315.6875
1970-01-01 14:11:01,12064.762,142.404,-45.575626,8.561053,5.37081,315.12646
1970-01-01 14:11:02,11892.672,137.42206,39.83708,-1.1945785,8.806177,314.2129
1970-01-01 14:11:03,12069.324,137.7648,-40.02745,-0.09815756,-2.5193944,314.35458
1970-01-01 14:11:04,12051.415,139.5723,41.955334,4.3182206,3.5677278,312.79794
1970-01-01 14:11:05,11886.263,145.4371,271.3766,2.1204493,-8.393681,311.83585
1970-01-01 14:11:06,11895.927,136.76784,129.05135,0.85011786,-12.650382,312.66068
1970-01-01 14:11:07,11970.337,141.9657,-264.4369,2.9614644,-25.051586,311.67368
1970-01-01 14:11:08,12071.312,141.99217,-457.51758,0.44721413,-6.631892,311.16653
1970-01-01 14:11:09,12076.744,144.42322,101.434975,4.179673,8.387233,311.6488
1970-01-01 14:11:10,11963.09,137.41565,62.705433,2.0376415,1.7919091,310.65756
1970-01-01 14:11:11,11974.786,137.22617,-106.88734,0.726649,-6.292261,311.39307
1970-01-01 14:11:12,11909.388,145.91585,-348.02353,-0.32971022,5.7555733,311.76108
1970-01-01 14:11:13,11894.92,138.27844,285.44418,3.8212888,7.692375,310.1547
1970-01-01 14:11:14,12091.722,145.30203,-44.341923,-1.6261127,14.702006,311.45975
1970-01-01 14:11:15,11871.943,136.77696,-181.58205,1.3922147,-3.6806567,311.67654
1970-01-01 14:11:16,11983.584,143.65295,-426.0078,0.34097108,-1.6727993,311.9266
1970-01-01 14:11:17,12045.456,141.76688,81.87204,4.529239,9.877177,312.76367
1970-01-01 14:11:18,11924.84,142.15192,-167.68102,3.1483078,-1.2683992,311.35666
1970-01-01 14:11:19,12107.55,142.38988,-36.990875,4.7171946,2.289546,310.662
1970-01-01 14:11:20,12043.837,140.50107,158.10231,2.8201382,3.0997794,311.21344
1970-01-01 14:11:21,11922.544,147.68703,219.30011,3.4380617,-17.835608,311.5994
1970-01-01 14:11:22,12034.046,144.98541,170.56966,0.4974548,-19.909452,310.3305
1970-01-01 14:11:23,11924.165,139.93018,219.96852,3.833584,5.6617594,310.36096
1970-01-01 14:11:24,12126.255,143.6509,-127.8788,7.431324,2.9016461,310.34482
1970-01-01 14:11:25,12035.44,140.87204,-156.49147,5.1519165,10.121113,313.03558
1970-01-01 14:11:26,12128.154,146.68867,-34.1817,1.8786868,-14.074742,313.57367
1970-01-01 14:11:27,12119.451,145.03993,-313.79666,4.879593,4.039306,313.3206
1970-01-01 14:11:28,11931.258,144.78021,348.0801,3.772704,-3.080887,314.72955
1970-01-01 14:11:29,12052.875,147.61833,45.928967,0.7518782,-8.207982,316.23813
1970-01-01 14:11:30,12194.802,147.77788,22.99006,-1.8811088,11.031505,317.39185
1970-01-01 14:11:31,11936.795,145.27023,103.352875,1.4606328,-0.90839064,318.1638
1970-01-01 14:11:32,11883.888,137.54204,195.63739,1.4733813,-5.2517886,318.79813
1970-01-01 14:11:33,12006.072,140.54454,-93.03896,0.043823335,5.561834,319.57288
1970-01-01 14:11:34,11942.671,141.39012,-121.1169,3.2449303,14.932669,317.12726
1970-01-01 14:11:35,12018.393,144.42928,-146.44171,2.8815038,-16.072113,318.43503
1970-01-01 14:11:36,11912.14,145.87944,-250.88737,4.5369825,1.8979738,319.98587
1970-01-01 14:11:37,11903.575,134.02637,-178.28307,7.4774137,-7.393919,321.91196
1970-01-01 14:11:38,12051.149,144.61942,-209.57025,3.5232537,8.634173,321.44885
1970-01-01 14:11:39,12067.938,137.6045,10.474369,-0.80068225,1.2748233,321.68008
1970-01-01 14:11:40,11905.913,143.97366,102.03298,3.476592,-0.0011558871,321.5653
1970-01-01 14:11:41,12002.787,149.5009,332.0276,4.2690578,10.446372,321.3197
1970-01-01 14:11:42,12196.338,149.45694,-296.2383,2.8192139,-13.746836,321.3768
1970-01-01 14:11:43,11903.955,143.73471,-260.10178,2.742625,-4.4197507,319.70062
1970-01-01 14:11:44,12105.146,145.32616,-301.18808,7.5636883,0.42977723,320.6672
1970-01-01 14:11:45,12033.324,146.62465,-153.28584,-1.163426,5.616579,320.68375
1970-01-01 14:11:46,11992.029,143.69072,198.99796,-3.6288784,-4.988931,323.1284
1970-01-01 14:11:47,12036.733,145.29718,93.09318,-0.057348493,-2.1344905,326.4448
1970-01-01 14:11:48,11907.256,146.37006,187.13321,2.309905,15.823645,327.77542
1970-01-01 14:11:49,12123.1875,143.41992,-67.879234,1.9773612,,327.43893
1970-01-01 14:11:50,12029.076,140.58562,87.41722,1.0843759,0.92681926,327.0669
1970-01-01 14:11:51,11998.469,142.45546,-223.90062,0.5646539,-4.9604216,326.661
1970-01-01 14:11:52,12070.035,146.4586,224.0935,2.4138186,8.881877,327.99313
1970-01-01 14:11:53,12139.39,147.68129,86.67682,5.0746684,-16.409431,327.53198
1970-01-01 14:11:54,12133.324,145.60379,155.6867,5.6526556,-0.38085097,326.90118
1970-01-01 14:11:55,12021.216,151.04105,315.93756,0.25052813,1.7025806,326.97372
1970-01-01 14:11:56,12022.23,142.86475,32.975048,-0.39226368,8.403752,326.77484
1970-01-01 14:11:57,12090.957,141.83563,-53.534275,-0.66182524,10.862323,326.1521
1970-01-01 14:11:58,12029.775,148.01927,-388.6287,0.89508396,-0.8623002,326.0773
1970-01-01 14:11:59,12125.913,145.50728,156.36795,0.26338503,8.385517,327.53476
1970-01-01 14:12:00,11952.118,140.60588,120.81724,-1.3684766,-9.984402,327.15152
1970-01-01 14:12:01,12041.281,140.15741,109.95378,0.73713666,15.566267,327.75635
1970-01-01 14:12:02,12016.781,144.66832,81.64461,-0.6155664,6.733346,329.04028
1970-01-01 14:12:03,11966.081,146.78224,-270.3407,11.478484,-21.79291,328.27298
1970-01-01 14:12:04,11927.55,142.8298,-40.35634,-0.07092459,0.82009566,326.9088
1970-01-01 14:12:05,11975.614,137.83676,296.98373,2.1428468,10.363388,327.7656
1970-01-01 14:12:06,11937.209,142.65257,293.40283,0.2646958,-5.6989923,327.4142
1970-01-01 14:12:07,12048.039,149.8241,-23.140059,7.5831947,-16.273882,328.79996
1970-01-01 14:12:08,11955.994,145.5039,16.745121,1.0339637,9.254261,328.2331
1970-01-01 14:12:09,12026.108,143.5265,-129.78293,-0.09982217,19.79828,328.76428
1970-01-01 14:12:10,12125.874,145.03122,366.62357,-1.6284703,-11.717075,326.78952
1970-01-01 14:12:11,11919.947,142.94385,449.16827,1.207872,-13.287028,328.12997
1970-01-01 14:12:12,12050.829,143.8491,10.817009,2.9369922,5.6212716,328.86243
1970-01-01 14:12:13,12003.777,145.04166,-169.57414,1.5771776,24.662521,327.6297
1970-01-01 14:12:14,11979.77,140.92656,53.83092,1.7448007,-2.6798854,326.75528
1970-01-01 14:12:15,12110.482,143.25592,-223.04453,5.2709155,-15.71939,327.11087
1970-01-01 14:12:16,11995.004,142.14613,100.07241,-0.6142354,4.496759,327.17535
1970-01-01 14:12:17,12012.184,142.81949,-3.575543,4.1116486,11.199377,326.87482
1970-01-01 14:12:18,11977.409,140.42998,159.49611,0.81455344,-1.4810872,327.51245
1970-01-01 14:12:19,11895.546,144.11981,-493.98117,1.539745,-0.8745349,327.63474
1970-01-01 14:12:20,12011.138,142.58157,7.6937294,1.7361944,-20.051332,326.78403
1970-01-01 14:12:21,11986.377,141.00662,58.702286,-1.6440762,-7.832867,327.9693
1970-01-01 14:12:22,11994.657,141.69368,-122.89537,-0.9304323,-4.8186636,326.02292
1970-01-01 14:12:23,12048.372,143.46152,-44.37163,2.3828473,6.895267,327.18973
1970-01-01 14:12:24,11937.196,139.45839,-212.30771,3.7173398,1.6350305,327.93832
1970-01-01 14:12:25,12047.592,142.81615,-10.539012,-1.2461462,-5.1422205,329.0101
1970-01-01 14:12:26,11930.865,139.4135,251.26399,4.8079953,1.5512611,328.49203
1970-01-01 14:12:27,12057.955,150.98058,164.95195,0.9015437,-3.7657323,329.11203
1970-01-01 14:12:28,12040.758,146.62794,-92.55227,1.9774067,-30.030678,328.16348
1970-01-01 14:12:29,11888.089,143.84076,184.83394,2.4416313,-19.786915,326.05853
1970-01-01 14:12:30,12051.817,143.8732,-175.78171,5.935551,-6.845931,326.23386
1970-01-01 14:12:31,11968.408,141.07324,84.00408,-0.8508782,6.477126,325.9565
1970-01-01 14:12:32,11973.998,146.34502,-198.40428,3.3661036,8.848579,324.43106
1970-01-01 14:12:33,12005.162,153.70624,-219.92609,5.3841453,-5.2718415,323.92123
1970-01-01 14:12:34,12006.411,144.81512,47.00249,4.862898,-20.052513,321.84525
1970-01-01 14:12:35,12111.108,149.97758,22.736578,0.305806,12.854556,321.95105
1970-01-01 14:12:36,11896.545,145.94498,40.27002,3.7242503,-3.095664,322.38968
1970-01-01 14:12:37,11955.272,140.71501,298.27795,0.8199743,-9.03662,320.74036
1970-01-01 14:12:38,12149.896,144.12631,201.49231,3.9485984,21.434298,320.19626
1970-01-01 14:12:39,11851.296,146.81927,48.955826,0.55717623,-2.722215,320.1564
1970-01-01 14:12:40,11855.241,140.02202,-269.76697,-3.2658725,5.670089,321.88852
1970-01-01 14:12:41,11969.114,146.81976,-18.802523,4.7667065,-2.670197,320.2526
1970-01-01 14:12:42,12004.526,143.77393,157.20627,2.5166907,14.398113,320.2653
1970-01-01 14:12:43,12110.36,146.70117,121.44909,-0.46181664,10.3097,318.82745
1970-01-01 14:12:44,11964.303,150.93005,-138.21063,4.4858174,0.6686445,319.2989
1970-01-01 14:12:45,11962.5625,141.7833,71.95078,-4.7600493,12.231923,318.72095
1970-01-01 14:12:46,11907.004,140.2159,81.19049,0.78190565,6.4507847,318.9687
1970-01-01 14:12:47,11928.463,136.99657,380.19296,-2.8456895,-7.1266317,319.46228
1970-01-01 14:12:48,11938.415,149.2044,43.88222,3.441337,-5.569004,320.52567
1970-01-01 14:12:49,11988.761,143.23935,-133.07756,2.8558204,9.4112015,320.26675
1970-01-01 14:12:50,11831.19,142.56294,46.304684,7.389422,-8.224523,321.7499
1970-01-01 14:12:51,11976.289,144.27332,253.77055,4.939005,1.1011536,321.23328
1970-01-01 14:12:52,11980.221,141.51494,254.06618,1.4410868,-16.270916,323.8304
1970-01-01 14:12:53,12015.332,150.2452,64.52717,0.42530122,9.689408,322.77158
1970-01-01 14:12:54,11966.637,144.02249,-269.97482,4.2699285,0.8703864,323.40164
1970-01-01 14:12:55,12002.445,143.03932,194.18962,-0.15960677,5.687894,323.59323
1970-01-01 14:12:56,12003.88,148.20314,-92.39712,-2.2775567,8.155451,323.56674
1970-01-01 14:12:57,12108.498,151.15378,-69.05024,0.73031,8.360705,323.40158
1970-01-01 14:12:58,12026.712,148.77509,63.821163,0.7145888,11.580803,323.98312
1970-01-01 14:12:59,12022.667,145.20569,172.51302,-4.46782,0.29171658,324.83585
1970-01-01 14:13:00,11983.011,144.81717,-161.48326,4.189601,-2.2715685,325.3974
1970-01-01 14:13:01,11990.616,148.90128,6.282641,0.5954837,2.616949,327.2019
1970-01-01 14:13:02,12098.16,139.6295,279.54276,0.9991755,8.564544,326.53067
1970-01-01 14:13:03,12029.705,140.04996,90.60201,-1.3969061,0.60713,327.0102
1970-01-01 14:13:04,12170.759,145.95015,-165.85028,-4.5566635,-10.691016,326.6678
1970-01-01 14:13:05,12089.189,146.13947,41.374065,2.2331648,-7.964135,326.47693
1970-01-01 14:13:06,12021.003,148.11192,-18.655907,2.2720919,-8.720591,325.94666
1970-01-01 14:13:07,12066.208,149.8357,101.86707,8.819342,-14.561832,325.6185
1970-01-01 14:13:08,12213.472,147.10272,68.228836,0.20652464,2.070497,326.1709
1970-01-01 14:13:09,11971.554,145.82098,76.61892,-1.1280859,-11.090772,326.37286
1970-01-01 14:13:10,11960.155,148.38821,-202.84894,-2.4607346,-4.274613,326.64954
1970-01-01 14:13:11,,136.74454,139.81894,-1.6110998,-2.98512,327.21225
1970-01-01 14:13:12,12060.287,143.46077,69.01746,8.622431,1.686395,327.11835
1970-01-01 14:13:13,11957.294,142.64685,78.10255,0.3941859,-10.42863,327.0284
1970-01-01 14:13:14,12062.434,147.36841,-131.37202,1.5705796,-7.328484,327.22775
1970-01-01 14:13:15,11928.951,145.90686,-123.01252,5.0469193,-8.123594,326.6446
1970-01-01 14:13:16,12087.547,133.6524,-35.13021,4.348235,-4.682484,327.53168
1970-01-01 14:13:17,12214.764,138.63123,231.13737,1.1042832,-9.39769,327.3291
1970-01-01 14:13:18,12001.4795,149.86507,336.65134,8.33712,4.8973923,327.35724
1970-01-01 14:13:19,11972.374,148.37848,31.934208,2.0502589,-9.93125,327.33176
1970-01-01 14:13:20,12068.549,140.06776,-51.12144,2.7865865,-0.58594096,327.9558
1970-01-01 14:13:21,11985.476,152.15672,319.57678,1.1169951,-14.52081,326.18015
1970-01-01 14:13:22,12001.486,145.51875,287.15768,-0.94039464,10.683164,325.7646
1970-01-01 14:13:23,12117.969,148.50215,45.359352,0.52420837,0.0717938,325.7861
1970-01-01 14:13:24,12181.818,153.29012,-58.065533,3.5583258,-6.4310985,323.59125
1970-01-01 14:13:25,11974.144,143.60799,352.39383,2.1365023,1.9415542,324.40112
1970-01-01 14:13:26,12097.066,144.14958,86.988625,1.2067878,11.3635435,324.0451
1970-01-01 14:13:27,12139.632,141.14474,-141.54164,3.5976624,0.7651787,323.01654
1970-01-01 14:13:28,12044.131,150.02992,-62.56846,0.5664028,-0.25252652,323.42712
1970-01-01 14:13:29,12039.78,148.85643,-485.10272,-1.9455473,13.737359,322.47745
1970-01-01 14:13:30,12045.142,144.06506,-464.32825,2.98421,,323.30475
1970-01-01 14:13:31,11944.648,149.01399,-108.51499,-2.2955475,-11.381801,326.01273
1970-01-01 14:13:32,12092.218,142.26292,-119.15481,-4.4685454,-13.102085,326.3012
1970-01-01 14:13:33,11910.797,147.58234,-525.04877,2.4222512,-4.2371264,326.7149
1970-01-01 14:13:34,11991.748,145.86891,89.36573,2.5862918,-11.573696,326.68423
1970-01-01 14:13:35,12024.487,148.14523,-21.847485,4.839521,10.128185,326.3098
1970-01-01 14:13:36,12245.004,148.58466,233.79462,5.190795,11.800314,325.47897
1970-01-01 14:13:37,12030.491,147.80055,-79.310905,2.9869301,-22.389404,325.29584
1970-01-01 14:13:38,12005.887,145.03293,136.57527,3.4695673,-0.14154331,325.3489
1970-01-01 14:13:39,11934.032,149.09137,-112.75785,2.8458734,-0.33615133,324.9156
1970-01-01 14:13:40,11971.404,143.44357,-134.61069,6.4527555,15.521128,324.0856
1970-01-01 14:13:41,11985.71,151.86238,-301.9517,1.800829,23.138931,325.6744
1970-01-01 14:13:42,12068.979,146.41794,332.22443,1.6755481,9.611821,328.35153
1970-01-01 14:13:43,11876.772,147.52248,71.93842,-2.4537592,-16.10895,327.93295
1970-01-01 14:13:44,11991.9,148.20738,280.16873,1.835016,-14.927819,326.19702
1970-01-01 14:13:45,11981.357,148.93367,-35.16308,6.4171104,5.250928,324.52643
1970-01-01 14:13:46,11926.348,149.20833,63.596424,6.459162,-5.6038256,325.10458
1970-01-01 14:13:47,12029.771,146.4613,37.987446,1.3004953,-10.530316,324.91196
1970-01-01 14:13:48,12094.745,156.68991,82.13782,3.438143,-1.4807857,324.57657
1970-01-01 14:13:49,11926.346,150.63443,-302.02515,3.4707186,5.4712257,324.1559
1970-01-01 14:13:50,12162.437,148.00601,-122.76402,7.953164,-0.46143478,325.3418
1970-01-01 14:13:51,12163.202,140.90096,58.18967,4.865674,-0.99511075,324.5241
1970-01-01 14:13:52,12035.028,147.92085,-80.64324,3.439224,-4.1186028,326.62436
1970-01-01 14:13:53,12202.089,150.07408,-192.7034,5.1703277,5.6168694,325.35327
1970-01-01 14:13:54,12034.449,152.50671,-331.0471,3.356294,-4.5761337,327.445
1970-01-01 14:13:55,12011.464,150.6771,-166.20049,1.7188023,11.368996,326.5388
1970-01-01 14:13:56,12004.939,144.3223,34.481297,3.2264152,-4.2480216,326.2073
1970-01-01 14:13:57,12078.798,145.29988,-173.74646,1.038088,8.866942,325.43085
1970-01-01 14:13:58,12019.973,149.18826,-308.5124,-0.37164637,-11.094399,325.39252
1970-01-01 14:13:59,12097.468,151.51707,-73.68897,1.464262,3.7195606,325.20435
1970-01-01 14:14:00,12083.218,148.90143,-274.57574,5.0278926,-4.257263,326.0169
1970-01-01 14:14:01,11906.436,152.44856,82.67524,5.224349,-0.8289575,326.5807
1970-01-01 14:14:02,12075.317,149.13959,-11.487568,4.7165394,1.1269802,325.67343
1970-01-01 14:14:03,11976.239,150.11414,-126.79875,0.6672887,1.4079663,324.88263
1970-01-01 14:14:04,12096.8955,150.35124,304.59686,-0.04314708,-2.457673,326.0373
1970-01-01 14:14:05,11859.717,145.27553,-138.8604,1.9341638,6.227938,325.65646
1970-01-01 14:14:06,12014.714,148.9104,-133.26259,-0.36545688,2.9923472,325.84167
1970-01-01 14:14:07,12102.733,144.76767,190.3794,5.713144,-3.1996229,326.2927
1970-01-01 14:14:08,12050.397,146.45975,352.05338,6.219847,-13.329907,326.31494
1970-01-01 14:14:09,12190.23,144.00226,192.98323,2.3748698,-1.5381739,326.01163
1970-01-01 14:14:10,12084.9375,156.39363,121.094315,-0.81706506,-4.337519,324.92783
1970-01-01 14:14:11,11947.726,146.90768,49.822845,0.44720033,3.453813,324.93478
1970-01-01 14:14:12,12080.615,146.86055,-83.56849,-1.1760172,-16.881468,325.56442
1970-01-01 14:14:13,12026.137,151.90874,57.01652,0.5479649,-4.2798615,326.67923
1970-01-01 14:14:14,11997.197,141.19337,-108.69337,-0.15327911,6.1137304,326.15228
1970-01-01 14:14:15,11960.074,153.61256,20.768414,4.3511105,10.577122,325.13367
1970-01-01 14:14:16,12151.578,143.98868,268.0447,2.2088213,10.682866,325.92935
1970-01-01 14:14:17,12030.645,146.27408,-225.22234,2.1731548,-9.937413,324.96695
1970-01-01 14:14:18,11968.365,151.46721,18.210802,4.503851,10.567372,323.28308
1970-01-01 14:14:19,11943.126,144.3124,-28.086508,6.7846594,-7.068656,323.08292
1970-01-01 14:14:20,12091.818,145.78937,-108.09622,5.303231,5.9228945,323.31848
1970-01-01 14:14:21,11880.828,143.47778,113.498535,3.6831057,2.2991314,323.4231
1970-01-01 14:14:22,12022.272,150.42024,-122.606415,3.720127,8.329644,325.1263
1970-01-01 14:14:23,11945.479,150.27032,-13.692931,6.1027923,-2.1202464,325.48257
1970-01-01 14:14:24,11952.349,146.005,-250.87006,4.387052,-11.118127,324.49442
1970-01-01 14:14:25,12125.067,150.45293,-79.563354,2.3389568,7.7911696,323.93567
1970-01-01 14:14:26,11980.044,148.33116,-25.830595,1.0207875,-6.960694,323.4302
1970-01-01 14:14:27,11928.836,149.24562,-73.50163,4.4609013,-9.425347,323.57745
1970-01-01 14:14:28,12105.254,151.16985,-239.31705,1.8536111,-7.238395,323.1909
1970-01-01 14:14:29,11964.349,152.46365,-60.24697,3.6067398,-5.9239397,323.71545
1970-01-01 14:14:30,12162.005,158.98026,-159.18216,2.0473838,-7.8847837,325.79105
1970-01-01 14:14:31,12035.962,151.00053,-33.733402,7.5710564,3.6415212,324.7402
1970-01-01 14:14:32,12098.75,149.78593,-173.66994,-3.000769,30.269186,325.68274
1970-01-01 14:14:33,12035.382,143.44904,164.31177,1.2015576,-6.390571,326.91843
1970-01-01 14:14:34,11854.841,152.63805,37.582912,4.3996744,-15.863079,326.16757
1970-01-01 14:14:35,11856.69,143.28595,-271.93875,0.22416346,11.78049,324.39816
1970-01-01 14:14:36,12019.906,156.85959,195.12634,2.5619495,-1.8486141,324.3069
1970-01-01 14:14:37,11992.473,148.10118,,0.5082088,6.5870333,323.34406
1970-01-01 14:14:38,11999.228,146.25719,-332.40076,5.8314304,2.10579,322.88666
1970-01-01 14:14:39,12228.557,150.34679,98.997734,5.825719,-2.9573534,322.1921
1970-01-01 14:14:40,12042.088,151.69637,-27.684374,-1.6007872,0.7118638,321.30136
1970-01-01 14:14:41,11959.235,,-9.779281,1.9385518,3.468561,321.68307
1970-01-01 14:14:42,12033.051,148.4983,7.2339396,4.153492,-1.101359,321.34592
1970-01-01 14:14:43,11919.348,159.01198,154.76181,-2.3260007,8.510901,322.77063
1970-01-01 14:14:44,12059.168,152.03894,-480.1051,5.5656643,11.423216,323.95663
1970-01-01 14:14:45,11976.599,146.92949,-99.98562,2.7693417,-9.96082,324.698
1970-01-01 14:14:46,12009.91,148.37117,-98.35247,3.6248956,-3.1196399,324.84662
1970-01-01 14:14:47,12059.3125,151.44753,145.75623,4.463417,-16.763004,324.97757
1970-01-01 14:14:48,11914.22,140.24858,117.4486,-0.020287368,19.30527,325.2599
1970-01-01 14:14:49,12025.588,148.55615,-16.076147,1.6431794,-1.2201153,323.2345
1970-01-01 14:14:50,11908.073,148.34572,329.8927,3.693299,-1.6732564,324.74478
1970-01-01 14:14:51,11943.974,150.34303,-203.1267,2.7225485,11.486761,325.29593
1970-01-01 14:14:52,11984.642,151.78018,-40.019966,3.1241634,-18.710424,326.10175
1970-01-01 14:14:53,11889.482,150.0374,17.387304,4.458767,-7.9033527,326.4518
1970-01-01 14:14:54,11868.444,150.18932,4.4360757,-1.0110888,-14.141604,326.55725
1970-01-01 14:14:55,12028.139,150.8842,140.50537,0.2394819,14.419996,324.91867
1970-01-01 14:14:56,11992.292,145.96118,-216.54878,5.3820653,-8.560944,326.75674
1970-01-01 14:14:57,12021.742,153.1855,-131.82341,2.9614182,1.5641371,327.01578
1970-01-01 14:14:58,11966.484,144.18387,-189.86505,5.865344,-10.72107,327.53308
1970-01-01 14:14:59,11966.354,146.06848,119.49522,2.7536497,22.989115,329.10416
1970-01-01 14:15:00,12052.435,149.06891,-110.436874,4.641413,-13.190583,329.01932
1970-01-01 14:15:01,12102.337,149.67511,186.92664,5.3293953,2.1609373,328.0099
1970-01-01 14:15:02,11987.129,142.60446,-31.832634,2.0456564,6.1550055,328.09155
1970-01-01 14:15:03,12018.72,144.68661,116.275,2.6208158,-4.9949408,328.1435
1970-01-01 14:15:04,12015.12,149.30675,474.48254,1.5104828,10.485826,328.22195
1970-01-01 14:15:05,12119.01,148.04546,-120.73669,3.198421,2.294016,329.70218
1970-01-01 14:15:06,12001.353,145.7785,61.418743,6.919953,-11.506311,329.80746
1970-01-01 14:15:07,12124.198,145.25513,-5.687322,5.993479,-3.9707022,328.9532
1970-01-01 14:15:08,11873.483,150.57498,-196.39964,2.0337908,14.389085,327.89078
1970-01-01 14:15:09,11882.025,149.63467,-78.01781,4.136691,7.181506,328.62064
1970-01-01 14:15:10,12005.038,148.1242,1.4697493,1.0568492,-9.654346,328.88043
1970-01-01 14:15:11,11941.995,151.02954,-110.74648,4.037291,9.894448,329.65808
1970-01-01 14:15:12,12026.437,143.56847,128.11455,0.46346888,4.808538,330.88693
1970-01-01 14:15:13,12020.585,155.4612,-111.63816,1.1193895,1.4679052,330.61133
1970-01-01 14:15:14,12059.48,149.8373,34.920372,8.4414,-6.095304,333.91318
1970-01-01 14:15:15,11922.785,147.61954,-149.37927,-1.9890586,5.3827467,334.65833
1970-01-01 14:15:16,12037.626,149.56818,-6.800514,2.7027028,-9.177213,336.12192
1970-01-01 14:15:17,12101.839,148.5869,-26.044834,2.8813756,-16.49904,335.67664
1970-01-01 14:15:18,12137.598,151.71683,40.66082,3.9299474,-6.0192947,334.82748
1970-01-01 14:15:19,12001.475,143.0849,189.89182,-0.094020955,4.9556456,335.1697
1970-01-01 14:15:20,12160.56,145.87625,-41.595577,-3.6932936,-12.807112,336.4462
1970-01-01 14:15:21,12133.088,147.31091,-142.57423,-0.8895251,-1.8558991,336.37323
1970-01-01 14:15:22,12000.206,153.16994,255.63885,0.30136585,13.910576,337.03336
1970-01-01 14:15:23,12113.358,144.6329,-51.89851,1.9456391,-11.998887,338.0651
1970-01-01 14:15:24,11868.895,151.17429,129.30795,-7.8207035,1.8481402,338.69556
1970-01-01 14:15:25,12029.531,152.88652,-146.90181,4.8874617,-6.2046533,337.4869
1970-01-01 14:15:26,12038.925,148.73235,105.739876,-1.8909117,-1.5100228,336.19052
1970-01-01 14:15:27,11954.664,145.9188,45.576454,7.5023994,4.705616,337.37592
1970-01-01 14:15:28,11960.301,141.18536,-387.86093,9.605047,-2.4766953,337.53897
1970-01-01 14:15:29,11936.052,160.96555,-122.66504,2.8863204,-10.702335,336.68582
1970-01-01 14:15:30,11954.923,154.28735,172.20793,-1.9179385,-1.1591221,335.75735
1970-01-01 14:15:31,12027.26,150.26035,-247.08128,2.8581338,-1.7233739,335.38113
1970-01-01 14:15:32,12109.477,156.3468,110.863396,-0.31426182,-7.713454,335.52792
1970-01-01 14:15:33,12124.036,143.65495,108.027695,1.1873286,9.017546,335.77164
1970-01-01 14:15:34,11912.61,156.87926,77.93833,1.7132499,17.286674,335.61594
1970-01-01 14:15:35,11928.734,154.5156,-130.63875,0.12712906,-5.805255,336.32617
1970-01-01 14:15:36,11840.959,153.29674,-189.16277,2.6903636,-3.348144,335.45145
1970-01-01 14:15:37,11824.418,153.1786,174.03813,4.125849,-4.032507,333.53555
1970-01-01 14:15:38,11973.161,145.07971,-56.820732,-2.555796,20.241236,332.5497
1970-01-01 14:15:39,12022.817,152.8321,-66.06768,0.8634364,-0.12908725,332.1039
1970-01-01 14:15:40,12107.047,148.19348,-42.56754,9.412382,-6.6029825,334.24628
1970-01-01 14:15:41,11929.731,150.879,-29.63477,1.2142026,-17.939919,334.4465
1970-01-01 14:15:42,11891.969,144.7023,10.2311535,0.028722622,-8.534381,334.58118
1970-01-01 14:15:43,12068.237,153.36653,323.95682,2.5012915,-5.5229926,334.358
1970-01-01 14:15:44,11989.505,145.64493,-9.691341,3.6827028,0.19156945,333.4118
1970-01-01 14:15:45,11951.855,151.03107,168.58871,-0.17767522,-0.2569151,333.2481
1970-01-01 14:15:46,11909.259,153.16814,46.644806,2.6482062,3.9515557,333.7013
1970-01-01 14:15:47,12133.55,147.64671,-96.027115,5.2899265,16.431479,333.74976
1970-01-01 14:15:48,11911.67,152.19557,139.10275,-3.7501905,18.660627,332.6591
1970-01-01 14:15:49,12001.654,151.6325,9.588751,5.645414,-1.2901278,332.50568
1970-01-01 14:15:50,12057.851,152.237,-370.56888,3.8987696,-2.823226,334.2748
1970-01-01 14:15:51,11927.2295,153.96043,90.11719,1.9821811,-10.912931,335.21646
1970-01-01 14:15:52,11980.119,155.17807,483.72598,5.4031863,3.2336154,335.8969
1970-01-01 14:15:53,12003.089,149.393,5.414591,-1.4978198,-7.616615,336.50464
1970-01-01 14:15:54,12028.239,154.21605,-258.70966,3.6394744,-6.6959314,337.22833
1970-01-01 14:15:55,12097.432,157.86569,38.016373,-4.0587373,-8.885202,335.81253
1970-01-01 14:15:56,12135.817,147.72871,-90.06861,-0.3465696,2.4431438,333.4506
1970-01-01 14:15:57,11830.312,153.26622,29.579418,2.133332,-19.658636,333.94754
1970-01-01 14:15:58,12010.848,149.17729,295.18683,-0.86999345,-5.1808476,334.42667
1970-01-01 14:15:59,12029.24,161.55547,235.4166,3.8765059,-14.30466,333.5014
1970-01-01 14:16:00,12021.339,148.83525,-215.25409,4.7727547,17.12438,333.3462
1970-01-01 14:16:01,12015.778,144.90768,30.814915,4.051317,0.22906901,333.05652
1970-01-01 14:16:02,12086.576,148.25325,327.93387,8.838657,17.361958,334.1259
1970-01-01 14:16:03,11922.103,148.77017,-2.4396217,2.961729,3.7960088,335.0652
1970-01-01 14:16:04,11786.288,150.5136,-27.191803,-1.2967955,-0.617203,336.18805
1970-01-01 14:16:05,12094.735,148.9775,229.10513,6.5643725,34.096237,336.3101
1970-01-01 14:16:06,12048.424,147.33827,-2.4131536,0.98875666,-0.22305755,336.6883
1970-01-01 14:16:07,11911.885,146.34076,131.36295,3.9821362,-7.2903323,336.93182
1970-01-01 14:16:08,12030.319,152.73978,-23.635124,0.9900381,3.4361832,339.3851
1970-01-01 14:16:09,11977.203,150.73924,-124.169586,-0.041279007,2.8242571,340.01318
1970-01-01 14:16:10,11997.902,152.77971,213.93468,1.5670847,2.407111,339.8138
1970-01-01 14:16:11,12049.177,149.49844,142.12221,-0.71542263,0.16209574,340.22012
1970-01-01 14:16:12,12100.45,148.7494,-796.0448,-0.6698349,-2.8122618,341.40555
1970-01-01 14:16:13,11982.39,145.4028,-922.8448,3.5613663,20.348267,341.57526
1970-01-01 14:16:14,11691.009,145.19287,-1011.26,7.3938127,29.794167,340.94278
1970-01-01 14:16:15,,150.73322,-863.6045,1.1332755,7.632473,341.44962
1970-01-01 14:16:16,11917.289,150.83867,-1227.896,5.342456,17.276308,341.5274
1970-01-01 14:16:17,11992.117,148.59178,-1213.5378,6.300387,16.317566,340.89462
1970-01-01 14:16:18,11931.682,153.92131,-754.1151,5.901383,-9.051076,340.9832
1970-01-01 14:16:19,11874.23,153.76851,-834.57117,-1.8558525,-10.215176,339.79102
1970-01-01 14:16:20,11900.843,158.18933,-1039.3777,1.5738839,-13.358035,339.3999
1970-01-01 14:16:21,11870.334,151.83809,-773.93225,6.849587,4.7078905,341.2892
1970-01-01 14:16:22,11802.03,151.12425,-863.3219,3.1180468,-13.025997,342.50482
1970-01-01 14:16:23,11953.246,153.45209,-857.39856,5.2760735,13.959437,344.37964
1970-01-01 14:16:24,11730.056,154.09174,-818.1978,1.0736085,11.465066,343.81644
1970-01-01 14:16:25,11682.819,150.90987,-903.73035,0.09920387,-6.6015506,344.6814
1970-01-01 14:16:26,11889.783,156.1009,-703.8547,1.57478,0.21981457,345.35385
1970-01-01 14:16:27,11779.659,146.12758,-819.905,-3.427774,-4.5480337,346.44095
1970-01-01 14:16:28,11804.664,147.75293,-864.5416,-1.6870296,-16.217325,346.5752
1970-01-01 14:16:29,11835.092,157.27473,-885.63184,1.5688393,5.028906,347.28958
1970-01-01 14:16:30,11766.75,154.27945,-966.3945,-1.699288,-10.652156,348.32938
1970-01-01 14:16:31,11684.25,152.10414,-844.01544,-3.5762732,-12.397229,349.3272
1970-01-01 14:16:32,11534.071,154.11855,-830.2121,0.36072993,0.49136668,349.95026
1970-01-01 14:16:33,11570.968,154.4857,-1168.9049,2.1523473,5.364759,350.58838
1970-01-01 14:16:34,11598.156,153.41078,-571.1116,6.414551,9.220445,349.62677
1970-01-01 14:16:35,11610.938,150.14503,-859.9153,3.4439902,-16.396376,348.4231
1970-01-01 14:16:36,11605.357,149.50792,-858.9652,3.5796165,-4.2424664,348.16006
1970-01-01 14:16:37,11657.722,151.68628,-986.39056,-0.7692897,17.693775,348.00967
1970-01-01 14:16:38,11478.469,148.25793,-485.50357,2.3658607,-8.57729,346.65283
1970-01-01 14:16:39,11529.591,147.21231,-625.28754,4.5969124,4.645119,347.372
1970-01-01 14:16:40,11558.159,158.28348,-328.38235,4.61566,15.67258,346.87305
1970-01-01 14:16:41,11683.292,151.67139,-601.96704,6.3077364,8.639825,347.78207
1970-01-01 14:16:42,11522.663,145.54745,-527.31256,-4.764343,-1.9944854,347.73538
1970-01-01 14:16:43,11391.232,151.68425,-1169.2783,3.066473,14.452599,348.13315
1970-01-01 14:16:44,11509.904,155.59106,-673.587,2.0243049,-6.827407,348.90524
1970-01-01 14:16:45,11492.515,157.69559,-919.3318,-2.1326795,-14.171539,348.1319
1970-01-01 14:16:46,11476.944,152.1053,-660.6184,-0.13281961,-12.923032,347.4415
1970-01-01 14:16:47,11388.423,157.02534,-832.33026,2.2178547,0.57776964,346.62408
1970-01-01 14:16:48,11389.68,154.94469,-775.564,3.2731395,9.773603,346.06903
1970-01-01 14:16:49,11270.049,159.85092,-794.8201,-2.9492626,7.588357,344.50378
1970-01-01 14:16:50,11410.958,158.21202,-896.14575,3.6105542,-7.3277225,345.18127
1970-01-01 14:16:51,11360.714,145.22368,-591.29675,7.242621,12.759625,344.1914
1970-01-01 14:16:52,11544.517,150.95714,-782.747,0.038961295,15.824188,345.0299
1970-01-01 14:16:53,11323.927,148.24402,-855.1518,1.5924178,4.7192006,346.95016
1970-01-01 14:16:54,11501.249,150.1303,-1103.7316,8.097842,11.907493,346.07007
1970-01-01 14:16:55,11318.314,145.30518,-846.0807,0.10966285,-14.680166,346.74667
1970-01-01 14:16:56,11347.312,157.40643,-704.898,4.8065896,7.0241137,347.38562
1970-01-01 14:16:57,11260.32,152.98883,-721.7995,4.762855,1.2804703,346.08224
1970-01-01 14:16:58,11180.345,149.81578,-616.39795,0.9463586,-9.555168,346.41824
1970-01-01 14:16:59,11180.846,153.29808,-889.87506,3.2888272,27.67298,345.77228
1970-01-01 14:17:00,11116.558,150.43073,-997.5398,3.5216813,16.39944,347.84088
1970-01-01 14:17:01,11294.456,153.547,-724.919,3.253365,-19.222588,348.378
1970-01-01 14:17:02,11085.427,159.60939,-1128.0127,-5.4513707,-37.492496,349.052
1970-01-01 14:17:03,11102.644,155.7514,-650.7285,0.7136498,5.802601,348.98856
1970-01-01 14:17:04,11136.043,147.7204,-791.1793,9.373227,3.1776967,347.7755
1970-01-01 14:17:05,11145.493,148.03357,-303.8473,-2.3330226,-12.307579,348.48584
1970-01-01 14:17:06,11174.408,162.96501,-1054.8224,8.519236,1.4408944,347.8227
1970-01-01 14:17:07,11135.48,155.2623,-693.0882,3.5964932,-1.0473107,347.30936
1970-01-01 14:17:08,11151.297,145.2878,-805.50397,-0.7320357,16.116154,347.9782
1970-01-01 14:17:09,11104.845,153.02058,-717.8161,1.2159696,-5.8193836,348.326
1970-01-01 14:17:10,10817.082,158.54768,-994.629,-0.5978139,-16.27631,347.68332
1970-01-01 14:17:11,11004.625,151.25592,-575.1439,-0.69572073,-23.22664,346.33063
1970-01-01 14:17:12,10967.063,150.67778,-890.12476,-4.8841424,10.552699,345.90524
1970-01-01 14:17:13,11092.749,154.42128,-650.7462,3.6930537,1.4644332,346.0945
1970-01-01 14:17:14,11100.973,150.09053,-1060.0509,5.749036,2.70941,345.75507
1970-01-01 14:17:15,10929.758,150.28389,-775.96326,2.119752,-2.3440008,345.80426
1970-01-01 14:17:16,11109.593,151.77794,-854.4369,0.6687174,-3.8687057,346.38358
1970-01-01 14:17:17,10830.449,156.51894,-586.3475,0.5849008,-11.014624,347.58575
1970-01-01 14:17:18,10805.061,153.92938,-897.12354,2.7285554,19.567957,346.8191
1970-01-01 14:17:19,10835.11,153.22398,-392.32858,-0.11324237,0.8200637,347.521
1970-01-01 14:17:20,10890.077,151.85655,-1020.8528,0.29351526,4.0611134,346.20355
1970-01-01 14:17:21,11122.376,154.24838,-642.0173,3.0797715,-12.833791,346.11588
1970-01-01 14:17:22,10839.512,153.47498,-590.6306,4.5456834,13.726875,344.2988
1970-01-01 14:17:23,10808.705,159.86475,-780.2533,0.9632475,16.107569,344.69608
1970-01-01 14:17:24,10898.95,149.7103,-874.14154,-2.4366307,14.172726,346.90863
1970-01-01 14:17:25,10841.953,158.48293,-783.93823,4.3848505,10.845365,347.39737
1970-01-01 14:17:26,10646.093,153.33212,-1002.23193,5.512753,0.19439462,346.9477
1970-01-01 14:17:27,10706.979,153.17206,-764.96796,0.010847968,14.047306,347.20975
1970-01-01 14:17:28,10690.727,155.15819,-780.3938,0.9623603,8.592095,347.4984
1970-01-01 14:17:29,10808.131,149.78705,-732.7513,0.40367442,-4.143845,348.59286
1970-01-01 14:17:30,10816.981,154.87906,-1068.8258,4.056354,-2.4970653,347.49252
1970-01-01 14:17:31,10669.791,156.15695,-1097.2117,-0.7849228,20.762556,346.5365
1970-01-01 14:17:32,10686.821,148.0355,-935.7084,5.6487856,4.93356,347.1722
1970-01-01 14:17:33,10759.962,156.3105,-692.0812,4.1028986,-3.5914445,347.22125
1970-01-01 14:17:34,10767.524,150.70538,-710.2258,3.2631116,-6.19441,348.04288
1970-01-01 14:17:35,10663.817,161.62473,-991.3574,2.550037,-11.522773,349.46582
1970-01-01 14:17:36,10649.259,153.93591,-627.4022,4.309557,-2.219496,350.1468
1970-01-01 14:17:37,10432.43,149.41708,-516.69977,6.485779,1.7290083,352.36737
1970-01-01 14:17:38,10465.987,152.75937,-728.19385,-1.5195547,-0.9525562,352.04053
1970-01-01 14:17:39,10592.427,156.83615,-1230.2909,-0.045976657,-6.9591794,352.5613
1970-01-01 14:17:40,10634.337,158.38348,-825.6049,6.4342685,-8.620007,353.93405
1970-01-01 14:17:41,10633.1045,159.34857,-360.48526,2.0001884,-9.268862,353.07382
1970-01-01 14:17:42,10640.036,159.08424,-829.3781,7.445301,16.099426,354.51425
1970-01-01 14:17:43,10626.605,154.94926,-646.5097,-0.80143046,-15.302742,355.35287
1970-01-01 14:17:44,10520.921,157.29333,-725.1456,3.079459,10.510301,356.55588
1970-01-01 14:17:45,10443.511,160.6975,-906.5751,1.6671875,0.30786043,356.63104
1970-01-01 14:17:46,10326.865,146.46121,-1123.908,-2.1224518,-1.1191422,357.71005
1970-01-01 14:17:47,10489.182,144.14516,-627.7984,-2.8163617,-3.5571127,356.548
1970-01-01 14:17:48,10362.38,157.89738,-647.08984,6.181017,-11.60322,357.1608
1970-01-01 14:17:49,10454.458,160.35742,-1163.552,0.7574704,4.6159186,357.1825
1970-01-01 14:17:50,10383.891,152.15665,-935.2288,-0.73664033,6.7235584,356.3282
1970-01-01 14:17:51,10302.039,153.17184,-703.6555,2.3806965,-3.032865,356.23535
1970-01-01 14:17:52,10452.017,156.60483,-1232.3079,-1.0869132,-12.510772,356.28918
1970-01-01 14:17:53,10369.515,161.75436,-656.513,1.1747448,0.17637622,356.17648
1970-01-01 14:17:54,10350.293,156.78867,-746.5714,8.358889,-1.1599853,355.83978
1970-01-01 14:17:55,10424.123,156.97174,-1057.4834,5.728508,-26.375608,355.4621
1970-01-01 14:17:56,10258.074,154.30669,-985.2363,0.48135498,-6.6777453,353.58545
1970-01-01 14:17:57,10465.296,148.23973,-745.2045,-0.95864165,4.811282,353.9012
1970-01-01 14:17:58,10218.908,148.89441,-840.3622,2.83517,-8.979163,354.29306
1970-01-01 14:17:59,10351.8955,152.30664,-1143.4774,3.0022304,1.578106,355.45905
1970-01-01 14:18:00,10283.619,154.10603,-1009.7034,0.2968685,-13.3726225,356.98154
1970-01-01 14:18:01,10275.949,158.63007,-734.0733,-0.7286608,-9.227814,356.05188
1970-01-01 14:18:02,10262.001,154.11084,-411.74927,3.1785977,16.960749,355.9293
1970-01-01 14:18:03,10153.874,163.58607,-546.4269,4.1593733,25.786875,357.0706
1970-01-01 14:18:04,10132.418,149.02687,-697.48865,1.3416346,4.779227,358.88275
1970-01-01 14:18:05,10156.039,155.66272,-931.2575,4.8558908,8.039763,359.6419
1970-01-01 14:18:06,10018.677,141.17596,-1310.7566,1.6296847,6.6185064,359.91064
1970-01-01 14:18:07,10198.848,154.48547,-841.9382,4.2792625,3.1781633,0.041435592
1970-01-01 14:18:08,10195.614,152.70134,-664.84595,-6.0234556,-4.2687225,0.9945466
1970-01-01 14:18:09,10174.322,151.34818,-794.55054,-0.13330522,-14.188001,359.48157
1970-01-01 14:18:10,10080.785,158.07484,-829.12537,3.1439304,-4.281844,357.52823
1970-01-01 14:18:11,10006.027,155.79634,-951.90125,0.3923669,9.168761,359.26968
1970-01-01 14:18:12,9945.206,157.10132,-964.3146,4.240365,-9.022338,359.9342
1970-01-01 14:18:13,10067.783,153.28459,-788.90936,3.8431718,4.4561367,0.35005397
1970-01-01 14:18:14,10197.339,151.776,-899.21234,2.0741823,10.821288,1.3353553
1970-01-01 14:18:15,10110.706,152.98062,-656.10126,9.125987,12.784448,1.5833877
1970-01-01 14:18:16,10171.667,149.56262,-1149.9609,4.442737,0.18142466,3.6576576
1970-01-01 14:18:17,9967.789,154.23656,-927.5804,0.59896207,10.725828,1.367072
1970-01-01 14:18:18,10021.702,152.55424,-729.3625,-1.9702971,9.916305,1.1718001
1970-01-01 14:18:19,9962.857,149.753,-1196.4241,1.6102812,0.24244706,1.3336157
1970-01-01 14:18:20,9855.318,155.91307,-780.88153,2.9195368,11.197986,1.9327366
1970-01-01 14:18:21,10012.301,154.89484,-590.8775,-2.068752,27.039717,0.46376222
1970-01-01 14:18:22,9839.874,155.75717,-939.14026,2.6262753,-9.746948,0.8862901
1970-01-01 14:18:23,9819.93,157.9178,-910.94574,1.1235025,0.9237628,1.1819999
1970-01-01 14:18:24,9697.687,153.54709,-507.0727,2.0082202,-0.62569386,0.52679604
1970-01-01 14:18:25,9867.259,155.84457,-638.5636,2.403137,15.127886,359.55328
1970-01-01 14:18:26,9843.398,155.03738,-744.85974,4.053638,-14.102369,359.0026
1970-01-01 14:18:27,9734.768,161.48323,-626.86395,1.1238327,13.094706,0.005385419
1970-01-01 14:18:28,9925.977,153.69481,-668.40564,0.7855468,4.3343554,359.96942
1970-01-01 14:18:29,9725.012,157.70798,-665.57874,2.4231043,0.059854817,1.9371704
1970-01-01 14:18:30,9997.186,153.05194,-662.93304,-1.9763238,-12.567293,1.4720585
1970-01-01 14:18:31,9765.156,156.39406,-707.5271,2.7629368,-1.1519853,1.4478244
1970-01-01 14:18:32,9739.081,149.95883,-833.6263,7.75246,-7.177583,2.0880222
1970-01-01 14:18:33,9807.039,150.2746,-633.77734,3.6057591,7.496243,2.0683749
1970-01-01 14:18:34,9693.241,153.53539,-859.64166,0.15765445,2.496483,359.82568
1970-01-01 14:18:35,9618.031,151.50377,-1011.8806,2.5322003,12.109986,1.1983875
1970-01-01 14:18:36,9784.654,157.58755,-964.3877,6.1600213,-7.429206,0.7294541
1970-01-01 14:18:37,9759.898,158.96326,-987.8544,-1.6872263,-3.5866635,0.9976676
1970-01-01 14:18:38,9614.748,158.09724,-660.0378,3.3212245,-8.44178,2.4175396
1970-01-01 14:18:39,9568.678,153.5591,-822.74976,-2.4848297,-3.3773959,3.0420825
1970-01-01 14:18:40,9747.422,158.8385,-987.20197,1.5953209,-7.3761506,1.9850228
1970-01-01 14:18:41,9471.635,157.0815,-972.29425,-1.4489802,-2.7053106,2.747888
1970-01-01 14:18:42,9650.517,160.42773,-868.5383,2.3667424,-4.1322627,2.1595485
1970-01-01 14:18:43,9629.301,157.79634,-610.0627,-1.9278568,-10.727835,1.5795338
1970-01-01 14:18:44,9593.235,163.091,-835.7264,1.6585085,0.09364484,0.4583075
1970-01-01 14:18:45,9534.78,151.41609,-758.7529,-0.50679916,1.2340816,0.9636411
1970-01-01 14:18:46,9319.053,153.69756,-871.77216,2.8001077,3.3088176,1.2330801
1970-01-01 14:18:47,9561.881,152.44774,-732.9937,4.893809,-10.103119,2.721471
1970-01-01 14:18:48,9518.622,157.22816,-1163.5343,-2.9130895,1.7725838,2.9470906
1970-01-01 14:18:49,9500.668,158.09845,-588.6823,5.0967517,-14.124147,
1970-01-01 14:18:50,9344.187,165.48578,-986.4646,5.50983,7.4363613,1.424401
1970-01-01 14:18:51,9330.699,150.04712,-863.82715,3.044585,-7.0232124,0.32338604
1970-01-01 14:18:52,9412.699,155.94913,-1236.3168,0.6992123,-3.1794603,0.8659436
1970-01-01 14:18:53,9424.568,148.33119,-528.89484,1.3906263,-1.3872713,2.1571603
1970-01-01 14:18:54,9436.489,161.28493,-842.34686,3.468621,-26.085794,1.0455203
1970-01-01 14:18:55,9410.359,162.16608,-699.78033,2.191201,-14.115595,3.5742524
1970-01-01 14:18:56,9509.692,156.249,-607.5794,4.069973,10.072265,4.5741167
1970-01-01 14:18:57,9388.08,159.64035,-1178.78,5.9523196,-11.350385,4.9390945
1970-01-01 14:18:58,9280.204,150.68109,-922.51245,4.656992,27.396511,5.1500344
1970-01-01 14:18:59,9324.911,153.5624,-917.81696,0.17117408,1.3537223,4.3576193
1970-01-01 14:19:00,9290.412,160.01454,-593.17395,0.65574276,-1.4333053,4.748203
1970-01-01 14:19:01,9408.908,157.21768,-712.4002,5.436659,-3.0557308,5.252976
1970-01-01 14:19:02,9328.153,158.97722,-709.19824,-0.08689575,-4.7963195,6.2092113
1970-01-01 14:19:03,9240.726,151.7411,-498.4993,6.687103,-1.8278031,6.3224964
1970-01-01 14:19:04,9404.061,154.11893,-900.6814,0.59809715,-9.835918,7.4731646
1970-01-01 14:19:05,9348.753,152.03125,-630.8217,-2.4118369,3.1656344,8.1353
1970-01-01 14:19:06,9036.697,155.84918,-1035.855,4.5974975,7.8348083,10.08754
1970-01-01 14:19:07,9153.456,154.33055,-728.6977,4.4191246,-11.056874,10.603537
1970-01-01 14:19:08,9152.176,149.70056,-693.85657,2.0133798,-6.7137485,10.8678055
1970-01-01 14:19:09,9175.063,149.79234,-646.16437,1.9908727,3.6175938,10.405615
1970-01-01 14:19:10,9097.519,155.52238,-807.97516,1.8297102,-6.8078327,10.139322
1970-01-01 14:19:11,9128.63,156.4829,-797.2613,-2.9856794,8.378999,9.138162
1970-01-01 14:19:12,9219.634,153.55333,-1036.9084,-1.2371519,-6.620743,8.580324
1970-01-01 14:19:13,9031.3545,152.45482,-660.3849,1.2975329,0.99500805,9.395349
1970-01-01 14:19:14,9028.988,152.03294,-914.84216,0.40582216,9.261054,9.068131
1970-01-01 14:19:15,9064.556,155.2884,-489.432,5.3367686,4.7321315,9.666484
1970-01-01 14:19:16,8962.571,153.81212,-747.76624,-1.2041997,9.8443365,9.163671
1970-01-01 14:19:17,9179.721,155.35442,-803.36176,6.213509,1.8510435,9.993148
1970-01-01 14:19:18,9023.73,157.4819,-748.9255,-1.1827008,8.129926,10.335146
1970-01-01 14:19:19,8912.807,162.20026,-762.2346,-0.9129212,9.873487,8.735177
1970-01-01 14:19:20,8893.626,161.6326,-926.9848,-0.7422088,2.5785062,8.457688
1970-01-01 14:19:21,9115.164,151.35257,-755.5083,-1.7695053,8.77669,6.713762
1970-01-01 14:19:22,9052.886,159.20656,-691.32623,1.0450971,11.479374,5.5581765
1970-01-01 14:19:23,8886.948,152.98703,-1014.687,1.2673037,-4.4058433,5.735283
1970-01-01 14:19:24,9051.592,152.84839,-567.58875,2.0075262,-2.4083052,4.160848
1970-01-01 14:19:25,8802.609,144.16278,-726.78534,4.581175,-19.32645,3.8740277
1970-01-01 14:19:26,8906.46,158.50671,-660.5554,3.1255155,-9.196824,5.27329
1970-01-01 14:19:27,8859.112,153.34418,-823.8352,4.85481,-4.9586825,6.141781
1970-01-01 14:19:28,8944.118,158.3336,-420.20386,4.236881,12.549178,6.79664
1970-01-01 14:19:29,8740.633,149.91371,-904.24835,-1.549748,10.2484045,7.2678866
1970-01-01 14:19:30,8692.644,149.5658,-960.2039,2.799024,20.420273,8.479366
1970-01-01 14:19:31,8849.857,162.86389,-708.4576,-1.1898483,9.31508,9.000541
1970-01-01 14:19:32,8770.665,159.84665,-678.5758,2.7141254,-4.278465,9.950189
1970-01-01 14:19:33,8697.87,153.1059,-535.1192,5.040933,-15.312559,11.142424
1970-01-01 14:19:34,8802.528,151.01501,-689.6365,3.8585389,-1.5122832,12.862705
1970-01-01 14:19:35,8612.161,154.25462,-794.1985,2.51312,18.04301,12.64393
1970-01-01 14:19:36,8675.78,153.2184,-698.78,2.80794,-1.9549977,12.655637
1970-01-01 14:19:37,8762.775,153.3685,-800.9291,0.73660886,0.024979038,13.139272
1970-01-01 14:19:38,8779.05,157.07474,-816.5357,6.551987,2.2781272,13.149474
1970-01-01 14:19:39,8716.799,159.05687,-793.68506,4.871666,10.817732,12.226641
1970-01-01 14:19:40,8577.545,156.11023,-454.31784,0.65055007,4.2348123,10.703496
1970-01-01 14:19:41,8798.078,155.39821,-813.7191,3.8285635,-4.6158566,10.356111
1970-01-01 14:19:42,8616.619,157.96867,,0.31672123,9.683716,9.507
1970-01-01 14:19:43,8660.782,153.28075,-442.41724,0.18625075,-4.7728806,9.097154
1970-01-01 14:19:44,8637.766,157.27379,-878.403,3.8801935,-13.990767,8.876769
1970-01-01 14:19:45,8531.446,150.12305,-721.21893,2.1436923,0.64911747,8.292359
1970-01-01 14:19:46,8586.724,155.50316,-934.904,3.589973,14.401256,6.9651933
1970-01-01 14:19:47,8572.654,156.24393,-712.0038,0.074027434,10.967506,5.8400383
1970-01-01 14:19:48,8502.236,153.8418,-646.32904,4.0885744,-10.796599,7.042605
1970-01-01 14:19:49,,148.89615,-894.83875,3.8808172,3.122504,7.1253014
1970-01-01 14:19:50,8503.578,155.05437,-408.88565,0.4925274,2.4152923,6.88286
1970-01-01 14:19:51,8480.855,155.33713,-817.376,3.233819,12.672182,8.165116
1970-01-01 14:19:52,8549.286,164.56094,-861.3386,3.949032,0.8727332,8.065595
1970-01-01 14:19:53,8366.663,152.44247,-727.9663,1.2570978,-2.038228,8.12576
1970-01-01 14:19:54,8509.314,153.45563,-932.33856,0.5882246,9.217904,7.4186974
1970-01-01 14:19:55,8489.963,158.40952,-896.5489,3.1506155,-2.2040412,7.676201
1970-01-01 14:19:56,8175.3267,160.56381,-859.60626,4.54941,-1.2822657,8.599561
1970-01-01 14:19:57,8315.603,164.60352,-824.6974,1.6775271,-5.6163764,10.032546
1970-01-01 14:19:58,8397.362,152.20511,-937.1764,-0.5647938,-2.8233101,9.708686
1970-01-01 14:19:59,8221.4,155.36685,-686.73175,-3.6718547,-4.928069,11.015237
1970-01-01 14:20:00,8429.129,157.50798,-629.92194,1.9687388,-11.829147,11.982506
1970-01-01 14:20:01,8447.47,159.73297,-950.483,2.3286314,3.4707813,12.750447
1970-01-01 14:20:02,8330.191,164.02396,-818.0083,8.6780405,5.438937,13.325853
1970-01-01 14:20:03,8367.251,148.76328,-633.2939,4.971135,-11.850135,13.222717
1970-01-01 14:20:04,8248.056,156.02324,-857.20624,0.17164859,3.4804878,12.657276
1970-01-01 14:20:05,8214.599,153.63594,-692.4173,5.695342,3.0072854,12.708569
1970-01-01 14:20:06,8366.276,155.57384,-923.6357,6.2547,6.1038966,13.423862
1970-01-01 14:20:07,8190.0386,162.04077,-936.9255,1.812025,-18.66515,12.711268
1970-01-01 14:20:08,8280.319,150.14816,-716.9466,-6.7068973,-13.152247,14.744871
1970-01-01 14:20:09,8054.1914,155.98465,-913.6515,2.434573,11.529886,15.116854
1970-01-01 14:20:10,8106.302,151.13434,-875.40985,-0.23001622,6.1166873,15.601322
1970-01-01 14:20:11,8118.4766,156.38725,-478.03015,-1.5521846,14.093295,14.759691
1970-01-01 14:20:12,8170.943,155.33644,,-0.23784032,2.063486,14.486166
1970-01-01 14:20:13,8285.673,166.45018,-521.2108,-1.8780864,-7.207511,14.210531
1970-01-01 14:20:14,8143.45,156.56586,-1060.5142,0.041330624,4.040344,14.632701
1970-01-01 14:20:15,8052.243,156.39658,-830.291,2.1728973,-7.771078,14.628897
1970-01-01 14:20:16,8245.622,155.03253,-1081.7479,2.8113463,5.663703,13.826538
1970-01-01 14:20:17,7963.67,150.2309,-748.9771,2.6771169,-6.735465,11.447535
1970-01-01 14:20:18,7932.6714,162.94225,-903.6851,1.8178089,4.7618027,11.823532
1970-01-01 14:20:19,8138.592,154.51865,-494.52505,5.094353,4.2279625,12.143686
1970-01-01 14:20:20,8127.7324,154.71292,-595.3248,1.9494053,4.552784,12.165017
1970-01-01 14:20:21,7992.47,150.28395,-653.7497,-2.2120104,14.249605,10.91887
1970-01-01 14:20:22,7825.132,154.54988,-947.2669,5.371795,13.888229,11.403306
1970-01-01 14:20:23,8010.733,155.77452,-507.44434,-0.32051584,0.32198822,12.136545
1970-01-01 14:20:24,7975.778,161.37202,-888.5804,2.669638,-21.559814,12.789304
1970-01-01 14:20:25,8045.707,157.93736,-930.42804,1.2975038,1.3334959,11.567535
1970-01-01 14:20:26,7942.171,151.7055,-882.6838,3.3242185,4.8513055,11.329942
1970-01-01 14:20:27,8052.3066,153.19044,-832.3448,5.3728614,-14.076525,10.514706
1970-01-01 14:20:28,7970.349,157.54782,-775.071,2.8201509,1.6969881,10.566847
1970-01-01 14:20:29,7856.9214,158.55176,-827.5265,8.01035,13.191288,8.652403
1970-01-01 14:20:30,7856.4453,155.9211,-948.52997,1.4904044,-0.20657389,9.583896
1970-01-01 14:20:31,7952.988,163.31047,-875.80023,5.632935,-2.7999697,10.838669
1970-01-01 14:20:32,7802.8657,157.03017,-840.91406,-6.5171943,15.699573,9.428265
1970-01-01 14:20:33,7740.608,160.77676,-472.7248,0.45167837,0.6260659,10.116715
1970-01-01 14:20:34,7783.986,158.4345,-662.6296,5.3049483,21.425793,9.595455
1970-01-01 14:20:35,7784.3223,161.46788,-710.46295,8.228262,18.82132,9.72983
1970-01-01 14:20:36,7624.6934,155.03726,-622.3936,-1.5446601,3.2337797,9.720687
1970-01-01 14:20:37,7889.505,155.82593,-842.9619,1.8908951,-1.8990221,8.214119
1970-01-01 14:20:38,7739.929,160.88295,-956.11066,2.3806562,5.7087584,7.5166054
1970-01-01 14:20:39,7606.461,151.30757,-940.1332,1.497691,-7.852109,6.87398
1970-01-01 14:20:40,7680.834,157.73262,-815.2297,0.2787081,-7.1566114,7.5721903
1970-01-01 14:20:41,7651.1704,154.03976,-719.49445,6.0706825,,6.5997143
1970-01-01 14:20:42,7686.7817,158.9915,-843.8726,0.9067681,2.2423773,7.9946733
1970-01-01 14:20:43,7766.3975,157.90695,-667.5621,3.8280144,-12.121196,8.183349
1970-01-01 14:20:44,7621.9575,153.20328,-769.94446,1.8745526,-8.768346,6.705648
1970-01-01 14:20:45,7731.6987,151.80547,-645.8782,6.6406827,-13.952718,8.326396
1970-01-01 14:20:46,7688.2275,160.13266,-656.0265,-0.24304745,-4.8454566,9.163291
1970-01-01 14:20:47,7401.2114,159.36678,-893.2406,1.6913955,-0.4696363,11.170559
1970-01-01 14:20:48,7587.581,160.4762,-538.3984,-2.0908854,-8.464582,11.712289
1970-01-01 14:20:49,7595.598,148.46259,-658.41974,1.8461087,-3.2494648,11.446201
1970-01-01 14:20:50,7433.702,151.58783,-610.6176,1.0763903,1.7786199,12.559178
1970-01-01 14:20:51,7552.089,156.1349,-878.1152,2.5210981,-13.7596855,11.667348
1970-01-01 14:20:52,7616.9707,160.17422,-816.55884,0.64151245,-17.181833,12.340452
1970-01-01 14:20:53,7633.0396,165.36357,-747.5253,-3.5717437,-2.8743827,11.923321
1970-01-01 14:20:54,7457.594,157.76784,-555.99036,0.43607002,-0.45284477,12.6995325
1970-01-01 14:20:55,7438.097,154.62035,-440.72208,2.0444348,-10.170291,12.25606
1970-01-01 14:20:56,7491.0566,153.66647,-756.25836,5.950202,3.8741539,11.106424
1970-01-01 14:20:57,7333.6045,159.20087,-897.4473,4.649944,9.019819,11.199504
1970-01-01 14:20:58,7472.363,152.82742,-941.43896,2.7394679,-6.7442484,11.999629
1970-01-01 14:20:59,7321.4775,159.22423,-963.0349,0.85151124,-24.545666,12.245148
1970-01-01 14:21:00,7366.243,160.56715,-753.94,0.6160191,-1.0269656,11.960251
1970-01-01 14:21:01,7385.057,163.25351,-810.05835,8.196656,2.4693017,11.422723
1970-01-01 14:21:02,7358.85,158.12842,-530.87506,-0.30537063,-9.090673,11.786044
1970-01-01 14:21:03,7419.6494,156.64745,-651.5272,4.8593826,7.792781,12.553675
1970-01-01 14:21:04,7375.653,151.4713,-865.4374,4.0963755,3.647461,12.914615
1970-01-01 14:21:05,7357.379,,-769.58386,2.8866928,4.1395874,12.909012
1970-01-01 14:21:06,7264.8945,162.86954,-957.6746,2.5184042,-0.64360166,12.668398
1970-01-01 14:21:07,7179.036,,-582.527,0.36787316,7.709077,12.945226
1970-01-01 14:21:08,7256.64,153.12721,-675.32666,-1.2543962,2.014868,14.365851
1970-01-01 14:21:09,7251.1235,148.602,-637.7342,2.2611737,1.3376652,14.876413
1970-01-01 14:21:10,7191.6475,154.79826,-561.86804,1.5044656,-9.73374,13.193732
1970-01-01 14:21:11,7162.3047,159.89032,-739.62146,3.4186401,-6.537319,13.3105
1970-01-01 14:21:12,7187.33,161.743,-1120.2262,4.661472,-2.3059502,12.688608
1970-01-01 14:21:13,7152.6714,159.23999,-719.578,-2.2062771,8.29045,13.102032
1970-01-01 14:21:14,7163.191,157.65985,-748.8398,4.4880137,-4.509794,13.123149
1970-01-01 14:21:15,7093.682,154.35313,-873.9785,3.1314113,-1.2295765,15.57626
1970-01-01 14:21:16,7086.6006,160.57948,-506.71237,-3.8081934,-14.325236,15.410692
1970-01-01 14:21:17,7035.925,149.01576,-778.7715,0.96853983,4.451414,16.65744
1970-01-01 14:21:18,7101.671,159.65639,-780.3825,0.21679854,1.1956809,18.421192
1970-01-01 14:21:19,7111.852,156.69693,-678.2238,4.216093,-0.7662252,17.326794
1970-01-01 14:21:20,7054.8506,155.84172,-990.3016,5.139852,-22.900736,17.066442
1970-01-01 14:21:21,6957.75,163.7186,-766.33276,-3.7340982,12.571228,17.546423
1970-01-01 14:21:22,7056.865,158.03394,-1097.0004,3.5350912,2.6671057,18.359186
1970-01-01 14:21:23,7007.2764,148.14323,-813.13837,2.819725,-13.649289,17.439018
1970-01-01 14:21:24,7047.6074,163.99443,-1203.5859,-1.5672529,-5.511193,17.846375
1970-01-01 14:21:25,7019.4688,157.72388,-1002.7764,2.1801286,1.3870807,18.675226
1970-01-01 14:21:26,6856.794,151.04613,-792.70795,-0.6664772,4.2518973,19.500513
1970-01-01 14:21:27,6872.117,162.22911,-1118.6777,4.121244,-21.16991,18.976027
1970-01-01 14:21:28,6988.38,157.77145,-793.0012,8.83512,-14.037841,17.643269
1970-01-01 14:21:29,6977.206,150.8349,-507.72168,-1.1308056,-7.998993,18.547035
1970-01-01 14:21:30,6953.7305,167.28229,-467.53882,-0.59415686,18.094954,18.626902
1970-01-01 14:21:31,6833.9517,165.9725,-821.29846,1.6246113,-1.7674035,19.927563
1970-01-01 14:21:32,6748.9,154.2341,-705.9182,1.2268486,20.063538,20.042768
1970-01-01 14:21:33,6794.6196,156.15765,-1353.7037,-2.0675805,-0.66693693,22.27481
1970-01-01 14:21:34,6877.132,152.89655,-1017.5279,4.841431,2.0855846,23.42641
1970-01-01 14:21:35,6862.4277,153.96487,-810.9103,5.604696,17.019045,24.42317
1970-01-01 14:21:36,6771.0264,150.70088,-1327.5686,0.12138711,-6.3148465,23.885302
1970-01-01 14:21:37,6980.419,155.20636,-751.6476,-1.7952702,-6.405945,23.64054
1970-01-01 14:21:38,6827.32,156.53786,-1301.0725,-1.0399522,14.102648,23.677847
1970-01-01 14:21:39,6687.3535,160.13759,-888.5958,6.1433363,8.971416,24.624079
1970-01-01 14:21:40,6680.602,157.72868,-942.7776,-0.5964672,19.554821,26.464233
1970-01-01 14:21:41,6668.974,163.81313,-885.3479,3.1148834,-5.555267,25.414797
1970-01-01 14:21:42,6782.3457,163.48274,-845.4232,5.3620276,5.79369,25.589228
1970-01-01 14:21:43,6710.1304,151.24597,-664.4501,-0.34126183,1.9756324,26.452549
1970-01-01 14:21:44,6677.103,155.90901,-485.8087,-1.4442424,-10.833088,26.321571
1970-01-01 14:21:45,6652.7515,155.79404,-984.6711,0.31758764,14.518788,26.41928
1970-01-01 14:21:46,6567.059,151.77512,-912.679,3.5638614,16.087576,26.984434
1970-01-01 14:21:47,6548.1504,161.75401,-563.58295,4.20356,8.441036,26.284386
1970-01-01 14:21:48,6598.355,156.4317,-950.6783,-1.0826776,-22.539288,27.73823
1970-01-01 14:21:49,6714.1367,155.43802,-871.9134,5.2810297,-11.156189,26.622173
1970-01-01 14:21:50,6565.7344,159.57834,-697.79346,7.7073493,11.515719,24.468763
1970-01-01 14:21:51,6482.37,158.34723,-751.1067,-2.5675006,-1.8907579,25.214235
1970-01-01 14:21:52,6359.457,158.15169,-956.0534,-2.4150002,-6.5578694,25.80368
1970-01-01 14:21:53,6589.4233,157.43056,-893.42145,5.046659,0.7577562,25.51108
1970-01-01 14:21:54,6578.824,160.59886,-982.55646,1.5785555,-10.550736,25.993954
1970-01-01 14:21:55,6363.7983,154.49695,-882.4647,1.0637268,-2.3255248,25.361063
1970-01-01 14:21:56,6407.0327,156.88246,-1227.5435,4.6561565,4.29972,24.67927
1970-01-01 14:21:57,6482.0605,163.80782,-896.334,5.7310557,-5.626645,24.251114
1970-01-01 14:21:58,6458.6934,160.14482,-974.75696,6.541906,7.825457,25.685442
1970-01-01 14:21:59,6314.759,160.8681,-812.90936,1.8361943,3.6100013,25.956907
1970-01-01 14:22:00,6470.0967,161.88885,-540.88434,3.7301967,-7.2671237,28.047386
1970-01-01 14:22:01,6402.207,155.22322,-860.7833,3.1388006,-1.9173363,28.28598
1970-01-01 14:22:02,6330.334,155.51938,-738.5331,-2.94814,9.755431,28.290213
1970-01-01 14:22:03,6318.8267,160.6515,-642.7832,-0.2948798,-1.088892,27.928955
1970-01-01 14:22:04,6212.046,157.13527,-691.1826,5.3203397,7.800041,26.92324
1970-01-01 14:22:05,6283.203,159.75879,-803.3761,0.8804293,-2.5018713,27.229156
1970-01-01 14:22:06,6240.169,153.2926,-820.9134,1.7689433,4.7797723,27.985363
1970-01-01 14:22:07,6313.9927,161.37665,-546.35254,-2.4721446,6.634391,27.518972
1970-01-01 14:22:08,6497.1074,157.41104,-911.76465,-1.6594462,-15.243303,26.561512
1970-01-01 14:22:09,6122.196,156.17621,-1018.26965,-2.480617,-0.7261513,25.618454
1970-01-01 14:22:10,6312.034,154.92616,-1092.9044,4.940741,5.366696,25.81188
1970-01-01 14:22:11,6237.8066,161.762,-520.29315,0.9488511,-7.9391384,24.187944
1970-01-01 14:22:12,6052.991,153.00421,-1101.5004,1.710126,-9.281378,24.713203
1970-01-01 14:22:13,6179.1396,159.13611,-843.3405,2.8197272,10.648352,26.453632
1970-01-01 14:22:14,,158.41658,-284.51877,11.699289,-8.424286,25.95594
1970-01-01 14:22:15,6146.772,158.49257,-387.72226,-0.8520676,-2.8110092,24.9722
1970-01-01 14:22:16,6260.743,157.13464,-656.9671,0.87555116,2.5742283,24.290545
1970-01-01 14:22:17,6113.7876,159.19096,-510.22897,2.575288,-0.67170906,23.538965
1970-01-01 14:22:18,6232.3203,157.9093,-1009.9202,4.012614,-0.59824264,22.290281
1970-01-01 14:22:19,5960.9404,158.85307,-931.71606,2.4567478,-1.1942317,22.766289
1970-01-01 14:22:20,6128.727,156.10286,-757.1197,0.8348627,1.3777937,22.22867
1970-01-01 14:22:21,5992.1953,153.52905,-666.0481,1.2621067,3.3215609,23.031643
1970-01-01 14:22:22,6095.1587,163.62068,-792.6965,-1.7310317,-8.318398,22.71816
1970-01-01 14:22:23,5995.522,164.29251,-957.6704,0.31698984,-11.45601,22.708252
1970-01-01 14:22:24,6063.538,158.67886,-993.7819,3.453599,-6.171502,23.391994
1970-01-01 14:22:25,5922.433,157.56812,-923.0022,-1.4842625,-0.14002928,24.689428
1970-01-01 14:22:26,6082.6104,156.26724,-412.52472,3.8854864,8.975566,24.221172
1970-01-01 14:22:27,5973.7183,154.5359,-828.6334,3.7883852,2.6103735,23.42128
1970-01-01 14:22:28,5951.4736,157.01794,-808.4649,-0.65360105,3.373205,23.149296
1970-01-01 14:22:29,5870.7227,149.35638,-1051.9526,0.28314406,-7.819725,22.476145
1970-01-01 14:22:30,5971.845,162.62617,-682.06384,0.49662572,-10.641275,22.69375
1970-01-01 14:22:31,5999.5166,158.16017,-315.17084,3.8981073,8.829749,22.293165
1970-01-01 14:22:32,5916.273,155.65068,-1301.9103,4.503346,-0.84201,22.96021
1970-01-01 14:22:33,5813.495,152.8231,-542.9591,-0.18115263,-5.5689144,23.046347
1970-01-01 14:22:34,5898.148,158.16446,-716.4346,0.51576287,-2.9220085,21.385817
1970-01-01 14:22:35,5781.127,163.64296,-753.97845,-0.09651334,-11.7332,21.739626
1970-01-01 14:22:36,5813.1216,157.53658,-994.5167,-0.7549042,-7.2492924,21.921858
1970-01-01 14:22:37,5822.5195,156.63298,-749.1082,-0.7979341,5.054047,22.42863
1970-01-01 14:22:38,5783.3003,161.85468,-870.14404,2.4927702,16.953972,23.352816
1970-01-01 14:22:39,5794.3867,155.73721,-809.78107,1.9845204,-7.9060454,22.268755
1970-01-01 14:22:40,5829.0728,159.24467,-927.0565,3.9404933,-11.738059,22.859638
1970-01-01 14:22:41,5904.409,159.7309,-962.87604,-2.2220142,4.501046,21.496729
1970-01-01 14:22:42,5652.1396,155.74733,-736.69995,1.6966258,-2.056691,21.276184
1970-01-01 14:22:43,5605.7007,154.72986,-711.4722,0.421804,1.0043473,21.41804
1970-01-01 14:22:44,5883.4004,158.34595,-555.02106,-0.69290525,-11.277652,20.66827
1970-01-01 14:22:45,5717.866,158.86787,-669.4632,0.9835374,-7.543583,19.47702
1970-01-01 14:22:46,5711.8345,164.94125,-1117.9535,-0.75322866,7.6974154,18.168758
1970-01-01 14:22:47,5766.572,151.02977,-994.9884,2.2738392,-7.9967875,18.444958
1970-01-01 14:22:48,5882.192,153.70967,-1000.36395,3.5728788,6.8079395,18.633442
1970-01-01 14:22:49,5560.553,154.36012,-880.8723,0.51774496,0.0076378486,18.124357
1970-01-01 14:22:50,5665.0884,160.1232,-921.64417,-3.2328079,-10.340818,18.718937
1970-01-01 14:22:51,5644.139,157.04274,-847.21857,6.2099285,4.3342237,19.515686
1970-01-01 14:22:52,5608.509,160.65099,-967.9524,2.829653,6.838022,18.463877
1970-01-01 14:22:53,5641.8447,162.8552,-1086.0277,2.7688055,-13.4725685,18.225681
1970-01-01 14:22:54,5536.4155,149.91336,-647.9361,4.0092635,-4.2854548,18.595467
1970-01-01 14:22:55,5571.66,158.37785,-1124.8666,0.30746683,7.5866923,19.804523
1970-01-01 14:22:56,5424.3984,160.53244,-656.0813,3.5489063,8.692538,20.191021
1970-01-01 14:22:57,5410.571,157.86139,-1007.2622,4.2510157,-4.5055776,20.647333
1970-01-01 14:22:58,5450.949,162.43126,-644.74115,4.7042336,9.600057,22.149355
1970-01-01 14:22:59,5445.9453,153.6354,-1134.1812,-0.7249133,-9.0313425,22.138145
1970-01-01 14:23:00,5406.532,157.27834,-555.8139,4.4047675,5.262895,21.927824
1970-01-01 14:23:01,5285.961,163.06151,-1291.6925,7.0521417,-9.287838,23.058018
1970-01-01 14:23:02,5466.519,159.00085,-1003.2467,-4.3336005,9.983615,23.791206
1970-01-01 14:23:03,5404.984,157.1344,-987.09015,0.61297464,-7.357428,24.182417
1970-01-01 14:23:04,5463.676,159.76086,-651.58795,-0.40814495,-6.44287,26.190056
1970-01-01 14:23:05,5355.387,164.2955,-685.3685,2.0415192,1.8508174,27.23542
1970-01-01 14:23:06,5474.0166,166.45784,-842.0218,8.378872,-6.390948,26.955292
1970-01-01 14:23:07,5397.849,158.10915,-670.1192,-2.9970114,8.202795,25.850054
1970-01-01 14:23:08,5336.4004,163.02827,-1027.4869,0.67012846,8.50938,23.781235
1970-01-01 14:23:09,5230.126,152.0511,-292.6186,2.6778717,-7.712912,24.420755
1970-01-01 14:23:10,5350.442,162.91867,-724.75073,-5.35375,-15.601669,25.098532
1970-01-01 14:23:11,5265.9604,158.28972,-742.2205,-0.05704953,-0.27669466,25.256947
1970-01-01 14:23:12,5462.0083,160.82184,-781.48663,-2.4467747,1.204292,25.18035
1970-01-01 14:23:13,5089.618,153.56451,-617.8494,-2.071585,-8.800565,25.835888
1970-01-01 14:23:14,5280.2476,157.37863,-481.99792,-0.08246499,9.778003,24.77557
1970-01-01 14:23:15,5258.903,162.73624,-932.29456,0.07515614,11.97122,25.032913
1970-01-01 14:23:16,5107.591,154.57652,-801.21216,-2.0800688,-7.8226595,25.121988
1970-01-01 14:23:17,5148.548,159.24638,-800.332,-3.1711924,-2.3300614,25.308704
1970-01-01 14:23:18,5096.5273,156.20459,-759.53973,0.5597371,3.6041892,25.315191
1970-01-01 14:23:19,5243.329,161.5317,-744.24396,2.2902174,2.7903535,25.091587
1970-01-01 14:23:20,5254.899,158.25087,-1056.5558,2.812326,-12.70708,25.270601
1970-01-01 14:23:21,5197.853,162.20953,-739.65326,2.811704,5.464545,24.596329
1970-01-01 14:23:22,5067.973,162.8029,-815.4236,-3.2953289,11.673996,27.695015
1970-01-01 14:23:23,5060.198,164.69347,-1008.89355,-0.79727846,1.0743622,26.702688
1970-01-01 14:23:24,5055.7417,159.55917,-806.9141,3.3325636,-9.446351,28.320335
1970-01-01 14:23:25,5192.8354,160.4367,-704.7221,3.1193354,4.5888195,29.545671
1970-01-01 14:23:26,5006.8765,163.98796,-722.1957,2.1348834,-1.1894429,28.21253
1970-01-01 14:23:27,5106.123,157.95705,-487.93124,3.5584478,0.14876674,29.30518
1970-01-01 14:23:28,5012.0776,149.7465,-1114.2036,3.9760664,14.548585,30.82667
1970-01-01 14:23:29,5025.709,160.92964,-473.01138,1.7592694,5.89248,30.918407
1970-01-01 14:23:30,4957.954,159.4225,-488.59183,9.332068,11.632804,30.631092
1970-01-01 14:23:31,5008.936,153.42609,-856.23737,2.5446887,-13.773261,30.080784
1970-01-01 14:23:32,4948.17,160.85242,-557.242,5.7440634,9.454177,30.27209
1970-01-01 14:23:33,4880.294,159.17548,-1132.651,8.168042,-6.1968765,31.42025
1970-01-01 14:23:34,5013.972,154.56831,-1139.6459,-2.5895655,20.731253,31.429686
1970-01-01 14:23:35,4760.8955,154.02156,-950.7032,3.6204183,4.8201613,32.209087
1970-01-01 14:23:36,4871.303,152.33862,-761.567,-1.5227267,2.764457,32.994488
1970-01-01 14:23:37,4830.5073,155.64946,-1157.3389,-1.8153116,14.578041,32.416153
1970-01-01 14:23:38,4724.1045,161.59813,-939.3666,3.0510337,1.284476,32.626644
1970-01-01 14:23:39,4964.4033,154.78743,-860.8155,-3.2407978,9.644218,32.214024
1970-01-01 14:23:40,4924.2563,155.67479,-1028.2957,0.89815825,8.4576235,34.57974
1970-01-01 14:23:41,4922.1094,163.80873,-1062.206,0.30805892,5.283924,33.522182
1970-01-01 14:23:42,4818.756,159.55019,-429.6933,3.820325,-0.020772314,32.63663
1970-01-01 14:23:43,4832.2173,155.07639,-876.30164,5.3233566,-5.017123,31.334242
1970-01-01 14:23:44,4740.145,149.26495,-1088.8295,5.7174187,7.4041734,30.443731
1970-01-01 14:23:45,4701.2095,157.34695,-775.56354,3.3422089,0.53672826,30.380285
1970-01-01 14:23:46,4734.2812,153.443,-861.09735,-0.41655788,1.8182641,30.551144
1970-01-01 14:23:47,,153.18658,-892.1641,2.3447785,11.332029,30.42272
1970-01-01 14:23:48,4736.6357,162.37817,-617.41986,1.0916468,-5.0596466,30.251637
1970-01-01 14:23:49,4553.9097,163.84259,-866.87115,-1.889196,4.5866866,30.948843
1970-01-01 14:23:50,4675.453,161.605,-611.0908,3.8194144,29.824947,30.178066
1970-01-01 14:23:51,4675.051,155.80998,-659.89264,4.180773,2.8082335,29.437115
1970-01-01 14:23:52,4512.833,166.75995,-621.86975,-0.2882308,10.883251,30.39434
1970-01-01 14:23:53,4457.8438,159.0729,-655.4958,-0.7793314,-23.195543,28.832163
1970-01-01 14:23:54,4716.4023,158.85295,-537.56305,3.2785068,-12.053237,28.754534
1970-01-01 14:23:55,4611.745,155.54967,-850.4878,0.35906088,-23.579548,26.357435
1970-01-01 14:23:56,4364.545,157.13593,-1219.8429,3.890178,11.272652,26.909708
1970-01-01 14:23:57,4686.499,154.01242,-478.1457,5.6918154,-21.101969,26.822256
1970-01-01 14:23:58,4506.9717,163.4667,-964.6239,-0.57007223,4.6607604,27.838432
1970-01-01 14:23:59,4464.1865,167.70245,-733.3376,2.9315462,-18.921192,26.796087
1970-01-01 14:24:00,4535.161,163.65358,-635.27356,3.661943,-1.6173204,26.5191
1970-01-01 14:24:01,4471.0063,156.96426,-933.2034,3.6196048,2.6241164,26.769354
1970-01-01 14:24:02,4406.3228,157.53679,-773.6809,2.896305,19.44819,25.877542
1970-01-01 14:24:03,4398.6577,157.26411,-890.0542,-2.31562,8.829257,26.492958
1970-01-01 14:24:04,4429.7217,158.32124,-859.7878,4.302332,,26.915478
1970-01-01 14:24:05,4350.721,158.14279,-880.6823,2.6290624,-3.657883,26.885895
1970-01-01 14:24:06,4486.7246,163.25009,-987.467,2.7676177,-4.6135488,25.344925
1970-01-01 14:24:07,4265.124,167.11833,-724.1446,2.603293,-5.022257,24.374846
1970-01-01 14:24:08,4343.8936,158.50136,-777.57104,4.3299694,-4.605312,23.031824
1970-01-01 14:24:09,4297.6826,161.87978,-493.11053,-0.50823134,2.3823645,21.832823
1970-01-01 14:24:10,4386.567,158.15334,-634.7865,4.1411495,8.274503,22.020496
1970-01-01 14:24:11,4350.074,153.72527,-1082.8226,-1.0338233,-3.1492305,21.56269
1970-01-01 14:24:12,4227.686,151.80547,,2.5281923,17.297392,22.815853
1970-01-01 14:24:13,4303.1733,162.08138,-836.04877,2.5718298,7.0824327,22.978876
1970-01-01 14:24:14,4385.431,159.83992,-630.5545,-0.61715937,9.337231,22.863657
1970-01-01 14:24:15,4283.9165,158.04657,-713.65826,0.05294729,-5.017174,21.901701
1970-01-01 14:24:16,4218.311,150.05406,-1038.2195,0.25413474,-17.876781,21.80368
1970-01-01 14:24:17,4223.0894,165.60693,-972.9014,8.061639,1.6404446,20.924444
1970-01-01 14:24:18,4165.206,162.71964,-772.6195,1.0885586,9.295848,21.126719
1970-01-01 14:24:19,4319.6465,155.55789,-1065.6991,1.4837625,-1.1590778,21.211187
1970-01-01 14:24:20,4306.8438,163.77153,-987.45184,0.80949193,-2.9264684,22.273703
1970-01-01 14:24:21,4092.5022,162.17937,-918.6471,1.3022739,-15.730147,21.902884
1970-01-01 14:24:22,4247.931,155.00327,-878.5059,-2.4341881,-1.9504937,22.824455
1970-01-01 14:24:23,4121.591,159.94296,-805.1595,2.6640437,-14.73681,23.638607
1970-01-01 14:24:24,4275.7407,167.37343,-629.77893,6.508326,-2.5830204,24.23381
1970-01-01 14:24:25,4164.7744,158.19278,-742.8433,0.16053596,-9.456807,23.840218
1970-01-01 14:24:26,4151.372,154.73805,-672.7695,6.526984,-11.006353,24.264809
1970-01-01 14:24:27,,160.81393,-976.73267,0.6190726,-2.502563,24.868162
1970-01-01 14:24:28,3876.0513,162.15239,-634.38855,2.8266404,-3.7764387,25.678747
1970-01-01 14:24:29,3909.9805,160.35568,-558.46875,5.3752723,-2.3537488,25.34
1970-01-01 14:24:30,4087.952,154.1759,-569.95306,1.4292865,11.305836,25.925728
1970-01-01 14:24:31,3970.6223,153.33432,-767.22015,-1.2526398,-2.6909063,26.679247
1970-01-01 14:24:32,3947.845,151.84628,-1019.1568,0.6823814,-4.366144,27.733612
1970-01-01 14:24:33,3969.3042,160.57542,-1205.4441,-0.68085486,11.647673,28.678825
1970-01-01 14:24:34,3998.9688,157.32585,-829.9502,-0.41873828,7.142437,28.139936
1970-01-01 14:24:35,4007.1921,161.99023,-1101.17,1.6280522,-11.519996,29.59217
1970-01-01 14:24:36,3968.6814,156.60286,-968.9074,7.258671,-0.178466,31.484085
1970-01-01 14:24:37,3889.0293,154.04832,-688.8692,3.5738697,-6.627379,30.388521
1970-01-01 14:24:38,3862.193,159.28302,-822.7693,2.1278198,-8.347545,29.890915
1970-01-01 14:24:39,3876.747,162.79752,-773.3358,5.9132338,-17.557518,30.354277
1970-01-01 14:24:40,3800.2686,152.79726,-1086.4893,-2.63275,-0.57330126,30.427383
1970-01-01 14:24:41,3814.8289,159.09477,-687.8469,2.078986,-9.594338,29.230276
1970-01-01 14:24:42,3750.7998,154.74934,-594.8256,-0.2943144,19.955593,29.715675
1970-01-01 14:24:43,3731.0554,158.81973,-856.8573,-0.07222254,0.21464783,32.059574
1970-01-01 14:24:44,3842.0278,166.09872,-815.95807,1.1151394,16.863274,30.096884
1970-01-01 14:24:45,3752.613,158.69849,-1004.26843,2.6903424,-0.15535505,29.666685
1970-01-01 14:24:46,3840.883,153.26253,-828.1503,-0.46329644,-10.950565,28.762392
1970-01-01 14:24:47,3805.7732,163.17085,-1205.7611,6.1074452,9.729333,28.73194
1970-01-01 14:24:48,3885.7993,162.09688,-782.7895,4.1825294,-2.0070233,29.473988
1970-01-01 14:24:49,3711.6738,157.81555,-681.4076,1.3651476,-14.737667,29.979097
1970-01-01 14:24:50,3725.8848,158.3055,-1487.4655,6.9424615,10.335939,32.612057
1970-01-01 14:24:51,3694.4297,159.34303,-943.8252,1.0939234,,32.414604
1970-01-01 14:24:52,3769.657,160.31204,-520.0833,-2.2098494,-5.885046,32.077396
1970-01-01 14:24:53,3676.6511,154.20679,-781.04004,8.783935,-4.395476,32.219215
1970-01-01 14:24:54,3537.5432,154.88788,-699.1481,2.4130342,-17.689844,33.830048
1970-01-01 14:24:55,3646.008,165.33452,-706.9192,9.939529,11.148236,33.652786
1970-01-01 14:24:56,3684.1492,161.05698,-748.60046,0.003156894,-9.884394,33.81078
1970-01-01 14:24:57,3580.3306,150.8076,-937.68353,5.4887724,-9.554869,35.23726
1970-01-01 14:24:58,3565.725,165.8977,-388.30807,2.2716048,1.3478911,35.94228
1970-01-01 14:24:59,3639.5535,159.1574,-1135.5985,-2.4220595,17.73916,36.62878
1970-01-01 14:25:00,3518.6394,160.99716,-832.64484,-2.0202136,-16.296192,36.088665
1970-01-01 14:25:01,3620.845,157.91568,-712.46924,0.35497934,-11.79431,36.248363
1970-01-01 14:25:02,3521.6511,162.02444,-759.14124,4.406086,20.980335,35.28464
1970-01-01 14:25:03,3405.1396,160.00597,-1123.1346,-0.11836398,-10.674467,34.93321
1970-01-01 14:25:04,3442.7888,157.53064,-1012.5063,-0.8314118,-1.0380895,35.97197
1970-01-01 14:25:05,3481.9028,162.44159,-968.15137,0.12970297,,36.54555
1970-01-01 14:25:06,3495.9358,159.63176,-808.8307,10.441306,-7.4753695,36.619034
1970-01-01 14:25:07,3405.0642,160.8429,-640.3042,6.3747535,-4.677384,38.155617
1970-01-01 14:25:08,3391.568,154.91699,-593.6008,-1.8901912,-6.8304005,36.272655
1970-01-01 14:25:09,3283.5698,154.07765,-1168.0833,7.7882543,4.099878,36.480976
1970-01-01 14:25:10,3419.832,156.12202,-523.2162,3.1946843,-17.677475,37.809444
1970-01-01 14:25:11,3398.1138,161.32674,-890.9449,4.960135,5.141729,37.11052
1970-01-01 14:25:12,3326.18,163.15999,-709.9235,4.8296366,0.5887979,37.978935
1970-01-01 14:25:13,3506.8489,164.05515,-430.98553,0.16879182,-19.143337,38.890278
1970-01-01 14:25:14,3406.5205,162.6613,-524.40375,1.8642921,-19.255339,39.861546
1970-01-01 14:25:15,3219.256,163.07571,-709.81134,1.4374956,-5.9905806,40.62268
1970-01-01 14:25:16,3434.088,156.32918,-452.4564,3.90881,-10.178578,40.30546
1970-01-01 14:25:17,3282.4187,160.35286,-651.2209,1.0707476,-11.5649185,41.43068
1970-01-01 14:25:18,3311.2778,155.81787,-945.089,1.2762377,-4.89242,42.028423
1970-01-01 14:25:19,3222.3455,157.75453,-497.4528,-3.4338455,12.217706,40.70797
1970-01-01 14:25:20,3191.23,147.4621,-861.5983,0.24150771,-2.4662108,40.079025
1970-01-01 14:25:21,3077.8044,151.24852,-745.1895,-1.5106487,0.998915,40.137825
1970-01-01 14:25:22,3226.1785,160.289,-873.6313,1.1535547,-0.8924567,40.354897
1970-01-01 14:25:23,3177.5264,157.42537,-982.48267,3.1683805,14.494666,40.859127
1970-01-01 14:25:24,3292.8843,156.75565,-651.13464,2.1789358,13.29673,42.487843
1970-01-01 14:25:25,3038.7808,160.03375,-334.02768,-1.6283743,10.148282,44.1036
1970-01-01 14:25:26,3022.5222,153.61157,-1050.5562,-1.1841325,-0.8536629,43.769684
1970-01-01 14:25:27,3060.0525,159.86699,-500.73972,6.2784047,4.7798615,45.116158
1970-01-01 14:25:28,3012.7551,161.34856,-595.5625,5.22551,11.876077,45.454002
1970-01-01 14:25:29,2957.1365,159.18419,-857.9019,0.77301615,1.6619694,45.242306
1970-01-01 14:25:30,3146.0825,155.46718,-413.15005,4.5531597,0.9637599,46.007828
1970-01-01 14:25:31,2982.3457,155.83823,-915.14685,-0.004806772,13.249542,46.325413
1970-01-01 14:25:32,3001.3933,158.2981,-1181.6514,-2.2492437,3.5238135,45.629166
1970-01-01 14:25:33,3021.6938,163.76097,-634.707,1.0613124,-7.219319,46.407883
1970-01-01 14:25:34,3062.233,159.3598,-929.21277,0.972061,-16.99053,47.492043
1970-01-01 14:25:35,3069.7952,160.37462,-777.1453,0.020269336,15.3998575,48.068974
1970-01-01 14:25:36,2978.372,159.60864,-794.68713,,19.956612,46.27933
1970-01-01 14:25:37,3086.9243,158.99626,-716.8341,3.7260578,-17.052198,46.911053
1970-01-01 14:25:38,2887.6013,151.21324,-928.79376,2.6636026,-17.015265,49.39056
1970-01-01 14:25:39,2880.3247,164.48347,-1139.555,5.8631063,5.2874455,49.315968
1970-01-01 14:25:40,2908.5117,155.82501,-1036.1946,-0.18326077,2.2010355,51.292503
1970-01-01 14:25:41,2899.1807,154.67906,-1128.3741,3.7515278,-11.293508,50.454823
1970-01-01 14:25:42,2926.198,162.9413,-757.76373,5.430798,10.167332,50.17597
1970-01-01 14:25:43,2927.6548,157.93826,-756.59796,3.7430289,-8.287957,50.716774
1970-01-01 14:25:44,2912.8784,160.63554,-839.0034,-3.4968126,-13.080294,51.274918
1970-01-01 14:25:45,2725.5403,159.43852,-739.63257,-5.113673,10.047994,51.618248
1970-01-01 14:25:46,2841.2615,164.77188,-1143.3557,-3.3467655,-3.704638,51.269527
1970-01-01 14:25:47,2710.1282,155.55264,-824.34467,0.51410955,11.16546,50.395645
1970-01-01 14:25:48,2681.6672,160.44502,-695.97876,-2.0497377,18.650795,49.59729
1970-01-01 14:25:49,2696.46,163.9526,-796.75854,1.6875141,2.9687555,47.835243
1970-01-01 14:25:50,2666.1167,157.76035,-559.99316,-2.6201227,17.088118,48.23082
1970-01-01 14:25:51,,159.91234,-1045.2489,-0.78077173,4.548441,48.167423
1970-01-01 14:25:52,2687.268,155.49174,-949.27814,3.2382236,-12.185127,48.084564
1970-01-01 14:25:53,2690.332,155.5442,-514.0887,1.7541598,-5.318267,49.043816
1970-01-01 14:25:54,2749.686,153.55264,-517.5177,6.3143706,-12.795429,48.124977
1970-01-01 14:25:55,2565.5618,160.14018,-674.6569,3.5912824,-2.5187764,48.35493
1970-01-01 14:25:56,2558.718,165.82042,-1046.8077,0.36748585,11.276775,48.65702
1970-01-01 14:25:57,2753.4998,161.59192,-963.03723,2.2359316,-4.5390944,48.439987
1970-01-01 14:25:58,2541.2837,155.99353,-632.6569,1.4334505,16.799932,48.001133
1970-01-01 14:25:59,2697.4214,166.2667,-632.09717,4.705959,-5.1278186,46.324276
1970-01-01 14:26:00,2524.2358,164.95741,-1131.3744,-1.2188171,2.063575,47.667965
1970-01-01 14:26:01,2482.031,158.0746,-511.4512,3.6989515,-2.304745,48.79497
1970-01-01 14:26:02,2513.8179,149.37778,-1006.99646,1.7424436,-6.520172,50.05112
1970-01-01 14:26:03,2631.102,161.42508,-829.7049,2.836708,-2.309482,48.478783
1970-01-01 14:26:04,2468.308,160.94768,-923.6695,-0.20608696,-3.3466525,48.91064
1970-01-01 14:26:05,2589.6504,163.44398,-818.38586,5.404624,-4.114639,50.056644
1970-01-01 14:26:06,2463.064,160.50615,-659.93274,4.3970175,1.2448136,49.35139
1970-01-01 14:26:07,2427.4568,161.77113,-633.4151,3.1099195,-12.985484,50.16684
1970-01-01 14:26:08,2477.1934,153.56741,-625.7342,2.2865317,4.3548474,51.356426
1970-01-01 14:26:09,2543.826,160.22969,-563.2383,-1.4292926,-11.4081135,50.741688
1970-01-01 14:26:10,2484.116,158.21858,-746.9816,0.1271935,14.250175,50.208813
1970-01-01 14:26:11,2423.9287,163.46033,-747.91113,-0.43349707,-17.562086,50.990616
1970-01-01 14:26:12,2445.416,152.1304,-663.03894,4.9582253,16.949192,48.77437
1970-01-01 14:26:13,2379.986,165.14888,-840.22064,-0.64367414,3.6880958,50.601646
1970-01-01 14:26:14,2359.354,156.00749,-872.73004,-2.033826,-0.7200529,50.07176
1970-01-01 14:26:15,2319.1973,156.01909,-903.13043,2.296581,-16.430637,53.049164
1970-01-01 14:26:16,2283.68,153.27979,-742.7881,7.087873,-23.510271,53.25972
1970-01-01 14:26:17,2302.5425,154.5503,-1014.49304,0.42759183,3.2460945,53.74945
1970-01-01 14:26:18,2250.7405,164.64197,-661.4739,-0.77777,-3.2205136,52.880833
1970-01-01 14:26:19,2333.7104,161.63792,-377.14337,4.790317,2.9802735,52.11311
1970-01-01 14:26:20,2227.8293,158.24246,-709.76575,-2.22099,-4.1258674,51.396652
1970-01-01 14:26:21,2256.9436,159.62424,-763.627,5.140103,-2.606243,50.281532
1970-01-01 14:26:22,2192.194,162.97174,-675.08386,5.9623094,-1.497279,50.247616
1970-01-01 14:26:23,2204.2197,152.90623,-939.96844,0.22744673,8.541147,51.300022
1970-01-01 14:26:24,2337.7483,162.6593,-809.5858,-3.2262824,-4.7642827,52.239662
1970-01-01 14:26:25,2162.733,159.54501,-750.5165,0.57750624,2.6344018,50.903214
1970-01-01 14:26:26,2150.8342,162.2701,-573.7854,1.4891956,8.927979,52.131092
1970-01-01 14:26:27,2158.678,158.5772,-766.6706,3.3171284,6.7520475,51.97982
1970-01-01 14:26:28,2236.6013,162.11275,-450.27466,-3.7195292,-5.9152265,51.674053
1970-01-01 14:26:29,1935.8275,159.50797,-804.77826,1.9978414,0.5533699,50.37957
1970-01-01 14:26:30,2032.755,157.31783,-1279.2906,3.7140007,-17.59514,49.444218
1970-01-01 14:26:31,2027.8378,161.35155,-1184.8696,3.7180123,0.80513203,48.641666
1970-01-01 14:26:32,2017.9526,155.87167,-900.9802,3.3393419,0.5256977,49.92695
1970-01-01 14:26:33,2009.5706,157.04657,-589.33026,1.4784323,18.962374,51.96141
1970-01-01 14:26:34,2000.4329,157.41872,-743.5114,4.9006863,-11.079753,53.955387
1970-01-01 14:26:35,2045.5747,158.26051,-752.4744,1.5298647,16.162373,54.195377
1970-01-01 14:26:36,1901.6907,162.46655,-1178.9279,3.7905686,-16.4708,53.707554
1970-01-01 14:26:37,1903.7073,160.56612,-1164.9799,1.8404392,-1.2652072,56.111446
1970-01-01 14:26:38,1823.5977,155.88219,-888.769,4.6669264,-7.8836718,57.673653
1970-01-01 14:26:39,1971.9673,161.16345,-951.9449,2.591261,11.565774,58.50648
1970-01-01 14:26:40,1863.2725,160.7254,-843.36005,-2.7191753,-22.545288,57.906815
1970-01-01 14:26:41,1960.4513,155.44441,-875.9629,1.8655425,6.9048686,58.56215
1970-01-01 14:26:42,1826.9966,162.17308,-988.7942,-1.698161,-0.19505304,58.170166
1970-01-01 14:26:43,1833.353,160.83965,-674.68134,6.4438577,-0.57200366,57.18909
1970-01-01 14:26:44,1924.5007,163.34967,-947.7156,3.0576377,6.463779,56.95198
1970-01-01 14:26:45,1886.5957,163.82007,-781.4267,-1.4035412,9.214865,57.21385
1970-01-01 14:26:46,1812.7667,166.09267,-1028.459,-0.43036136,8.425288,56.28659
1970-01-01 14:26:47,1902.1735,160.91663,-1273.7778,1.6708294,17.38214,58.058167
1970-01-01 14:26:48,1838.6957,162.56407,-592.7954,5.445983,-5.582444,58.96161
1970-01-01 14:26:49,1809.1403,151.27676,-1174.4988,2.8649156,-6.4495764,57.544186
1970-01-01 14:26:50,1776.4353,160.07059,-966.3181,0.7759466,8.80692,57.189007
1970-01-01 14:26:51,1682.0325,158.66563,-509.37927,1.84627,14.460529,56.08339
1970-01-01 14:26:52,1755.2817,161.73059,-940.86536,8.933249,4.5360227,55.469105
1970-01-01 14:26:53,1821.7653,160.96667,-1093.8958,3.403298,-11.142856,57.239086
1970-01-01 14:26:54,1561.5361,160.93237,-686.6691,3.7201343,8.49507,56.26321
1970-01-01 14:26:55,1713.7314,162.91412,-797.86237,4.8823323,13.145617,55.41327
1970-01-01 14:26:56,1778.3151,150.0309,-972.7389,6.5925736,3.666227,55.250843
1970-01-01 14:26:57,1753.8159,162.7611,-727.2903,2.9987974,-4.2257853,55.751675
1970-01-01 14:26:58,1636.2413,160.36769,-999.4765,-0.24791297,-6.582328,53.93952
1970-01-01 14:26:59,1518.6223,159.56339,-904.7056,-0.18052053,-1.1124983,53.245354
1970-01-01 14:27:00,1620.5933,157.08386,-629.6748,4.448693,-1.3592986,53.738976
1970-01-01 14:27:01,1638.5354,154.1747,-440.51956,0.3792226,-0.7491229,53.78525
1970-01-01 14:27:02,1649.2408,,-1179.3772,4.4460754,-20.890274,53.974995
1970-01-01 14:27:03,1480.3374,160.76314,-963.0386,1.9099588,-4.0991755,53.79766
1970-01-01 14:27:04,1562.8647,163.05745,-853.8434,5.5518584,-6.238696,52.07592
1970-01-01 14:27:05,1535.4446,159.16028,-802.6726,0.82210314,2.4089475,51.81153
1970-01-01 14:27:06,,166.67377,-561.1453,8.1531925,20.56261,51.852978
1970-01-01 14:27:07,1436.8052,155.43211,-994.5792,3.158206,-4.0508475,53.974976
1970-01-01 14:27:08,1523.2607,163.34889,-739.54834,7.6443386,5.2921457,54.016438
1970-01-01 14:27:09,1466.1761,155.97304,-633.3166,0.26787955,-1.8292986,54.75011
1970-01-01 14:27:10,1510.377,163.58012,-582.5054,1.2471697,10.952174,54.57293
1970-01-01 14:27:11,1453.6185,154.75624,-907.23956,0.69742674,-13.612735,54.027767
1970-01-01 14:27:12,1359.0288,156.46864,-640.99493,-4.659571,,53.665344
1970-01-01 14:27:13,1367.8224,159.55205,-697.3554,4.480167,-18.197815,54.05624
1970-01-01 14:27:14,1297.8124,160.4926,-625.27167,3.1618996,5.3727064,54.010906
1970-01-01 14:27:15,1436.7948,155.89665,-954.6385,-1.2510706,-8.577526,55.30056
1970-01-01 14:27:16,1315.0051,159.09447,-777.48816,5.306064,-1.9025936,53.886787
1970-01-01 14:27:17,1397.5459,163.54964,-907.84814,-0.24423066,11.606604,52.38697
1970-01-01 14:27:18,1326.6797,162.35884,-858.4746,-0.55206394,-2.8528666,52.78058
1970-01-01 14:27:19,1265.1056,158.10527,-888.6648,3.7230213,4.2326183,52.378086
1970-01-01 14:27:20,1328.9889,154.65388,-767.6997,0.9613244,-6.0056605,52.827858
1970-01-01 14:27:21,1375.1398,157.12474,-579.07104,1.7941914,-19.656937,52.26904
1970-01-01 14:27:22,1171.0663,152.11005,-803.5735,-2.3727381,2.1706595,52.265385
1970-01-01 14:27:23,1423.7107,157.95187,-809.3581,0.84357476,-1.653346,50.8916
1970-01-01 14:27:24,1317.0087,163.93633,-497.54282,1.2566347,16.293413,50.422367
1970-01-01 14:27:25,1199.4385,156.89355,-651.9002,5.398436,-7.5169907,49.354214
1970-01-01 14:27:26,1152.3877,152.0286,-539.0057,5.3524046,-3.0465782,48.76399
1970-01-01 14:27:27,1146.3914,153.97371,-844.5323,8.0216465,-14.2591715,50.019905
1970-01-01 14:27:28,1120.7225,158.61076,-592.4332,2.775555,7.6984224,48.633625
1970-01-01 14:27:29,1054.9102,158.93695,-762.50995,-1.4242729,-0.19285876,48.278366
1970-01-01 14:27:30,1122.8423,160.4067,-897.5314,2.4093406,-6.9845047,47.55281
1970-01-01 14:27:31,1169.9244,167.68103,-536.74976,2.7242763,9.075478,47.03174
1970-01-01 14:27:32,1036.5839,160.62627,-648.0427,-3.480926,4.845743,45.99105
1970-01-01 14:27:33,1222.1638,167.52745,-906.78253,0.65949136,-10.659248,46.641888
1970-01-01 14:27:34,979.73865,163.79094,-835.30334,4.7103014,-3.6678023,45.765015
1970-01-01 14:27:35,1110.8147,159.23901,-753.6457,0.13664396,4.7599883,45.75633
1970-01-01 14:27:36,1051.063,155.18257,-968.45386,7.0515485,3.9701834,46.610943
1970-01-01 14:27:37,1031.2092,160.72005,-808.18976,0.7953117,-3.597499,44.63808
1970-01-01 14:27:38,943.46967,163.2749,-1012.39197,1.1505018,-2.4665666,46.123276
